label,controller,delay_frames,ego_speed_kmh,lead_speed_kmh,mu,headway_thw,headway_d,avoided,collision_with,s_clearance,a_b_mfdd,t_c_warn,dv_speed_var,collision_speed_kmh,peak_decel,brake_distance,min_dist,a_req_at_brake,a_max,is_conflict,result_txt,noise_sigma_m,noise_sigma_vr,dropout_p,dropout_mode,test_mode,seed,comp_source,comp_L_frames
proposed_enhanced_d0f,proposed_enhanced,0,20.0,20.0,0.85,1.0,5.555555555555555,False,vehicle.ue4.audi.tt,0.0,0.0,0.6471768661997551,12.853515888292925,7.146484111707075,8.3385,0.0,4.898595811398653,5.379311396698433,8.3385,True,COLLISION with vehicle.ue4.audi.tt,0.0,0.0,0.0,freeze,latency_comp,21380000,oracle,0
proposed_enhanced_d0f,proposed_enhanced,0,20.0,20.0,0.4,1.0,5.555555555555555,False,vehicle.ue4.audi.tt,0.0,0.0,1.027180161973942,10.052963990272419,9.947036009727581,3.924000000000003,0.0,4.898561490335623,3.8561031592528154,3.9240000000000004,True,COLLISION with vehicle.ue4.audi.tt,0.0,0.0,0.0,freeze,latency_comp,21380001,oracle,0
proposed_enhanced_d0f,proposed_enhanced,0,20.0,20.0,0.85,1.5,8.333333333333332,False,vehicle.ue4.audi.tt,0.0,8.747900989638335,0.763968767644508,18.40271108096782,1.5972889190321817,8.3385,0.0,4.892934809223656,5.126813767198609,8.3385,True,COLLISION with vehicle.ue4.audi.tt,0.0,0.0,0.0,freeze,latency_comp,21380002,oracle,0
proposed_enhanced_d0f,proposed_enhanced,0,20.0,20.0,0.4,1.5,8.333333333333332,True,,0.36039162570407246,4.333562408930642,3.2878006473730355,20.0,0.0,3.924000000000003,4.475374221801758,5.128196725191456,2.7077764563321014,3.9240000000000004,True,AVOIDED,0.0,0.0,0.0,freeze,latency_comp,21380003,oracle,0
proposed_enhanced_d0f,proposed_enhanced,0,20.0,20.0,0.85,2.0,11.11111111111111,False,vehicle.ue4.audi.tt,0.0,8.579298649367136,0.5314333532093125,19.092192044909073,0.9078079550909274,8.3385,0.0,4.891550064396961,5.162627905783898,8.3385,True,COLLISION with vehicle.ue4.audi.tt,0.0,0.0,0.0,freeze,latency_comp,21380004,oracle,0
proposed_enhanced_d0f,proposed_enhanced,0,20.0,20.0,0.4,2.0,11.11111111111111,True,,0.23027039610579436,3.4811560438182867,2.0627964482367553,20.0,0.0,3.924000000000003,6.005826950073242,4.9981212719602865,2.400623323390641,3.9240000000000004,True,AVOIDED,0.0,0.0,0.0,freeze,latency_comp,21380005,oracle,0
proposed_enhanced_d0f,proposed_enhanced,0,20.0,20.0,0.85,2.5,13.88888888888889,True,,0.14384079059568666,8.554016678348559,0.5362577205256541,20.0,0.0,8.3385,2.8138370513916016,4.91147804342501,5.116556625615377,8.3385,True,AVOIDED,0.0,0.0,0.0,freeze,latency_comp,21380006,oracle,0
proposed_enhanced_d0f,proposed_enhanced,0,20.0,20.0,0.4,2.5,13.88888888888889,True,,0.25819981049509,3.4822714254592206,1.135489605829364,20.0,0.0,3.924000000000003,6.00452995300293,5.026050686349582,2.4163623690086666,3.9240000000000004,True,AVOIDED,0.0,0.0,0.0,freeze,latency_comp,21380007,oracle,0
proposed_enhanced_d0f,proposed_enhanced,0,20.0,20.0,0.85,3.0,16.666666666666664,True,,0.16598513442296436,8.553987968343948,0.5402700870624839,20.0,0.0,8.3385,2.813844680786133,4.933622387356617,5.078505333963074,8.3385,True,AVOIDED,0.0,0.0,0.0,freeze,latency_comp,21380008,oracle,0
proposed_enhanced_d0f,proposed_enhanced,0,20.0,20.0,0.4,3.0,16.666666666666664,True,,0.28067399282851824,3.4824260656651744,1.139573924017096,20.0,0.0,3.924000000000003,6.004188537597656,5.04852486868301,2.407787586860677,3.9240000000000004,True,AVOIDED,0.0,0.0,0.0,freeze,latency_comp,21380009,oracle,0
proposed_enhanced_d0f,proposed_enhanced,0,30.0,30.0,0.85,1.0,8.333333333333334,True,,0.3387184219646695,8.776374924336977,1.4913584999013962,30.0,0.0,8.3385,5.465799331665039,5.106561670259699,5.527246761241946,8.3385,True,AVOIDED,0.0,0.0,0.0,freeze,latency_comp,21380010,oracle,0
proposed_enhanced_d0f,proposed_enhanced,0,30.0,30.0,0.4,1.0,8.333333333333334,False,vehicle.ue4.audi.tt,0.0,0.0,4.9528214313640655,24.014697579073776,5.985302420926226,3.924000000000003,0.0,4.906347285972629,3.0257385914018777,3.9240000000000004,True,COLLISION with vehicle.ue4.audi.tt,0.0,0.0,0.0,freeze,latency_comp,21380011,oracle,0
proposed_enhanced_d0f,proposed_enhanced,0,30.0,30.0,0.85,1.5,12.5,True,,0.38725104666590937,8.359689398119565,1.1946598123514136,30.0,0.0,8.3385,6.274269104003906,5.154848245557473,5.105013915470057,8.3385,True,AVOIDED,0.0,0.0,0.0,freeze,latency_comp,21380012,oracle,0
proposed_enhanced_d0f,proposed_enhanced,0,30.0,30.0,0.4,1.5,12.5,True,,0.8767453695234302,4.0628730741844175,7.039928856539185,30.0,0.0,3.924000000000003,10.333917617797852,5.644460823953505,2.605715723502676,3.9240000000000004,True,AVOIDED,0.0,0.0,0.0,freeze,latency_comp,21380013,oracle,0
proposed_enhanced_d0f,proposed_enhanced,0,30.0,30.0,0.85,2.0,16.666666666666668,True,,0.23279767067777346,7.780864668668057,0.8262377116512014,30.0,0.0,8.3385,6.460597991943359,5.000648546532266,5.108425233623513,8.3385,True,AVOIDED,0.0,0.0,0.0,freeze,latency_comp,21380014,oracle,0
proposed_enhanced_d0f,proposed_enhanced,0,30.0,30.0,0.4,2.0,16.666666666666668,True,,0.6561069521477272,3.6239197408958055,5.406214663990653,30.0,0.0,3.924000000000003,13.482925415039062,5.423824313598004,2.354910280474239,3.9240000000000004,True,AVOIDED,0.0,0.0,0.0,freeze,latency_comp,21380015,oracle,0
proposed_enhanced_d0f,proposed_enhanced,0,30.0,30.0,0.85,2.5,20.833333333333336,True,,0.2648029558516498,7.780869947502465,0.8127615046510833,30.0,0.0,8.3385,6.460596084594727,5.032653831706142,5.084197525527865,8.3385,True,AVOIDED,0.0,0.0,0.0,freeze,latency_comp,21380016,oracle,0
proposed_enhanced_d0f,proposed_enhanced,0,30.0,30.0,0.4,2.5,20.833333333333336,True,,0.6881313327256509,3.623918595807379,2.4527353006508,30.0,0.0,3.924000000000003,13.482927322387695,5.455848694178474,2.4066832729938303,3.9240000000000004,True,AVOIDED,0.0,0.0,0.0,freeze,latency_comp,21380017,oracle,0
proposed_enhanced_d0f,proposed_enhanced,0,30.0,30.0,0.85,3.0,25.0,True,,0.29419141127554926,7.780869947502465,0.8163194591760159,30.0,0.0,8.3385,6.460597991943359,5.0620422871300415,5.062084572133394,8.3385,True,AVOIDED,0.0,0.0,0.0,freeze,latency_comp,21380018,oracle,0
proposed_enhanced_d0f,proposed_enhanced,0,30.0,30.0,0.4,3.0,25.0,True,,0.5253506047229184,3.505575885472131,1.71781762276468,30.0,0.0,3.924000000000003,13.675098419189453,5.293201480577411,2.4079269064192053,3.9240000000000004,True,AVOIDED,0.0,0.0,0.0,freeze,latency_comp,21380019,oracle,0
proposed_enhanced_d0f,proposed_enhanced,0,40.0,40.0,0.85,1.0,11.11111111111111,True,,0.5030083500627951,8.773324390796875,2.692657534160436,40.0,0.0,8.338500000000018,10.836496353149414,5.270611272618607,5.06810458044935,8.3385,True,AVOIDED,0.0,0.0,0.0,freeze,latency_comp,21380020,oracle,0
proposed_enhanced_d0f,proposed_enhanced,0,40.0,40.0,0.4,1.0,11.11111111111111,False,vehicle.ue4.audi.tt,0.0,0.0,8.431018850202848,32.405790887485395,7.594209112514604,3.924000000000003,0.0,4.905776983938589,2.9880569700825594,3.9240000000000004,True,COLLISION with vehicle.ue4.audi.tt,0.0,0.0,0.0,freeze,latency_comp,21380021,oracle,0
proposed_enhanced_d0f,proposed_enhanced,0,40.0,40.0,0.85,1.5,16.666666666666664,True,,0.5761935207546047,7.8698251675568525,1.8025247211739661,40.0,0.0,8.338500000000018,11.353862762451172,5.343777362315518,5.088887378132945,8.3385,True,AVOIDED,0.0,0.0,0.0,freeze,latency_comp,21380022,oracle,0
proposed_enhanced_d0f,proposed_enhanced,0,40.0,40.0,0.4,1.5,16.666666666666664,True,,1.4904270212504018,4.102447160543259,10.767244843514392,40.0,0.0,3.924000000000003,17.061918258666992,6.258140567986307,2.772708082814638,3.9240000000000004,True,AVOIDED,0.0,0.0,0.0,freeze,latency_comp,21380023,oracle,0
proposed_enhanced_d0f,proposed_enhanced,0,40.0,40.0,0.85,2.0,22.22222222222222,True,,0.6144828647136267,7.869828205186927,1.3226811405982255,40.0,0.0,8.338500000000018,11.353860855102539,5.382066703852514,5.07331159838516,8.3385,True,AVOIDED,0.0,0.0,0.0,freeze,latency_comp,21380024,oracle,0
proposed_enhanced_d0f,proposed_enhanced,0,40.0,40.0,0.4,2.0,22.22222222222222,True,,1.2000484481169398,4.155098673313346,11.630982374266992,40.0,0.0,3.924000000000003,22.355558395385742,5.967899323971432,2.3924182958008458,3.9240000000000004,True,AVOIDED,0.0,0.0,0.0,freeze,latency_comp,21380025,oracle,0
proposed_enhanced_d0f,proposed_enhanced,0,40.0,40.0,0.85,2.5,27.77777777777778,True,,0.6533587054483814,7.86983428045411,1.0887917497618929,40.0,0.0,8.338500000000018,11.35385513305664,5.420942542028935,5.072571981346971,8.3385,True,AVOIDED,0.0,0.0,0.0,freeze,latency_comp,21380026,oracle,0
proposed_enhanced_d0f,proposed_enhanced,0,40.0,40.0,0.4,2.5,27.77777777777778,True,,1.050806242676945,3.606014861589962,5.482309516429624,40.0,0.0,3.924000000000003,24.202226638793945,5.818519789248377,2.4035816946748283,3.9240000000000004,True,AVOIDED,0.0,0.0,0.0,freeze,latency_comp,21380027,oracle,0
proposed_enhanced_d0f,proposed_enhanced,0,40.0,40.0,0.85,3.0,33.33333333333333,True,,0.4395047039162101,7.468276649157195,1.0919185986076827,40.0,0.0,8.3385,11.602493286132812,5.207355579770702,5.057943462688225,8.3385,True,AVOIDED,0.0,0.0,0.0,freeze,latency_comp,21380028,oracle,0
proposed_enhanced_d0f,proposed_enhanced,0,40.0,40.0,0.4,3.0,33.33333333333333,True,,1.127241732743844,3.445246854897612,3.462446767008977,40.0,0.0,3.924000000000003,24.714298248291016,5.895077349810822,2.354953719344767,3.9240000000000004,True,AVOIDED,0.0,0.0,0.0,freeze,latency_comp,21380029,oracle,0
proposed_enhanced_d0f,proposed_enhanced,0,50.0,50.0,0.85,1.0,13.88888888888889,True,,0.8584386354391338,8.60801632929169,3.86339005375091,50.0,0.0,8.338500000000018,16.95696258544922,5.626121665157446,5.059716746881487,8.3385,True,AVOIDED,0.0,0.0,0.0,freeze,latency_comp,21380030,oracle,0
proposed_enhanced_d0f,proposed_enhanced,0,50.0,50.0,0.4,1.0,13.88888888888889,False,vehicle.ue4.audi.tt,0.0,0.0,12.090469770811548,40.038301899653966,9.961698100346032,3.924000000000003,0.0,4.9100193805634404,3.060013661557994,3.9240000000000004,True,COLLISION with vehicle.ue4.audi.tt,0.0,0.0,0.0,freeze,latency_comp,21380031,oracle,0
proposed_enhanced_d0f,proposed_enhanced,0,50.0,50.0,0.85,1.5,20.833333333333336,True,,0.939524032805175,7.887537014781814,2.495463597108241,50.0,0.0,8.338500000000018,17.609840393066406,5.707126949843713,5.137411953157986,8.3385,True,AVOIDED,0.0,0.0,0.0,freeze,latency_comp,21380032,oracle,0
proposed_enhanced_d0f,proposed_enhanced,0,50.0,50.0,0.4,1.5,20.833333333333336,True,,1.7210312476202283,4.043936227498041,20.88953445192476,50.0,0.0,3.924000000000003,25.797504425048828,6.4888821234747205,2.5044600698531863,3.9240000000000004,True,AVOIDED,0.0,0.0,0.0,freeze,latency_comp,21380033,oracle,0
proposed_enhanced_d0f,proposed_enhanced,0,50.0,50.0,0.85,2.0,27.77777777777778,True,,0.9800932926783519,7.887537014781814,1.8750877715917242,50.0,0.0,8.3385,17.609840393066406,5.747696210048844,5.119825793862402,8.3385,True,AVOIDED,0.0,0.0,0.0,freeze,latency_comp,21380034,oracle,0
proposed_enhanced_d0f,proposed_enhanced,0,50.0,50.0,0.4,2.0,27.77777777777778,True,,2.244193507871845,4.044263242493696,20.24694054632457,50.0,0.0,3.924000000000003,31.530807495117188,7.012044383726337,2.4338772825315904,3.9240000000000004,True,AVOIDED,0.0,0.0,0.0,freeze,latency_comp,21380035,oracle,0
proposed_enhanced_d0f,proposed_enhanced,0,50.0,50.0,0.85,2.5,34.72222222222222,True,,0.7049213427061334,7.556610402705241,1.4922864416326875,50.0,0.0,8.338500000000018,17.930797576904297,5.472596742713541,5.106136741608403,8.3385,True,AVOIDED,0.0,0.0,0.0,freeze,latency_comp,21380036,oracle,0
proposed_enhanced_d0f,proposed_enhanced,0,50.0,50.0,0.4,2.5,34.72222222222222,True,,1.5802311819736818,3.8292706230436453,13.06381489978681,50.0,0.0,3.924000000000003,37.07072448730469,6.347948549448973,2.401690740866674,3.9240000000000004,True,AVOIDED,0.0,0.0,0.0,freeze,latency_comp,21380037,oracle,0
proposed_enhanced_d0f,proposed_enhanced,0,50.0,50.0,0.85,3.0,41.66666666666667,False,,0.0,0.0,1.3531075454744064,50.0,0.0,8.338500000000018,0.0,11.480786285804475,5.101627635267165,8.3385,True,NO BRAKE / passed,0.0,0.0,0.0,freeze,latency_comp,21380038,oracle,0
proposed_enhanced_d0f,proposed_enhanced,0,50.0,50.0,0.4,3.0,41.66666666666667,False,,0.0,0.0,6.736072333349342,50.0,0.0,3.924000000000003,0.0,11.416171669923472,2.3779319813894504,3.9240000000000004,True,NO BRAKE / passed,0.0,0.0,0.0,freeze,latency_comp,21380039,oracle,0
proposed_enhanced_d0f,proposed_enhanced,0,60.0,60.0,0.85,1.0,16.666666666666668,True,,1.133745196783174,8.853525974925764,5.014598163561872,60.0,0.0,8.3385,24.04142189025879,5.901424411260809,5.170435827998376,8.3385,True,AVOIDED,0.0,0.0,0.0,freeze,latency_comp,21380040,oracle,0
proposed_enhanced_d0f,proposed_enhanced,0,60.0,60.0,0.4,1.0,16.666666666666668,False,vehicle.ue4.audi.tt,0.0,0.0,15.172868847843377,47.336875595064356,12.663124404935644,3.924000000000021,0.0,4.914605376059551,3.158024112356161,3.9240000000000004,True,COLLISION with vehicle.ue4.audi.tt,0.0,0.0,0.0,freeze,latency_comp,21380041,oracle,0
proposed_enhanced_d0f,proposed_enhanced,0,60.0,60.0,0.85,1.5,25.0,True,,1.2646358050096431,7.660055643069512,3.434464607524483,60.0,0.0,8.3385,25.618444442749023,6.032238720342709,5.130475650487677,8.3385,True,AVOIDED,0.0,0.0,0.0,freeze,latency_comp,21380042,oracle,0
proposed_enhanced_d0f,proposed_enhanced,0,60.0,60.0,0.4,1.5,25.0,True,,1.0019528243140607,3.9637762115709787,25.851985469291943,60.0,0.0,3.924000000000021,35.82144355773926,5.769803700168553,2.6500126442433465,3.9240000000000004,True,AVOIDED,0.0,0.0,0.0,freeze,latency_comp,21380043,oracle,0
proposed_enhanced_d0f,proposed_enhanced,0,60.0,60.0,0.85,2.0,33.333333333333336,False,,0.0,0.0,2.559036087672698,60.0,0.0,8.3385,0.0,8.549518586281378,5.099229681011995,8.3385,True,NO BRAKE / passed,0.0,0.0,0.0,freeze,latency_comp,21380044,oracle,0
proposed_enhanced_d0f,proposed_enhanced,0,60.0,60.0,0.4,2.0,33.333333333333336,False,,0.0,0.0,24.885423623084712,60.0,0.0,3.924000000000003,0.0,8.484893561972706,2.6461654613091667,3.9240000000000004,True,NO BRAKE / passed,0.0,0.0,0.0,freeze,latency_comp,21380045,oracle,0
proposed_enhanced_d0f,proposed_enhanced,0,60.0,60.0,0.85,2.5,41.66666666666667,False,,0.0,0.0,2.069420174107407,60.0,0.0,3.3354000497013203,0.0,16.37025833304196,5.084939954542317,8.3385,True,NO BRAKE / passed,0.0,0.0,0.0,freeze,latency_comp,21380046,oracle,0
proposed_enhanced_d0f,proposed_enhanced,0,60.0,60.0,0.4,2.5,41.66666666666667,False,,0.0,0.0,23.707574942477038,60.0,0.0,3.9239999999999853,0.0,16.70346070239973,2.45039335977478,3.9240000000000004,True,NO BRAKE / passed,0.0,0.0,0.0,freeze,latency_comp,21380047,oracle,0
proposed_enhanced_d0f,proposed_enhanced,0,60.0,60.0,0.85,3.0,50.0,False,,0.0,0.0,1.716136131151897,60.0,0.0,3.3354000497013203,0.0,24.76255798480751,5.076422321911266,8.3385,True,NO BRAKE / passed,0.0,0.0,0.0,freeze,latency_comp,21380048,oracle,0
proposed_enhanced_d0f,proposed_enhanced,0,60.0,60.0,0.4,3.0,50.0,False,,0.0,0.0,14.498573094392802,60.0,0.0,3.9239999999999853,0.0,24.879261143057743,2.397880462972209,3.9240000000000004,True,NO BRAKE / passed,0.0,0.0,0.0,freeze,latency_comp,21380049,oracle,0
proposed_enhanced_d4f,proposed_enhanced,4,20.0,20.0,0.85,1.0,5.555555555555555,False,vehicle.ue4.audi.tt,0.0,0.0,0.12281620907681731,6.345921885110874,13.654078114889126,3.335400049701338,0.0,4.9188480388434614,14.360781960719958,8.3385,True,COLLISION with vehicle.ue4.audi.tt,0.0,0.0,0.0,freeze,latency_comp,21420000,oracle,4
proposed_enhanced_d4f,proposed_enhanced,4,20.0,20.0,0.4,1.0,5.555555555555555,False,vehicle.ue4.audi.tt,0.0,0.0,0.19924750429983826,6.851662473415077,13.148337526584923,3.924000000000003,0.0,4.906871805977347,10.993834356511538,3.9240000000000004,True,COLLISION with vehicle.ue4.audi.tt,0.0,0.0,0.0,freeze,latency_comp,21420001,oracle,4
proposed_enhanced_d4f,proposed_enhanced,4,20.0,20.0,0.85,1.5,8.333333333333332,False,vehicle.ue4.audi.tt,0.0,0.0,0.3774297653796596,13.358891345328415,6.641108654671585,8.3385,0.0,4.908620839532294,8.297389604123511,8.3385,True,COLLISION with vehicle.ue4.audi.tt,0.0,0.0,0.0,freeze,latency_comp,21420002,oracle,4
proposed_enhanced_d4f,proposed_enhanced,4,20.0,20.0,0.4,1.5,8.333333333333332,False,vehicle.ue4.audi.tt,0.0,0.0,1.2711517278440916,15.296703437088391,4.703296562911609,3.924000000000003,0.0,4.907857905640136,3.951572664241318,3.9240000000000004,True,COLLISION with vehicle.ue4.audi.tt,0.0,0.0,0.0,freeze,latency_comp,21420003,oracle,4
proposed_enhanced_d4f,proposed_enhanced,4,20.0,20.0,0.85,2.0,11.11111111111111,False,vehicle.ue4.audi.tt,0.0,0.0,0.331672961015413,13.378479811396812,6.6215201886031885,8.3385,0.0,4.919620513917887,8.27201737845651,8.3385,True,COLLISION with vehicle.ue4.audi.tt,0.0,0.0,0.0,freeze,latency_comp,21420004,oracle,4
proposed_enhanced_d4f,proposed_enhanced,4,20.0,20.0,0.4,2.0,11.11111111111111,False,vehicle.ue4.audi.tt,0.0,0.0,1.2317177483904018,15.512453241360923,4.487546758639077,3.924000000000003,0.0,4.9006328713428715,2.9298799331778724,3.9240000000000004,True,COLLISION with vehicle.ue4.audi.tt,0.0,0.0,0.0,freeze,latency_comp,21420005,oracle,4
proposed_enhanced_d4f,proposed_enhanced,4,20.0,20.0,0.85,2.5,13.88888888888889,False,vehicle.ue4.audi.tt,0.0,0.0,0.3364583839710937,12.879097241620734,7.120902758379265,8.3385,0.0,4.921764374114697,8.154501489433,8.3385,True,COLLISION with vehicle.ue4.audi.tt,0.0,0.0,0.0,freeze,latency_comp,21420006,oracle,4
proposed_enhanced_d4f,proposed_enhanced,4,20.0,20.0,0.4,2.5,13.88888888888889,False,vehicle.ue4.audi.tt,0.0,0.0,0.9346683715697507,15.482328562062978,4.517671437937021,3.924000000000003,0.0,4.897735610782555,2.9333916901798127,3.9240000000000004,True,COLLISION with vehicle.ue4.audi.tt,0.0,0.0,0.0,freeze,latency_comp,21420007,oracle,4
proposed_enhanced_d4f,proposed_enhanced,4,20.0,20.0,0.85,3.0,16.666666666666664,False,vehicle.ue4.audi.tt,0.0,0.0,0.34047858261829184,12.947877944649427,7.052122055350573,8.3385,0.0,4.917594937160123,8.058215704999864,8.3385,True,COLLISION with vehicle.ue4.audi.tt,0.0,0.0,0.0,freeze,latency_comp,21420008,oracle,4
proposed_enhanced_d4f,proposed_enhanced,4,20.0,20.0,0.4,3.0,16.666666666666664,False,vehicle.ue4.audi.tt,0.0,0.0,0.9397868287720406,15.450587603477622,4.549412396522378,3.924000000000003,0.0,4.894399703753326,2.919710757427028,3.9240000000000004,True,COLLISION with vehicle.ue4.audi.tt,0.0,0.0,0.0,freeze,latency_comp,21420009,oracle,4
proposed_enhanced_d4f,proposed_enhanced,4,30.0,30.0,0.85,1.0,8.333333333333334,False,vehicle.ue4.audi.tt,0.0,0.0,0.729844378578023,20.012818832667406,9.987181167332594,8.3385,0.0,4.897037513779118,8.104984495119513,8.3385,True,COLLISION with vehicle.ue4.audi.tt,0.0,0.0,0.0,freeze,latency_comp,21420010,oracle,4
proposed_enhanced_d4f,proposed_enhanced,4,30.0,30.0,0.4,1.0,8.333333333333334,False,vehicle.ue4.audi.tt,0.0,0.0,1.4965137535196515,20.842034741008085,9.157965258991913,3.924000000000003,0.0,4.935810108733865,5.529156961112872,3.9240000000000004,True,COLLISION with vehicle.ue4.audi.tt,0.0,0.0,0.0,freeze,latency_comp,21420011,oracle,4
proposed_enhanced_d4f,proposed_enhanced,4,30.0,30.0,0.85,1.5,12.5,False,vehicle.ue4.audi.tt,0.0,0.0,0.7582597754704228,21.805428858680358,8.19457114131964,8.3385,0.0,4.914482240942212,6.783365237515526,8.3385,True,COLLISION with vehicle.ue4.audi.tt,0.0,0.0,0.0,freeze,latency_comp,21420012,oracle,4
proposed_enhanced_d4f,proposed_enhanced,4,30.0,30.0,0.4,1.5,12.5,False,vehicle.ue4.audi.tt,0.0,0.0,2.8913926677831507,24.98189955074186,5.018100449258139,3.924000000000003,0.0,4.899606847651498,3.4913692731644366,3.9240000000000004,True,COLLISION with vehicle.ue4.audi.tt,0.0,0.0,0.0,freeze,latency_comp,21420013,oracle,4
proposed_enhanced_d4f,proposed_enhanced,4,30.0,30.0,0.85,2.0,16.666666666666668,False,vehicle.ue4.audi.tt,0.0,0.0,0.6089002876843055,21.846317968380585,8.153682031619415,8.3385,0.0,4.90696338007689,6.786336002337325,8.3385,True,COLLISION with vehicle.ue4.audi.tt,0.0,0.0,0.0,freeze,latency_comp,21420014,oracle,4
proposed_enhanced_d4f,proposed_enhanced,4,30.0,30.0,0.4,2.0,16.666666666666668,False,vehicle.ue4.audi.tt,0.0,0.0,3.087660405030261,24.837062360255068,5.16293763974493,3.924000000000003,0.0,4.896377566035805,2.7239317177820763,3.9240000000000004,True,COLLISION with vehicle.ue4.audi.tt,0.0,0.0,0.0,freeze,latency_comp,21420015,oracle,4
proposed_enhanced_d4f,proposed_enhanced,4,30.0,30.0,0.85,2.5,20.833333333333336,False,vehicle.ue4.audi.tt,0.0,0.0,0.6127733781529325,21.682572317018202,8.317427682981798,8.3385,0.0,4.908359541915419,6.743566674507407,8.3385,True,COLLISION with vehicle.ue4.audi.tt,0.0,0.0,0.0,freeze,latency_comp,21420016,oracle,4
proposed_enhanced_d4f,proposed_enhanced,4,30.0,30.0,0.4,2.5,20.833333333333336,False,vehicle.ue4.audi.tt,0.0,0.0,1.8056867205425549,25.218539051144955,4.781460948855045,3.924000000000003,0.0,4.907711030026241,2.7260663960576483,3.9240000000000004,True,COLLISION with vehicle.ue4.audi.tt,0.0,0.0,0.0,freeze,latency_comp,21420017,oracle,4
proposed_enhanced_d4f,proposed_enhanced,4,30.0,30.0,0.85,3.0,25.0,False,vehicle.ue4.audi.tt,0.0,0.0,0.6163183871157842,21.694167681638106,8.305832318361894,8.3385,0.0,4.900890427306845,6.704716467298071,8.3385,True,COLLISION with vehicle.ue4.audi.tt,0.0,0.0,0.0,freeze,latency_comp,21420018,oracle,4
proposed_enhanced_d4f,proposed_enhanced,4,30.0,30.0,0.4,3.0,25.0,False,vehicle.ue4.audi.tt,0.0,0.0,1.5176576727164632,25.185879322771264,4.814120677228738,3.924000000000003,0.0,4.905395549613646,2.725564425060676,3.9240000000000004,True,COLLISION with vehicle.ue4.audi.tt,0.0,0.0,0.0,freeze,latency_comp,21420019,oracle,4
proposed_enhanced_d4f,proposed_enhanced,4,40.0,40.0,0.85,1.0,11.11111111111111,False,vehicle.ue4.audi.tt,0.0,0.0,1.463429358931834,31.62516439317839,8.374835606821609,8.3385,0.0,4.923804915844845,6.585243016700176,8.3385,True,COLLISION with vehicle.ue4.audi.tt,0.0,0.0,0.0,freeze,latency_comp,21420020,oracle,4
proposed_enhanced_d4f,proposed_enhanced,4,40.0,40.0,0.4,1.0,11.11111111111111,False,vehicle.ue4.audi.tt,0.0,0.0,2.6940764304711227,29.252947115416234,10.747052884583766,3.924000000000003,0.0,4.910789505732871,5.068426302007576,3.9240000000000004,True,COLLISION with vehicle.ue4.audi.tt,0.0,0.0,0.0,freeze,latency_comp,21420021,oracle,4
proposed_enhanced_d4f,proposed_enhanced,4,40.0,40.0,0.85,1.5,16.666666666666664,False,vehicle.ue4.audi.tt,0.0,0.0,1.2468057055931854,30.958574371280122,9.041425628719878,8.338500000000018,0.0,4.932315618468215,6.248368817724047,8.3385,True,COLLISION with vehicle.ue4.audi.tt,0.0,0.0,0.0,freeze,latency_comp,21420022,oracle,4
proposed_enhanced_d4f,proposed_enhanced,4,40.0,40.0,0.4,1.5,16.666666666666664,False,vehicle.ue4.audi.tt,0.0,0.0,4.462356775052037,35.35378415763637,4.64621584236363,3.924000000000003,0.0,4.907497422449195,3.633356206347765,3.9240000000000004,True,COLLISION with vehicle.ue4.audi.tt,0.0,0.0,0.0,freeze,latency_comp,21420023,oracle,4
proposed_enhanced_d4f,proposed_enhanced,4,40.0,40.0,0.85,2.0,22.22222222222222,False,vehicle.ue4.audi.tt,0.0,0.0,0.9648030947434129,30.98683765193293,9.013162348067068,8.338500000000018,0.0,4.92654022894571,6.225995549093826,8.3385,True,COLLISION with vehicle.ue4.audi.tt,0.0,0.0,0.0,freeze,latency_comp,21420024,oracle,4
proposed_enhanced_d4f,proposed_enhanced,4,40.0,40.0,0.4,2.0,22.22222222222222,False,vehicle.ue4.audi.tt,0.0,0.0,5.72459174768646,35.33165384700171,4.668346152998288,3.924000000000003,0.0,4.907638634446746,2.8180037354168483,3.9240000000000004,True,COLLISION with vehicle.ue4.audi.tt,0.0,0.0,0.0,freeze,latency_comp,21420025,oracle,4
proposed_enhanced_d4f,proposed_enhanced,4,40.0,40.0,0.85,2.5,27.77777777777778,False,vehicle.ue4.audi.tt,0.0,0.0,0.888552956295663,30.944121911342783,9.055878088657218,8.3385,0.0,4.918298465136042,6.215482801744456,8.3385,True,COLLISION with vehicle.ue4.audi.tt,0.0,0.0,0.0,freeze,latency_comp,21420026,oracle,4
proposed_enhanced_d4f,proposed_enhanced,4,40.0,40.0,0.4,2.5,27.77777777777778,False,vehicle.ue4.audi.tt,0.0,0.0,3.864843458108564,35.45532116252258,4.544678837477421,3.924000000000003,0.0,4.9013902250328325,2.6384295086024885,3.9240000000000004,True,COLLISION with vehicle.ue4.audi.tt,0.0,0.0,0.0,freeze,latency_comp,21420027,oracle,4
proposed_enhanced_d4f,proposed_enhanced,4,40.0,40.0,0.85,3.0,33.33333333333333,False,vehicle.ue4.audi.tt,0.0,0.0,0.8917089788791946,30.943203417397932,9.056796582602068,8.3385,0.0,4.90977681614957,6.193534924344403,8.3385,True,COLLISION with vehicle.ue4.audi.tt,0.0,0.0,0.0,freeze,latency_comp,21420028,oracle,4
proposed_enhanced_d4f,proposed_enhanced,4,40.0,40.0,0.4,3.0,33.33333333333333,False,vehicle.ue4.audi.tt,0.0,0.0,2.729846115501961,35.760266911661745,4.239733088338256,3.924000000000003,0.0,4.902275919198976,2.573660113328933,3.9240000000000004,True,COLLISION with vehicle.ue4.audi.tt,0.0,0.0,0.0,freeze,latency_comp,21420029,oracle,4
proposed_enhanced_d4f,proposed_enhanced,4,50.0,50.0,0.85,1.0,13.88888888888889,False,vehicle.ue4.audi.tt,0.0,0.0,2.1711950919702714,39.635500825219985,10.364499174780013,8.3385,0.0,4.909244767573729,6.289960050818963,8.3385,True,COLLISION with vehicle.ue4.audi.tt,0.0,0.0,0.0,freeze,latency_comp,21420030,oracle,4
proposed_enhanced_d4f,proposed_enhanced,4,50.0,50.0,0.4,1.0,13.88888888888889,False,vehicle.ue4.audi.tt,0.0,0.0,3.8683210056297717,36.7693794580655,13.230620541934503,3.924000000000003,0.0,4.898641787792224,5.061519931779933,3.9240000000000004,True,COLLISION with vehicle.ue4.audi.tt,0.0,0.0,0.0,freeze,latency_comp,21420031,oracle,4
proposed_enhanced_d4f,proposed_enhanced,4,50.0,50.0,0.85,1.5,20.833333333333336,False,vehicle.ue4.audi.tt,0.0,0.0,1.8000506318620244,40.737302162547735,9.262697837452269,8.338500000000018,0.0,4.935341414404405,6.028237642867426,8.3385,True,COLLISION with vehicle.ue4.audi.tt,0.0,0.0,0.0,freeze,latency_comp,21420032,oracle,4
proposed_enhanced_d4f,proposed_enhanced,4,50.0,50.0,0.4,1.5,20.833333333333336,False,vehicle.ue4.audi.tt,0.0,0.0,6.967486007613299,44.55255412973399,5.44744587026601,3.924000000000003,0.0,4.908578721439621,3.6978574229587564,3.9240000000000004,True,COLLISION with vehicle.ue4.audi.tt,0.0,0.0,0.0,freeze,latency_comp,21420033,oracle,4
proposed_enhanced_d4f,proposed_enhanced,4,50.0,50.0,0.85,2.0,27.77777777777778,False,vehicle.ue4.audi.tt,0.0,0.0,1.4391261575887642,40.71588162951979,9.284118370480208,8.3385,0.0,4.927647135498607,6.008463209554854,8.3385,True,COLLISION with vehicle.ue4.audi.tt,0.0,0.0,0.0,freeze,latency_comp,21420034,oracle,4
proposed_enhanced_d4f,proposed_enhanced,4,50.0,50.0,0.4,2.0,27.77777777777778,False,vehicle.ue4.audi.tt,0.0,4.166471944554302,8.61010853322913,45.84575019457567,4.1542498054243255,3.924000000000003,0.0,4.902152815492074,3.0129735296000657,3.9240000000000004,True,COLLISION with vehicle.ue4.audi.tt,0.0,0.0,0.0,freeze,latency_comp,21420035,oracle,4
proposed_enhanced_d4f,proposed_enhanced,4,50.0,50.0,0.85,2.5,34.72222222222222,False,vehicle.ue4.audi.tt,0.0,0.0,1.1641888683079369,40.6440871851365,9.355912814863505,8.3385,0.0,4.918752672087942,6.002809650617584,8.3385,True,COLLISION with vehicle.ue4.audi.tt,0.0,0.0,0.0,freeze,latency_comp,21420036,oracle,4
proposed_enhanced_d4f,proposed_enhanced,4,50.0,50.0,0.4,2.5,34.72222222222222,False,vehicle.ue4.audi.tt,0.0,4.111038531322308,7.754598416935946,45.80278009081766,4.197219909182338,3.924000000000003,0.0,4.897048600544333,2.647664709582317,3.9240000000000004,True,COLLISION with vehicle.ue4.audi.tt,0.0,0.0,0.0,freeze,latency_comp,21420037,oracle,4
proposed_enhanced_d4f,proposed_enhanced,4,50.0,50.0,0.85,3.0,41.66666666666667,False,,0.0,0.0,1.1531067310947036,50.0,0.0,3.3354000497013203,0.0,11.390984516925776,5.98647805202478,8.3385,True,NO BRAKE / passed,0.0,0.0,0.0,freeze,latency_comp,21420038,oracle,4
proposed_enhanced_d4f,proposed_enhanced,4,50.0,50.0,0.4,3.0,41.66666666666667,False,,0.0,0.0,5.093953636604295,50.0,0.0,3.924000000000003,0.0,11.25904509012433,2.552970375397143,3.9240000000000004,True,NO BRAKE / passed,0.0,0.0,0.0,freeze,latency_comp,21420039,oracle,4
proposed_enhanced_d4f,proposed_enhanced,4,60.0,60.0,0.85,1.0,16.666666666666668,False,vehicle.ue4.audi.tt,0.0,0.0,2.8453613429656817,50.680594794277795,9.319405205722202,8.3385,0.0,4.897563934898348,6.2698877287179515,8.3385,True,COLLISION with vehicle.ue4.audi.tt,0.0,0.0,0.0,freeze,latency_comp,21420040,oracle,4
proposed_enhanced_d4f,proposed_enhanced,4,60.0,60.0,0.4,1.0,16.666666666666668,False,vehicle.ue4.audi.tt,0.0,0.0,4.954046496534788,43.60918004471564,16.390819955284357,3.924000000000021,0.0,4.91363952471694,5.170352956634742,3.9240000000000004,True,COLLISION with vehicle.ue4.audi.tt,0.0,0.0,0.0,freeze,latency_comp,21420041,oracle,4
proposed_enhanced_d4f,proposed_enhanced,4,60.0,60.0,0.85,1.5,25.0,False,vehicle.ue4.audi.tt,0.0,0.0,2.505204433201749,49.97178210021038,10.028217899789617,8.3385,0.0,4.909294735832897,5.845768063792746,8.3385,True,COLLISION with vehicle.ue4.audi.tt,0.0,0.0,0.0,freeze,latency_comp,21420042,oracle,4
proposed_enhanced_d4f,proposed_enhanced,4,60.0,60.0,0.4,1.5,25.0,False,vehicle.ue4.audi.tt,0.0,0.0,8.544558610592425,51.89678040569759,8.10321959430241,3.924000000000021,0.0,4.924020017356038,3.9353385606129008,3.9240000000000004,True,COLLISION with vehicle.ue4.audi.tt,0.0,0.0,0.0,freeze,latency_comp,21420043,oracle,4
proposed_enhanced_d4f,proposed_enhanced,4,60.0,60.0,0.85,2.0,33.333333333333336,False,,0.0,0.0,2.0196785619851165,60.0,0.0,8.338499999999982,0.0,8.556076051784437,5.808268327171033,8.3385,True,NO BRAKE / passed,0.0,0.0,0.0,freeze,latency_comp,21420044,oracle,4
proposed_enhanced_d4f,proposed_enhanced,4,60.0,60.0,0.4,2.0,33.333333333333336,False,,0.0,0.0,10.526885508774146,60.0,0.0,3.924000000000003,0.0,8.435605955180378,3.2857617563208144,3.9240000000000004,True,NO BRAKE / passed,0.0,0.0,0.0,freeze,latency_comp,21420045,oracle,4
proposed_enhanced_d4f,proposed_enhanced,4,60.0,60.0,0.85,2.5,41.66666666666667,False,,0.0,0.0,1.6753681201684782,60.0,0.0,3.3354000497013203,0.0,16.387012483427327,5.79312271222198,8.3385,True,NO BRAKE / passed,0.0,0.0,0.0,freeze,latency_comp,21420046,oracle,4
proposed_enhanced_d4f,proposed_enhanced,4,60.0,60.0,0.4,2.5,41.66666666666667,False,,0.0,0.0,11.786349755480563,60.0,0.0,3.9239999999999853,0.0,16.701042275407552,2.8062733297286786,3.9240000000000004,True,NO BRAKE / passed,0.0,0.0,0.0,freeze,latency_comp,21420047,oracle,4
proposed_enhanced_d4f,proposed_enhanced,4,60.0,60.0,0.85,3.0,50.0,False,,0.0,0.0,1.4311342663887445,60.0,0.0,3.3354000497013203,0.0,24.49495315701495,5.789479838751494,8.3385,True,NO BRAKE / passed,0.0,0.0,0.0,freeze,latency_comp,21420048,oracle,4
proposed_enhanced_d4f,proposed_enhanced,4,60.0,60.0,0.4,3.0,50.0,False,,0.0,0.0,9.603588860784326,60.0,0.0,3.9239999999999853,0.0,24.657295263716733,2.568683455142516,3.9240000000000004,True,NO BRAKE / passed,0.0,0.0,0.0,freeze,latency_comp,21420049,oracle,4
proposed_enhanced_d8f,proposed_enhanced,8,20.0,20.0,0.85,1.0,5.555555555555555,False,vehicle.ue4.audi.tt,0.0,0.0,0.0,5.713282639162758,14.286717360837242,0.0,0.0,4.9217739122693045,0.0,8.3385,True,COLLISION with vehicle.ue4.audi.tt,0.0,0.0,0.0,freeze,latency_comp,21460000,oracle,8
proposed_enhanced_d8f,proposed_enhanced,8,20.0,20.0,0.4,1.0,5.555555555555555,False,vehicle.ue4.audi.tt,0.0,0.0,0.0,5.715610086983789,14.284389913016211,0.0,0.0,4.9218521202430665,0.0,3.9240000000000004,True,COLLISION with vehicle.ue4.audi.tt,0.0,0.0,0.0,freeze,latency_comp,21460001,oracle,8
proposed_enhanced_d8f,proposed_enhanced,8,20.0,20.0,0.85,1.5,8.333333333333332,False,vehicle.ue4.audi.tt,0.0,0.0,0.1276620844154335,10.986404084683546,9.013595915316454,3.335400049701338,0.0,4.93514253656648,21.492317566205188,8.3385,True,COLLISION with vehicle.ue4.audi.tt,0.0,0.0,0.0,freeze,latency_comp,21460002,oracle,8
proposed_enhanced_d8f,proposed_enhanced,8,20.0,20.0,0.4,1.5,8.333333333333332,False,vehicle.ue4.audi.tt,0.0,0.0,0.6505272070596357,12.901724376246749,7.098275623753251,3.924000000000003,0.0,4.9172153569384545,5.671847627284944,3.9240000000000004,True,COLLISION with vehicle.ue4.audi.tt,0.0,0.0,0.0,freeze,latency_comp,21460003,oracle,8
proposed_enhanced_d8f,proposed_enhanced,8,20.0,20.0,0.85,2.0,11.11111111111111,False,vehicle.ue4.audi.tt,0.0,0.0,0.13192771925088836,10.904634089434012,9.095365910565988,3.335400049701338,0.0,4.9335556094880815,20.79815951469388,8.3385,True,COLLISION with vehicle.ue4.audi.tt,0.0,0.0,0.0,freeze,latency_comp,21460004,oracle,8
proposed_enhanced_d8f,proposed_enhanced,8,20.0,20.0,0.4,2.0,11.11111111111111,False,vehicle.ue4.audi.tt,0.0,0.0,0.7610580394964859,13.277783946057932,6.722216053942068,3.924000000000003,0.0,4.908630385184661,3.752525372165337,3.9240000000000004,True,COLLISION with vehicle.ue4.audi.tt,0.0,0.0,0.0,freeze,latency_comp,21460005,oracle,8
proposed_enhanced_d8f,proposed_enhanced,8,20.0,20.0,0.85,2.5,13.88888888888889,False,vehicle.ue4.audi.tt,0.0,0.0,0.13668865986206846,10.969594338830284,9.030405661169716,3.335400049701338,0.0,4.927011489868308,20.07227344493248,8.3385,True,COLLISION with vehicle.ue4.audi.tt,0.0,0.0,0.0,freeze,latency_comp,21460006,oracle,8
proposed_enhanced_d8f,proposed_enhanced,8,20.0,20.0,0.4,2.5,13.88888888888889,False,vehicle.ue4.audi.tt,0.0,0.0,0.7360267578984658,13.312547270100499,6.6874527298995,3.924000000000003,0.0,4.9029407650921915,3.728039638433856,3.9240000000000004,True,COLLISION with vehicle.ue4.audi.tt,0.0,0.0,0.0,freeze,latency_comp,21460007,oracle,8
proposed_enhanced_d8f,proposed_enhanced,8,20.0,20.0,0.85,3.0,16.666666666666664,False,vehicle.ue4.audi.tt,0.0,0.0,0.14068982932558322,10.806738016392028,9.193261983607972,3.335400049701338,0.0,4.925323535698585,19.501491246635652,8.3385,True,COLLISION with vehicle.ue4.audi.tt,0.0,0.0,0.0,freeze,latency_comp,21460008,oracle,8
proposed_enhanced_d8f,proposed_enhanced,8,20.0,20.0,0.4,3.0,16.666666666666664,False,vehicle.ue4.audi.tt,0.0,0.0,0.7396821728063921,13.207318737019595,6.792681262980405,3.924000000000003,0.0,4.903804783171548,3.708535796562015,3.9240000000000004,True,COLLISION with vehicle.ue4.audi.tt,0.0,0.0,0.0,freeze,latency_comp,21460009,oracle,8
proposed_enhanced_d8f,proposed_enhanced,8,30.0,30.0,0.85,1.0,8.333333333333334,False,vehicle.ue4.audi.tt,0.0,0.0,0.3470033613048194,14.19849042014084,15.80150957985916,3.335400049701338,0.0,4.910030365240668,13.508939598671276,8.3385,True,COLLISION with vehicle.ue4.audi.tt,0.0,0.0,0.0,freeze,latency_comp,21460010,oracle,8
proposed_enhanced_d8f,proposed_enhanced,8,30.0,30.0,0.4,1.0,8.333333333333334,False,vehicle.ue4.audi.tt,0.0,0.0,0.7312167076160889,17.799918414990444,12.200081585009558,3.924000000000003,0.0,4.908821112660468,8.108274098307549,3.9240000000000004,True,COLLISION with vehicle.ue4.audi.tt,0.0,0.0,0.0,freeze,latency_comp,21460011,oracle,8
proposed_enhanced_d8f,proposed_enhanced,8,30.0,30.0,0.85,1.5,12.5,False,vehicle.ue4.audi.tt,0.0,0.0,0.44291731872414114,17.70573019420765,12.29426980579235,3.335400049701338,0.0,4.912166759339319,10.151929959810667,8.3385,True,COLLISION with vehicle.ue4.audi.tt,0.0,0.0,0.0,freeze,latency_comp,21460012,oracle,8
proposed_enhanced_d8f,proposed_enhanced,8,30.0,30.0,0.4,1.5,12.5,False,vehicle.ue4.audi.tt,0.0,0.0,1.6806460601179907,21.749169212954435,8.250830787045567,3.924000000000003,0.0,4.921754861375435,4.302019118095181,3.9240000000000004,True,COLLISION with vehicle.ue4.audi.tt,0.0,0.0,0.0,freeze,latency_comp,21460013,oracle,8
proposed_enhanced_d8f,proposed_enhanced,8,30.0,30.0,0.85,2.0,16.666666666666668,False,vehicle.ue4.audi.tt,0.0,0.0,0.4089055895756632,17.56496446267502,12.43503553732498,3.335400049701338,0.0,4.9137345056813615,10.105515915327105,8.3385,True,COLLISION with vehicle.ue4.audi.tt,0.0,0.0,0.0,freeze,latency_comp,21460014,oracle,8
proposed_enhanced_d8f,proposed_enhanced,8,30.0,30.0,0.4,2.0,16.666666666666668,False,vehicle.ue4.audi.tt,0.0,0.0,2.0455165017974943,22.49376345871932,7.5062365412806775,3.924000000000003,0.0,4.919376377504641,3.146961439605661,3.9240000000000004,True,COLLISION with vehicle.ue4.audi.tt,0.0,0.0,0.0,freeze,latency_comp,21460015,oracle,8
proposed_enhanced_d8f,proposed_enhanced,8,30.0,30.0,0.85,2.5,20.833333333333336,False,vehicle.ue4.audi.tt,0.0,0.0,0.4127779884273923,17.76444741523069,12.23555258476931,3.335400049701338,0.0,4.901012426178428,10.010897473216986,8.3385,True,COLLISION with vehicle.ue4.audi.tt,0.0,0.0,0.0,freeze,latency_comp,21460016,oracle,8
proposed_enhanced_d8f,proposed_enhanced,8,30.0,30.0,0.4,2.5,20.833333333333336,False,vehicle.ue4.audi.tt,0.0,0.0,1.3418445348693522,22.49511686591372,7.504883134086281,3.924000000000003,0.0,4.913043976831198,3.148199982808692,3.9240000000000004,True,COLLISION with vehicle.ue4.audi.tt,0.0,0.0,0.0,freeze,latency_comp,21460017,oracle,8
proposed_enhanced_d8f,proposed_enhanced,8,30.0,30.0,0.85,3.0,25.0,False,vehicle.ue4.audi.tt,0.0,0.0,0.41630763428191087,17.60011331377715,12.39988668622285,3.335400049701338,0.0,4.902851189106818,9.925556519169936,8.3385,True,COLLISION with vehicle.ue4.audi.tt,0.0,0.0,0.0,freeze,latency_comp,21460018,oracle,8
proposed_enhanced_d8f,proposed_enhanced,8,30.0,30.0,0.4,3.0,25.0,False,vehicle.ue4.audi.tt,0.0,0.0,1.317471401121542,22.137659185734975,7.862340814265026,3.924000000000003,0.0,4.92449956116502,3.1397371070900575,3.9240000000000004,True,COLLISION with vehicle.ue4.audi.tt,0.0,0.0,0.0,freeze,latency_comp,21460019,oracle,8
proposed_enhanced_d8f,proposed_enhanced,8,40.0,40.0,0.85,1.0,11.11111111111111,False,vehicle.ue4.audi.tt,0.0,0.0,0.8756074937147528,23.289227288239065,16.710772711760935,8.3385,0.0,4.897388266997717,8.743117185153839,8.3385,True,COLLISION with vehicle.ue4.audi.tt,0.0,0.0,0.0,freeze,latency_comp,21460020,oracle,8
proposed_enhanced_d8f,proposed_enhanced,8,40.0,40.0,0.4,1.0,11.11111111111111,False,vehicle.ue4.audi.tt,0.0,0.0,1.4625655724835638,25.794024807306016,14.205975192693986,3.924000000000003,0.0,4.897527702646254,6.587173239442366,3.9240000000000004,True,COLLISION with vehicle.ue4.audi.tt,0.0,0.0,0.0,freeze,latency_comp,21460021,oracle,8
proposed_enhanced_d8f,proposed_enhanced,8,40.0,40.0,0.85,1.5,16.666666666666664,False,vehicle.ue4.audi.tt,0.0,0.0,0.8521240370190664,25.906716249376842,14.09328375062316,8.338500000000018,0.0,4.939317666960952,8.06597123978946,8.3385,True,COLLISION with vehicle.ue4.audi.tt,0.0,0.0,0.0,freeze,latency_comp,21460022,oracle,8
proposed_enhanced_d8f,proposed_enhanced,8,40.0,40.0,0.4,1.5,16.666666666666664,False,vehicle.ue4.audi.tt,0.0,0.0,2.687835337660262,31.154104256347317,8.845895743652685,3.924000000000003,0.0,4.9324455409481125,4.282466426505499,3.9240000000000004,True,COLLISION with vehicle.ue4.audi.tt,0.0,0.0,0.0,freeze,latency_comp,21460023,oracle,8
proposed_enhanced_d8f,proposed_enhanced,8,40.0,40.0,0.85,2.0,22.22222222222222,False,vehicle.ue4.audi.tt,0.0,0.0,0.6847839669177922,26.084320803564733,13.915679196435267,8.338500000000018,0.0,4.92860643912737,8.064499612098013,8.3385,True,COLLISION with vehicle.ue4.audi.tt,0.0,0.0,0.0,freeze,latency_comp,21460024,oracle,8
proposed_enhanced_d8f,proposed_enhanced,8,40.0,40.0,0.4,2.0,22.22222222222222,False,vehicle.ue4.audi.tt,0.0,0.0,3.6777067549167453,31.19164587791937,8.808354122080628,3.924000000000003,0.0,4.901691570250193,3.17202304605914,3.9240000000000004,True,COLLISION with vehicle.ue4.audi.tt,0.0,0.0,0.0,freeze,latency_comp,21460025,oracle,8
proposed_enhanced_d8f,proposed_enhanced,8,40.0,40.0,0.85,2.5,27.77777777777778,False,vehicle.ue4.audi.tt,0.0,0.0,0.6883553981197422,26.172209331127476,13.827790668872522,8.338500000000018,0.0,4.914490976638522,8.023222333835362,8.3385,True,COLLISION with vehicle.ue4.audi.tt,0.0,0.0,0.0,freeze,latency_comp,21460026,oracle,8
proposed_enhanced_d8f,proposed_enhanced,8,40.0,40.0,0.4,2.5,27.77777777777778,False,vehicle.ue4.audi.tt,0.0,0.0,2.884532046357445,31.434582734423163,8.565417265576837,3.924000000000003,0.0,4.900230831120012,2.9193492419199973,3.9240000000000004,True,COLLISION with vehicle.ue4.audi.tt,0.0,0.0,0.0,freeze,latency_comp,21460027,oracle,8
proposed_enhanced_d8f,proposed_enhanced,8,40.0,40.0,0.85,3.0,33.33333333333333,False,vehicle.ue4.audi.tt,0.0,0.0,0.6915072071437897,25.984131355927943,14.015868644072059,8.3385,0.0,4.915933225193497,7.986669246584945,8.3385,True,COLLISION with vehicle.ue4.audi.tt,0.0,0.0,0.0,freeze,latency_comp,21460028,oracle,8
proposed_enhanced_d8f,proposed_enhanced,8,40.0,40.0,0.4,3.0,33.33333333333333,False,vehicle.ue4.audi.tt,0.0,0.0,2.1814638311437466,31.76607262139394,8.233927378606062,3.924000000000003,0.0,4.922806581199661,2.839750290286057,3.9240000000000004,True,COLLISION with vehicle.ue4.audi.tt,0.0,0.0,0.0,freeze,latency_comp,21460029,oracle,8
proposed_enhanced_d8f,proposed_enhanced,8,50.0,50.0,0.85,1.0,13.88888888888889,False,vehicle.ue4.audi.tt,0.0,0.0,1.38275595842427,31.99976665935837,18.00023334064163,8.338499999999982,0.0,4.910202236834884,7.751055989153923,8.3385,True,COLLISION with vehicle.ue4.audi.tt,0.0,0.0,0.0,freeze,latency_comp,21460030,oracle,8
proposed_enhanced_d8f,proposed_enhanced,8,50.0,50.0,0.4,1.0,13.88888888888889,False,vehicle.ue4.audi.tt,0.0,0.0,2.1691951266612293,32.85607649393228,17.143923506067726,3.9239999999999853,0.0,4.91118560180305,6.290320779747998,3.9240000000000004,True,COLLISION with vehicle.ue4.audi.tt,0.0,0.0,0.0,freeze,latency_comp,21460031,oracle,8
proposed_enhanced_d8f,proposed_enhanced,8,50.0,50.0,0.85,1.5,20.833333333333336,False,vehicle.ue4.audi.tt,0.0,0.0,1.3098020992141004,35.16163995815658,14.838360041843423,8.3385,0.0,4.945816223290675,7.300206436444625,8.3385,True,COLLISION with vehicle.ue4.audi.tt,0.0,0.0,0.0,freeze,latency_comp,21460032,oracle,8
proposed_enhanced_d8f,proposed_enhanced,8,50.0,50.0,0.4,1.5,20.833333333333336,False,vehicle.ue4.audi.tt,0.0,0.0,4.034113787462233,39.94766270249261,10.052337297507396,3.924000000000003,0.0,4.929943850344956,4.31138518476947,3.9240000000000004,True,COLLISION with vehicle.ue4.audi.tt,0.0,0.0,0.0,freeze,latency_comp,21460033,oracle,8
proposed_enhanced_d8f,proposed_enhanced,8,50.0,50.0,0.85,2.0,27.77777777777778,False,vehicle.ue4.audi.tt,0.0,0.0,1.086726738283848,34.93444281477153,15.065557185228469,8.3385,0.0,4.945160081195982,7.2734124472971065,8.3385,True,COLLISION with vehicle.ue4.audi.tt,0.0,0.0,0.0,freeze,latency_comp,21460034,oracle,8
proposed_enhanced_d8f,proposed_enhanced,8,50.0,50.0,0.4,2.0,27.77777777777778,False,vehicle.ue4.audi.tt,0.0,0.0,5.318623782247235,41.265591042646406,8.734408957353592,3.924000000000003,0.0,4.933740138181717,3.3677805840177877,3.9240000000000004,True,COLLISION with vehicle.ue4.audi.tt,0.0,0.0,0.0,freeze,latency_comp,21460035,oracle,8
proposed_enhanced_d8f,proposed_enhanced,8,50.0,50.0,0.85,2.5,34.72222222222222,False,vehicle.ue4.audi.tt,0.0,0.0,0.9499606375238862,34.984841529433716,15.015158470566286,8.3385,0.0,4.931416846339644,7.266627187298438,8.3385,True,COLLISION with vehicle.ue4.audi.tt,0.0,0.0,0.0,freeze,latency_comp,21460036,oracle,8
proposed_enhanced_d8f,proposed_enhanced,8,50.0,50.0,0.4,2.5,34.72222222222222,False,vehicle.ue4.audi.tt,0.0,0.0,5.397538489589643,40.938965625828786,9.061034374171216,3.924000000000003,0.0,4.924775684415645,2.876448627378453,3.9240000000000004,True,COLLISION with vehicle.ue4.audi.tt,0.0,0.0,0.0,freeze,latency_comp,21460037,oracle,8
proposed_enhanced_d8f,proposed_enhanced,8,50.0,50.0,0.85,3.0,41.66666666666667,False,,0.0,0.0,0.9531122965744381,50.0,0.0,3.3354000497013203,0.0,10.926152314576687,7.242682124317688,8.3385,True,NO BRAKE / passed,0.0,0.0,0.0,freeze,latency_comp,21460038,oracle,8
proposed_enhanced_d8f,proposed_enhanced,8,50.0,50.0,0.4,3.0,41.66666666666667,False,,0.0,0.0,4.01089855339676,50.0,0.0,3.9239999999999853,0.0,11.368777910456005,2.755917574435643,3.9240000000000004,True,NO BRAKE / passed,0.0,0.0,0.0,freeze,latency_comp,21460039,oracle,8
proposed_enhanced_d8f,proposed_enhanced,8,60.0,60.0,0.85,1.0,16.666666666666668,False,vehicle.ue4.audi.tt,0.0,0.0,1.8661718235966427,41.857792301974605,18.142207698025395,8.338499999999982,0.0,4.955585483860596,7.447490817245453,8.3385,True,COLLISION with vehicle.ue4.audi.tt,0.0,0.0,0.0,freeze,latency_comp,21460040,oracle,8
proposed_enhanced_d8f,proposed_enhanced,8,60.0,60.0,0.4,1.0,16.666666666666668,False,vehicle.ue4.audi.tt,0.0,0.0,2.8365129382140597,39.30269173520303,20.69730826479697,3.924000000000021,0.0,4.948490180787111,6.266543997194018,3.9240000000000004,True,COLLISION with vehicle.ue4.audi.tt,0.0,0.0,0.0,freeze,latency_comp,21460041,oracle,8
proposed_enhanced_d8f,proposed_enhanced,8,60.0,60.0,0.85,1.5,25.0,False,vehicle.ue4.audi.tt,0.0,0.0,1.8760116667027376,44.84865491609426,15.151345083905735,8.3385,0.0,4.960521702879243,6.788642219978265,8.3385,True,COLLISION with vehicle.ue4.audi.tt,0.0,0.0,0.0,freeze,latency_comp,21460042,oracle,8
proposed_enhanced_d8f,proposed_enhanced,8,60.0,60.0,0.4,1.5,25.0,False,vehicle.ue4.audi.tt,0.0,0.0,5.0155809360481935,47.87258038950414,12.127419610495865,3.924000000000021,0.0,4.936516187719018,4.539792338127096,3.9240000000000004,True,COLLISION with vehicle.ue4.audi.tt,0.0,0.0,0.0,freeze,latency_comp,21460043,oracle,8
proposed_enhanced_d8f,proposed_enhanced,8,60.0,60.0,0.85,2.0,33.333333333333336,False,,0.0,0.0,1.5878646170813733,60.0,0.0,8.338499999999982,0.0,8.541755677515784,6.755292853330584,8.3385,True,NO BRAKE / passed,0.0,0.0,0.0,freeze,latency_comp,21460044,oracle,8
proposed_enhanced_d8f,proposed_enhanced,8,60.0,60.0,0.4,2.0,33.333333333333336,False,,0.0,0.0,6.537780090899322,60.0,0.0,3.924000000000003,0.0,8.469315697929124,3.645619445854399,3.9240000000000004,True,NO BRAKE / passed,0.0,0.0,0.0,freeze,latency_comp,21460045,oracle,8
proposed_enhanced_d8f,proposed_enhanced,8,60.0,60.0,0.85,2.5,41.66666666666667,False,,0.0,0.0,1.3386015800032642,60.0,0.0,3.3354000497013203,0.0,16.611270906144252,6.7368093047116115,8.3385,True,NO BRAKE / passed,0.0,0.0,0.0,freeze,latency_comp,21460046,oracle,8
proposed_enhanced_d8f,proposed_enhanced,8,60.0,60.0,0.4,2.5,41.66666666666667,False,,0.0,0.0,7.774253384290722,60.0,0.0,3.9239999999999853,0.0,16.56092835800906,3.0430820947152313,3.9240000000000004,True,NO BRAKE / passed,0.0,0.0,0.0,freeze,latency_comp,21460047,oracle,8
proposed_enhanced_d8f,proposed_enhanced,8,60.0,60.0,0.85,3.0,50.0,False,,0.0,0.0,1.2312167154585651,60.0,0.0,3.3354000497013203,0.0,25.175376893322685,6.729602646827348,8.3385,True,NO BRAKE / passed,0.0,0.0,0.0,freeze,latency_comp,21460048,oracle,8
proposed_enhanced_d8f,proposed_enhanced,8,60.0,60.0,0.4,3.0,50.0,False,,0.0,0.0,7.063224315511328,60.0,0.0,1.5696000233888796,0.0,24.585506454568097,2.7386060229373954,3.9240000000000004,True,NO BRAKE / passed,0.0,0.0,0.0,freeze,latency_comp,21460049,oracle,8
proposed_enhanced_d16f,proposed_enhanced,16,20.0,20.0,0.85,1.0,5.555555555555555,False,vehicle.ue4.audi.tt,0.0,0.0,0.0,5.713282639162758,14.286717360837242,0.0,0.0,4.9217739122693045,0.0,8.3385,True,COLLISION with vehicle.ue4.audi.tt,0.0,0.0,0.0,freeze,latency_comp,21930000,oracle,16
proposed_enhanced_d16f,proposed_enhanced,16,20.0,20.0,0.4,1.0,5.555555555555555,False,vehicle.ue4.audi.tt,0.0,0.0,0.0,5.715610086983789,14.284389913016211,0.0,0.0,4.9218521202430665,0.0,3.9240000000000004,True,COLLISION with vehicle.ue4.audi.tt,0.0,0.0,0.0,freeze,latency_comp,21930001,oracle,16
proposed_enhanced_d16f,proposed_enhanced,16,20.0,20.0,0.85,1.5,8.333333333333332,False,vehicle.ue4.audi.tt,0.0,0.0,0.0,10.020277820332552,9.979722179667448,0.0,0.0,4.9210109761835055,0.0,8.3385,True,COLLISION with vehicle.ue4.audi.tt,0.0,0.0,0.0,freeze,latency_comp,21930002,oracle,16
proposed_enhanced_d16f,proposed_enhanced,16,20.0,20.0,0.4,1.5,8.333333333333332,False,vehicle.ue4.audi.tt,0.0,0.0,0.07785826348334915,10.3685123265019,9.6314876734981,1.5696000233888618,0.0,4.927047738621219,35.33113352587111,3.9240000000000004,True,COLLISION with vehicle.ue4.audi.tt,0.0,0.0,0.0,freeze,latency_comp,21930003,oracle,16
proposed_enhanced_d16f,proposed_enhanced,16,20.0,20.0,0.85,2.0,11.11111111111111,False,vehicle.ue4.audi.tt,0.0,0.0,0.0,9.934932605457197,10.065067394542803,0.0,0.0,4.944562912378869,0.0,8.3385,True,COLLISION with vehicle.ue4.audi.tt,0.0,0.0,0.0,freeze,latency_comp,21930004,oracle,16
proposed_enhanced_d16f,proposed_enhanced,16,20.0,20.0,0.4,2.0,11.11111111111111,False,vehicle.ue4.audi.tt,0.0,0.0,0.33158317173184715,10.970985596979723,9.029014403020277,1.5696000233888618,0.0,4.916629833965048,8.274200828574212,3.9240000000000004,True,COLLISION with vehicle.ue4.audi.tt,0.0,0.0,0.0,freeze,latency_comp,21930005,oracle,16
proposed_enhanced_d16f,proposed_enhanced,16,20.0,20.0,0.85,2.5,13.88888888888889,False,vehicle.ue4.audi.tt,0.0,0.0,0.0,9.985047566349357,10.014952433650643,0.0,0.0,4.939674378272249,0.0,8.3385,True,COLLISION with vehicle.ue4.audi.tt,0.0,0.0,0.0,freeze,latency_comp,21930006,oracle,16
proposed_enhanced_d16f,proposed_enhanced,16,20.0,20.0,0.4,2.5,13.88888888888889,False,vehicle.ue4.audi.tt,0.0,0.0,0.33637020870439394,11.017802754407688,8.982197245592312,1.5696000233888618,0.0,4.908241293296929,8.156637008392513,3.9240000000000004,True,COLLISION with vehicle.ue4.audi.tt,0.0,0.0,0.0,freeze,latency_comp,21930007,oracle,16
proposed_enhanced_d16f,proposed_enhanced,16,20.0,20.0,0.85,3.0,16.666666666666664,False,vehicle.ue4.audi.tt,0.0,0.0,0.0,9.835959327316575,10.164040672683425,0.0,0.0,4.937389382137769,0.0,8.3385,True,COLLISION with vehicle.ue4.audi.tt,0.0,0.0,0.0,freeze,latency_comp,21930008,oracle,16
proposed_enhanced_d16f,proposed_enhanced,16,20.0,20.0,0.4,3.0,16.666666666666664,False,vehicle.ue4.audi.tt,0.0,0.0,0.3403900566096253,10.957040504357423,9.042959495642577,1.5696000233888618,0.0,4.909273173089919,8.060311489567695,3.9240000000000004,True,COLLISION with vehicle.ue4.audi.tt,0.0,0.0,0.0,freeze,latency_comp,21930009,oracle,16
proposed_enhanced_d16f,proposed_enhanced,16,30.0,30.0,0.85,1.0,8.333333333333334,False,vehicle.ue4.audi.tt,0.0,0.0,0.0,12.422980462497996,17.577019537502004,0.0,0.0,4.952165631314739,0.0,8.3385,True,COLLISION with vehicle.ue4.audi.tt,0.0,0.0,0.0,freeze,latency_comp,21930010,oracle,16
proposed_enhanced_d16f,proposed_enhanced,16,30.0,30.0,0.4,1.0,8.333333333333334,False,vehicle.ue4.audi.tt,0.0,0.0,0.08943187707413616,12.951645095795051,17.04835490420495,3.924000000000003,0.0,4.948160214098209,39.190316580716136,3.9240000000000004,True,COLLISION with vehicle.ue4.audi.tt,0.0,0.0,0.0,freeze,latency_comp,21930011,oracle,16
proposed_enhanced_d16f,proposed_enhanced,16,30.0,30.0,0.85,1.5,12.5,False,vehicle.ue4.audi.tt,0.0,0.0,0.0,14.645917435579292,15.354082564420708,0.0,0.0,4.91577935467703,0.0,8.3385,True,COLLISION with vehicle.ue4.audi.tt,0.0,0.0,0.0,freeze,latency_comp,21930012,oracle,16
proposed_enhanced_d16f,proposed_enhanced,16,30.0,30.0,0.4,1.5,12.5,False,vehicle.ue4.audi.tt,0.0,0.0,0.6699285433072207,17.54610265318344,12.453897346816559,3.924000000000003,0.0,4.912130358597678,7.398818110754544,3.9240000000000004,True,COLLISION with vehicle.ue4.audi.tt,0.0,0.0,0.0,freeze,latency_comp,21930013,oracle,16
proposed_enhanced_d16f,proposed_enhanced,16,30.0,30.0,0.85,2.0,16.666666666666668,False,vehicle.ue4.audi.tt,0.0,0.0,0.0,14.925401193542353,15.074598806457647,0.0,0.0,4.899402658016474,0.0,8.3385,True,COLLISION with vehicle.ue4.audi.tt,0.0,0.0,0.0,freeze,latency_comp,21930014,oracle,16
proposed_enhanced_d16f,proposed_enhanced,16,30.0,30.0,0.4,2.0,16.666666666666668,False,vehicle.ue4.audi.tt,0.0,0.0,0.999965611024487,17.80068004355141,12.19931995644859,3.924000000000003,0.0,4.902767183326499,4.537473738941066,3.9240000000000004,True,COLLISION with vehicle.ue4.audi.tt,0.0,0.0,0.0,freeze,latency_comp,21930015,oracle,16
proposed_enhanced_d16f,proposed_enhanced,16,30.0,30.0,0.85,2.5,20.833333333333336,False,vehicle.ue4.audi.tt,0.0,0.0,0.0,14.775282948436088,15.224717051563912,0.0,0.0,4.901550307225117,0.0,8.3385,True,COLLISION with vehicle.ue4.audi.tt,0.0,0.0,0.0,freeze,latency_comp,21930016,oracle,16
proposed_enhanced_d16f,proposed_enhanced,16,30.0,30.0,0.4,2.5,20.833333333333336,False,vehicle.ue4.audi.tt,0.0,0.0,0.9135101522466592,18.499506500073906,11.500493499926092,3.924000000000003,0.0,4.934059143199493,4.52808937278864,3.9240000000000004,True,COLLISION with vehicle.ue4.audi.tt,0.0,0.0,0.0,freeze,latency_comp,21930017,oracle,16
proposed_enhanced_d16f,proposed_enhanced,16,30.0,30.0,0.85,3.0,25.0,False,vehicle.ue4.audi.tt,0.0,0.0,0.0,14.481841662294151,15.518158337705849,0.0,0.0,4.903041923745816,0.0,8.3385,True,COLLISION with vehicle.ue4.audi.tt,0.0,0.0,0.0,freeze,latency_comp,21930018,oracle,16
proposed_enhanced_d16f,proposed_enhanced,16,30.0,30.0,0.4,3.0,25.0,False,vehicle.ue4.audi.tt,0.0,0.0,0.9170803815019467,18.50905769685531,11.490942303144688,3.924000000000003,0.0,4.945571969171411,4.510545663515437,3.9240000000000004,True,COLLISION with vehicle.ue4.audi.tt,0.0,0.0,0.0,freeze,latency_comp,21930019,oracle,16
proposed_enhanced_d16f,proposed_enhanced,16,40.0,40.0,0.85,1.0,11.11111111111111,False,vehicle.ue4.audi.tt,0.0,0.0,0.22806598445844944,18.75414298369934,21.24585701630066,3.3354000497013203,0.0,4.922874113087421,23.95996012036055,8.3385,True,COLLISION with vehicle.ue4.audi.tt,0.0,0.0,0.0,freeze,latency_comp,21930020,oracle,16
proposed_enhanced_d16f,proposed_enhanced,16,40.0,40.0,0.4,1.0,11.11111111111111,False,vehicle.ue4.audi.tt,0.0,0.0,0.5020541204397674,20.26594677902775,19.73405322097225,3.9239999999999853,0.0,4.9115848566696165,12.85153273373056,3.9240000000000004,True,COLLISION with vehicle.ue4.audi.tt,0.0,0.0,0.0,freeze,latency_comp,21930021,oracle,16
proposed_enhanced_d16f,proposed_enhanced,16,40.0,40.0,0.85,1.5,16.666666666666664,False,vehicle.ue4.audi.tt,0.0,0.0,0.29008685779250415,21.820092470325182,18.179907529674818,3.3354000497013203,0.0,4.917944582706792,19.66219102042053,8.3385,True,COLLISION with vehicle.ue4.audi.tt,0.0,0.0,0.0,freeze,latency_comp,21930022,oracle,16
proposed_enhanced_d16f,proposed_enhanced,16,40.0,40.0,0.4,1.5,16.666666666666664,False,vehicle.ue4.audi.tt,0.0,0.0,1.2468014596829657,26.121799516546425,13.878200483453575,3.924000000000003,0.0,4.958679255371736,6.2491143132637585,3.9240000000000004,True,COLLISION with vehicle.ue4.audi.tt,0.0,0.0,0.0,freeze,latency_comp,21930023,oracle,16
proposed_enhanced_d16f,proposed_enhanced,16,40.0,40.0,0.85,2.0,22.22222222222222,False,vehicle.ue4.audi.tt,0.0,0.0,0.2844258859921493,21.578962276364432,18.421037723635568,3.3354000497013203,0.0,4.919915462106609,19.41734747942877,8.3385,True,COLLISION with vehicle.ue4.audi.tt,0.0,0.0,0.0,freeze,latency_comp,21930024,oracle,16
proposed_enhanced_d16f,proposed_enhanced,16,40.0,40.0,0.4,2.0,22.22222222222222,False,vehicle.ue4.audi.tt,0.0,0.0,1.908812999198316,26.431007960370305,13.568992039629695,3.924000000000003,0.0,4.926899011771626,4.129683788668272,3.9240000000000004,True,COLLISION with vehicle.ue4.audi.tt,0.0,0.0,0.0,freeze,latency_comp,21930025,oracle,16
proposed_enhanced_d16f,proposed_enhanced,16,40.0,40.0,0.85,2.5,27.77777777777778,False,vehicle.ue4.audi.tt,0.0,0.0,0.2879519763047493,21.865794931422773,18.134205068577227,3.3354000497013203,0.0,4.899242306508927,19.179772426741497,8.3385,True,COLLISION with vehicle.ue4.audi.tt,0.0,0.0,0.0,freeze,latency_comp,21930026,oracle,16
proposed_enhanced_d16f,proposed_enhanced,16,40.0,40.0,0.4,2.5,27.77777777777778,False,vehicle.ue4.audi.tt,0.0,0.0,1.7233232145391437,26.617414773523144,13.382585226476857,3.924000000000003,0.0,4.937679518868065,3.7017406674007964,3.9240000000000004,True,COLLISION with vehicle.ue4.audi.tt,0.0,0.0,0.0,freeze,latency_comp,21930027,oracle,16
proposed_enhanced_d16f,proposed_enhanced,16,40.0,40.0,0.85,3.0,33.33333333333333,False,vehicle.ue4.audi.tt,0.0,0.0,0.29110543096458835,21.726517828509508,18.273482171490492,3.3354000497013203,0.0,4.9017709928140425,18.97210219615761,8.3385,True,COLLISION with vehicle.ue4.audi.tt,0.0,0.0,0.0,freeze,latency_comp,21930028,oracle,16
proposed_enhanced_d16f,proposed_enhanced,16,40.0,40.0,0.4,3.0,33.33333333333333,False,vehicle.ue4.audi.tt,0.0,0.0,1.5390763335063833,26.883297405622013,13.116702594377987,3.924000000000003,0.0,4.900147626574937,3.581534874183464,3.9240000000000004,True,COLLISION with vehicle.ue4.audi.tt,0.0,0.0,0.0,freeze,latency_comp,21930029,oracle,16
proposed_enhanced_d16f,proposed_enhanced,16,50.0,50.0,0.85,1.0,13.88888888888889,False,vehicle.ue4.audi.tt,0.0,0.0,0.5544114156030313,23.623288557370635,26.376711442629365,3.3354000497013203,0.0,4.912204777076729,14.01783036485844,8.3385,True,COLLISION with vehicle.ue4.audi.tt,0.0,0.0,0.0,freeze,latency_comp,21930030,oracle,16
proposed_enhanced_d16f,proposed_enhanced,16,50.0,50.0,0.4,1.0,13.88888888888889,False,vehicle.ue4.audi.tt,0.0,0.0,0.8984787359117183,26.15636510232034,23.84363489767966,3.9239999999999853,0.0,4.91351903841111,9.98740175958525,3.9240000000000004,True,COLLISION with vehicle.ue4.audi.tt,0.0,0.0,0.0,freeze,latency_comp,21930031,oracle,16
proposed_enhanced_d16f,proposed_enhanced,16,50.0,50.0,0.85,1.5,20.833333333333336,False,vehicle.ue4.audi.tt,0.0,0.0,0.6301800816549287,28.1772420247857,21.8227579752143,3.3354000497013203,0.0,4.942242027788643,12.637230487559396,8.3385,True,COLLISION with vehicle.ue4.audi.tt,0.0,0.0,0.0,freeze,latency_comp,21930032,oracle,16
proposed_enhanced_d16f,proposed_enhanced,16,50.0,50.0,0.4,1.5,20.833333333333336,False,vehicle.ue4.audi.tt,0.0,0.0,1.9474475271536413,33.91049999264392,16.089500007356076,3.9239999999999853,0.0,4.915106249932719,5.778687321108189,3.9240000000000004,True,COLLISION with vehicle.ue4.audi.tt,0.0,0.0,0.0,freeze,latency_comp,21930033,oracle,16
proposed_enhanced_d16f,proposed_enhanced,16,50.0,50.0,0.85,2.0,27.77777777777778,False,vehicle.ue4.audi.tt,0.0,0.0,0.5466460312008118,28.570305215445607,21.429694784554393,3.3354000497013203,0.0,4.920711763248017,12.627868968096589,8.3385,True,COLLISION with vehicle.ue4.audi.tt,0.0,0.0,0.0,freeze,latency_comp,21930034,oracle,16
proposed_enhanced_d16f,proposed_enhanced,16,50.0,50.0,0.4,2.0,27.77777777777778,False,vehicle.ue4.audi.tt,0.0,0.0,2.7974059735488828,35.24852673268087,14.751473267319124,3.924000000000003,0.0,4.930635277422029,4.1884472874834575,3.9240000000000004,True,COLLISION with vehicle.ue4.audi.tt,0.0,0.0,0.0,freeze,latency_comp,21930035,oracle,16
proposed_enhanced_d16f,proposed_enhanced,16,50.0,50.0,0.85,2.5,34.72222222222222,False,vehicle.ue4.audi.tt,0.0,0.0,0.5499678512878898,28.219270053075764,21.780729946924236,3.3354000497013203,0.0,4.92210939448735,12.551805298327263,8.3385,True,COLLISION with vehicle.ue4.audi.tt,0.0,0.0,0.0,freeze,latency_comp,21930036,oracle,16
proposed_enhanced_d16f,proposed_enhanced,16,50.0,50.0,0.4,2.5,34.72222222222222,False,vehicle.ue4.audi.tt,0.0,0.0,3.1467332504328915,35.9318686129795,14.068131387020504,3.924000000000003,0.0,4.9339913605110715,3.4485988810134662,3.9240000000000004,True,COLLISION with vehicle.ue4.audi.tt,0.0,0.0,0.0,freeze,latency_comp,21930037,oracle,16
proposed_enhanced_d16f,proposed_enhanced,16,50.0,50.0,0.85,3.0,41.66666666666667,False,,0.0,0.0,0.5531118221736468,50.0,0.0,3.3354000497013203,0.0,11.056061797913062,12.480453810512943,8.3385,True,NO BRAKE / passed,0.0,0.0,0.0,freeze,latency_comp,21930038,oracle,16
proposed_enhanced_d16f,proposed_enhanced,16,50.0,50.0,0.4,3.0,41.66666666666667,False,,0.0,0.0,2.631313701311832,50.0,0.0,3.9239999999999853,0.0,11.177644340921224,3.278777349556585,3.9240000000000004,True,NO BRAKE / passed,0.0,0.0,0.0,freeze,latency_comp,21930039,oracle,16
proposed_enhanced_d16f,proposed_enhanced,16,60.0,60.0,0.85,1.0,16.666666666666668,False,vehicle.ue4.audi.tt,0.0,0.0,0.8642592065426192,28.819100216901997,31.180899783098003,3.3354000497013203,0.0,4.934368205522541,11.54521717638688,8.3385,True,COLLISION with vehicle.ue4.audi.tt,0.0,0.0,0.0,freeze,latency_comp,21930040,oracle,16
proposed_enhanced_d16f,proposed_enhanced,16,60.0,60.0,0.4,1.0,16.666666666666668,False,vehicle.ue4.audi.tt,0.0,0.0,1.2753277910516767,32.96713018419389,27.03286981580611,3.924000000000021,0.0,4.929840089870385,9.064344851678927,3.9240000000000004,True,COLLISION with vehicle.ue4.audi.tt,0.0,0.0,0.0,freeze,latency_comp,21930041,oracle,16
proposed_enhanced_d16f,proposed_enhanced,16,60.0,60.0,0.85,1.5,25.0,False,vehicle.ue4.audi.tt,0.0,0.0,1.040370956767995,36.115144676193914,23.884855323806086,8.338499999999982,0.0,4.986607224846797,10.057867727017856,8.3385,True,COLLISION with vehicle.ue4.audi.tt,0.0,0.0,0.0,freeze,latency_comp,21930042,oracle,16
proposed_enhanced_d16f,proposed_enhanced,16,60.0,60.0,0.4,1.5,25.0,False,vehicle.ue4.audi.tt,0.0,0.0,2.5033208609853848,42.09510078511521,17.904899214884793,3.924000000000021,0.0,4.973655713048756,5.847296398554272,3.9240000000000004,True,COLLISION with vehicle.ue4.audi.tt,0.0,0.0,0.0,freeze,latency_comp,21930043,oracle,16
proposed_enhanced_d16f,proposed_enhanced,16,60.0,60.0,0.85,2.0,33.333333333333336,False,,0.0,0.0,0.9247844099735577,60.0,0.0,3.3354000497013203,0.0,8.492301942167385,10.014932874406814,8.3385,True,NO BRAKE / passed,0.0,0.0,0.0,freeze,latency_comp,21930044,oracle,16
proposed_enhanced_d16f,proposed_enhanced,16,60.0,60.0,0.4,2.0,33.333333333333336,False,,0.0,0.0,3.499950800074246,60.0,0.0,3.9239999999999853,0.0,8.309589504323359,4.427301854336194,3.9240000000000004,True,NO BRAKE / passed,0.0,0.0,0.0,freeze,latency_comp,21930045,oracle,16
proposed_enhanced_d16f,proposed_enhanced,16,60.0,60.0,0.85,2.5,41.66666666666667,False,,0.0,0.0,0.828329889029021,60.0,0.0,3.3354000497013203,0.0,16.874702455020323,10.002823158336515,8.3385,True,NO BRAKE / passed,0.0,0.0,0.0,freeze,latency_comp,21930046,oracle,16
proposed_enhanced_d16f,proposed_enhanced,16,60.0,60.0,0.4,2.5,41.66666666666667,False,,0.0,0.0,4.385353901021818,60.0,0.0,3.9239999999999853,0.0,16.458431244172786,3.5636627552319773,3.9240000000000004,True,NO BRAKE / passed,0.0,0.0,0.0,freeze,latency_comp,21930047,oracle,16
proposed_enhanced_d16f,proposed_enhanced,16,60.0,60.0,0.85,3.0,50.0,False,,0.0,0.0,0.0,60.0,0.0,0.0,0.0,25.175376893322685,0.0,8.3385,True,NO BRAKE / passed,0.0,0.0,0.0,freeze,latency_comp,21930048,oracle,16
proposed_enhanced_d16f,proposed_enhanced,16,60.0,60.0,0.4,3.0,50.0,False,,0.0,0.0,4.4209675023922275,60.0,0.0,1.5696000233888796,0.0,24.77054596125687,3.14983854514096,3.9240000000000004,True,NO BRAKE / passed,0.0,0.0,0.0,freeze,latency_comp,21930049,oracle,16
enhanced_predictive_d0f,enhanced_predictive,0,20.0,20.0,0.85,1.0,5.555555555555555,False,vehicle.ue4.audi.tt,0.0,0.0,0.6471768661997551,12.853515888292925,7.146484111707075,8.3385,0.0,4.898595811398653,5.379311396698433,8.3385,True,COLLISION with vehicle.ue4.audi.tt,0.0,0.0,0.0,freeze,latency_comp,23330000,oracle,0
enhanced_predictive_d0f,enhanced_predictive,0,20.0,20.0,0.4,1.0,5.555555555555555,False,vehicle.ue4.audi.tt,0.0,0.0,1.027180161973942,10.052963990272419,9.947036009727581,3.924000000000003,0.0,4.898561490335623,3.8561031592528154,3.9240000000000004,True,COLLISION with vehicle.ue4.audi.tt,0.0,0.0,0.0,freeze,latency_comp,23330001,oracle,0
enhanced_predictive_d0f,enhanced_predictive,0,20.0,20.0,0.85,1.5,8.333333333333332,False,vehicle.ue4.audi.tt,0.0,8.747900989638335,0.763968767644508,18.40271108096782,1.5972889190321817,8.3385,0.0,4.892934809223656,5.126813767198609,8.3385,True,COLLISION with vehicle.ue4.audi.tt,0.0,0.0,0.0,freeze,latency_comp,23330002,oracle,0
enhanced_predictive_d0f,enhanced_predictive,0,20.0,20.0,0.4,1.5,8.333333333333332,True,,0.36039162570407246,4.333562408930642,3.2878006473730355,20.0,0.0,3.924000000000003,4.475374221801758,5.128196725191456,2.7077764563321014,3.9240000000000004,True,AVOIDED,0.0,0.0,0.0,freeze,latency_comp,23330003,oracle,0
enhanced_predictive_d0f,enhanced_predictive,0,20.0,20.0,0.85,2.0,11.11111111111111,False,vehicle.ue4.audi.tt,0.0,8.579298649367136,0.5314333532093125,19.092192044909073,0.9078079550909274,8.3385,0.0,4.891550064396961,5.162627905783898,8.3385,True,COLLISION with vehicle.ue4.audi.tt,0.0,0.0,0.0,freeze,latency_comp,23330004,oracle,0
enhanced_predictive_d0f,enhanced_predictive,0,20.0,20.0,0.4,2.0,11.11111111111111,True,,0.23027039610579436,3.4811560438182867,2.0627964482367553,20.0,0.0,3.924000000000003,6.005826950073242,4.9981212719602865,2.400623323390641,3.9240000000000004,True,AVOIDED,0.0,0.0,0.0,freeze,latency_comp,23330005,oracle,0
enhanced_predictive_d0f,enhanced_predictive,0,20.0,20.0,0.85,2.5,13.88888888888889,True,,0.14384079059568666,8.554016678348559,0.5362577205256541,20.0,0.0,8.3385,2.8138370513916016,4.91147804342501,5.116556625615377,8.3385,True,AVOIDED,0.0,0.0,0.0,freeze,latency_comp,23330006,oracle,0
enhanced_predictive_d0f,enhanced_predictive,0,20.0,20.0,0.4,2.5,13.88888888888889,True,,0.25819981049509,3.4822714254592206,1.135489605829364,20.0,0.0,3.924000000000003,6.00452995300293,5.026050686349582,2.4163623690086666,3.9240000000000004,True,AVOIDED,0.0,0.0,0.0,freeze,latency_comp,23330007,oracle,0
enhanced_predictive_d0f,enhanced_predictive,0,20.0,20.0,0.85,3.0,16.666666666666664,True,,0.16598513442296436,8.553987968343948,0.5402700870624839,20.0,0.0,8.3385,2.813844680786133,4.933622387356617,5.078505333963074,8.3385,True,AVOIDED,0.0,0.0,0.0,freeze,latency_comp,23330008,oracle,0
enhanced_predictive_d0f,enhanced_predictive,0,20.0,20.0,0.4,3.0,16.666666666666664,True,,0.28067399282851824,3.4824260656651744,1.139573924017096,20.0,0.0,3.924000000000003,6.004188537597656,5.04852486868301,2.407787586860677,3.9240000000000004,True,AVOIDED,0.0,0.0,0.0,freeze,latency_comp,23330009,oracle,0
enhanced_predictive_d0f,enhanced_predictive,0,30.0,30.0,0.85,1.0,8.333333333333334,True,,0.3387184219646695,8.776374924336977,1.4913584999013962,30.0,0.0,8.3385,5.465799331665039,5.106561670259699,5.527246761241946,8.3385,True,AVOIDED,0.0,0.0,0.0,freeze,latency_comp,23330010,oracle,0
enhanced_predictive_d0f,enhanced_predictive,0,30.0,30.0,0.4,1.0,8.333333333333334,False,vehicle.ue4.audi.tt,0.0,0.0,4.9528214313640655,24.014697579073776,5.985302420926226,3.924000000000003,0.0,4.906347285972629,3.0257385914018777,3.9240000000000004,True,COLLISION with vehicle.ue4.audi.tt,0.0,0.0,0.0,freeze,latency_comp,23330011,oracle,0
enhanced_predictive_d0f,enhanced_predictive,0,30.0,30.0,0.85,1.5,12.5,True,,0.38725104666590937,8.359689398119565,1.1946598123514136,30.0,0.0,8.3385,6.274269104003906,5.154848245557473,5.105013915470057,8.3385,True,AVOIDED,0.0,0.0,0.0,freeze,latency_comp,23330012,oracle,0
enhanced_predictive_d0f,enhanced_predictive,0,30.0,30.0,0.4,1.5,12.5,True,,0.8767453695234302,4.0628730741844175,7.039928856539185,30.0,0.0,3.924000000000003,10.333917617797852,5.644460823953505,2.605715723502676,3.9240000000000004,True,AVOIDED,0.0,0.0,0.0,freeze,latency_comp,23330013,oracle,0
enhanced_predictive_d0f,enhanced_predictive,0,30.0,30.0,0.85,2.0,16.666666666666668,True,,0.23279767067777346,7.780864668668057,0.8262377116512014,30.0,0.0,8.3385,6.460597991943359,5.000648546532266,5.108425233623513,8.3385,True,AVOIDED,0.0,0.0,0.0,freeze,latency_comp,23330014,oracle,0
enhanced_predictive_d0f,enhanced_predictive,0,30.0,30.0,0.4,2.0,16.666666666666668,True,,0.6561069521477272,3.6239197408958055,5.406214663990653,30.0,0.0,3.924000000000003,13.482925415039062,5.423824313598004,2.354910280474239,3.9240000000000004,True,AVOIDED,0.0,0.0,0.0,freeze,latency_comp,23330015,oracle,0
enhanced_predictive_d0f,enhanced_predictive,0,30.0,30.0,0.85,2.5,20.833333333333336,True,,0.2648029558516498,7.780869947502465,0.8127615046510833,30.0,0.0,8.3385,6.460596084594727,5.032653831706142,5.084197525527865,8.3385,True,AVOIDED,0.0,0.0,0.0,freeze,latency_comp,23330016,oracle,0
enhanced_predictive_d0f,enhanced_predictive,0,30.0,30.0,0.4,2.5,20.833333333333336,True,,0.6881313327256509,3.623918595807379,2.4527353006508,30.0,0.0,3.924000000000003,13.482927322387695,5.455848694178474,2.4066832729938303,3.9240000000000004,True,AVOIDED,0.0,0.0,0.0,freeze,latency_comp,23330017,oracle,0
enhanced_predictive_d0f,enhanced_predictive,0,30.0,30.0,0.85,3.0,25.0,True,,0.29419141127554926,7.780869947502465,0.8163194591760159,30.0,0.0,8.3385,6.460597991943359,5.0620422871300415,5.062084572133394,8.3385,True,AVOIDED,0.0,0.0,0.0,freeze,latency_comp,23330018,oracle,0
enhanced_predictive_d0f,enhanced_predictive,0,30.0,30.0,0.4,3.0,25.0,True,,0.5253506047229184,3.505575885472131,1.71781762276468,30.0,0.0,3.924000000000003,13.675098419189453,5.293201480577411,2.4079269064192053,3.9240000000000004,True,AVOIDED,0.0,0.0,0.0,freeze,latency_comp,23330019,oracle,0
enhanced_predictive_d0f,enhanced_predictive,0,40.0,40.0,0.85,1.0,11.11111111111111,True,,0.5030083500627951,8.773324390796875,2.692657534160436,40.0,0.0,8.338500000000018,10.836496353149414,5.270611272618607,5.06810458044935,8.3385,True,AVOIDED,0.0,0.0,0.0,freeze,latency_comp,23330020,oracle,0
enhanced_predictive_d0f,enhanced_predictive,0,40.0,40.0,0.4,1.0,11.11111111111111,False,vehicle.ue4.audi.tt,0.0,0.0,8.431018850202848,32.405790887485395,7.594209112514604,3.924000000000003,0.0,4.905776983938589,2.9880569700825594,3.9240000000000004,True,COLLISION with vehicle.ue4.audi.tt,0.0,0.0,0.0,freeze,latency_comp,23330021,oracle,0
enhanced_predictive_d0f,enhanced_predictive,0,40.0,40.0,0.85,1.5,16.666666666666664,True,,0.5761935207546047,7.8698251675568525,1.8025247211739661,40.0,0.0,8.338500000000018,11.353862762451172,5.343777362315518,5.088887378132945,8.3385,True,AVOIDED,0.0,0.0,0.0,freeze,latency_comp,23330022,oracle,0
enhanced_predictive_d0f,enhanced_predictive,0,40.0,40.0,0.4,1.5,16.666666666666664,True,,1.4904270212504018,4.102447160543259,10.767244843514392,40.0,0.0,3.924000000000003,17.061918258666992,6.258140567986307,2.772708082814638,3.9240000000000004,True,AVOIDED,0.0,0.0,0.0,freeze,latency_comp,23330023,oracle,0
enhanced_predictive_d0f,enhanced_predictive,0,40.0,40.0,0.85,2.0,22.22222222222222,True,,0.6144828647136267,7.869828205186927,1.3226811405982255,40.0,0.0,8.338500000000018,11.353860855102539,5.382066703852514,5.07331159838516,8.3385,True,AVOIDED,0.0,0.0,0.0,freeze,latency_comp,23330024,oracle,0
enhanced_predictive_d0f,enhanced_predictive,0,40.0,40.0,0.4,2.0,22.22222222222222,True,,1.2000484481169398,4.155098673313346,11.630982374266992,40.0,0.0,3.924000000000003,22.355558395385742,5.967899323971432,2.3924182958008458,3.9240000000000004,True,AVOIDED,0.0,0.0,0.0,freeze,latency_comp,23330025,oracle,0
enhanced_predictive_d0f,enhanced_predictive,0,40.0,40.0,0.85,2.5,27.77777777777778,True,,0.6533587054483814,7.86983428045411,1.0887917497618929,40.0,0.0,8.338500000000018,11.35385513305664,5.420942542028935,5.072571981346971,8.3385,True,AVOIDED,0.0,0.0,0.0,freeze,latency_comp,23330026,oracle,0
enhanced_predictive_d0f,enhanced_predictive,0,40.0,40.0,0.4,2.5,27.77777777777778,True,,1.050806242676945,3.606014861589962,5.482309516429624,40.0,0.0,3.924000000000003,24.202226638793945,5.818519789248377,2.4035816946748283,3.9240000000000004,True,AVOIDED,0.0,0.0,0.0,freeze,latency_comp,23330027,oracle,0
enhanced_predictive_d0f,enhanced_predictive,0,40.0,40.0,0.85,3.0,33.33333333333333,True,,0.4395047039162101,7.468276649157195,1.0919185986076827,40.0,0.0,8.3385,11.602493286132812,5.207355579770702,5.057943462688225,8.3385,True,AVOIDED,0.0,0.0,0.0,freeze,latency_comp,23330028,oracle,0
enhanced_predictive_d0f,enhanced_predictive,0,40.0,40.0,0.4,3.0,33.33333333333333,True,,1.127241732743844,3.445246854897612,3.462446767008977,40.0,0.0,3.924000000000003,24.714298248291016,5.895077349810822,2.354953719344767,3.9240000000000004,True,AVOIDED,0.0,0.0,0.0,freeze,latency_comp,23330029,oracle,0
enhanced_predictive_d0f,enhanced_predictive,0,50.0,50.0,0.85,1.0,13.88888888888889,True,,0.8584386354391338,8.60801632929169,3.86339005375091,50.0,0.0,8.338500000000018,16.95696258544922,5.626121665157446,5.059716746881487,8.3385,True,AVOIDED,0.0,0.0,0.0,freeze,latency_comp,23330030,oracle,0
enhanced_predictive_d0f,enhanced_predictive,0,50.0,50.0,0.4,1.0,13.88888888888889,False,vehicle.ue4.audi.tt,0.0,0.0,12.090469770811548,40.038301899653966,9.961698100346032,3.924000000000003,0.0,4.9100193805634404,3.060013661557994,3.9240000000000004,True,COLLISION with vehicle.ue4.audi.tt,0.0,0.0,0.0,freeze,latency_comp,23330031,oracle,0
enhanced_predictive_d0f,enhanced_predictive,0,50.0,50.0,0.85,1.5,20.833333333333336,True,,0.939524032805175,7.887537014781814,2.495463597108241,50.0,0.0,8.338500000000018,17.609840393066406,5.707126949843713,5.137411953157986,8.3385,True,AVOIDED,0.0,0.0,0.0,freeze,latency_comp,23330032,oracle,0
enhanced_predictive_d0f,enhanced_predictive,0,50.0,50.0,0.4,1.5,20.833333333333336,True,,1.7210312476202283,4.043936227498041,20.88953445192476,50.0,0.0,3.924000000000003,25.797504425048828,6.4888821234747205,2.5044600698531863,3.9240000000000004,True,AVOIDED,0.0,0.0,0.0,freeze,latency_comp,23330033,oracle,0
enhanced_predictive_d0f,enhanced_predictive,0,50.0,50.0,0.85,2.0,27.77777777777778,True,,0.9800932926783519,7.887537014781814,1.8750877715917242,50.0,0.0,8.3385,17.609840393066406,5.747696210048844,5.119825793862402,8.3385,True,AVOIDED,0.0,0.0,0.0,freeze,latency_comp,23330034,oracle,0
enhanced_predictive_d0f,enhanced_predictive,0,50.0,50.0,0.4,2.0,27.77777777777778,True,,2.244193507871845,4.044263242493696,20.24694054632457,50.0,0.0,3.924000000000003,31.530807495117188,7.012044383726337,2.4338772825315904,3.9240000000000004,True,AVOIDED,0.0,0.0,0.0,freeze,latency_comp,23330035,oracle,0
enhanced_predictive_d0f,enhanced_predictive,0,50.0,50.0,0.85,2.5,34.72222222222222,True,,0.7049213427061334,7.556610402705241,1.4922864416326875,50.0,0.0,8.338500000000018,17.930797576904297,5.472596742713541,5.106136741608403,8.3385,True,AVOIDED,0.0,0.0,0.0,freeze,latency_comp,23330036,oracle,0
enhanced_predictive_d0f,enhanced_predictive,0,50.0,50.0,0.4,2.5,34.72222222222222,True,,1.5802311819736818,3.8292706230436453,13.06381489978681,50.0,0.0,3.924000000000003,37.07072448730469,6.347948549448973,2.401690740866674,3.9240000000000004,True,AVOIDED,0.0,0.0,0.0,freeze,latency_comp,23330037,oracle,0
enhanced_predictive_d0f,enhanced_predictive,0,50.0,50.0,0.85,3.0,41.66666666666667,False,,0.0,0.0,1.3531075454744064,50.0,0.0,8.338500000000018,0.0,11.480786285804475,5.101627635267165,8.3385,True,NO BRAKE / passed,0.0,0.0,0.0,freeze,latency_comp,23330038,oracle,0
enhanced_predictive_d0f,enhanced_predictive,0,50.0,50.0,0.4,3.0,41.66666666666667,False,,0.0,0.0,6.736072333349342,50.0,0.0,3.924000000000003,0.0,11.416171669923472,2.3779319813894504,3.9240000000000004,True,NO BRAKE / passed,0.0,0.0,0.0,freeze,latency_comp,23330039,oracle,0
enhanced_predictive_d0f,enhanced_predictive,0,60.0,60.0,0.85,1.0,16.666666666666668,True,,1.133745196783174,8.853525974925764,5.014598163561872,60.0,0.0,8.3385,24.04142189025879,5.901424411260809,5.170435827998376,8.3385,True,AVOIDED,0.0,0.0,0.0,freeze,latency_comp,23330040,oracle,0
enhanced_predictive_d0f,enhanced_predictive,0,60.0,60.0,0.4,1.0,16.666666666666668,False,vehicle.ue4.audi.tt,0.0,0.0,15.172868847843377,47.336875595064356,12.663124404935644,3.924000000000021,0.0,4.914605376059551,3.158024112356161,3.9240000000000004,True,COLLISION with vehicle.ue4.audi.tt,0.0,0.0,0.0,freeze,latency_comp,23330041,oracle,0
enhanced_predictive_d0f,enhanced_predictive,0,60.0,60.0,0.85,1.5,25.0,True,,1.2646358050096431,7.660055643069512,3.434464607524483,60.0,0.0,8.3385,25.618444442749023,6.032238720342709,5.130475650487677,8.3385,True,AVOIDED,0.0,0.0,0.0,freeze,latency_comp,23330042,oracle,0
enhanced_predictive_d0f,enhanced_predictive,0,60.0,60.0,0.4,1.5,25.0,True,,1.0019528243140607,3.9637762115709787,25.851985469291943,60.0,0.0,3.924000000000021,35.82144355773926,5.769803700168553,2.6500126442433465,3.9240000000000004,True,AVOIDED,0.0,0.0,0.0,freeze,latency_comp,23330043,oracle,0
enhanced_predictive_d0f,enhanced_predictive,0,60.0,60.0,0.85,2.0,33.333333333333336,False,,0.0,0.0,2.559036087672698,60.0,0.0,8.3385,0.0,8.549518586281378,5.099229681011995,8.3385,True,NO BRAKE / passed,0.0,0.0,0.0,freeze,latency_comp,23330044,oracle,0
enhanced_predictive_d0f,enhanced_predictive,0,60.0,60.0,0.4,2.0,33.333333333333336,False,,0.0,0.0,24.885423623084712,60.0,0.0,3.924000000000003,0.0,8.484893561972706,2.6461654613091667,3.9240000000000004,True,NO BRAKE / passed,0.0,0.0,0.0,freeze,latency_comp,23330045,oracle,0
enhanced_predictive_d0f,enhanced_predictive,0,60.0,60.0,0.85,2.5,41.66666666666667,False,,0.0,0.0,2.069420174107407,60.0,0.0,3.3354000497013203,0.0,16.37025833304196,5.084939954542317,8.3385,True,NO BRAKE / passed,0.0,0.0,0.0,freeze,latency_comp,23330046,oracle,0
enhanced_predictive_d0f,enhanced_predictive,0,60.0,60.0,0.4,2.5,41.66666666666667,False,,0.0,0.0,23.707574942477038,60.0,0.0,3.9239999999999853,0.0,16.70346070239973,2.45039335977478,3.9240000000000004,True,NO BRAKE / passed,0.0,0.0,0.0,freeze,latency_comp,23330047,oracle,0
enhanced_predictive_d0f,enhanced_predictive,0,60.0,60.0,0.85,3.0,50.0,False,,0.0,0.0,1.716136131151897,60.0,0.0,3.3354000497013203,0.0,24.76255798480751,5.076422321911266,8.3385,True,NO BRAKE / passed,0.0,0.0,0.0,freeze,latency_comp,23330048,oracle,0
enhanced_predictive_d0f,enhanced_predictive,0,60.0,60.0,0.4,3.0,50.0,False,,0.0,0.0,14.498573094392802,60.0,0.0,3.9239999999999853,0.0,24.879261143057743,2.397880462972209,3.9240000000000004,True,NO BRAKE / passed,0.0,0.0,0.0,freeze,latency_comp,23330049,oracle,0
enhanced_predictive_d4f,enhanced_predictive,4,20.0,20.0,0.85,1.0,5.555555555555555,False,vehicle.ue4.audi.tt,0.0,0.0,0.19936290766111397,7.56400537993197,12.43599462006803,8.3385,0.0,4.901296615741706,10.989080837156738,8.3385,True,COLLISION with vehicle.ue4.audi.tt,0.0,0.0,0.0,freeze,latency_comp,23370000,oracle,4
enhanced_predictive_d4f,enhanced_predictive,4,20.0,20.0,0.4,1.0,5.555555555555555,False,vehicle.ue4.audi.tt,0.0,0.0,0.2996117166687181,6.927760781302002,13.072239218697998,3.924000000000003,0.0,4.906808864308535,8.695745682858139,3.9240000000000004,True,COLLISION with vehicle.ue4.audi.tt,0.0,0.0,0.0,freeze,latency_comp,23370001,oracle,4
enhanced_predictive_d4f,enhanced_predictive,4,20.0,20.0,0.85,1.5,8.333333333333332,True,,0.21319961947593935,10.050069391729732,0.650719274983562,20.0,0.0,8.3385,2.4191646575927734,4.9810504953304315,5.670789083163107,8.3385,True,AVOIDED,0.0,0.0,0.0,freeze,latency_comp,23370002,oracle,4
enhanced_predictive_d4f,enhanced_predictive,4,20.0,20.0,0.4,1.5,8.333333333333332,False,vehicle.ue4.audi.tt,0.0,4.457639972928761,1.5241210236795302,18.05292716950635,1.9470728304936498,3.924000000000003,0.0,4.8937015636645675,3.6433767610283385,3.9240000000000004,True,COLLISION with vehicle.ue4.audi.tt,0.0,0.0,0.0,freeze,latency_comp,23370003,oracle,4
enhanced_predictive_d4f,enhanced_predictive,4,20.0,20.0,0.85,2.0,11.11111111111111,True,,0.24158668554096252,9.603182527915047,0.5314333532093125,20.0,0.0,8.3385,2.6897315979003906,5.0092201236484755,5.162627905783898,8.3385,True,AVOIDED,0.0,0.0,0.0,freeze,latency_comp,23370004,oracle,4
enhanced_predictive_d4f,enhanced_predictive,4,20.0,20.0,0.4,2.0,11.11111111111111,True,,0.48051072087826796,4.260243018989596,1.8040297842590267,20.0,0.0,3.924000000000003,5.480390548706055,5.24836159673276,2.516556605022564,3.9240000000000004,True,AVOIDED,0.0,0.0,0.0,freeze,latency_comp,23370005,oracle,4
enhanced_predictive_d4f,enhanced_predictive,4,20.0,20.0,0.85,2.5,13.88888888888889,True,,0.2681293491247505,9.604593938381381,0.5362577205256541,20.0,0.0,8.3385,2.6895484924316406,5.035799027456605,5.116556625615377,8.3385,True,AVOIDED,0.0,0.0,0.0,freeze,latency_comp,23370006,oracle,4
enhanced_predictive_d4f,enhanced_predictive,4,20.0,20.0,0.4,2.5,13.88888888888889,True,,0.25819981049509,3.4822714254592206,1.135489605829364,20.0,0.0,3.924000000000003,6.00452995300293,5.026050686349582,2.4163623690086666,3.9240000000000004,True,AVOIDED,0.0,0.0,0.0,freeze,latency_comp,23370007,oracle,4
enhanced_predictive_d4f,enhanced_predictive,4,20.0,20.0,0.85,3.0,16.666666666666664,True,,0.29029276338995036,9.604557743186865,0.5402700870624839,20.0,0.0,8.3385,2.689556121826172,5.057962444898462,5.078505333963074,8.3385,True,AVOIDED,0.0,0.0,0.0,freeze,latency_comp,23370008,oracle,4
enhanced_predictive_d4f,enhanced_predictive,4,20.0,20.0,0.4,3.0,16.666666666666664,True,,0.28067399282851824,3.4824260656651744,1.139573924017096,20.0,0.0,3.924000000000003,6.004188537597656,5.04852486868301,2.407787586860677,3.9240000000000004,True,AVOIDED,0.0,0.0,0.0,freeze,latency_comp,23370009,oracle,4
enhanced_predictive_d4f,enhanced_predictive,4,30.0,30.0,0.85,1.0,8.333333333333334,True,,0.16886713368550854,9.768054693202442,1.0280961210744484,30.0,0.0,8.3385,4.808200836181641,4.936718009540001,6.662918387231646,8.3385,True,AVOIDED,0.0,0.0,0.0,freeze,latency_comp,23370010,oracle,4
enhanced_predictive_d4f,enhanced_predictive,4,30.0,30.0,0.4,1.0,8.333333333333334,False,vehicle.ue4.audi.tt,0.0,0.0,1.4965137535196515,21.02658167054847,8.97341832945153,3.924000000000003,0.0,4.907575608957447,5.529156961112872,3.9240000000000004,True,COLLISION with vehicle.ue4.audi.tt,0.0,0.0,0.0,freeze,latency_comp,23370011,oracle,4
enhanced_predictive_d4f,enhanced_predictive,4,30.0,30.0,0.85,1.5,12.5,True,,0.38725104666590937,8.359689398119565,1.1946598123514136,30.0,0.0,8.3385,6.274269104003906,5.154848245557473,5.105013915470057,8.3385,True,AVOIDED,0.0,0.0,0.0,freeze,latency_comp,23370012,oracle,4
enhanced_predictive_d4f,enhanced_predictive,4,30.0,30.0,0.4,1.5,12.5,True,,0.5653171559201793,4.154111570030906,3.450939345653282,30.0,0.0,3.924000000000003,9.404582977294922,5.3331680317746715,3.3034026102325114,3.9240000000000004,True,AVOIDED,0.0,0.0,0.0,freeze,latency_comp,23370013,oracle,4
enhanced_predictive_d4f,enhanced_predictive,4,30.0,30.0,0.85,2.0,16.666666666666668,True,,0.4191456265755109,8.359689398119565,0.8262377116512014,30.0,0.0,8.3385,6.274269104003906,5.186740917959736,5.108425233623513,8.3385,True,AVOIDED,0.0,0.0,0.0,freeze,latency_comp,23370014,oracle,4
enhanced_predictive_d4f,enhanced_predictive,4,30.0,30.0,0.4,2.0,16.666666666666668,True,,0.6161403682467235,4.153947568581715,3.9691709809719264,30.0,0.0,3.924000000000003,12.695444107055664,5.383991244101216,2.539262294342469,3.9240000000000004,True,AVOIDED,0.0,0.0,0.0,freeze,latency_comp,23370015,oracle,4
enhanced_predictive_d4f,enhanced_predictive,4,30.0,30.0,0.85,2.5,20.833333333333336,True,,0.4511356548702157,8.359683304687305,0.8127615046510833,30.0,0.0,8.3385,6.274271011352539,5.21873476089203,5.084197525527865,8.3385,True,AVOIDED,0.0,0.0,0.0,freeze,latency_comp,23370016,oracle,4
enhanced_predictive_d4f,enhanced_predictive,4,30.0,30.0,0.4,2.5,20.833333333333336,True,,0.6881313327256509,3.623918595807379,2.4527353006508,30.0,0.0,3.924000000000003,13.482927322387695,5.455848694178474,2.4066832729938303,3.9240000000000004,True,AVOIDED,0.0,0.0,0.0,freeze,latency_comp,23370017,oracle,4
enhanced_predictive_d4f,enhanced_predictive,4,30.0,30.0,0.85,3.0,25.0,True,,0.4805203016362567,8.359683304687305,0.8163194591760159,30.0,0.0,8.3385,6.274269104003906,5.248119407134754,5.062084572133394,8.3385,True,AVOIDED,0.0,0.0,0.0,freeze,latency_comp,23370018,oracle,4
enhanced_predictive_d4f,enhanced_predictive,4,30.0,30.0,0.4,3.0,25.0,True,,0.7175236069282649,3.6239197408958055,1.71781762276468,30.0,0.0,3.924000000000003,13.482925415039062,5.485240968508338,2.4079269064192053,3.9240000000000004,True,AVOIDED,0.0,0.0,0.0,freeze,latency_comp,23370019,oracle,4
enhanced_predictive_d4f,enhanced_predictive,4,40.0,40.0,0.85,1.0,11.11111111111111,True,,0.7827721591200802,8.775019755663388,1.938907143200242,40.0,0.0,8.3385,9.452787399291992,5.55040941377628,5.798147756518162,8.3385,True,AVOIDED,0.0,0.0,0.0,freeze,latency_comp,23370020,oracle,4
enhanced_predictive_d4f,enhanced_predictive,4,40.0,40.0,0.4,1.0,11.11111111111111,False,vehicle.ue4.audi.tt,0.0,0.0,2.6940764304711227,29.252947115416234,10.747052884583766,3.924000000000003,0.0,4.910789505732871,5.068426302007576,3.9240000000000004,True,COLLISION with vehicle.ue4.audi.tt,0.0,0.0,0.0,freeze,latency_comp,23370021,oracle,4
enhanced_predictive_d4f,enhanced_predictive,4,40.0,40.0,0.85,1.5,16.666666666666664,True,,0.5761935207546047,7.8698251675568525,1.8025247211739661,40.0,0.0,8.338500000000018,11.353862762451172,5.343777362315518,5.088887378132945,8.3385,True,AVOIDED,0.0,0.0,0.0,freeze,latency_comp,23370022,oracle,4
enhanced_predictive_d4f,enhanced_predictive,4,40.0,40.0,0.4,1.5,16.666666666666664,True,,0.46426200933243233,4.155097826540072,5.206458213209386,40.0,0.0,3.924000000000003,16.431528091430664,5.2321128851869245,3.4658768235775166,3.9240000000000004,True,AVOIDED,0.0,0.0,0.0,freeze,latency_comp,23370023,oracle,4
enhanced_predictive_d4f,enhanced_predictive,4,40.0,40.0,0.85,2.0,22.22222222222222,True,,0.6144828647136267,7.869828205186927,1.3226811405982255,40.0,0.0,8.338500000000018,11.353860855102539,5.382066703852514,5.07331159838516,8.3385,True,AVOIDED,0.0,0.0,0.0,freeze,latency_comp,23370024,oracle,4
enhanced_predictive_d4f,enhanced_predictive,4,40.0,40.0,0.4,2.0,22.22222222222222,True,,1.2288723602780012,4.068650855891852,6.639360841597458,40.0,0.0,3.924000000000003,20.671459197998047,5.996692718554679,2.7289391403022547,3.9240000000000004,True,AVOIDED,0.0,0.0,0.0,freeze,latency_comp,23370025,oracle,4
enhanced_predictive_d4f,enhanced_predictive,4,40.0,40.0,0.85,2.5,27.77777777777778,True,,0.6533587054483814,7.86983428045411,1.0887917497618929,40.0,0.0,8.338500000000018,11.35385513305664,5.420942542028935,5.072571981346971,8.3385,True,AVOIDED,0.0,0.0,0.0,freeze,latency_comp,23370026,oracle,4
enhanced_predictive_d4f,enhanced_predictive,4,40.0,40.0,0.4,2.5,27.77777777777778,True,,1.050806242676945,3.606014861589962,5.482309516429624,40.0,0.0,3.924000000000003,24.202226638793945,5.818519789248377,2.4035816946748283,3.9240000000000004,True,AVOIDED,0.0,0.0,0.0,freeze,latency_comp,23370027,oracle,4
enhanced_predictive_d4f,enhanced_predictive,4,40.0,40.0,0.85,3.0,33.33333333333333,True,,0.6881429854479881,7.869840355730673,1.0919185986076827,40.0,0.0,8.338500000000018,11.35384750366211,5.455726819812144,5.057943462688225,8.3385,True,AVOIDED,0.0,0.0,0.0,freeze,latency_comp,23370028,oracle,4
enhanced_predictive_d4f,enhanced_predictive,4,40.0,40.0,0.4,3.0,33.33333333333333,True,,1.127241732743844,3.445246854897612,3.462446767008977,40.0,0.0,3.924000000000003,24.714298248291016,5.895077349810822,2.354953719344767,3.9240000000000004,True,AVOIDED,0.0,0.0,0.0,freeze,latency_comp,23370029,oracle,4
enhanced_predictive_d4f,enhanced_predictive,4,50.0,50.0,0.85,1.0,13.88888888888889,True,,1.2331487153501408,8.731047913330707,2.4696479338704793,50.0,0.0,8.3385,14.51156997680664,6.00083174468371,5.975116434968362,8.3385,True,AVOIDED,0.0,0.0,0.0,freeze,latency_comp,23370030,oracle,4
enhanced_predictive_d4f,enhanced_predictive,4,50.0,50.0,0.4,1.0,13.88888888888889,False,vehicle.ue4.audi.tt,0.0,0.0,3.8683210056297717,36.7693794580655,13.230620541934503,3.924000000000003,0.0,4.898641787792224,5.061519931779933,3.9240000000000004,True,COLLISION with vehicle.ue4.audi.tt,0.0,0.0,0.0,freeze,latency_comp,23370031,oracle,4
enhanced_predictive_d4f,enhanced_predictive,4,50.0,50.0,0.85,1.5,20.833333333333336,True,,0.939524032805175,7.887537014781814,2.495463597108241,50.0,0.0,8.338500000000018,17.609840393066406,5.707126949843713,5.137411953157986,8.3385,True,AVOIDED,0.0,0.0,0.0,freeze,latency_comp,23370032,oracle,4
enhanced_predictive_d4f,enhanced_predictive,4,50.0,50.0,0.4,1.5,20.833333333333336,False,vehicle.ue4.audi.tt,0.0,4.128030984650425,6.967486007613299,46.626337380538246,3.373662619461751,3.924000000000003,0.0,4.893229505321534,3.6978574229587564,3.9240000000000004,True,COLLISION with vehicle.ue4.audi.tt,0.0,0.0,0.0,freeze,latency_comp,23370033,oracle,4
enhanced_predictive_d4f,enhanced_predictive,4,50.0,50.0,0.85,2.0,27.77777777777778,True,,0.9800932926783519,7.887537014781814,1.8750877715917242,50.0,0.0,8.3385,17.609840393066406,5.747696210048844,5.119825793862402,8.3385,True,AVOIDED,0.0,0.0,0.0,freeze,latency_comp,23370034,oracle,4
enhanced_predictive_d4f,enhanced_predictive,4,50.0,50.0,0.4,2.0,27.77777777777778,True,,2.473912364881282,4.018136324692322,8.61010853322913,50.0,0.0,3.924000000000003,28.54021453857422,7.241763240735774,3.0129735296000657,3.9240000000000004,True,AVOIDED,0.0,0.0,0.0,freeze,latency_comp,23370035,oracle,4
enhanced_predictive_d4f,enhanced_predictive,4,50.0,50.0,0.85,2.5,34.72222222222222,True,,1.0258745579039994,7.887537014781814,1.4922864416326875,50.0,0.0,8.338500000000018,17.609844207763672,5.7934774716077895,5.106136741608403,8.3385,True,AVOIDED,0.0,0.0,0.0,freeze,latency_comp,23370036,oracle,4
enhanced_predictive_d4f,enhanced_predictive,4,50.0,50.0,0.4,2.5,34.72222222222222,True,,1.8654622908719949,3.966597793513572,9.788237925342138,50.0,0.0,3.924000000000003,35.405046463012695,6.6331796579612226,2.5330853534259465,3.9240000000000004,True,AVOIDED,0.0,0.0,0.0,freeze,latency_comp,23370037,oracle,4
enhanced_predictive_d4f,enhanced_predictive,4,50.0,50.0,0.85,3.0,41.66666666666667,False,,0.0,0.0,1.3531075454744064,50.0,0.0,8.338500000000018,0.0,11.03168588951146,5.101627635267165,8.3385,True,NO BRAKE / passed,0.0,0.0,0.0,freeze,latency_comp,23370038,oracle,4
enhanced_predictive_d4f,enhanced_predictive,4,50.0,50.0,0.4,3.0,41.66666666666667,False,,0.0,0.0,6.736072333349342,50.0,0.0,3.924000000000003,0.0,11.416171669923472,2.3779319813894504,3.9240000000000004,True,NO BRAKE / passed,0.0,0.0,0.0,freeze,latency_comp,23370039,oracle,4
enhanced_predictive_d4f,enhanced_predictive,4,60.0,60.0,0.85,1.0,16.666666666666668,True,,1.6054821040707346,8.959986000021875,3.2142639027585567,60.0,0.0,8.3385,21.0845947265625,6.37315750385108,6.0007065519977125,8.3385,True,AVOIDED,0.0,0.0,0.0,freeze,latency_comp,23370040,oracle,4
enhanced_predictive_d4f,enhanced_predictive,4,60.0,60.0,0.4,1.0,16.666666666666668,False,vehicle.ue4.audi.tt,0.0,0.0,4.954046496534788,43.60918004471564,16.390819955284357,3.924000000000021,0.0,4.91363952471694,5.170352956634742,3.9240000000000004,True,COLLISION with vehicle.ue4.audi.tt,0.0,0.0,0.0,freeze,latency_comp,23370041,oracle,4
enhanced_predictive_d4f,enhanced_predictive,4,60.0,60.0,0.85,1.5,25.0,True,,1.2646358050096431,7.660055643069512,3.434464607524483,60.0,0.0,8.3385,25.618444442749023,6.032238720342709,5.130475650487677,8.3385,True,AVOIDED,0.0,0.0,0.0,freeze,latency_comp,23370042,oracle,4
enhanced_predictive_d4f,enhanced_predictive,4,60.0,60.0,0.4,1.5,25.0,False,vehicle.ue4.audi.tt,0.0,0.0,8.544558610592425,53.02016598262716,6.979834017372836,3.924000000000021,0.0,4.91839510970268,3.9353385606129008,3.9240000000000004,True,COLLISION with vehicle.ue4.audi.tt,0.0,0.0,0.0,freeze,latency_comp,23370043,oracle,4
enhanced_predictive_d4f,enhanced_predictive,4,60.0,60.0,0.85,2.0,33.333333333333336,False,,0.0,0.0,2.559036087672698,60.0,0.0,8.3385,0.0,8.549518586281378,5.099229681011995,8.3385,True,NO BRAKE / passed,0.0,0.0,0.0,freeze,latency_comp,23370044,oracle,4
enhanced_predictive_d4f,enhanced_predictive,4,60.0,60.0,0.4,2.0,33.333333333333336,False,,0.0,3.96377758150744,12.134993511896088,60.0,0.0,3.924000000000003,0.0,8.542246330331526,3.1766141126661007,3.9240000000000004,True,NO BRAKE / passed,0.0,0.0,0.0,freeze,latency_comp,23370045,oracle,4
enhanced_predictive_d4f,enhanced_predictive,4,60.0,60.0,0.85,2.5,41.66666666666667,False,,0.0,0.0,2.069420174107407,60.0,0.0,3.3354000497013203,0.0,16.37025833304196,5.084939954542317,8.3385,True,NO BRAKE / passed,0.0,0.0,0.0,freeze,latency_comp,23370046,oracle,4
enhanced_predictive_d4f,enhanced_predictive,4,60.0,60.0,0.4,2.5,41.66666666666667,False,,0.0,0.0,13.656505113393504,60.0,0.0,3.9239999999999853,0.0,16.52827864592733,2.7393707386969863,3.9240000000000004,True,NO BRAKE / passed,0.0,0.0,0.0,freeze,latency_comp,23370047,oracle,4
enhanced_predictive_d4f,enhanced_predictive,4,60.0,60.0,0.85,3.0,50.0,False,,0.0,0.0,1.716136131151897,60.0,0.0,3.3354000497013203,0.0,24.76255798480751,5.076422321911266,8.3385,True,NO BRAKE / passed,0.0,0.0,0.0,freeze,latency_comp,23370048,oracle,4
enhanced_predictive_d4f,enhanced_predictive,4,60.0,60.0,0.4,3.0,50.0,False,,0.0,0.0,0.0,60.0,0.0,1.5696000233888796,0.0,25.12006300822892,0.0,3.9240000000000004,True,NO BRAKE / passed,0.0,0.0,0.0,freeze,latency_comp,23370049,oracle,4
enhanced_predictive_d8f,enhanced_predictive,8,20.0,20.0,0.85,1.0,5.555555555555555,False,vehicle.ue4.audi.tt,0.0,0.0,0.0,5.713282639162758,14.286717360837242,0.0,0.0,4.9217739122693045,0.0,8.3385,True,COLLISION with vehicle.ue4.audi.tt,0.0,0.0,0.0,freeze,latency_comp,23410000,oracle,8
enhanced_predictive_d8f,enhanced_predictive,8,20.0,20.0,0.4,1.0,5.555555555555555,False,vehicle.ue4.audi.tt,0.0,0.0,0.0,5.715610086983789,14.284389913016211,0.0,0.0,4.9218521202430665,0.0,3.9240000000000004,True,COLLISION with vehicle.ue4.audi.tt,0.0,0.0,0.0,freeze,latency_comp,23410001,oracle,8
enhanced_predictive_d8f,enhanced_predictive,8,20.0,20.0,0.85,1.5,8.333333333333332,True,,0.2246246390247233,10.455457098056376,0.5474117118076436,20.0,0.0,8.3385,2.1320133209228516,4.992376332750413,6.339491809669599,8.3385,True,AVOIDED,0.0,0.0,0.0,freeze,latency_comp,23410002,oracle,8
enhanced_predictive_d8f,enhanced_predictive,8,20.0,20.0,0.4,1.5,8.333333333333332,False,vehicle.ue4.audi.tt,0.0,0.0,0.7637303179399831,14.742308007333182,5.257691992666817,3.924000000000003,0.0,4.909479144379838,5.127695868345429,3.9240000000000004,True,COLLISION with vehicle.ue4.audi.tt,0.0,0.0,0.0,freeze,latency_comp,23410003,oracle,8
enhanced_predictive_d8f,enhanced_predictive,8,20.0,20.0,0.85,2.0,11.11111111111111,True,,0.6501464847981051,9.221609126086737,0.5314333532093125,20.0,0.0,8.3385,2.281187057495117,5.417776108208233,5.162627905783898,8.3385,True,AVOIDED,0.0,0.0,0.0,freeze,latency_comp,23410004,oracle,8
enhanced_predictive_d8f,enhanced_predictive,8,20.0,20.0,0.4,2.0,11.11111111111111,True,,0.4896526428875454,4.05231137975058,1.396079747592526,20.0,0.0,3.924000000000003,4.920440673828125,5.2573680970034715,2.778767749131233,3.9240000000000004,True,AVOIDED,0.0,0.0,0.0,freeze,latency_comp,23410005,oracle,8
enhanced_predictive_d8f,enhanced_predictive,8,20.0,20.0,0.85,2.5,13.88888888888889,True,,0.3860187540952644,10.888895534943291,0.5337408271656966,20.0,0.0,8.3385,2.5577774047851562,5.153648377518013,5.140684117618064,8.3385,True,AVOIDED,0.0,0.0,0.0,freeze,latency_comp,23410006,oracle,8
enhanced_predictive_d8f,enhanced_predictive,8,20.0,20.0,0.4,2.5,13.88888888888889,True,,0.5177250881994455,3.829436674165234,1.135489605829364,20.0,0.0,3.924000000000003,5.745023727416992,5.285575964053938,2.4163623690086666,3.9240000000000004,True,AVOIDED,0.0,0.0,0.0,freeze,latency_comp,23410007,oracle,8
enhanced_predictive_d8f,enhanced_predictive,8,20.0,20.0,0.85,3.0,16.666666666666664,True,,0.29029276338995036,9.604557743186865,0.5402700870624839,20.0,0.0,8.3385,2.689556121826172,5.057962444898462,5.078505333963074,8.3385,True,AVOIDED,0.0,0.0,0.0,freeze,latency_comp,23410008,oracle,8
enhanced_predictive_d8f,enhanced_predictive,8,20.0,20.0,0.4,3.0,16.666666666666664,True,,0.43192673875539533,3.324466196322877,1.1924938119662711,20.0,0.0,3.924000000000003,6.128690719604492,5.1997776146098875,2.307098443313853,3.9240000000000004,True,AVOIDED,0.0,0.0,0.0,freeze,latency_comp,23410009,oracle,8
enhanced_predictive_d8f,enhanced_predictive,8,30.0,30.0,0.85,1.0,8.333333333333334,False,vehicle.ue4.audi.tt,0.0,0.0,0.6146113676984666,23.648752934271805,6.351247065728193,8.3385,0.0,4.89900398889149,9.036389892677267,8.3385,True,COLLISION with vehicle.ue4.audi.tt,0.0,0.0,0.0,freeze,latency_comp,23410010,oracle,8
enhanced_predictive_d8f,enhanced_predictive,8,30.0,30.0,0.4,1.0,8.333333333333334,False,vehicle.ue4.audi.tt,0.0,0.0,0.7312167076160889,17.93163204969959,12.06836795030041,3.924000000000003,0.0,4.939010623537919,8.108274098307549,3.9240000000000004,True,COLLISION with vehicle.ue4.audi.tt,0.0,0.0,0.0,freeze,latency_comp,23410011,oracle,8
enhanced_predictive_d8f,enhanced_predictive,8,30.0,30.0,0.85,1.5,12.5,True,,0.5696850836164282,9.285695779464724,1.0688117029287707,30.0,0.0,8.3385,5.678119659423828,5.337312799871027,5.441843477253502,8.3385,True,AVOIDED,0.0,0.0,0.0,freeze,latency_comp,23410012,oracle,8
enhanced_predictive_d8f,enhanced_predictive,8,30.0,30.0,0.4,1.5,12.5,False,vehicle.ue4.audi.tt,0.0,0.0,1.9091153192751957,25.59576368613338,4.40423631386662,3.924000000000003,0.0,4.900619571844432,4.078473525422057,3.9240000000000004,True,COLLISION with vehicle.ue4.audi.tt,0.0,0.0,0.0,freeze,latency_comp,23410013,oracle,8
enhanced_predictive_d8f,enhanced_predictive,8,30.0,30.0,0.85,2.0,16.666666666666668,True,,1.0162830531666005,9.287447838681125,0.8262377116512014,30.0,0.0,8.3385,5.677131652832031,5.783958452947417,5.108425233623513,8.3385,True,AVOIDED,0.0,0.0,0.0,freeze,latency_comp,23410014,oracle,8
enhanced_predictive_d8f,enhanced_predictive,8,30.0,30.0,0.4,2.0,16.666666666666668,True,,0.8459301945416788,4.199933350667043,2.7490175664858683,30.0,0.0,3.924000000000003,11.224071502685547,5.613781070396171,2.8220097826219463,3.9240000000000004,True,AVOIDED,0.0,0.0,0.0,freeze,latency_comp,23410015,oracle,8
enhanced_predictive_d8f,enhanced_predictive,8,30.0,30.0,0.85,2.5,20.833333333333336,True,,0.6773700715878466,7.777714482575282,0.8628012800912311,30.0,0.0,8.3385,6.461771011352539,5.445205688643803,4.790461078476473,8.3385,True,AVOIDED,0.0,0.0,0.0,freeze,latency_comp,23410016,oracle,8
enhanced_predictive_d8f,enhanced_predictive,8,30.0,30.0,0.4,2.5,20.833333333333336,True,,0.8831996920203329,3.732416024056587,2.4527353006508,30.0,0.0,3.924000000000003,13.287858963012695,5.651050567874825,2.4066832729938303,3.9240000000000004,True,AVOIDED,0.0,0.0,0.0,freeze,latency_comp,23410017,oracle,8
enhanced_predictive_d8f,enhanced_predictive,8,30.0,30.0,0.85,3.0,25.0,True,,0.6754932957449853,9.064152780543937,0.8163194591760159,30.0,0.0,8.3385,6.079296112060547,5.443119104429088,5.062084572133394,8.3385,True,AVOIDED,0.0,0.0,0.0,freeze,latency_comp,23410018,oracle,8
enhanced_predictive_d8f,enhanced_predictive,8,30.0,30.0,0.4,3.0,25.0,True,,0.7175236069282649,3.6239197408958055,1.71781762276468,30.0,0.0,3.924000000000003,13.482925415039062,5.485240968508338,2.4079269064192053,3.9240000000000004,True,AVOIDED,0.0,0.0,0.0,freeze,latency_comp,23410019,oracle,8
enhanced_predictive_d8f,enhanced_predictive,8,40.0,40.0,0.85,1.0,11.11111111111111,True,,0.3258487378761261,9.099212170339086,1.29093419870699,40.0,0.0,8.338500000000018,8.254348754882812,5.093468819464777,7.028487284890269,8.3385,True,AVOIDED,0.0,0.0,0.0,freeze,latency_comp,23410020,oracle,8
enhanced_predictive_d8f,enhanced_predictive,8,40.0,40.0,0.4,1.0,11.11111111111111,False,vehicle.ue4.audi.tt,0.0,0.0,1.4625655724835638,26.952153963574155,13.047846036425847,3.924000000000003,0.0,4.950773245586175,6.587173239442366,3.9240000000000004,True,COLLISION with vehicle.ue4.audi.tt,0.0,0.0,0.0,freeze,latency_comp,23410021,oracle,8
enhanced_predictive_d8f,enhanced_predictive,8,40.0,40.0,0.85,1.5,16.666666666666664,True,,0.8073397991474165,9.344195161754696,1.6358047936038618,40.0,0.0,8.3385,10.570178985595703,5.574996123485125,5.338631177670657,8.3385,True,AVOIDED,0.0,0.0,0.0,freeze,latency_comp,23410022,oracle,8
enhanced_predictive_d8f,enhanced_predictive,8,40.0,40.0,0.4,1.5,16.666666666666664,False,vehicle.ue4.audi.tt,0.0,0.0,2.985057051632679,34.4919719959617,5.508028004038302,3.924000000000003,0.0,4.904651685065769,4.114588131188226,3.9240000000000004,True,COLLISION with vehicle.ue4.audi.tt,0.0,0.0,0.0,freeze,latency_comp,23410023,oracle,8
enhanced_predictive_d8f,enhanced_predictive,8,40.0,40.0,0.85,2.0,22.22222222222222,True,,1.1337389811592011,8.777607488151476,1.3226811405982255,40.0,0.0,8.338500000000018,10.834600448608398,5.9013686089050745,5.07331159838516,8.3385,True,AVOIDED,0.0,0.0,0.0,freeze,latency_comp,23410024,oracle,8
enhanced_predictive_d8f,enhanced_predictive,8,40.0,40.0,0.4,2.0,22.22222222222222,True,,1.6957950682588514,4.156347192414434,4.08378807036768,40.0,0.0,3.924000000000003,17.99664878845215,6.463645944113344,3.0792574153576657,3.9240000000000004,True,AVOIDED,0.0,0.0,0.0,freeze,latency_comp,23410025,oracle,8
enhanced_predictive_d8f,enhanced_predictive,8,40.0,40.0,0.85,2.5,27.77777777777778,True,,0.9113652018697547,8.264939567565833,1.0887917497618929,40.0,0.0,8.338500000000018,11.095844268798828,5.678975735237053,5.072571981346971,8.3385,True,AVOIDED,0.0,0.0,0.0,freeze,latency_comp,23410026,oracle,8
enhanced_predictive_d8f,enhanced_predictive,8,40.0,40.0,0.4,2.5,27.77777777777778,True,,1.5283909028004148,4.0357511005896125,4.557609944156552,40.0,0.0,3.924000000000003,22.620698928833008,6.296241778654907,2.516525705615453,3.9240000000000004,True,AVOIDED,0.0,0.0,0.0,freeze,latency_comp,23410027,oracle,8
enhanced_predictive_d8f,enhanced_predictive,8,40.0,40.0,0.85,3.0,33.33333333333333,True,,0.9461463865799837,8.264946268174583,1.0919185986076827,40.0,0.0,8.338500000000018,11.095836639404297,5.713756915361428,5.057943462688225,8.3385,True,AVOIDED,0.0,0.0,0.0,freeze,latency_comp,23410028,oracle,8
enhanced_predictive_d8f,enhanced_predictive,8,40.0,40.0,0.4,3.0,33.33333333333333,True,,1.3468079149492285,3.700399238063895,3.2670458908714335,40.0,0.0,3.924000000000003,23.94339942932129,6.114658790803721,2.405272191677406,3.9240000000000004,True,AVOIDED,0.0,0.0,0.0,freeze,latency_comp,23410029,oracle,8
enhanced_predictive_d8f,enhanced_predictive,8,50.0,50.0,0.85,1.0,13.88888888888889,True,,1.0588323278400384,8.73104312761361,1.7201427277918155,50.0,0.0,8.338500000000018,12.61520004272461,5.826515357130942,6.959374397837682,8.3385,True,AVOIDED,0.0,0.0,0.0,freeze,latency_comp,23410030,oracle,8
enhanced_predictive_d8f,enhanced_predictive,8,50.0,50.0,0.4,1.0,13.88888888888889,False,vehicle.ue4.audi.tt,0.0,0.0,2.1691951266612293,34.012659988756894,15.987340011243106,3.9239999999999853,0.0,4.95333767044197,6.290320779747998,3.9240000000000004,True,COLLISION with vehicle.ue4.audi.tt,0.0,0.0,0.0,freeze,latency_comp,23410031,oracle,8
enhanced_predictive_d8f,enhanced_predictive,8,50.0,50.0,0.85,1.5,20.833333333333336,True,,1.239614671146902,9.046598564761176,2.2933700088027966,50.0,0.0,8.3385,16.619522094726562,6.007465547001394,5.334961658141234,8.3385,True,AVOIDED,0.0,0.0,0.0,freeze,latency_comp,23410032,oracle,8
enhanced_predictive_d8f,enhanced_predictive,8,50.0,50.0,0.4,1.5,20.833333333333336,False,vehicle.ue4.audi.tt,0.0,0.0,4.034113787462233,41.656841959500255,8.343158040499748,3.924000000000003,0.0,4.923804780291186,4.31138518476947,3.9240000000000004,True,COLLISION with vehicle.ue4.audi.tt,0.0,0.0,0.0,freeze,latency_comp,23410033,oracle,8
enhanced_predictive_d8f,enhanced_predictive,8,50.0,50.0,0.85,2.0,27.77777777777778,True,,1.3035567208215957,8.259006023785775,1.8750877715917242,50.0,0.0,8.3385,17.286376953125,6.071228306201802,5.119825793862402,8.3385,True,AVOIDED,0.0,0.0,0.0,freeze,latency_comp,23410034,oracle,8
enhanced_predictive_d8f,enhanced_predictive,8,50.0,50.0,0.4,2.0,27.77777777777778,True,,2.3481524449517366,4.017789705590966,5.8910093926889555,50.0,0.0,3.924000000000003,26.595115661621094,7.116003320806229,3.2814600032092853,3.9240000000000004,True,AVOIDED,0.0,0.0,0.0,freeze,latency_comp,23410035,oracle,8
enhanced_predictive_d8f,enhanced_predictive,8,50.0,50.0,0.85,2.5,34.72222222222222,True,,1.3504937419540175,8.259006023785775,1.5257937551713023,50.0,0.0,8.338500000000018,17.286376953125,6.11816532768732,5.104749282669867,8.3385,True,AVOIDED,0.0,0.0,0.0,freeze,latency_comp,23410036,oracle,8
enhanced_predictive_d8f,enhanced_predictive,8,50.0,50.0,0.4,2.5,34.72222222222222,True,,2.2495000106354555,4.017790719009937,6.381809116390262,50.0,0.0,3.924000000000003,32.26012992858887,7.017350886489948,2.760388425878412,3.9240000000000004,True,AVOIDED,0.0,0.0,0.0,freeze,latency_comp,23410037,oracle,8
enhanced_predictive_d8f,enhanced_predictive,8,50.0,50.0,0.85,3.0,41.66666666666667,False,,0.0,0.0,1.3531075454744064,50.0,0.0,8.338500000000018,0.0,11.03168588951146,5.101627635267165,8.3385,True,NO BRAKE / passed,0.0,0.0,0.0,freeze,latency_comp,23410038,oracle,8
enhanced_predictive_d8f,enhanced_predictive,8,50.0,50.0,0.4,3.0,41.66666666666667,False,,0.0,0.0,6.25539048265965,50.0,0.0,3.924000000000003,0.0,11.447087542367708,2.4195350091796817,3.9240000000000004,True,NO BRAKE / passed,0.0,0.0,0.0,freeze,latency_comp,23410039,oracle,8
enhanced_predictive_d8f,enhanced_predictive,8,60.0,60.0,0.85,1.0,16.666666666666668,True,,1.8447361021121136,8.750764436743168,2.2812610219878398,60.0,0.0,8.3385,18.35968017578125,6.612419131294018,6.822843521410342,8.3385,True,AVOIDED,0.0,0.0,0.0,freeze,latency_comp,23410040,oracle,8
enhanced_predictive_d8f,enhanced_predictive,8,60.0,60.0,0.4,1.0,16.666666666666668,False,vehicle.ue4.audi.tt,0.0,0.0,2.8365129382140597,39.50502821704361,20.49497178295639,3.924000000000021,0.0,4.896225104634217,6.266543997194018,3.9240000000000004,True,COLLISION with vehicle.ue4.audi.tt,0.0,0.0,0.0,freeze,latency_comp,23410041,oracle,8
enhanced_predictive_d8f,enhanced_predictive,8,60.0,60.0,0.85,1.5,25.0,True,,1.6170068099053072,8.499540702571286,3.1699309518862147,60.0,0.0,8.3385,24.437898635864258,6.384857685759799,5.2922032039522335,8.3385,True,AVOIDED,0.0,0.0,0.0,freeze,latency_comp,23410042,oracle,8
enhanced_predictive_d8f,enhanced_predictive,8,60.0,60.0,0.4,1.5,25.0,False,vehicle.ue4.audi.tt,0.0,0.0,5.0155809360481935,49.06877061014983,10.931229389850165,3.924000000000021,0.0,4.944310635515336,4.539792338127096,3.9240000000000004,True,COLLISION with vehicle.ue4.audi.tt,0.0,0.0,0.0,freeze,latency_comp,23410043,oracle,8
enhanced_predictive_d8f,enhanced_predictive,8,60.0,60.0,0.85,2.0,33.333333333333336,False,,0.0,0.0,2.559036087672698,60.0,0.0,8.3385,0.0,8.549518586281378,5.099229681011995,8.3385,True,NO BRAKE / passed,0.0,0.0,0.0,freeze,latency_comp,23410044,oracle,8
enhanced_predictive_d8f,enhanced_predictive,8,60.0,60.0,0.4,2.0,33.333333333333336,False,,0.0,0.0,7.194301241740827,60.0,0.0,3.924000000000021,0.0,8.454222211863419,3.559133300346885,3.9240000000000004,True,NO BRAKE / passed,0.0,0.0,0.0,freeze,latency_comp,23410045,oracle,8
enhanced_predictive_d8f,enhanced_predictive,8,60.0,60.0,0.85,2.5,41.66666666666667,False,,0.0,0.0,2.069420174107407,60.0,0.0,8.338499999999982,0.0,16.37025833304196,5.084939954542317,8.3385,True,NO BRAKE / passed,0.0,0.0,0.0,freeze,latency_comp,23410046,oracle,8
enhanced_predictive_d8f,enhanced_predictive,8,60.0,60.0,0.4,2.5,41.66666666666667,False,,0.0,0.0,8.533191497324998,60.0,0.0,3.924000000000003,0.0,16.638321293083877,2.9850224684014193,3.9240000000000004,True,NO BRAKE / passed,0.0,0.0,0.0,freeze,latency_comp,23410047,oracle,8
enhanced_predictive_d8f,enhanced_predictive,8,60.0,60.0,0.85,3.0,50.0,False,,0.0,0.0,1.716136131151897,60.0,0.0,3.3354000497013203,0.0,24.76255798480751,5.076422321911266,8.3385,True,NO BRAKE / passed,0.0,0.0,0.0,freeze,latency_comp,23410048,oracle,8
enhanced_predictive_d8f,enhanced_predictive,8,60.0,60.0,0.4,3.0,50.0,False,,0.0,0.0,9.603588860784326,60.0,0.0,3.9239999999999853,0.0,24.961914084905537,2.568683455142516,3.9240000000000004,True,NO BRAKE / passed,0.0,0.0,0.0,freeze,latency_comp,23410049,oracle,8
enhanced_predictive_d16f,enhanced_predictive,16,20.0,20.0,0.85,1.0,5.555555555555555,False,vehicle.ue4.audi.tt,0.0,0.0,0.0,5.713282639162758,14.286717360837242,0.0,0.0,4.9217739122693045,0.0,8.3385,True,COLLISION with vehicle.ue4.audi.tt,0.0,0.0,0.0,freeze,latency_comp,23880000,oracle,16
enhanced_predictive_d16f,enhanced_predictive,16,20.0,20.0,0.4,1.0,5.555555555555555,False,vehicle.ue4.audi.tt,0.0,0.0,0.0,5.715610086983789,14.284389913016211,0.0,0.0,4.9218521202430665,0.0,3.9240000000000004,True,COLLISION with vehicle.ue4.audi.tt,0.0,0.0,0.0,freeze,latency_comp,23880001,oracle,16
enhanced_predictive_d16f,enhanced_predictive,16,20.0,20.0,0.85,1.5,8.333333333333332,False,vehicle.ue4.audi.tt,0.0,0.0,0.1276620844154335,11.80577696250467,8.19422303749533,8.3385,0.0,4.930686956930201,21.492317566205188,8.3385,True,COLLISION with vehicle.ue4.audi.tt,0.0,0.0,0.0,freeze,latency_comp,23880002,oracle,16
enhanced_predictive_d16f,enhanced_predictive,16,20.0,20.0,0.4,1.5,8.333333333333332,False,vehicle.ue4.audi.tt,0.0,0.0,0.17798308716534664,11.20153729604541,8.79846270395459,3.924000000000003,0.0,4.933122662042578,15.45518475817032,3.9240000000000004,True,COLLISION with vehicle.ue4.audi.tt,0.0,0.0,0.0,freeze,latency_comp,23880003,oracle,16
enhanced_predictive_d16f,enhanced_predictive,16,20.0,20.0,0.85,2.0,11.11111111111111,True,,0.5227642070644167,10.451062472590998,0.4827745193080101,20.0,0.0,8.3385,2.133472442626953,5.29040718372801,5.698654168599768,8.3385,True,AVOIDED,0.0,0.0,0.0,freeze,latency_comp,23880004,oracle,16
enhanced_predictive_d16f,enhanced_predictive,16,20.0,20.0,0.4,2.0,11.11111111111111,False,vehicle.ue4.audi.tt,0.0,0.0,0.631280476161502,16.581202417379792,3.4187975826202073,3.924000000000003,0.0,4.898574853842751,4.346301656340237,3.9240000000000004,True,COLLISION with vehicle.ue4.audi.tt,0.0,0.0,0.0,freeze,latency_comp,23880005,oracle,16
enhanced_predictive_d16f,enhanced_predictive,16,20.0,20.0,0.85,2.5,13.88888888888889,True,,1.651151657118378,10.452026829979584,0.6878557907999785,20.0,0.0,8.3385,2.1331520080566406,6.4187946321841665,3.9996767305026406,8.3385,True,AVOIDED,0.0,0.0,0.0,freeze,latency_comp,23880006,oracle,16
enhanced_predictive_d16f,enhanced_predictive,16,20.0,20.0,0.4,2.5,13.88888888888889,True,,1.0857429594862102,4.119338258020036,1.0355098279193846,20.0,0.0,3.924000000000003,4.626058578491211,5.853593835340702,2.649509616639278,3.9240000000000004,True,AVOIDED,0.0,0.0,0.0,freeze,latency_comp,23880007,oracle,16
enhanced_predictive_d16f,enhanced_predictive,16,20.0,20.0,0.85,3.0,16.666666666666664,True,,0.44101526814619074,8.55604121951638,0.591686024820693,20.0,0.0,8.3385,2.814607620239258,5.20871164878534,4.649499883925604,8.3385,True,AVOIDED,0.0,0.0,0.0,freeze,latency_comp,23880008,oracle,16
enhanced_predictive_d16f,enhanced_predictive,16,20.0,20.0,0.4,3.0,16.666666666666664,True,,2.2103843734211432,4.1199775335348985,1.2395629560460453,20.0,0.0,3.924000000000003,4.625308990478516,6.978235249275635,2.2136325654608835,3.9240000000000004,True,AVOIDED,0.0,0.0,0.0,freeze,latency_comp,23880009,oracle,16
enhanced_predictive_d16f,enhanced_predictive,16,30.0,30.0,0.85,1.0,8.333333333333334,False,vehicle.ue4.audi.tt,0.0,0.0,0.08947669813966931,13.669359474411277,16.330640525588723,8.3385,0.0,4.934316641007621,39.12569644683053,8.3385,True,COLLISION with vehicle.ue4.audi.tt,0.0,0.0,0.0,freeze,latency_comp,23880010,oracle,16
enhanced_predictive_d16f,enhanced_predictive,16,30.0,30.0,0.4,1.0,8.333333333333334,False,vehicle.ue4.audi.tt,0.0,0.0,0.14667524321698747,13.46377506291931,16.53622493708069,3.924000000000003,0.0,4.934587486374582,26.558360186894163,3.9240000000000004,True,COLLISION with vehicle.ue4.audi.tt,0.0,0.0,0.0,freeze,latency_comp,23880011,oracle,16
enhanced_predictive_d16f,enhanced_predictive,16,30.0,30.0,0.85,1.5,12.5,False,vehicle.ue4.audi.tt,0.0,9.675576946601593,0.6711824289395946,27.175810334310903,2.824189665689096,8.3385,0.0,4.89530002672922,7.396052495544044,8.3385,True,COLLISION with vehicle.ue4.audi.tt,0.0,0.0,0.0,freeze,latency_comp,23880012,oracle,16
enhanced_predictive_d16f,enhanced_predictive,16,30.0,30.0,0.4,1.5,12.5,False,vehicle.ue4.audi.tt,0.0,0.0,0.7589407973073076,20.3642071145969,9.6357928854031,3.924000000000003,0.0,4.920034411775565,6.785384143611856,3.9240000000000004,True,COLLISION with vehicle.ue4.audi.tt,0.0,0.0,0.0,freeze,latency_comp,23880013,oracle,16
enhanced_predictive_d16f,enhanced_predictive,16,30.0,30.0,0.85,2.0,16.666666666666668,True,,1.0244922836177963,9.519351122355136,0.7588844496720883,30.0,0.0,8.3385,5.255207061767578,5.792167683418401,5.446033504240752,8.3385,True,AVOIDED,0.0,0.0,0.0,freeze,latency_comp,23880014,oracle,16
enhanced_predictive_d16f,enhanced_predictive,16,30.0,30.0,0.4,2.0,16.666666666666668,False,vehicle.ue4.audi.tt,0.0,4.100545747857624,1.4288190081733665,28.203589471862273,1.7964105281377267,3.924000000000003,0.0,4.893596652896301,3.713300627388955,3.9240000000000004,True,COLLISION with vehicle.ue4.audi.tt,0.0,0.0,0.0,freeze,latency_comp,23880015,oracle,16
enhanced_predictive_d16f,enhanced_predictive,16,30.0,30.0,0.85,2.5,20.833333333333336,True,,1.8839359327640297,9.519351122355136,0.8628012800912311,30.0,0.0,8.3385,5.255205154418945,6.651607517855852,4.790461078476473,8.3385,True,AVOIDED,0.0,0.0,0.0,freeze,latency_comp,23880016,oracle,16
enhanced_predictive_d16f,enhanced_predictive,16,30.0,30.0,0.4,2.5,20.833333333333336,True,,1.510511398368232,4.1085957807793605,1.8056867205425549,30.0,0.0,3.924000000000003,11.00564956665039,6.278228759818428,2.7260663960576483,3.9240000000000004,True,AVOIDED,0.0,0.0,0.0,freeze,latency_comp,23880017,oracle,16
enhanced_predictive_d16f,enhanced_predictive,16,30.0,30.0,0.85,3.0,25.0,True,,1.2398929961829026,6.228311315641702,1.0163148488143883,30.0,0.0,8.3385,7.169795989990234,6.007518804768643,4.065942890615333,8.3385,True,AVOIDED,0.0,0.0,0.0,freeze,latency_comp,23880018,oracle,16
enhanced_predictive_d16f,enhanced_predictive,16,30.0,30.0,0.4,3.0,25.0,True,,2.759016054490769,4.063794429148993,1.71781762276468,30.0,0.0,3.924000000000003,11.44143295288086,7.526733415957539,2.4079269064192053,3.9240000000000004,True,AVOIDED,0.0,0.0,0.0,freeze,latency_comp,23880019,oracle,16
enhanced_predictive_d16f,enhanced_predictive,16,40.0,40.0,0.85,1.0,11.11111111111111,False,vehicle.ue4.audi.tt,0.0,0.0,0.502359144941864,26.225998807097177,13.774001192902821,8.3385,0.0,4.917793043321363,12.847708979128964,8.3385,True,COLLISION with vehicle.ue4.audi.tt,0.0,0.0,0.0,freeze,latency_comp,23880020,oracle,16
enhanced_predictive_d16f,enhanced_predictive,16,40.0,40.0,0.4,1.0,11.11111111111111,False,vehicle.ue4.audi.tt,0.0,0.0,0.585997070961092,20.4719307305658,19.5280692694342,3.9239999999999853,0.0,4.89883804719046,11.49802196869802,3.9240000000000004,True,COLLISION with vehicle.ue4.audi.tt,0.0,0.0,0.0,freeze,latency_comp,23880021,oracle,16
enhanced_predictive_d16f,enhanced_predictive,16,40.0,40.0,0.85,1.5,16.666666666666664,True,,0.6060478307195964,9.514435123968141,1.1331534609510816,40.0,0.0,8.3385,8.563575744628906,5.373673642544584,6.623609860992108,8.3385,True,AVOIDED,0.0,0.0,0.0,freeze,latency_comp,23880022,oracle,16
enhanced_predictive_d16f,enhanced_predictive,16,40.0,40.0,0.4,1.5,16.666666666666664,False,vehicle.ue4.audi.tt,0.0,0.0,1.3611490801280475,28.564106490692396,11.435893509307606,3.924000000000003,0.0,4.911937763501094,5.915790807081724,3.9240000000000004,True,COLLISION with vehicle.ue4.audi.tt,0.0,0.0,0.0,freeze,latency_comp,23880023,oracle,16
enhanced_predictive_d16f,enhanced_predictive,16,40.0,40.0,0.85,2.0,22.22222222222222,True,,1.4000068643853139,9.348239507474739,1.3226811405982255,40.0,0.0,8.338500000000018,10.568330764770508,6.167632677142878,5.07331159838516,8.3385,True,AVOIDED,0.0,0.0,0.0,freeze,latency_comp,23880024,oracle,16
enhanced_predictive_d16f,enhanced_predictive,16,40.0,40.0,0.4,2.0,22.22222222222222,False,vehicle.ue4.audi.tt,0.0,4.189485564922154,2.2201115182642095,36.75267424013543,3.247325759864571,3.924000000000003,0.0,4.897342860840261,3.842658195723551,3.9240000000000004,True,COLLISION with vehicle.ue4.audi.tt,0.0,0.0,0.0,freeze,latency_comp,23880025,oracle,16
enhanced_predictive_d16f,enhanced_predictive,16,40.0,40.0,0.85,2.5,27.77777777777778,True,,2.270109198319558,9.101734629295652,1.0887917497618929,40.0,0.0,8.338500000000018,9.737083435058594,7.037849452479512,5.072571981346971,8.3385,True,AVOIDED,0.0,0.0,0.0,freeze,latency_comp,23880026,oracle,16
enhanced_predictive_d16f,enhanced_predictive,16,40.0,40.0,0.4,2.5,27.77777777777778,True,,1.6290113675528213,4.0689366666449365,2.884532046357445,40.0,0.0,3.924000000000003,19.2082462310791,6.3968355404657675,2.9193492419199973,3.9240000000000004,True,AVOIDED,0.0,0.0,0.0,freeze,latency_comp,23880027,oracle,16
enhanced_predictive_d16f,enhanced_predictive,16,40.0,40.0,0.85,3.0,33.33333333333333,True,,1.4960340869004458,8.262240106404581,1.1395933086470647,40.0,0.0,8.338500000000018,11.097347259521484,6.263774344364804,4.837683082864713,8.3385,True,AVOIDED,0.0,0.0,0.0,freeze,latency_comp,23880028,oracle,16
enhanced_predictive_d16f,enhanced_predictive,16,40.0,40.0,0.4,3.0,33.33333333333333,True,,2.9347594814214153,4.002374804735127,3.0663969887840947,40.0,0.0,3.924000000000003,21.80283546447754,7.7026103572759075,2.4592688090929116,3.9240000000000004,True,AVOIDED,0.0,0.0,0.0,freeze,latency_comp,23880029,oracle,16
enhanced_predictive_d16f,enhanced_predictive,16,50.0,50.0,0.85,1.0,13.88888888888889,False,vehicle.ue4.audi.tt,0.0,0.0,0.8038247347242676,35.34051402295573,14.65948597704427,8.338500000000018,0.0,4.9105913997708015,10.753195347738945,8.3385,True,COLLISION with vehicle.ue4.audi.tt,0.0,0.0,0.0,freeze,latency_comp,23880030,oracle,16
enhanced_predictive_d16f,enhanced_predictive,16,50.0,50.0,0.4,1.0,13.88888888888889,False,vehicle.ue4.audi.tt,0.0,0.0,1.0035467449680004,27.731729979359223,22.268270020640777,3.9239999999999853,0.0,4.963750827584264,9.318251515252257,3.9240000000000004,True,COLLISION with vehicle.ue4.audi.tt,0.0,0.0,0.0,freeze,latency_comp,23880031,oracle,16
enhanced_predictive_d16f,enhanced_predictive,16,50.0,50.0,0.85,1.5,20.833333333333336,True,,1.3306755109668522,8.919709671414221,1.6631350819240196,50.0,0.0,8.338500000000018,13.767545700073242,6.098350911182409,6.301942063973625,8.3385,True,AVOIDED,0.0,0.0,0.0,freeze,latency_comp,23880032,oracle,16
enhanced_predictive_d16f,enhanced_predictive,16,50.0,50.0,0.4,1.5,20.833333333333336,False,vehicle.ue4.audi.tt,0.0,0.0,1.9474475271536413,35.706295628617326,14.29370437138267,3.924000000000003,0.0,4.956020029604175,5.778687321108189,3.9240000000000004,True,COLLISION with vehicle.ue4.audi.tt,0.0,0.0,0.0,freeze,latency_comp,23880033,oracle,16
enhanced_predictive_d16f,enhanced_predictive,16,50.0,50.0,0.85,2.0,27.77777777777778,True,,1.9704191326789733,9.046608840561218,1.8750877715917242,50.0,0.0,8.3385,16.61951446533203,6.7382700085334655,5.119825793862402,8.3385,True,AVOIDED,0.0,0.0,0.0,freeze,latency_comp,23880034,oracle,16
enhanced_predictive_d16f,enhanced_predictive,16,50.0,50.0,0.4,2.0,27.77777777777778,False,vehicle.ue4.audi.tt,0.0,0.0,2.994202736343771,44.01821634380511,5.981783656194894,3.924000000000003,0.0,4.906652873266139,4.068732754313669,3.9240000000000004,True,COLLISION with vehicle.ue4.audi.tt,0.0,0.0,0.0,freeze,latency_comp,23880035,oracle,16
enhanced_predictive_d16f,enhanced_predictive,16,50.0,50.0,0.85,2.5,34.72222222222222,True,,2.3522786823628214,8.73104312761361,1.4922864416326875,50.0,0.0,8.338500000000018,16.28343963623047,7.119954082409227,5.106136741608403,8.3385,True,AVOIDED,0.0,0.0,0.0,freeze,latency_comp,23880036,oracle,16
enhanced_predictive_d16f,enhanced_predictive,16,50.0,50.0,0.4,2.5,34.72222222222222,True,,2.6925155639506793,4.070687418881203,3.7941054219480357,50.0,0.0,3.924000000000003,26.98577880859375,7.4603664398051714,3.2086822281504377,3.9240000000000004,True,AVOIDED,0.0,0.0,0.0,freeze,latency_comp,23880037,oracle,16
enhanced_predictive_d16f,enhanced_predictive,16,50.0,50.0,0.85,3.0,41.66666666666667,False,,0.0,0.0,1.3531075454744064,50.0,0.0,8.338500000000018,0.0,11.404595356039252,5.101627635267165,8.3385,True,NO BRAKE / passed,0.0,0.0,0.0,freeze,latency_comp,23880038,oracle,16
enhanced_predictive_d16f,enhanced_predictive,16,50.0,50.0,0.4,3.0,41.66666666666667,False,,0.0,0.0,4.504067106908664,50.0,0.0,3.924000000000003,0.0,11.420940085609063,2.6503611827621496,3.9240000000000004,True,NO BRAKE / passed,0.0,0.0,0.0,freeze,latency_comp,23880039,oracle,16
enhanced_predictive_d16f,enhanced_predictive,16,60.0,60.0,0.85,1.0,16.666666666666668,False,vehicle.ue4.audi.tt,0.0,0.0,1.1625620503482077,46.55324226510739,13.446757734892607,8.3385,0.0,4.944259651410262,9.578201805201498,8.3385,True,COLLISION with vehicle.ue4.audi.tt,0.0,0.0,0.0,freeze,latency_comp,23880040,oracle,16
enhanced_predictive_d16f,enhanced_predictive,16,60.0,60.0,0.4,1.0,16.666666666666668,False,vehicle.ue4.audi.tt,0.0,0.0,1.404701235764088,33.01988798816434,26.980112011835658,3.924000000000021,0.0,4.951038494960539,8.598057094725423,3.9240000000000004,True,COLLISION with vehicle.ue4.audi.tt,0.0,0.0,0.0,freeze,latency_comp,23880041,oracle,16
enhanced_predictive_d16f,enhanced_predictive,16,60.0,60.0,0.85,1.5,25.0,True,,2.166372740982845,8.853522557615674,2.1637919480601404,60.0,0.0,8.3385,19.745948791503906,6.934051955386216,6.281582579593844,8.3385,True,AVOIDED,0.0,0.0,0.0,freeze,latency_comp,23880042,oracle,16
enhanced_predictive_d16f,enhanced_predictive,16,60.0,60.0,0.4,1.5,25.0,False,vehicle.ue4.audi.tt,0.0,0.0,2.5033208609853848,42.943960288138946,17.056039711861054,3.924000000000021,0.0,4.934581816273581,5.847296398554272,3.9240000000000004,True,COLLISION with vehicle.ue4.audi.tt,0.0,0.0,0.0,freeze,latency_comp,23880043,oracle,16
enhanced_predictive_d16f,enhanced_predictive,16,60.0,60.0,0.85,2.0,33.333333333333336,False,,0.0,0.0,2.559036087672698,60.0,0.0,8.3385,0.0,8.430553438036688,5.099229681011995,8.3385,True,NO BRAKE / passed,0.0,0.0,0.0,freeze,latency_comp,23880044,oracle,16
enhanced_predictive_d16f,enhanced_predictive,16,60.0,60.0,0.4,2.0,33.333333333333336,False,,0.0,0.0,3.731231491621479,60.0,0.0,3.924000000000021,0.0,8.421433406493865,4.315701727040054,3.9240000000000004,True,NO BRAKE / passed,0.0,0.0,0.0,freeze,latency_comp,23880045,oracle,16
enhanced_predictive_d16f,enhanced_predictive,16,60.0,60.0,0.85,2.5,41.66666666666667,False,,0.0,0.0,2.069420174107407,60.0,0.0,8.338499999999982,0.0,16.4076042192546,5.084939954542317,8.3385,True,NO BRAKE / passed,0.0,0.0,0.0,freeze,latency_comp,23880046,oracle,16
enhanced_predictive_d16f,enhanced_predictive,16,60.0,60.0,0.4,2.5,41.66666666666667,False,,0.0,0.0,4.959217372412345,60.0,0.0,3.9239999999999853,0.0,16.548153263060335,3.419870739790599,3.9240000000000004,True,NO BRAKE / passed,0.0,0.0,0.0,freeze,latency_comp,23880047,oracle,16
enhanced_predictive_d16f,enhanced_predictive,16,60.0,60.0,0.85,3.0,50.0,False,,0.0,0.0,1.716136131151897,60.0,0.0,3.3354000497013203,0.0,24.76255798480751,5.076422321911266,8.3385,True,NO BRAKE / passed,0.0,0.0,0.0,freeze,latency_comp,23880048,oracle,16
enhanced_predictive_d16f,enhanced_predictive,16,60.0,60.0,0.4,3.0,50.0,False,,0.0,0.0,5.836416962692052,60.0,0.0,3.9239999999999853,0.0,25.00121308431955,2.8795808032310752,3.9240000000000004,True,NO BRAKE / passed,0.0,0.0,0.0,freeze,latency_comp,23880049,oracle,16
enhanced_inflation_d0f,enhanced_inflation,0,20.0,20.0,0.85,1.0,5.555555555555555,False,vehicle.ue4.audi.tt,0.0,0.0,0.19936290766111397,7.56400537993197,12.43599462006803,8.3385,0.0,4.901296615741706,10.989080837156738,8.3385,True,COLLISION with vehicle.ue4.audi.tt,0.0,0.0,0.0,freeze,latency_comp,22260000,oracle,0
enhanced_inflation_d0f,enhanced_inflation,0,20.0,20.0,0.4,1.0,5.555555555555555,False,vehicle.ue4.audi.tt,0.0,0.0,0.2996117166687181,6.927760781302002,13.072239218697998,3.924000000000003,0.0,4.906808864308535,8.695745682858139,3.9240000000000004,True,COLLISION with vehicle.ue4.audi.tt,0.0,0.0,0.0,freeze,latency_comp,22260001,oracle,0
enhanced_inflation_d0f,enhanced_inflation,0,20.0,20.0,0.85,1.5,8.333333333333332,False,vehicle.ue4.audi.tt,0.0,0.0,0.3774297653796596,15.822326419943867,4.177673580056132,8.3385,0.0,4.903211600476953,8.297389604123511,8.3385,True,COLLISION with vehicle.ue4.audi.tt,0.0,0.0,0.0,freeze,latency_comp,22260002,oracle,0
enhanced_inflation_d0f,enhanced_inflation,0,20.0,20.0,0.4,1.5,8.333333333333332,False,vehicle.ue4.audi.tt,0.0,0.0,0.6505272070596357,13.809935177253992,6.190064822746008,3.924000000000003,0.0,4.917570124653509,5.671847627284944,3.9240000000000004,True,COLLISION with vehicle.ue4.audi.tt,0.0,0.0,0.0,freeze,latency_comp,22260003,oracle,0
enhanced_inflation_d0f,enhanced_inflation,0,20.0,20.0,0.85,2.0,11.11111111111111,False,vehicle.ue4.audi.tt,0.0,8.579298649367136,0.5314333532093125,19.092192044909073,0.9078079550909274,8.3385,0.0,4.891550064396961,5.162627905783898,8.3385,True,COLLISION with vehicle.ue4.audi.tt,0.0,0.0,0.0,freeze,latency_comp,22260004,oracle,0
enhanced_inflation_d0f,enhanced_inflation,0,20.0,20.0,0.4,2.0,11.11111111111111,True,,0.41770554523715564,4.052704451753857,0.9699192792650284,20.0,0.0,3.924000000000003,4.165830612182617,5.185422906687592,3.288622387228563,3.9240000000000004,True,AVOIDED,0.0,0.0,0.0,freeze,latency_comp,22260005,oracle,0
enhanced_inflation_d0f,enhanced_inflation,0,20.0,20.0,0.85,2.5,13.88888888888889,True,,0.14384079059568666,8.554016678348559,0.5362577205256541,20.0,0.0,8.3385,2.8138370513916016,4.91147804342501,5.116556625615377,8.3385,True,AVOIDED,0.0,0.0,0.0,freeze,latency_comp,22260006,oracle,0
enhanced_inflation_d0f,enhanced_inflation,0,20.0,20.0,0.4,2.5,13.88888888888889,True,,0.25819981049509,3.4822714254592206,1.135489605829364,20.0,0.0,3.924000000000003,6.00452995300293,5.026050686349582,2.4163623690086666,3.9240000000000004,True,AVOIDED,0.0,0.0,0.0,freeze,latency_comp,22260007,oracle,0
enhanced_inflation_d0f,enhanced_inflation,0,20.0,20.0,0.85,3.0,16.666666666666664,True,,0.16598513442296436,8.553987968343948,0.5402700870624839,20.0,0.0,8.3385,2.813844680786133,4.933622387356617,5.078505333963074,8.3385,True,AVOIDED,0.0,0.0,0.0,freeze,latency_comp,22260008,oracle,0
enhanced_inflation_d0f,enhanced_inflation,0,20.0,20.0,0.4,3.0,16.666666666666664,True,,0.28067399282851824,3.4824260656651744,1.139573924017096,20.0,0.0,3.924000000000003,6.004188537597656,5.04852486868301,2.407787586860677,3.9240000000000004,True,AVOIDED,0.0,0.0,0.0,freeze,latency_comp,22260009,oracle,0
enhanced_inflation_d0f,enhanced_inflation,0,30.0,30.0,0.85,1.0,8.333333333333334,False,vehicle.ue4.audi.tt,0.0,0.0,0.42627967550145096,18.210104475334326,11.789895524665672,8.3385,0.0,4.8989009858250805,11.61163466638957,8.3385,True,COLLISION with vehicle.ue4.audi.tt,0.0,0.0,0.0,freeze,latency_comp,22260010,oracle,0
enhanced_inflation_d0f,enhanced_inflation,0,30.0,30.0,0.4,1.0,8.333333333333334,False,vehicle.ue4.audi.tt,0.0,0.0,0.7312167076160889,16.482475338789257,13.517524661210743,3.924000000000003,0.0,4.908924102810769,8.108274098307549,3.9240000000000004,True,COLLISION with vehicle.ue4.audi.tt,0.0,0.0,0.0,freeze,latency_comp,22260011,oracle,0
enhanced_inflation_d0f,enhanced_inflation,0,30.0,30.0,0.85,1.5,12.5,False,vehicle.ue4.audi.tt,0.0,0.0,0.5901133098786533,26.180708473385927,3.8192915266140712,8.3385,0.0,4.9050484860864385,8.129067656184594,8.3385,True,COLLISION with vehicle.ue4.audi.tt,0.0,0.0,0.0,freeze,latency_comp,22260012,oracle,0
enhanced_inflation_d0f,enhanced_inflation,0,30.0,30.0,0.4,1.5,12.5,False,vehicle.ue4.audi.tt,0.0,0.0,1.0665651159420528,21.175635856080746,8.824364143919253,3.924000000000003,0.0,4.9252624546917145,5.4433214651215405,3.9240000000000004,True,COLLISION with vehicle.ue4.audi.tt,0.0,0.0,0.0,freeze,latency_comp,22260013,oracle,0
enhanced_inflation_d0f,enhanced_inflation,0,30.0,30.0,0.85,2.0,16.666666666666668,True,,0.4006672013606254,9.764195961610008,0.7588844496720883,30.0,0.0,8.3385,5.879032135009766,5.168518077215118,5.446033504240752,8.3385,True,AVOIDED,0.0,0.0,0.0,freeze,latency_comp,22260014,oracle,0
enhanced_inflation_d0f,enhanced_inflation,0,30.0,30.0,0.4,2.0,16.666666666666668,False,vehicle.ue4.audi.tt,0.0,0.0,1.3053726336229357,25.49675088789808,4.503249112101918,3.924000000000003,0.0,4.9039764449792465,3.8900651887568656,3.9240000000000004,True,COLLISION with vehicle.ue4.audi.tt,0.0,0.0,0.0,freeze,latency_comp,22260015,oracle,0
enhanced_inflation_d0f,enhanced_inflation,0,30.0,30.0,0.85,2.5,20.833333333333336,True,,0.2648029558516498,7.780869947502465,0.8127615046510833,30.0,0.0,8.3385,6.460596084594727,5.032653831706142,5.084197525527865,8.3385,True,AVOIDED,0.0,0.0,0.0,freeze,latency_comp,22260016,oracle,0
enhanced_inflation_d0f,enhanced_inflation,0,30.0,30.0,0.4,2.5,20.833333333333336,True,,0.9418431518178654,4.062875952767933,1.4983737560765777,30.0,0.0,3.924000000000003,10.333913803100586,5.7095605135630665,3.0285446911207465,3.9240000000000004,True,AVOIDED,0.0,0.0,0.0,freeze,latency_comp,22260017,oracle,0
enhanced_inflation_d0f,enhanced_inflation,0,30.0,30.0,0.85,3.0,25.0,True,,0.29419141127554926,7.780869947502465,0.8163194591760159,30.0,0.0,8.3385,6.460597991943359,5.0620422871300415,5.062084572133394,8.3385,True,AVOIDED,0.0,0.0,0.0,freeze,latency_comp,22260018,oracle,0
enhanced_inflation_d0f,enhanced_inflation,0,30.0,30.0,0.4,3.0,25.0,True,,0.5253506047229184,3.505575885472131,1.71781762276468,30.0,0.0,3.924000000000003,13.675098419189453,5.293201480577411,2.4079269064192053,3.9240000000000004,True,AVOIDED,0.0,0.0,0.0,freeze,latency_comp,22260019,oracle,0
enhanced_inflation_d0f,enhanced_inflation,0,40.0,40.0,0.85,1.0,11.11111111111111,False,vehicle.ue4.audi.tt,0.0,0.0,0.5860204783936006,26.111952070396136,13.888047929603864,8.338500000000018,0.0,4.901422178437322,11.495372874048266,8.3385,True,COLLISION with vehicle.ue4.audi.tt,0.0,0.0,0.0,freeze,latency_comp,22260020,oracle,0
enhanced_inflation_d0f,enhanced_inflation,0,40.0,40.0,0.4,1.0,11.11111111111111,False,vehicle.ue4.audi.tt,0.0,0.0,0.8751343863809555,22.285855023183085,17.714144976816915,3.9239999999999853,0.0,4.909244541142585,8.74444540734935,3.9240000000000004,True,COLLISION with vehicle.ue4.audi.tt,0.0,0.0,0.0,freeze,latency_comp,22260021,oracle,0
enhanced_inflation_d0f,enhanced_inflation,0,40.0,40.0,0.85,1.5,16.666666666666664,False,vehicle.ue4.audi.tt,0.0,0.0,0.7668801479116261,32.25537331783546,7.744626682164535,8.338500000000018,0.0,4.921803070028571,8.7039707521859,8.3385,True,COLLISION with vehicle.ue4.audi.tt,0.0,0.0,0.0,freeze,latency_comp,22260022,oracle,0
enhanced_inflation_d0f,enhanced_inflation,0,40.0,40.0,0.4,1.5,16.666666666666664,False,vehicle.ue4.audi.tt,0.0,0.0,1.3611490801280475,27.482083481133483,12.517916518866517,3.924000000000003,0.0,4.951553389055348,5.915790807081724,3.9240000000000004,True,COLLISION with vehicle.ue4.audi.tt,0.0,0.0,0.0,freeze,latency_comp,22260023,oracle,0
enhanced_inflation_d0f,enhanced_inflation,0,40.0,40.0,0.85,2.0,22.22222222222222,True,,0.6002957865882967,9.346962418549344,0.9648030947434129,40.0,0.0,8.338500000000018,9.160148620605469,5.36794829535751,6.225995549093826,8.3385,True,AVOIDED,0.0,0.0,0.0,freeze,latency_comp,22260024,oracle,0
enhanced_inflation_d0f,enhanced_inflation,0,40.0,40.0,0.4,2.0,22.22222222222222,False,vehicle.ue4.audi.tt,0.0,0.0,1.6466820579698962,30.693706294651918,9.306293705348084,3.924000000000003,0.0,4.900303038887395,4.461548951861006,3.9240000000000004,True,COLLISION with vehicle.ue4.audi.tt,0.0,0.0,0.0,freeze,latency_comp,22260025,oracle,0
enhanced_inflation_d0f,enhanced_inflation,0,40.0,40.0,0.85,2.5,27.77777777777778,True,,0.6533587054483814,7.86983428045411,1.0887917497618929,40.0,0.0,8.338500000000018,11.35385513305664,5.420942542028935,5.072571981346971,8.3385,True,AVOIDED,0.0,0.0,0.0,freeze,latency_comp,22260026,oracle,0
enhanced_inflation_d0f,enhanced_inflation,0,40.0,40.0,0.4,2.5,27.77777777777778,True,,0.22473378732031257,4.0348039129027935,1.830308034971462,40.0,0.0,3.924000000000003,16.748058319091797,4.992584663174805,3.5819825917865153,3.9240000000000004,True,AVOIDED,0.0,0.0,0.0,freeze,latency_comp,22260027,oracle,0
enhanced_inflation_d0f,enhanced_inflation,0,40.0,40.0,0.85,3.0,33.33333333333333,True,,0.4395047039162101,7.468276649157195,1.0919185986076827,40.0,0.0,8.3385,11.602493286132812,5.207355579770702,5.057943462688225,8.3385,True,AVOIDED,0.0,0.0,0.0,freeze,latency_comp,22260028,oracle,0
enhanced_inflation_d0f,enhanced_inflation,0,40.0,40.0,0.4,3.0,33.33333333333333,True,,1.3676287418873168,4.156008307088312,2.06916558899808,40.0,0.0,3.924000000000003,19.506805419921875,6.135479617741809,2.9146196024850637,3.9240000000000004,True,AVOIDED,0.0,0.0,0.0,freeze,latency_comp,22260029,oracle,0
enhanced_inflation_d0f,enhanced_inflation,0,50.0,50.0,0.85,1.0,13.88888888888889,False,vehicle.ue4.audi.tt,0.0,0.0,0.7150036370294042,30.792265960523615,19.207734039476385,8.338500000000018,0.0,4.940326908904066,11.656256790385925,8.3385,True,COLLISION with vehicle.ue4.audi.tt,0.0,0.0,0.0,freeze,latency_comp,22260030,oracle,0
enhanced_inflation_d0f,enhanced_inflation,0,50.0,50.0,0.4,1.0,13.88888888888889,False,vehicle.ue4.audi.tt,0.0,0.0,1.1156746507584203,27.727970601748236,22.272029398251764,3.9239999999999853,0.0,4.945972692951777,8.734568562735838,3.9240000000000004,True,COLLISION with vehicle.ue4.audi.tt,0.0,0.0,0.0,freeze,latency_comp,22260031,oracle,0
enhanced_inflation_d0f,enhanced_inflation,0,50.0,50.0,0.85,1.5,20.833333333333336,False,vehicle.ue4.audi.tt,0.0,0.0,0.933873266530362,38.29533327042649,11.704666729573512,8.3385,0.0,4.923046597839906,9.260739969812358,8.3385,True,COLLISION with vehicle.ue4.audi.tt,0.0,0.0,0.0,freeze,latency_comp,22260032,oracle,0
enhanced_inflation_d0f,enhanced_inflation,0,50.0,50.0,0.4,1.5,20.833333333333336,False,vehicle.ue4.audi.tt,0.0,0.0,1.5369289512874023,32.81983737624276,17.180162623757237,3.9239999999999853,0.0,4.949837290081252,6.603225939597002,3.9240000000000004,True,COLLISION with vehicle.ue4.audi.tt,0.0,0.0,0.0,freeze,latency_comp,22260033,oracle,0
enhanced_inflation_d0f,enhanced_inflation,0,50.0,50.0,0.85,2.0,27.77777777777778,False,vehicle.ue4.audi.tt,0.0,9.046608840561218,1.086726738283848,48.34038020579261,1.6596197942073845,8.3385,0.0,4.892662520442471,7.2734124472971065,8.3385,True,COLLISION with vehicle.ue4.audi.tt,0.0,0.0,0.0,freeze,latency_comp,22260034,oracle,0
enhanced_inflation_d0f,enhanced_inflation,0,50.0,50.0,0.4,2.0,27.77777777777778,False,vehicle.ue4.audi.tt,0.0,0.0,1.8758773454259712,36.61984502039351,13.380154979606488,3.924000000000003,0.0,4.905060809451481,5.1196161237839455,3.9240000000000004,True,COLLISION with vehicle.ue4.audi.tt,0.0,0.0,0.0,freeze,latency_comp,22260035,oracle,0
enhanced_inflation_d0f,enhanced_inflation,0,50.0,50.0,0.85,2.5,34.72222222222222,True,,0.9758181912868613,8.919709671414221,1.241480175800436,50.0,0.0,8.3385,15.589214324951172,5.743489777096741,5.7556154081535755,8.3385,True,AVOIDED,0.0,0.0,0.0,freeze,latency_comp,22260036,oracle,0
enhanced_inflation_d0f,enhanced_inflation,0,50.0,50.0,0.4,2.5,34.72222222222222,True,,0.6654347344374738,1.9895387537647762,2.136023758828427,50.0,0.0,3.924000000000003,49.71809101104736,5.433285610291966,3.163076172063441,3.9240000000000004,True,AVOIDED,0.0,0.0,0.0,freeze,latency_comp,22260037,oracle,0
enhanced_inflation_d0f,enhanced_inflation,0,50.0,50.0,0.85,3.0,41.66666666666667,False,,0.0,0.0,1.3531075454744064,50.0,0.0,8.338500000000018,0.0,11.480786285804475,5.101627635267165,8.3385,True,NO BRAKE / passed,0.0,0.0,0.0,freeze,latency_comp,22260038,oracle,0
enhanced_inflation_d0f,enhanced_inflation,0,50.0,50.0,0.4,3.0,41.66666666666667,False,,0.0,0.0,2.3817855509097243,50.0,0.0,3.924000000000003,0.0,11.465344495577844,3.4420925262225945,3.9240000000000004,True,NO BRAKE / passed,0.0,0.0,0.0,freeze,latency_comp,22260039,oracle,0
enhanced_inflation_d0f,enhanced_inflation,0,60.0,60.0,0.85,1.0,16.666666666666668,False,vehicle.ue4.audi.tt,0.0,0.0,0.779236315479106,36.41081417270393,23.58918582729607,8.338499999999982,0.0,4.941486360882133,12.394168893449072,8.3385,True,COLLISION with vehicle.ue4.audi.tt,0.0,0.0,0.0,freeze,latency_comp,22260040,oracle,0
enhanced_inflation_d0f,enhanced_inflation,0,60.0,60.0,0.4,1.0,16.666666666666668,False,vehicle.ue4.audi.tt,0.0,0.0,1.2753277910516767,31.203698662878043,28.796301337121957,3.924000000000021,0.0,4.933311464340406,9.064344851678927,3.9240000000000004,True,COLLISION with vehicle.ue4.audi.tt,0.0,0.0,0.0,freeze,latency_comp,22260041,oracle,0
enhanced_inflation_d0f,enhanced_inflation,0,60.0,60.0,0.85,1.5,25.0,False,vehicle.ue4.audi.tt,0.0,0.0,1.040370956767995,43.53636620839888,16.46363379160112,8.338499999999982,0.0,4.933712226200754,10.057867727017856,8.3385,True,COLLISION with vehicle.ue4.audi.tt,0.0,0.0,0.0,freeze,latency_comp,22260042,oracle,0
enhanced_inflation_d0f,enhanced_inflation,0,60.0,60.0,0.4,1.5,25.0,False,vehicle.ue4.audi.tt,0.0,0.0,1.7501210917474403,39.112869261512685,20.887130738487315,3.9239999999999853,0.0,4.910980377212314,7.074063991364279,3.9240000000000004,True,COLLISION with vehicle.ue4.audi.tt,0.0,0.0,0.0,freeze,latency_comp,22260043,oracle,0
enhanced_inflation_d0f,enhanced_inflation,0,60.0,60.0,0.85,2.0,33.333333333333336,False,,0.0,0.0,1.2298864730637769,60.0,0.0,8.338499999999982,0.0,8.334270478618528,8.067643809727066,8.3385,True,NO BRAKE / passed,0.0,0.0,0.0,freeze,latency_comp,22260044,oracle,0
enhanced_inflation_d0f,enhanced_inflation,0,60.0,60.0,0.4,2.0,33.333333333333336,False,,0.0,0.0,2.019492869877779,60.0,0.0,3.9239999999999853,0.0,8.5228309736059,5.808757569441176,3.9240000000000004,True,NO BRAKE / passed,0.0,0.0,0.0,freeze,latency_comp,22260045,oracle,0
enhanced_inflation_d0f,enhanced_inflation,0,60.0,60.0,0.85,2.5,41.66666666666667,False,,0.0,0.0,1.4195777844487656,60.0,0.0,8.338499999999982,0.0,16.840576173372597,6.471743830580835,8.3385,True,NO BRAKE / passed,0.0,0.0,0.0,freeze,latency_comp,22260046,oracle,0
enhanced_inflation_d0f,enhanced_inflation,0,60.0,60.0,0.4,2.5,41.66666666666667,False,,0.0,0.0,2.419692934409362,60.0,0.0,3.9239999999999853,0.0,16.535037994427135,4.655692093493882,3.9240000000000004,True,NO BRAKE / passed,0.0,0.0,0.0,freeze,latency_comp,22260047,oracle,0
enhanced_inflation_d0f,enhanced_inflation,0,60.0,60.0,0.85,3.0,50.0,False,,0.0,0.0,1.5531412837826004,60.0,0.0,3.3354000497013203,0.0,24.612155915762973,5.411479914972096,8.3385,True,NO BRAKE / passed,0.0,0.0,0.0,freeze,latency_comp,22260048,oracle,0
enhanced_inflation_d0f,enhanced_inflation,0,60.0,60.0,0.4,3.0,50.0,False,,0.0,0.0,2.6169477357532394,60.0,0.0,3.9239999999999853,0.0,24.805694581158406,3.978260606222062,3.9240000000000004,True,NO BRAKE / passed,0.0,0.0,0.0,freeze,latency_comp,22260049,oracle,0
enhanced_inflation_d4f,enhanced_inflation,4,20.0,20.0,0.85,1.0,5.555555555555555,False,vehicle.ue4.audi.tt,0.0,0.0,0.05722246026096926,6.1000953044509085,13.899904695549091,8.3385,0.0,4.919994356245333,20.153862269258916,8.3385,True,COLLISION with vehicle.ue4.audi.tt,0.0,0.0,0.0,freeze,latency_comp,22300000,oracle,4
enhanced_inflation_d4f,enhanced_inflation,4,20.0,20.0,0.4,1.0,5.555555555555555,False,vehicle.ue4.audi.tt,0.0,0.0,0.057135483752375454,5.947136394932967,14.052863605067033,3.924000000000003,0.0,4.920785912429067,20.168468944716388,3.9240000000000004,True,COLLISION with vehicle.ue4.audi.tt,0.0,0.0,0.0,freeze,latency_comp,22300001,oracle,4
enhanced_inflation_d4f,enhanced_inflation,4,20.0,20.0,0.85,1.5,8.333333333333332,False,vehicle.ue4.audi.tt,0.0,0.0,0.30504172513748773,14.37384713237124,5.626152867628759,8.3385,0.0,4.911247260978475,9.815299911905292,8.3385,True,COLLISION with vehicle.ue4.audi.tt,0.0,0.0,0.0,freeze,latency_comp,22300002,oracle,4
enhanced_inflation_d4f,enhanced_inflation,4,20.0,20.0,0.4,1.5,8.333333333333332,False,vehicle.ue4.audi.tt,0.0,0.0,0.4592323924779044,12.741096992384833,7.258903007615167,3.924000000000003,0.0,4.927843094973499,7.189607459842525,3.9240000000000004,True,COLLISION with vehicle.ue4.audi.tt,0.0,0.0,0.0,freeze,latency_comp,22300003,oracle,4
enhanced_inflation_d4f,enhanced_inflation,4,20.0,20.0,0.85,2.0,11.11111111111111,True,,0.7988567356588785,10.452476924335333,0.5314333532093125,20.0,0.0,8.3385,2.132476806640625,5.56661224407878,5.162627905783898,8.3385,True,AVOIDED,0.0,0.0,0.0,freeze,latency_comp,22300004,oracle,4
enhanced_inflation_d4f,enhanced_inflation,4,20.0,20.0,0.4,2.0,11.11111111111111,False,vehicle.ue4.audi.tt,0.0,0.0,0.6828484292351257,16.660786186785124,3.339213813214876,3.924000000000003,0.0,4.891941080466222,4.028363213296373,3.9240000000000004,True,COLLISION with vehicle.ue4.audi.tt,0.0,0.0,0.0,freeze,latency_comp,22300005,oracle,4
enhanced_inflation_d4f,enhanced_inflation,4,20.0,20.0,0.85,2.5,13.88888888888889,True,,0.6948566441113062,8.554562205055364,0.636171537295259,20.0,0.0,8.3385,2.813692092895508,5.4624938969280095,4.313072164980303,8.3385,True,AVOIDED,0.0,0.0,0.0,freeze,latency_comp,22300006,oracle,4
enhanced_inflation_d4f,enhanced_inflation,4,20.0,20.0,0.4,2.5,13.88888888888889,True,,0.9392528629050876,4.260891161849628,1.0355098279193846,20.0,0.0,3.924000000000003,4.772548675537109,5.70710373875958,2.649509616639278,3.9240000000000004,True,AVOIDED,0.0,0.0,0.0,freeze,latency_comp,22300007,oracle,4
enhanced_inflation_d4f,enhanced_inflation,4,20.0,20.0,0.85,3.0,16.666666666666664,True,,0.7169399490214667,8.554188942423426,0.6401238700984482,20.0,0.0,8.3385,2.8137969970703125,5.484579109265784,4.286126937250139,8.3385,True,AVOIDED,0.0,0.0,0.0,freeze,latency_comp,22300008,oracle,4
enhanced_inflation_d4f,enhanced_inflation,4,20.0,20.0,0.4,3.0,16.666666666666664,True,,0.7418937803701686,3.073089506264018,1.2928896845158682,20.0,0.0,3.924000000000003,6.370655059814453,5.509744656224661,2.127927106193589,3.9240000000000004,True,AVOIDED,0.0,0.0,0.0,freeze,latency_comp,22300009,oracle,4
enhanced_inflation_d4f,enhanced_inflation,4,30.0,30.0,0.85,1.0,8.333333333333334,False,vehicle.ue4.audi.tt,0.0,0.0,0.27496747901223834,15.386234670407227,14.613765329592773,8.3385,0.0,4.8974018249040965,16.148934687260546,8.3385,True,COLLISION with vehicle.ue4.audi.tt,0.0,0.0,0.0,freeze,latency_comp,22300010,oracle,4
enhanced_inflation_d4f,enhanced_inflation,4,30.0,30.0,0.4,1.0,8.333333333333334,False,vehicle.ue4.audi.tt,0.0,0.0,0.42515735165662744,14.591008750336742,15.408991249663258,3.924000000000003,0.0,4.898139955772411,11.618864231267963,3.9240000000000004,True,COLLISION with vehicle.ue4.audi.tt,0.0,0.0,0.0,freeze,latency_comp,22300011,oracle,4
enhanced_inflation_d4f,enhanced_inflation,4,30.0,30.0,0.85,1.5,12.5,False,vehicle.ue4.audi.tt,0.0,0.0,0.5143019638966755,22.704838209954428,7.295161790045572,8.3385,0.0,4.912614955129739,9.029344869326438,8.3385,True,COLLISION with vehicle.ue4.audi.tt,0.0,0.0,0.0,freeze,latency_comp,22300012,oracle,4
enhanced_inflation_d4f,enhanced_inflation,4,30.0,30.0,0.4,1.5,12.5,False,vehicle.ue4.audi.tt,0.0,0.0,0.7589407973073076,19.45500491387915,10.544995086120851,3.924000000000003,0.0,4.90186119088795,6.785384143611856,3.9240000000000004,True,COLLISION with vehicle.ue4.audi.tt,0.0,0.0,0.0,freeze,latency_comp,22300013,oracle,4
enhanced_inflation_d4f,enhanced_inflation,4,30.0,30.0,0.85,2.0,16.666666666666668,True,,1.2835369453006171,9.288734105450716,0.7088844496937126,30.0,0.0,8.3385,4.582427978515625,6.051216159931589,5.829054007611869,8.3385,True,AVOIDED,0.0,0.0,0.0,freeze,latency_comp,22300014,oracle,4
enhanced_inflation_d4f,enhanced_inflation,4,30.0,30.0,0.4,2.0,16.666666666666668,False,vehicle.ue4.audi.tt,0.0,0.0,1.092987038489153,23.403308911676586,6.596691088323414,3.924000000000003,0.0,4.897254981113478,4.299092695669043,3.9240000000000004,True,COLLISION with vehicle.ue4.audi.tt,0.0,0.0,0.0,freeze,latency_comp,22300015,oracle,4
enhanced_inflation_d4f,enhanced_inflation,4,30.0,30.0,0.85,2.5,20.833333333333336,True,,1.0922603785783007,7.780869947502465,0.9127507839480223,30.0,0.0,8.3385,6.460596084594727,5.860111254432793,4.527196259922024,8.3385,True,AVOIDED,0.0,0.0,0.0,freeze,latency_comp,22300016,oracle,4
enhanced_inflation_d4f,enhanced_inflation,4,30.0,30.0,0.4,2.5,20.833333333333336,True,,1.2806072236002297,4.06309473705094,1.2612129627816788,30.0,0.0,3.924000000000003,9.166522979736328,6.048320770354463,3.2734973445001367,3.9240000000000004,True,AVOIDED,0.0,0.0,0.0,freeze,latency_comp,22300017,oracle,4
enhanced_inflation_d4f,enhanced_inflation,4,30.0,30.0,0.85,3.0,25.0,True,,1.1228313448254514,7.780869947502465,0.9164609805219959,30.0,0.0,8.3385,6.460597991943359,5.890682220679944,4.508951504545105,8.3385,True,AVOIDED,0.0,0.0,0.0,freeze,latency_comp,22300018,oracle,4
enhanced_inflation_d4f,enhanced_inflation,4,30.0,30.0,0.4,3.0,25.0,True,,1.50046766760234,4.199970263882409,1.6644315444894489,30.0,0.0,3.924000000000003,12.285846710205078,6.268318543456832,2.480632800615596,3.9240000000000004,True,AVOIDED,0.0,0.0,0.0,freeze,latency_comp,22300019,oracle,4
enhanced_inflation_d4f,enhanced_inflation,4,40.0,40.0,0.85,1.0,11.11111111111111,False,vehicle.ue4.audi.tt,0.0,0.0,0.42836359865602264,23.567648370433236,16.432351629566764,8.338500000000018,0.0,4.9433513657069685,14.536524524624063,8.3385,True,COLLISION with vehicle.ue4.audi.tt,0.0,0.0,0.0,freeze,latency_comp,22300020,oracle,4
enhanced_inflation_d4f,enhanced_inflation,4,40.0,40.0,0.4,1.0,11.11111111111111,False,vehicle.ue4.audi.tt,0.0,0.0,0.671780394671066,21.782979222335705,18.217020777664295,3.9239999999999853,0.0,4.913949976025801,10.40951841520249,3.9240000000000004,True,COLLISION with vehicle.ue4.audi.tt,0.0,0.0,0.0,freeze,latency_comp,22300021,oracle,4
enhanced_inflation_d4f,enhanced_inflation,4,40.0,40.0,0.85,1.5,16.666666666666664,False,vehicle.ue4.audi.tt,0.0,0.0,0.6904426780288755,30.785244477328355,9.214755522671645,8.338500000000018,0.0,4.920543567279192,9.446869798020717,8.3385,True,COLLISION with vehicle.ue4.audi.tt,0.0,0.0,0.0,freeze,latency_comp,22300022,oracle,4
enhanced_inflation_d4f,enhanced_inflation,4,40.0,40.0,0.4,1.5,16.666666666666664,False,vehicle.ue4.audi.tt,0.0,0.0,1.0350812993606475,25.633739778743617,14.366260221256383,3.924000000000003,0.0,4.902866419378012,7.042388483023219,3.9240000000000004,True,COLLISION with vehicle.ue4.audi.tt,0.0,0.0,0.0,freeze,latency_comp,22300023,oracle,4
enhanced_inflation_d4f,enhanced_inflation,4,40.0,40.0,0.85,2.0,22.22222222222222,True,,0.9524594388698091,9.098956346819167,0.8840218260218048,40.0,0.0,8.338500000000018,8.255451202392578,5.720199692671725,6.604610505597733,8.3385,True,AVOIDED,0.0,0.0,0.0,freeze,latency_comp,22300024,oracle,4
enhanced_inflation_d4f,enhanced_inflation,4,40.0,40.0,0.4,2.0,22.22222222222222,False,vehicle.ue4.audi.tt,0.0,0.0,1.3221798347787659,29.317164014097507,10.682835985902493,3.924000000000003,0.0,4.900818111465578,5.074699306633776,3.9240000000000004,True,COLLISION with vehicle.ue4.audi.tt,0.0,0.0,0.0,freeze,latency_comp,22300025,oracle,4
enhanced_inflation_d4f,enhanced_inflation,4,40.0,40.0,0.85,2.5,27.77777777777778,True,,1.7131198435958082,8.934876766918954,1.0887917497618929,40.0,0.0,8.338500000000018,10.294078826904297,6.4809707194503,5.072571981346971,8.3385,True,AVOIDED,0.0,0.0,0.0,freeze,latency_comp,22300026,oracle,4
enhanced_inflation_d4f,enhanced_inflation,4,40.0,40.0,0.4,2.5,27.77777777777778,False,vehicle.ue4.audi.tt,0.0,0.0,1.6130593525943175,34.928676328268864,5.07132367173114,3.924000000000003,0.0,4.9070439319367285,3.8324408143761275,3.9240000000000004,True,COLLISION with vehicle.ue4.audi.tt,0.0,0.0,0.0,freeze,latency_comp,22300027,oracle,4
enhanced_inflation_d4f,enhanced_inflation,4,40.0,40.0,0.85,3.0,33.33333333333333,True,,1.543418366179334,7.468276649157195,1.192012034128367,40.0,0.0,8.3385,11.602497100830078,6.311269242033826,4.633194846641852,8.3385,True,AVOIDED,0.0,0.0,0.0,freeze,latency_comp,22300028,oracle,4
enhanced_inflation_d4f,enhanced_inflation,4,40.0,40.0,0.4,3.0,33.33333333333333,True,,2.708570929521602,4.102446335093867,1.85173096058512,40.0,0.0,3.924000000000003,17.06191635131836,7.476288290979818,3.0807694101314844,3.9240000000000004,True,AVOIDED,0.0,0.0,0.0,freeze,latency_comp,22300029,oracle,4
enhanced_inflation_d4f,enhanced_inflation,4,50.0,50.0,0.85,1.0,13.88888888888889,False,vehicle.ue4.audi.tt,0.0,0.0,0.5544114156030313,28.345584908298953,21.654415091701047,8.338499999999982,0.0,4.925739460407194,14.01783036485844,8.3385,True,COLLISION with vehicle.ue4.audi.tt,0.0,0.0,0.0,freeze,latency_comp,22300030,oracle,4
enhanced_inflation_d4f,enhanced_inflation,4,50.0,50.0,0.4,1.0,13.88888888888889,False,vehicle.ue4.audi.tt,0.0,0.0,0.8984787359117183,25.83603468353175,24.16396531646825,3.9239999999999853,0.0,4.946925797274312,9.98740175958525,3.9240000000000004,True,COLLISION with vehicle.ue4.audi.tt,0.0,0.0,0.0,freeze,latency_comp,22300031,oracle,4
enhanced_inflation_d4f,enhanced_inflation,4,50.0,50.0,0.85,1.5,20.833333333333336,False,vehicle.ue4.audi.tt,0.0,0.0,0.7749540304108004,36.44645484104854,13.553545158951458,8.3385,0.0,4.938816560396613,10.686722637107561,8.3385,True,COLLISION with vehicle.ue4.audi.tt,0.0,0.0,0.0,freeze,latency_comp,22300032,oracle,4
enhanced_inflation_d4f,enhanced_inflation,4,50.0,50.0,0.4,1.5,20.833333333333336,False,vehicle.ue4.audi.tt,0.0,0.0,1.3099285833264835,31.831514642578547,18.168485357421453,3.9239999999999853,0.0,4.935969298461431,7.301587220678324,3.9240000000000004,True,COLLISION with vehicle.ue4.audi.tt,0.0,0.0,0.0,freeze,latency_comp,22300033,oracle,4
enhanced_inflation_d4f,enhanced_inflation,4,50.0,50.0,0.85,2.0,27.77777777777778,False,vehicle.ue4.audi.tt,0.0,9.082044514181572,1.007924693875641,45.80960576218099,4.19039423781901,8.3385,0.0,4.903973099257419,7.679605927353897,8.3385,True,COLLISION with vehicle.ue4.audi.tt,0.0,0.0,0.0,freeze,latency_comp,22300034,oracle,4
enhanced_inflation_d4f,enhanced_inflation,4,50.0,50.0,0.4,2.0,27.77777777777778,False,vehicle.ue4.audi.tt,0.0,0.0,1.5380030540665015,34.886301972112605,15.113698027887398,3.9239999999999853,0.0,4.960713016224427,5.759328130792308,3.9240000000000004,True,COLLISION with vehicle.ue4.audi.tt,0.0,0.0,0.0,freeze,latency_comp,22300035,oracle,4
enhanced_inflation_d4f,enhanced_inflation,4,50.0,50.0,0.85,2.5,34.72222222222222,True,,2.8737209933609167,9.046608840561218,1.1641888683079369,50.0,0.0,8.3385,13.001079559326172,7.641571869215409,6.002809650617584,8.3385,True,AVOIDED,0.0,0.0,0.0,freeze,latency_comp,22300036,oracle,4
enhanced_inflation_d4f,enhanced_inflation,4,50.0,50.0,0.4,2.5,34.72222222222222,False,vehicle.ue4.audi.tt,0.0,0.0,1.8801603817024044,39.131829091684494,10.86817090831551,3.924000000000003,0.0,4.941558898683221,4.4464088089142955,3.9240000000000004,True,COLLISION with vehicle.ue4.audi.tt,0.0,0.0,0.0,freeze,latency_comp,22300037,oracle,4
enhanced_inflation_d4f,enhanced_inflation,4,50.0,50.0,0.85,3.0,41.66666666666667,False,,0.0,0.0,1.4530997856389787,50.0,0.0,8.338499999999982,0.0,11.46332641915059,4.750540774761954,8.3385,True,NO BRAKE / passed,0.0,0.0,0.0,freeze,latency_comp,22300038,oracle,4
enhanced_inflation_d4f,enhanced_inflation,4,50.0,50.0,0.4,3.0,41.66666666666667,False,,0.0,0.0,2.0524996745137263,50.0,0.0,3.924000000000003,0.0,11.157777522773918,3.7212064494899613,3.9240000000000004,True,NO BRAKE / passed,0.0,0.0,0.0,freeze,latency_comp,22300039,oracle,4
enhanced_inflation_d4f,enhanced_inflation,4,60.0,60.0,0.85,1.0,16.666666666666668,False,vehicle.ue4.audi.tt,0.0,0.0,0.6972039022124866,34.09528431409023,25.90471568590977,8.338499999999982,0.0,4.944011778017584,13.382846284619038,8.3385,True,COLLISION with vehicle.ue4.audi.tt,0.0,0.0,0.0,freeze,latency_comp,22300040,oracle,4
enhanced_inflation_d4f,enhanced_inflation,4,60.0,60.0,0.4,1.0,16.666666666666668,False,vehicle.ue4.audi.tt,0.0,0.0,1.0552988735575157,29.611762567740485,30.388237432259515,3.924000000000021,0.0,4.89839935909956,10.149838241248757,3.9240000000000004,True,COLLISION with vehicle.ue4.audi.tt,0.0,0.0,0.0,freeze,latency_comp,22300041,oracle,4
enhanced_inflation_d4f,enhanced_inflation,4,60.0,60.0,0.85,1.5,25.0,False,vehicle.ue4.audi.tt,0.0,0.0,0.9593648605369312,43.44314842889367,16.55685157110633,8.338499999999982,0.0,4.969749527837435,10.70686844376313,8.3385,True,COLLISION with vehicle.ue4.audi.tt,0.0,0.0,0.0,freeze,latency_comp,22300042,oracle,4
enhanced_inflation_d4f,enhanced_inflation,4,60.0,60.0,0.4,1.5,25.0,False,vehicle.ue4.audi.tt,0.0,0.0,1.4103526953015952,37.847532039247476,22.152467960752524,3.924000000000021,0.0,4.992806103667042,8.099723429983012,3.9240000000000004,True,COLLISION with vehicle.ue4.audi.tt,0.0,0.0,0.0,freeze,latency_comp,22300043,oracle,4
enhanced_inflation_d4f,enhanced_inflation,4,60.0,60.0,0.85,2.0,33.333333333333336,False,,0.0,0.0,1.1504291571046956,60.0,0.0,8.338499999999982,0.0,8.164550782562365,8.477631636759062,8.3385,True,NO BRAKE / passed,0.0,0.0,0.0,freeze,latency_comp,22300044,oracle,4
enhanced_inflation_d4f,enhanced_inflation,4,60.0,60.0,0.4,2.0,33.333333333333336,False,,0.0,0.0,1.7927289548576006,60.0,0.0,3.9239999999999853,0.0,8.035083772898473,6.245915296834923,3.9240000000000004,True,NO BRAKE / passed,0.0,0.0,0.0,freeze,latency_comp,22300045,oracle,4
enhanced_inflation_d4f,enhanced_inflation,4,60.0,60.0,0.85,2.5,41.66666666666667,False,,0.0,0.0,1.3386015800032642,60.0,0.0,8.338499999999982,0.0,16.79798507840569,6.7368093047116115,8.3385,True,NO BRAKE / passed,0.0,0.0,0.0,freeze,latency_comp,22300046,oracle,4
enhanced_inflation_d4f,enhanced_inflation,4,60.0,60.0,0.4,2.5,41.66666666666667,False,,0.0,0.0,2.069123486151997,60.0,0.0,3.9239999999999853,0.0,16.798889161578934,5.085208196569738,3.9240000000000004,True,NO BRAKE / passed,0.0,0.0,0.0,freeze,latency_comp,22300047,oracle,4
enhanced_inflation_d4f,enhanced_inflation,4,60.0,60.0,0.85,3.0,50.0,False,,0.0,0.0,1.482116636413701,60.0,0.0,3.3354000497013203,0.0,24.549701692144282,5.593371659160495,8.3385,True,NO BRAKE / passed,0.0,0.0,0.0,freeze,latency_comp,22300048,oracle,4
enhanced_inflation_d4f,enhanced_inflation,4,60.0,60.0,0.4,3.0,50.0,False,,0.0,0.0,2.387588197661798,60.0,0.0,3.9239999999999853,0.0,25.216018678356622,4.177987298592064,3.9240000000000004,True,NO BRAKE / passed,0.0,0.0,0.0,freeze,latency_comp,22300049,oracle,4
enhanced_inflation_d8f,enhanced_inflation,8,20.0,20.0,0.85,1.0,5.555555555555555,False,vehicle.ue4.audi.tt,0.0,0.0,0.0,5.713282639162758,14.286717360837242,0.0,0.0,4.9217739122693045,0.0,8.3385,True,COLLISION with vehicle.ue4.audi.tt,0.0,0.0,0.0,freeze,latency_comp,22340000,oracle,8
enhanced_inflation_d8f,enhanced_inflation,8,20.0,20.0,0.4,1.0,5.555555555555555,False,vehicle.ue4.audi.tt,0.0,0.0,0.0,5.715610086983789,14.284389913016211,0.0,0.0,4.9218521202430665,0.0,3.9240000000000004,True,COLLISION with vehicle.ue4.audi.tt,0.0,0.0,0.0,freeze,latency_comp,22340001,oracle,8
enhanced_inflation_d8f,enhanced_inflation,8,20.0,20.0,0.85,1.5,8.333333333333332,False,vehicle.ue4.audi.tt,0.0,0.0,0.17807220738880356,12.099095990377613,7.900904009622386,8.3385,0.0,4.921480182265924,15.447662962431233,8.3385,True,COLLISION with vehicle.ue4.audi.tt,0.0,0.0,0.0,freeze,latency_comp,22340002,oracle,8
enhanced_inflation_d8f,enhanced_inflation,8,20.0,20.0,0.4,1.5,8.333333333333332,False,vehicle.ue4.audi.tt,0.0,0.0,0.23675886364513654,11.424340873944422,8.575659126055578,3.924000000000003,0.0,4.924751295747077,12.062440079350777,3.9240000000000004,True,COLLISION with vehicle.ue4.audi.tt,0.0,0.0,0.0,freeze,latency_comp,22340003,oracle,8
enhanced_inflation_d8f,enhanced_inflation,8,20.0,20.0,0.85,2.0,11.11111111111111,True,,0.5227642070644167,10.451062472590998,0.4827745193080101,20.0,0.0,8.3385,2.133472442626953,5.29040718372801,5.698654168599768,8.3385,True,AVOIDED,0.0,0.0,0.0,freeze,latency_comp,22340004,oracle,8
enhanced_inflation_d8f,enhanced_inflation,8,20.0,20.0,0.4,2.0,11.11111111111111,False,vehicle.ue4.audi.tt,0.0,0.0,0.5826851103844669,14.726480352082195,5.273519647917806,3.924000000000003,0.0,4.9078922409603996,4.7209387213760765,3.9240000000000004,True,COLLISION with vehicle.ue4.audi.tt,0.0,0.0,0.0,freeze,latency_comp,22340005,oracle,8
enhanced_inflation_d8f,enhanced_inflation,8,20.0,20.0,0.85,2.5,13.88888888888889,True,,1.5210056307824447,8.557492011954135,0.7880177238045145,20.0,0.0,8.3385,2.8141002655029297,6.2887039187486105,3.491261617520859,8.3385,True,AVOIDED,0.0,0.0,0.0,freeze,latency_comp,22340006,oracle,8
enhanced_inflation_d8f,enhanced_inflation,8,20.0,20.0,0.4,2.5,13.88888888888889,True,,0.9935283754155915,4.021513667476489,0.9346683715697507,20.0,0.0,3.924000000000003,4.167112350463867,5.761243829530945,2.9333916901798127,3.9240000000000004,True,AVOIDED,0.0,0.0,0.0,freeze,latency_comp,22340007,oracle,8
enhanced_inflation_d8f,enhanced_inflation,8,20.0,20.0,0.85,3.0,16.666666666666664,True,,1.5428314391121312,8.55596941088747,0.7919876203203601,20.0,0.0,8.3385,2.814725875854492,6.310529727094558,3.4737809898067047,8.3385,True,AVOIDED,0.0,0.0,0.0,freeze,latency_comp,22340008,oracle,8
enhanced_inflation_d8f,enhanced_inflation,8,20.0,20.0,0.4,3.0,16.666666666666664,True,,1.4958477087911,4.053600425336805,1.292683738941427,20.0,0.0,3.924000000000003,5.615571975708008,6.263551718801025,2.1282661194156223,3.9240000000000004,True,AVOIDED,0.0,0.0,0.0,freeze,latency_comp,22340009,oracle,8
enhanced_inflation_d8f,enhanced_inflation,8,30.0,30.0,0.85,1.0,8.333333333333334,False,vehicle.ue4.audi.tt,0.0,0.0,0.14713296702742845,13.921374795900359,16.07862520409964,8.3385,0.0,4.934108734136395,26.520867452336336,8.3385,True,COLLISION with vehicle.ue4.audi.tt,0.0,0.0,0.0,freeze,latency_comp,22340010,oracle,8
enhanced_inflation_d8f,enhanced_inflation,8,30.0,30.0,0.4,1.0,8.333333333333334,False,vehicle.ue4.audi.tt,0.0,0.0,0.20879411724674118,13.670084339521416,16.329915660478584,3.924000000000003,0.0,4.933050155746213,20.082929083023885,3.9240000000000004,True,COLLISION with vehicle.ue4.audi.tt,0.0,0.0,0.0,freeze,latency_comp,22340011,oracle,8
enhanced_inflation_d8f,enhanced_inflation,8,30.0,30.0,0.85,1.5,12.5,False,vehicle.ue4.audi.tt,0.0,0.0,0.37553965908684045,20.564092837814744,9.435907162185256,8.3385,0.0,4.906389348496784,11.674498163420092,8.3385,True,COLLISION with vehicle.ue4.audi.tt,0.0,0.0,0.0,freeze,latency_comp,22340012,oracle,8
enhanced_inflation_d8f,enhanced_inflation,8,30.0,30.0,0.4,1.5,12.5,False,vehicle.ue4.audi.tt,0.0,0.0,0.5905298357106631,18.1105263988056,11.8894736011944,3.924000000000003,0.0,4.901607517364741,8.131952847118997,3.9240000000000004,True,COLLISION with vehicle.ue4.audi.tt,0.0,0.0,0.0,freeze,latency_comp,22340013,oracle,8
enhanced_inflation_d8f,enhanced_inflation,8,30.0,30.0,0.85,2.0,16.666666666666668,True,,0.6431789619147219,9.7657507301663,0.6589367399737605,30.0,0.0,8.3385,4.809070587158203,5.411029837769214,6.272553486684185,8.3385,True,AVOIDED,0.0,0.0,0.0,freeze,latency_comp,22340014,oracle,8
enhanced_inflation_d8f,enhanced_inflation,8,30.0,30.0,0.4,2.0,16.666666666666668,False,vehicle.ue4.audi.tt,0.0,0.0,0.8267539622755274,21.802483981686784,8.197516018313218,3.924000000000003,0.0,4.928100599544208,5.109567438350352,3.9240000000000004,True,COLLISION with vehicle.ue4.audi.tt,0.0,0.0,0.0,freeze,latency_comp,22340015,oracle,8
enhanced_inflation_d8f,enhanced_inflation,8,30.0,30.0,0.85,2.5,20.833333333333336,True,,2.2884693183493754,9.285695779464724,0.9628084849722857,30.0,0.0,8.3385,5.678121566772461,7.056095127080929,4.292894237196518,8.3385,True,AVOIDED,0.0,0.0,0.0,freeze,latency_comp,22340016,oracle,8
enhanced_inflation_d8f,enhanced_inflation,8,30.0,30.0,0.4,2.5,20.833333333333336,True,,0.2139453892671499,4.1532194983457815,1.1613928394179314,30.0,0.0,3.924000000000003,9.405715942382812,4.981796265121642,3.555079162105543,3.9240000000000004,True,AVOIDED,0.0,0.0,0.0,freeze,latency_comp,22340017,oracle,8
enhanced_inflation_d8f,enhanced_inflation,8,30.0,30.0,0.85,3.0,25.0,True,,2.1750126984284845,7.324581235358885,1.0663640089070623,30.0,0.0,8.3385,6.648410797119141,6.942634692620442,3.8760254708609656,8.3385,True,AVOIDED,0.0,0.0,0.0,freeze,latency_comp,22340018,oracle,8
enhanced_inflation_d8f,enhanced_inflation,8,30.0,30.0,0.4,3.0,25.0,True,,2.442804368384227,4.200465578948447,1.5176576727164632,30.0,0.0,3.924000000000003,10.102746963500977,7.210655244238719,2.725564425060676,3.9240000000000004,True,AVOIDED,0.0,0.0,0.0,freeze,latency_comp,22340019,oracle,8
enhanced_inflation_d8f,enhanced_inflation,8,40.0,40.0,0.85,1.0,11.11111111111111,False,vehicle.ue4.audi.tt,0.0,0.0,0.29138893269407573,20.86619068461939,19.13380931538061,8.338499999999982,0.0,4.940511595449926,19.697833438194106,8.3385,True,COLLISION with vehicle.ue4.audi.tt,0.0,0.0,0.0,freeze,latency_comp,22340020,oracle,8
enhanced_inflation_d8f,enhanced_inflation,8,40.0,40.0,0.4,1.0,11.11111111111111,False,vehicle.ue4.audi.tt,0.0,0.0,0.42830875586010175,19.698152999225034,20.301847000774966,3.9239999999999853,0.0,4.944576263737118,14.540971215204054,3.9240000000000004,True,COLLISION with vehicle.ue4.audi.tt,0.0,0.0,0.0,freeze,latency_comp,22340021,oracle,8
enhanced_inflation_d8f,enhanced_inflation,8,40.0,40.0,0.85,1.5,16.666666666666664,False,vehicle.ue4.audi.tt,0.0,0.0,0.5450646553944254,27.733575921701856,12.266424078298142,8.338500000000018,0.0,4.936035804278743,11.409760344220889,8.3385,True,COLLISION with vehicle.ue4.audi.tt,0.0,0.0,0.0,freeze,latency_comp,22340022,oracle,8
enhanced_inflation_d8f,enhanced_inflation,8,40.0,40.0,0.4,1.5,16.666666666666664,False,vehicle.ue4.audi.tt,0.0,0.0,0.8520624426314649,25.016297416235194,14.983702583764806,3.9239999999999853,0.0,4.911373198428806,8.067244437805982,3.9240000000000004,True,COLLISION with vehicle.ue4.audi.tt,0.0,0.0,0.0,freeze,latency_comp,22340023,oracle,8
enhanced_inflation_d8f,enhanced_inflation,8,40.0,40.0,0.85,2.0,22.22222222222222,False,vehicle.ue4.audi.tt,0.0,9.585088154219896,0.7344843835980671,36.290816187385474,3.709183812614524,8.338500000000018,0.0,4.903573355685012,7.517613064934764,8.3385,True,COLLISION with vehicle.ue4.audi.tt,0.0,0.0,0.0,freeze,latency_comp,22340024,oracle,8
enhanced_inflation_d8f,enhanced_inflation,8,40.0,40.0,0.4,2.0,22.22222222222222,False,vehicle.ue4.audi.tt,0.0,0.0,1.1338110003088078,27.58952949413836,12.410470505861639,3.924000000000003,0.0,4.900413697217125,5.5914424315902735,3.9240000000000004,True,COLLISION with vehicle.ue4.audi.tt,0.0,0.0,0.0,freeze,latency_comp,22340025,oracle,8
enhanced_inflation_d8f,enhanced_inflation,8,40.0,40.0,0.85,2.5,27.77777777777778,True,,2.5923264790527627,8.932183749259751,1.0365747024696361,40.0,0.0,8.338500000000018,8.862327575683594,7.360177354907255,5.318581237936966,8.3385,True,AVOIDED,0.0,0.0,0.0,freeze,latency_comp,22340026,oracle,8
enhanced_inflation_d8f,enhanced_inflation,8,40.0,40.0,0.4,2.5,27.77777777777778,False,vehicle.ue4.audi.tt,0.0,0.0,1.331244599850116,32.38629791560165,7.6137020843983505,3.924000000000003,0.0,4.927330507752425,4.28528018479586,3.9240000000000004,True,COLLISION with vehicle.ue4.audi.tt,0.0,0.0,0.0,freeze,latency_comp,22340027,oracle,8
enhanced_inflation_d8f,enhanced_inflation,8,40.0,40.0,0.85,3.0,33.33333333333333,True,,2.7056740427145094,6.832836046534575,1.3393813612016108,40.0,0.0,8.3385,12.095584869384766,7.4733456352370045,4.116043734499808,8.3385,True,AVOIDED,0.0,0.0,0.0,freeze,latency_comp,22340028,oracle,8
enhanced_inflation_d8f,enhanced_inflation,8,40.0,40.0,0.4,3.0,33.33333333333333,True,,1.36587788923498,4.034805509809636,1.6389487007534123,40.0,0.0,3.924000000000003,16.74805450439453,6.133728765089472,3.3632653898082356,3.9240000000000004,True,AVOIDED,0.0,0.0,0.0,freeze,latency_comp,22340029,oracle,8
enhanced_inflation_d8f,enhanced_inflation,8,50.0,50.0,0.85,1.0,13.88888888888889,False,vehicle.ue4.audi.tt,0.0,0.0,0.4118671796926558,25.264357466809845,24.735642533190155,8.338499999999982,0.0,4.910854396844198,17.594665893404713,8.3385,True,COLLISION with vehicle.ue4.audi.tt,0.0,0.0,0.0,freeze,latency_comp,22340030,oracle,8
enhanced_inflation_d8f,enhanced_inflation,8,50.0,50.0,0.4,1.0,13.88888888888889,False,vehicle.ue4.audi.tt,0.0,0.0,0.6320142621930446,23.87129005047151,26.12870994952849,3.9239999999999853,0.0,4.912542229189876,12.735317639125032,3.9240000000000004,True,COLLISION with vehicle.ue4.audi.tt,0.0,0.0,0.0,freeze,latency_comp,22340031,oracle,8
enhanced_inflation_d8f,enhanced_inflation,8,50.0,50.0,0.85,1.5,20.833333333333336,False,vehicle.ue4.audi.tt,0.0,0.0,0.7009936714839048,34.69727121605585,15.302728783944143,8.338499999999982,0.0,4.915314209795964,11.579504393377364,8.3385,True,COLLISION with vehicle.ue4.audi.tt,0.0,0.0,0.0,freeze,latency_comp,22340032,oracle,8
enhanced_inflation_d8f,enhanced_inflation,8,50.0,50.0,0.4,1.5,20.833333333333336,False,vehicle.ue4.audi.tt,0.0,0.0,1.0189152172125318,30.47380788765072,19.52619211234928,3.9239999999999853,0.0,4.9381864685247905,8.683544651631701,3.9240000000000004,True,COLLISION with vehicle.ue4.audi.tt,0.0,0.0,0.0,freeze,latency_comp,22340033,oracle,8
enhanced_inflation_d8f,enhanced_inflation,8,50.0,50.0,0.85,2.0,27.77777777777778,False,vehicle.ue4.audi.tt,0.0,0.0,0.8590948234303987,39.58556573101917,10.414434268980829,8.3385,0.0,4.901901722833737,8.647817270991617,8.3385,True,COLLISION with vehicle.ue4.audi.tt,0.0,0.0,0.0,freeze,latency_comp,22340034,oracle,8
enhanced_inflation_d8f,enhanced_inflation,8,50.0,50.0,0.4,2.0,27.77777777777778,False,vehicle.ue4.audi.tt,0.0,0.0,1.3440342832001777,33.93701641773204,16.062983582267965,3.9239999999999853,0.0,4.92251419939551,6.280907031800762,3.9240000000000004,True,COLLISION with vehicle.ue4.audi.tt,0.0,0.0,0.0,freeze,latency_comp,22340035,oracle,8
enhanced_inflation_d8f,enhanced_inflation,8,50.0,50.0,0.85,2.5,34.72222222222222,True,,1.796244792739535,8.608014003394208,1.09991227740453,50.0,0.0,8.338500000000018,13.388328552246094,6.563924007525714,6.275687282463629,8.3385,True,AVOIDED,0.0,0.0,0.0,freeze,latency_comp,22340036,oracle,8
enhanced_inflation_d8f,enhanced_inflation,8,50.0,50.0,0.4,2.5,34.72222222222222,False,vehicle.ue4.audi.tt,0.0,0.0,1.5819599028718807,36.43767990750271,13.562320092497286,3.924000000000003,0.0,4.903592293207622,4.923476883813943,3.9240000000000004,True,COLLISION with vehicle.ue4.audi.tt,0.0,0.0,0.0,freeze,latency_comp,22340037,oracle,8
enhanced_inflation_d8f,enhanced_inflation,8,50.0,50.0,0.85,3.0,41.66666666666667,False,,0.0,0.0,1.3531075454744064,50.0,0.0,8.338500000000018,0.0,11.45226762907499,5.101627635267165,8.3385,True,NO BRAKE / passed,0.0,0.0,0.0,freeze,latency_comp,22340038,oracle,8
enhanced_inflation_d8f,enhanced_inflation,8,50.0,50.0,0.4,3.0,41.66666666666667,False,,0.0,0.0,1.85516823812604,50.0,0.0,3.924000000000003,0.0,11.291370349186963,3.934965505443924,3.9240000000000004,True,NO BRAKE / passed,0.0,0.0,0.0,freeze,latency_comp,22340039,oracle,8
enhanced_inflation_d8f,enhanced_inflation,8,60.0,60.0,0.85,1.0,16.666666666666668,False,vehicle.ue4.audi.tt,0.0,0.0,0.5478468290212553,31.21136544655712,28.78863455344288,8.338499999999982,0.0,4.948661982833046,15.92813233099175,8.3385,True,COLLISION with vehicle.ue4.audi.tt,0.0,0.0,0.0,freeze,latency_comp,22340040,oracle,8
enhanced_inflation_d8f,enhanced_inflation,8,60.0,60.0,0.4,1.0,16.666666666666668,False,vehicle.ue4.audi.tt,0.0,0.0,0.779242420165127,28.973098556942748,31.026901443057252,3.924000000000021,0.0,4.982801043842197,12.398134429093345,3.9240000000000004,True,COLLISION with vehicle.ue4.audi.tt,0.0,0.0,0.0,freeze,latency_comp,22340041,oracle,8
enhanced_inflation_d8f,enhanced_inflation,8,60.0,60.0,0.85,1.5,25.0,False,vehicle.ue4.audi.tt,0.0,0.0,0.8054955575321474,40.21793935774653,19.782060642253466,8.338499999999982,0.0,4.8974425487139,12.300200565941086,8.3385,True,COLLISION with vehicle.ue4.audi.tt,0.0,0.0,0.0,freeze,latency_comp,22340042,oracle,8
enhanced_inflation_d8f,enhanced_inflation,8,60.0,60.0,0.4,1.5,25.0,False,vehicle.ue4.audi.tt,0.0,0.0,1.2158924408721206,36.33257064762876,23.667429352371236,3.924000000000021,0.0,4.970425326497684,8.97174815525316,3.9240000000000004,True,COLLISION with vehicle.ue4.audi.tt,0.0,0.0,0.0,freeze,latency_comp,22340043,oracle,8
enhanced_inflation_d8f,enhanced_inflation,8,60.0,60.0,0.85,2.0,33.333333333333336,False,,0.0,0.0,0.9979385464370035,60.0,0.0,8.338499999999982,0.0,8.045177461200218,9.442324284374218,8.3385,True,NO BRAKE / passed,0.0,0.0,0.0,freeze,latency_comp,22340044,oracle,8
enhanced_inflation_d8f,enhanced_inflation,8,60.0,60.0,0.4,2.0,33.333333333333336,False,,0.0,0.0,1.5876596103857359,60.0,0.0,3.9239999999999853,0.0,8.205173493426798,6.755814378925434,3.9240000000000004,True,NO BRAKE / passed,0.0,0.0,0.0,freeze,latency_comp,22340045,oracle,8
enhanced_inflation_d8f,enhanced_inflation,8,60.0,60.0,0.85,2.5,41.66666666666667,False,,0.0,0.0,1.1862906355254061,60.0,0.0,8.338499999999982,0.0,16.552162172025774,7.336824553950811,8.3385,True,NO BRAKE / passed,0.0,0.0,0.0,freeze,latency_comp,22340046,oracle,8
enhanced_inflation_d8f,enhanced_inflation,8,60.0,60.0,0.4,2.5,41.66666666666667,False,,0.0,0.0,1.8635983490727726,60.0,0.0,3.9239999999999853,0.0,16.391014100418502,5.415972356753401,3.9240000000000004,True,NO BRAKE / passed,0.0,0.0,0.0,freeze,latency_comp,22340047,oracle,8
enhanced_inflation_d8f,enhanced_inflation,8,60.0,60.0,0.85,3.0,50.0,False,,0.0,0.0,1.4311342663887445,60.0,0.0,3.3354000497013203,0.0,24.49495315701495,5.789479838751494,8.3385,True,NO BRAKE / passed,0.0,0.0,0.0,freeze,latency_comp,22340048,oracle,8
enhanced_inflation_d8f,enhanced_inflation,8,60.0,60.0,0.4,3.0,50.0,False,,0.0,0.0,2.0769248721947666,60.0,0.0,3.9239999999999853,0.0,24.925914766082023,4.5202093497655875,3.9240000000000004,True,NO BRAKE / passed,0.0,0.0,0.0,freeze,latency_comp,22340049,oracle,8
enhanced_inflation_d16f,enhanced_inflation,16,20.0,20.0,0.85,1.0,5.555555555555555,False,vehicle.ue4.audi.tt,0.0,0.0,0.0,5.713282639162758,14.286717360837242,0.0,0.0,4.9217739122693045,0.0,8.3385,True,COLLISION with vehicle.ue4.audi.tt,0.0,0.0,0.0,freeze,latency_comp,22810000,oracle,16
enhanced_inflation_d16f,enhanced_inflation,16,20.0,20.0,0.4,1.0,5.555555555555555,False,vehicle.ue4.audi.tt,0.0,0.0,0.0,5.715610086983789,14.284389913016211,0.0,0.0,4.9218521202430665,0.0,3.9240000000000004,True,COLLISION with vehicle.ue4.audi.tt,0.0,0.0,0.0,freeze,latency_comp,22810001,oracle,16
enhanced_inflation_d16f,enhanced_inflation,16,20.0,20.0,0.85,1.5,8.333333333333332,False,vehicle.ue4.audi.tt,0.0,0.0,0.0,10.020277820332552,9.979722179667448,0.0,0.0,4.9210109761835055,0.0,8.3385,True,COLLISION with vehicle.ue4.audi.tt,0.0,0.0,0.0,freeze,latency_comp,22810002,oracle,16
enhanced_inflation_d16f,enhanced_inflation,16,20.0,20.0,0.4,1.5,8.333333333333332,False,vehicle.ue4.audi.tt,0.0,0.0,0.0,10.023037973257042,9.976962026742958,0.0,0.0,4.920530328296952,0.0,3.9240000000000004,True,COLLISION with vehicle.ue4.audi.tt,0.0,0.0,0.0,freeze,latency_comp,22810003,oracle,16
enhanced_inflation_d16f,enhanced_inflation,16,20.0,20.0,0.85,2.0,11.11111111111111,False,vehicle.ue4.audi.tt,0.0,0.0,0.2318261369598216,12.431397029661657,7.568602970338344,8.3385,0.0,4.906312943214512,11.836179658474444,8.3385,True,COLLISION with vehicle.ue4.audi.tt,0.0,0.0,0.0,freeze,latency_comp,22810004,oracle,16
enhanced_inflation_d16f,enhanced_inflation,16,20.0,20.0,0.4,2.0,11.11111111111111,False,vehicle.ue4.audi.tt,0.0,0.0,0.28242240749365694,11.552109586560299,8.447890413439701,3.924000000000003,0.0,4.914791134183386,9.741415743358955,3.9240000000000004,True,COLLISION with vehicle.ue4.audi.tt,0.0,0.0,0.0,freeze,latency_comp,22810005,oracle,16
enhanced_inflation_d16f,enhanced_inflation,16,20.0,20.0,0.85,2.5,13.88888888888889,True,,0.9515552525682791,9.223528087154168,0.5876844251406531,20.0,0.0,8.3385,2.281892776489258,5.719139099709174,4.681320311563462,8.3385,True,AVOIDED,0.0,0.0,0.0,freeze,latency_comp,22810006,oracle,16
enhanced_inflation_d16f,enhanced_inflation,16,20.0,20.0,0.4,2.5,13.88888888888889,False,vehicle.ue4.audi.tt,0.0,0.0,0.6360830032698208,15.37024566228145,4.62975433771855,3.924000000000003,0.0,4.90159799293345,4.313669657591671,3.9240000000000004,True,COLLISION with vehicle.ue4.audi.tt,0.0,0.0,0.0,freeze,latency_comp,22810007,oracle,16
enhanced_inflation_d16f,enhanced_inflation,16,20.0,20.0,0.85,3.0,16.666666666666664,True,,2.133169200535476,7.088110351238091,0.9398753642541562,20.0,0.0,8.3385,3.050443649291992,6.901020076389968,2.919435897155137,8.3385,True,AVOIDED,0.0,0.0,0.0,freeze,latency_comp,22810008,oracle,16
enhanced_inflation_d16f,enhanced_inflation,16,20.0,20.0,0.4,3.0,16.666666666666664,True,,1.4145202705368272,4.189542381591263,1.039632253296774,20.0,0.0,3.924000000000003,4.31947135925293,6.182371146391319,2.6391958733074934,3.9240000000000004,True,AVOIDED,0.0,0.0,0.0,freeze,latency_comp,22810009,oracle,16
enhanced_inflation_d16f,enhanced_inflation,16,30.0,30.0,0.85,1.0,8.333333333333334,False,vehicle.ue4.audi.tt,0.0,0.0,0.0,12.422980462497996,17.577019537502004,0.0,0.0,4.952165631314739,0.0,8.3385,True,COLLISION with vehicle.ue4.audi.tt,0.0,0.0,0.0,freeze,latency_comp,22810010,oracle,16
enhanced_inflation_d16f,enhanced_inflation,16,30.0,30.0,0.4,1.0,8.333333333333334,False,vehicle.ue4.audi.tt,0.0,0.0,0.0,12.462044666699267,17.537955333300733,0.0,0.0,4.952976230094973,0.0,3.9240000000000004,True,COLLISION with vehicle.ue4.audi.tt,0.0,0.0,0.0,freeze,latency_comp,22810011,oracle,16
enhanced_inflation_d16f,enhanced_inflation,16,30.0,30.0,0.85,1.5,12.5,False,vehicle.ue4.audi.tt,0.0,0.0,0.1550742374041836,15.853712954464307,14.146287045535693,8.3385,0.0,4.901088856518904,26.652898415355022,8.3385,True,COLLISION with vehicle.ue4.audi.tt,0.0,0.0,0.0,freeze,latency_comp,22810012,oracle,16
enhanced_inflation_d16f,enhanced_inflation,16,30.0,30.0,0.4,1.5,12.5,False,vehicle.ue4.audi.tt,0.0,0.0,0.2050998137603185,15.737512467422407,14.262487532577593,3.924000000000003,0.0,4.900320060757712,20.16764032510941,3.9240000000000004,True,COLLISION with vehicle.ue4.audi.tt,0.0,0.0,0.0,freeze,latency_comp,22810013,oracle,16
enhanced_inflation_d16f,enhanced_inflation,16,30.0,30.0,0.85,2.0,16.666666666666668,False,vehicle.ue4.audi.tt,0.0,0.0,0.4089055895756632,21.06067812265735,8.939321877342651,8.3385,0.0,4.909141592529114,10.105515915327105,8.3385,True,COLLISION with vehicle.ue4.audi.tt,0.0,0.0,0.0,freeze,latency_comp,22810014,oracle,16
enhanced_inflation_d16f,enhanced_inflation,16,30.0,30.0,0.4,2.0,16.666666666666668,False,vehicle.ue4.audi.tt,0.0,0.0,0.5581332641713498,18.844723464640396,11.155276535359603,3.924000000000003,0.0,4.944267275355558,7.397548072182931,3.9240000000000004,True,COLLISION with vehicle.ue4.audi.tt,0.0,0.0,0.0,freeze,latency_comp,22810015,oracle,16
enhanced_inflation_d16f,enhanced_inflation,16,30.0,30.0,0.85,2.5,20.833333333333336,True,,1.276456839488728,9.063708653862872,0.7627989750203601,30.0,0.0,8.3385,5.035234451293945,6.0441551267798745,5.418486503768973,8.3385,True,AVOIDED,0.0,0.0,0.0,freeze,latency_comp,22810016,oracle,16
enhanced_inflation_d16f,enhanced_inflation,16,30.0,30.0,0.4,2.5,20.833333333333336,False,vehicle.ue4.audi.tt,0.0,0.0,0.9135101522466592,22.7043232947425,7.295676705257501,3.924000000000003,0.0,4.897033691823107,4.52808937278864,3.9240000000000004,True,COLLISION with vehicle.ue4.audi.tt,0.0,0.0,0.0,freeze,latency_comp,22810017,oracle,16
enhanced_inflation_d16f,enhanced_inflation,16,30.0,30.0,0.85,3.0,25.0,True,,2.9443913380853806,9.764204274563756,1.0663640089070623,30.0,0.0,8.3385,5.879032135009766,7.712242213939873,3.8760254708609656,8.3385,True,AVOIDED,0.0,0.0,0.0,freeze,latency_comp,22810018,oracle,16
enhanced_inflation_d16f,enhanced_inflation,16,30.0,30.0,0.4,3.0,25.0,True,,1.070802716824705,4.1532194983457815,1.264856214827493,30.0,0.0,3.924000000000003,9.405717849731445,5.838653592679197,3.2643390676684403,3.9240000000000004,True,AVOIDED,0.0,0.0,0.0,freeze,latency_comp,22810019,oracle,16
enhanced_inflation_d16f,enhanced_inflation,16,40.0,40.0,0.85,1.0,11.11111111111111,False,vehicle.ue4.audi.tt,0.0,0.0,0.016220857959390263,16.43767057277741,23.56232942722259,3.335400049701338,0.0,4.893899691275543,0.0,8.3385,True,COLLISION with vehicle.ue4.audi.tt,0.0,0.0,0.0,freeze,latency_comp,22810020,oracle,16
enhanced_inflation_d16f,enhanced_inflation,16,40.0,40.0,0.4,1.0,11.11111111111111,False,vehicle.ue4.audi.tt,0.0,0.0,0.11223549587084845,16.688439877706227,23.311560122293773,1.5696000233888796,0.0,4.894586563112674,42.30119716938109,3.9240000000000004,True,COLLISION with vehicle.ue4.audi.tt,0.0,0.0,0.0,freeze,latency_comp,22810021,oracle,16
enhanced_inflation_d16f,enhanced_inflation,16,40.0,40.0,0.85,1.5,16.666666666666664,False,vehicle.ue4.audi.tt,0.0,0.0,0.29008685779250415,22.539963614826164,17.460036385173836,8.338499999999982,0.0,4.918135597531636,19.66219102042053,8.3385,True,COLLISION with vehicle.ue4.audi.tt,0.0,0.0,0.0,freeze,latency_comp,22810022,oracle,16
enhanced_inflation_d16f,enhanced_inflation,16,40.0,40.0,0.4,1.5,16.666666666666664,False,vehicle.ue4.audi.tt,0.0,0.0,0.4123363735146842,21.952362518078484,18.047637481921516,3.9239999999999853,0.0,4.920238615039759,14.421415895462657,3.9240000000000004,True,COLLISION with vehicle.ue4.audi.tt,0.0,0.0,0.0,freeze,latency_comp,22810023,oracle,16
enhanced_inflation_d16f,enhanced_inflation,16,40.0,40.0,0.85,2.0,22.22222222222222,False,vehicle.ue4.audi.tt,0.0,0.0,0.5335579570609378,28.069295239136572,11.930704760863428,8.338500000000018,0.0,4.89914859775024,10.332731316353705,8.3385,True,COLLISION with vehicle.ue4.audi.tt,0.0,0.0,0.0,freeze,latency_comp,22810024,oracle,16
enhanced_inflation_d16f,enhanced_inflation,16,40.0,40.0,0.4,2.0,22.22222222222222,False,vehicle.ue4.audi.tt,0.0,0.0,0.6845656968968987,24.860729939556066,15.139270060443932,3.9239999999999853,0.0,4.947483282218281,8.068010577300639,3.9240000000000004,True,COLLISION with vehicle.ue4.audi.tt,0.0,0.0,0.0,freeze,latency_comp,22810025,oracle,16
enhanced_inflation_d16f,enhanced_inflation,16,40.0,40.0,0.85,2.5,27.77777777777778,True,,0.6832098277760288,9.514435123968141,0.8367500146380209,40.0,0.0,8.338500000000018,8.56357192993164,5.450839459260769,6.588533756440599,8.3385,True,AVOIDED,0.0,0.0,0.0,freeze,latency_comp,22810026,oracle,16
enhanced_inflation_d16f,enhanced_inflation,16,40.0,40.0,0.4,2.5,27.77777777777778,False,vehicle.ue4.audi.tt,0.0,0.0,1.03628540282579,28.33760227719283,11.66239772280717,3.924000000000003,0.0,4.912682153277887,5.319244639405032,3.9240000000000004,True,COLLISION with vehicle.ue4.audi.tt,0.0,0.0,0.0,freeze,latency_comp,22810027,oracle,16
enhanced_inflation_d16f,enhanced_inflation,16,40.0,40.0,0.85,3.0,33.33333333333333,True,,3.4318235719098045,9.345480061721661,1.1395933086470647,40.0,0.0,8.338500000000018,9.16152572631836,8.199449387386677,4.837683082864713,8.3385,True,AVOIDED,0.0,0.0,0.0,freeze,latency_comp,22810028,oracle,16
enhanced_inflation_d16f,enhanced_inflation,16,40.0,40.0,0.4,3.0,33.33333333333333,False,vehicle.ue4.audi.tt,0.0,0.0,1.3924666017400982,33.89888973561976,6.101110264380236,3.924000000000003,0.0,4.906250801697477,3.96659779384114,3.9240000000000004,True,COLLISION with vehicle.ue4.audi.tt,0.0,0.0,0.0,freeze,latency_comp,22810029,oracle,16
enhanced_inflation_d16f,enhanced_inflation,16,50.0,50.0,0.85,1.0,13.88888888888889,False,vehicle.ue4.audi.tt,0.0,0.0,0.16575625538024852,20.82601818339138,29.17398181660862,8.338499999999982,0.0,4.89888035101175,35.857010912646544,8.3385,True,COLLISION with vehicle.ue4.audi.tt,0.0,0.0,0.0,freeze,latency_comp,22810030,oracle,16
enhanced_inflation_d16f,enhanced_inflation,16,50.0,50.0,0.4,1.0,13.88888888888889,False,vehicle.ue4.audi.tt,0.0,0.0,0.22302878263329035,20.803045645568833,29.196954354431167,3.9239999999999853,0.0,4.899200948017518,28.535381614271994,3.9240000000000004,True,COLLISION with vehicle.ue4.audi.tt,0.0,0.0,0.0,freeze,latency_comp,22810031,oracle,16
enhanced_inflation_d16f,enhanced_inflation,16,50.0,50.0,0.85,1.5,20.833333333333336,False,vehicle.ue4.audi.tt,0.0,0.0,0.4335484420057563,29.857517977507996,20.142482022492004,8.338499999999982,0.0,4.960930050142024,17.434416018898496,8.3385,True,COLLISION with vehicle.ue4.audi.tt,0.0,0.0,0.0,freeze,latency_comp,22810032,oracle,16
enhanced_inflation_d16f,enhanced_inflation,16,50.0,50.0,0.4,1.5,20.833333333333336,False,vehicle.ue4.audi.tt,0.0,0.0,0.6300689264299986,28.32507459005369,21.67492540994631,3.9239999999999853,0.0,4.9655934052084465,12.642221857507373,3.9240000000000004,True,COLLISION with vehicle.ue4.audi.tt,0.0,0.0,0.0,freeze,latency_comp,22810033,oracle,16
enhanced_inflation_d16f,enhanced_inflation,16,50.0,50.0,0.85,2.0,27.77777777777778,False,vehicle.ue4.audi.tt,0.0,0.0,0.6546287582767808,34.775113918038954,15.224886081961044,8.3385,0.0,4.947338311683509,10.675011580135116,8.3385,True,COLLISION with vehicle.ue4.audi.tt,0.0,0.0,0.0,freeze,latency_comp,22810034,oracle,16
enhanced_inflation_d16f,enhanced_inflation,16,50.0,50.0,0.4,2.0,27.77777777777778,False,vehicle.ue4.audi.tt,0.0,0.0,0.9323711415433208,30.362719735773993,19.637280264226007,3.9239999999999853,0.0,4.919638534395036,8.134064998997802,3.9240000000000004,True,COLLISION with vehicle.ue4.audi.tt,0.0,0.0,0.0,freeze,latency_comp,22810035,oracle,16
enhanced_inflation_d16f,enhanced_inflation,16,50.0,50.0,0.85,2.5,34.72222222222222,False,vehicle.ue4.audi.tt,0.0,0.0,0.8999606399576638,41.8779476181104,8.122052381889603,8.3385,0.0,4.900171367543095,7.670349555839838,8.3385,True,COLLISION with vehicle.ue4.audi.tt,0.0,0.0,0.0,freeze,latency_comp,22810036,oracle,16
enhanced_inflation_d16f,enhanced_inflation,16,50.0,50.0,0.4,2.5,34.72222222222222,False,vehicle.ue4.audi.tt,0.0,0.0,1.1643134866321851,33.91804525608991,16.081954743910092,3.9239999999999853,0.0,4.949544347502241,6.002868790498381,3.9240000000000004,True,COLLISION with vehicle.ue4.audi.tt,0.0,0.0,0.0,freeze,latency_comp,22810037,oracle,16
enhanced_inflation_d16f,enhanced_inflation,16,50.0,50.0,0.85,3.0,41.66666666666667,False,,0.0,0.0,1.2031000777294314,50.0,0.0,8.338500000000018,0.0,11.41703508666486,5.737686357198727,8.3385,True,NO BRAKE / passed,0.0,0.0,0.0,freeze,latency_comp,22810038,oracle,16
enhanced_inflation_d16f,enhanced_inflation,16,50.0,50.0,0.4,3.0,41.66666666666667,False,,0.0,0.0,1.5025780875629304,50.0,0.0,3.9239999999999853,0.0,11.224096046671159,4.592939989446269,3.9240000000000004,True,NO BRAKE / passed,0.0,0.0,0.0,freeze,latency_comp,22810039,oracle,16
enhanced_inflation_d16f,enhanced_inflation,16,60.0,60.0,0.85,1.0,16.666666666666668,False,vehicle.ue4.audi.tt,0.0,0.0,0.22911614779653008,26.07885124159158,33.92114875840842,8.338499999999982,0.0,4.980347045286302,30.58547188875664,8.3385,True,COLLISION with vehicle.ue4.audi.tt,0.0,0.0,0.0,freeze,latency_comp,22810040,oracle,16
enhanced_inflation_d16f,enhanced_inflation,16,60.0,60.0,0.4,1.0,16.666666666666668,False,vehicle.ue4.audi.tt,0.0,0.0,0.4122237957209671,25.770767889411545,34.229232110588455,3.924000000000021,0.0,4.948313178808761,19.698944162766153,3.9240000000000004,True,COLLISION with vehicle.ue4.audi.tt,0.0,0.0,0.0,freeze,latency_comp,22810041,oracle,16
enhanced_inflation_d16f,enhanced_inflation,16,60.0,60.0,0.85,1.5,25.0,False,vehicle.ue4.audi.tt,0.0,0.0,0.531671258431522,35.90314819426648,24.096851805733518,8.338499999999982,0.0,5.002293260064793,17.46503482050724,8.3385,True,COLLISION with vehicle.ue4.audi.tt,0.0,0.0,0.0,freeze,latency_comp,22810042,oracle,16
enhanced_inflation_d16f,enhanced_inflation,16,60.0,60.0,0.4,1.5,25.0,False,vehicle.ue4.audi.tt,0.0,0.0,0.7323453900282515,34.12173202142391,25.878267978576087,3.924000000000021,0.0,4.990486444950682,13.28740098801498,3.9240000000000004,True,COLLISION with vehicle.ue4.audi.tt,0.0,0.0,0.0,freeze,latency_comp,22810043,oracle,16
enhanced_inflation_d16f,enhanced_inflation,16,60.0,60.0,0.85,2.0,33.333333333333336,False,,0.0,0.0,0.7867258570144275,60.0,0.0,8.338499999999982,0.0,8.462215424817405,11.397134079511359,8.3385,True,NO BRAKE / passed,0.0,0.0,0.0,freeze,latency_comp,22810044,oracle,16
enhanced_inflation_d16f,enhanced_inflation,16,60.0,60.0,0.4,2.0,33.333333333333336,False,,0.0,0.0,1.0717350073279754,60.0,0.0,3.9239999999999853,0.0,8.536045087450454,8.935568326168323,3.9240000000000004,True,NO BRAKE / passed,0.0,0.0,0.0,freeze,latency_comp,22810045,oracle,16
enhanced_inflation_d16f,enhanced_inflation,16,60.0,60.0,0.85,2.5,41.66666666666667,False,,0.0,0.0,0.9789316296085878,60.0,0.0,8.338499999999982,0.0,16.21481704887547,8.46844553700913,8.3385,True,NO BRAKE / passed,0.0,0.0,0.0,freeze,latency_comp,22810046,oracle,16
enhanced_inflation_d16f,enhanced_inflation,16,60.0,60.0,0.4,2.5,41.66666666666667,False,,0.0,0.0,1.3383639979799662,60.0,0.0,3.9239999999999853,0.0,16.4430770904232,6.737234744946064,3.9240000000000004,True,NO BRAKE / passed,0.0,0.0,0.0,freeze,latency_comp,22810047,oracle,16
enhanced_inflation_d16f,enhanced_inflation,16,60.0,60.0,0.85,3.0,50.0,False,,0.0,0.0,1.2312167154585651,60.0,0.0,3.3354000497013203,0.0,25.175376893322685,6.729602646827348,8.3385,True,NO BRAKE / passed,0.0,0.0,0.0,freeze,latency_comp,22810048,oracle,16
enhanced_inflation_d16f,enhanced_inflation,16,60.0,60.0,0.4,3.0,50.0,False,,0.0,0.0,1.6341426702666266,60.0,0.0,3.9239999999999853,0.0,24.541763307410452,5.237599715632542,3.9240000000000004,True,NO BRAKE / passed,0.0,0.0,0.0,freeze,latency_comp,22810049,oracle,16
proposed_d0f,proposed,0,20.0,20.0,0.85,1.0,5.555555555555555,True,,0.2019138357252963,10.453119983521168,1.0276972509210658,20.0,0.0,8.3385,2.132364273071289,4.9696979544055315,3.854961683271183,8.3385,True,AVOIDED,0.0,0.0,0.0,freeze,latency_comp,12210000,oracle,0
proposed_d0f,proposed,0,20.0,20.0,0.4,1.0,5.555555555555555,False,vehicle.ue4.audi.tt,0.0,0.0,1.027180161973942,10.052963990272419,9.947036009727581,3.924000000000003,0.0,4.898561490335623,3.8561031592528154,3.9240000000000004,True,COLLISION with vehicle.ue4.audi.tt,0.0,0.0,0.0,freeze,latency_comp,12210001,oracle,0
proposed_d0f,proposed,0,20.0,20.0,0.85,1.5,8.333333333333332,True,,1.0720443767769625,7.71498521924589,1.524544481957731,20.0,0.0,8.3385,2.937509536743164,5.839683536933365,3.642869055510605,8.3385,True,AVOIDED,0.0,0.0,0.0,freeze,latency_comp,12210002,oracle,0
proposed_d0f,proposed,0,20.0,20.0,0.4,1.5,8.333333333333332,False,vehicle.ue4.audi.tt,0.0,4.457639972928761,1.5241210236795302,18.05292716950635,1.9470728304936498,3.924000000000003,0.0,4.8937015636645675,3.6433767610283385,3.9240000000000004,True,COLLISION with vehicle.ue4.audi.tt,0.0,0.0,0.0,freeze,latency_comp,12210003,oracle,0
proposed_d0f,proposed,0,20.0,20.0,0.85,2.0,11.11111111111111,True,,1.3276138311944292,3.659027209484476,1.5769579829209088,20.0,0.0,3.335400049701338,4.358022689819336,6.095344544088494,2.6408963823463054,8.3385,True,AVOIDED,0.0,0.0,0.0,freeze,latency_comp,12210004,oracle,0
proposed_d0f,proposed,0,20.0,20.0,0.4,2.0,11.11111111111111,True,,1.5198879304243915,4.0531298286702,1.5765482544638727,20.0,0.0,3.924000000000003,4.165262222290039,6.287603384526088,2.641128431557853,3.9240000000000004,True,AVOIDED,0.0,0.0,0.0,freeze,latency_comp,12210005,oracle,0
proposed_d0f,proposed,0,20.0,20.0,0.85,2.5,13.88888888888889,True,,3.0063323975487704,3.6585754881056736,1.5634631974108213,20.0,0.0,3.335400049701338,4.358644485473633,7.774063110438267,2.049671399985566,8.3385,True,AVOIDED,0.0,0.0,0.0,freeze,latency_comp,12210006,oracle,0
proposed_d0f,proposed,0,20.0,20.0,0.4,2.5,13.88888888888889,True,,3.165334705810249,4.334045105616085,1.7337599816727003,20.0,0.0,3.924000000000003,4.474906921386719,7.933135990600315,1.974836052488238,3.9240000000000004,True,AVOIDED,0.0,0.0,0.0,freeze,latency_comp,12210007,oracle,0
proposed_d0f,proposed,0,20.0,20.0,0.85,3.0,16.666666666666664,True,,4.4040851689989235,3.6574361751269278,1.5926756334445036,20.0,0.0,3.335400049701338,4.360797882080078,9.171817789249273,1.7271808654896244,8.3385,True,AVOIDED,0.0,0.0,0.0,freeze,latency_comp,12210008,oracle,0
proposed_d0f,proposed,0,20.0,20.0,0.4,3.0,16.666666666666664,True,,3.186069491784326,3.3241366557309386,1.6928175800883754,20.0,0.0,3.924000000000003,6.129241943359375,7.953920367638818,1.6249603754545856,3.9240000000000004,True,AVOIDED,0.0,0.0,0.0,freeze,latency_comp,12210009,oracle,0
proposed_d0f,proposed,0,30.0,30.0,0.85,1.0,8.333333333333334,True,,0.12737656277324128,9.287440317700943,1.4913584999013962,30.0,0.0,8.3385,5.677133560180664,4.895063406621209,5.527246761241946,8.3385,True,AVOIDED,0.0,0.0,0.0,freeze,latency_comp,12210010,oracle,0
proposed_d0f,proposed,0,30.0,30.0,0.4,1.0,8.333333333333334,False,vehicle.ue4.audi.tt,0.0,0.0,1.4965137535196515,19.782304558389427,10.217695441610571,3.924000000000003,0.0,4.898994453221884,5.529156961112872,3.9240000000000004,True,COLLISION with vehicle.ue4.audi.tt,0.0,0.0,0.0,freeze,latency_comp,12210011,oracle,0
proposed_d0f,proposed,0,30.0,30.0,0.85,1.5,12.5,True,,1.2146989160911073,8.359683304687305,1.4978341553493797,30.0,0.0,8.3385,6.274269104003906,5.982298022320891,4.541629174900243,8.3385,True,AVOIDED,0.0,0.0,0.0,freeze,latency_comp,12210012,oracle,0
proposed_d0f,proposed,0,30.0,30.0,0.4,1.5,12.5,False,vehicle.ue4.audi.tt,0.0,0.0,1.6806460601179907,23.38853205173725,6.6114679482627485,3.924000000000003,0.0,4.90334511157686,4.302019118095181,3.9240000000000004,True,COLLISION with vehicle.ue4.audi.tt,0.0,0.0,0.0,freeze,latency_comp,12210013,oracle,0
proposed_d0f,proposed,0,30.0,30.0,0.85,2.0,16.666666666666668,True,,1.5107250217146735,4.938377924045225,1.558501907856058,30.0,0.0,8.3385,8.07876968383789,6.27849197412271,3.553040417315222,8.3385,True,AVOIDED,0.0,0.0,0.0,freeze,latency_comp,12210014,oracle,0
proposed_d0f,proposed,0,30.0,30.0,0.4,2.0,16.666666666666668,True,,0.3628559120931305,4.0200385010662805,1.7045799907018522,30.0,0.0,3.924000000000003,9.638933181762695,5.130706787947623,3.406237288102827,3.9240000000000004,True,AVOIDED,0.0,0.0,0.0,freeze,latency_comp,12210015,oracle,0
proposed_d0f,proposed,0,30.0,30.0,0.85,2.5,20.833333333333336,True,,1.730516606536093,3.502564285803724,1.555509886909128,30.0,0.0,3.335400049701338,9.959571838378906,6.498367482390585,2.9208720157525128,8.3385,True,AVOIDED,0.0,0.0,0.0,freeze,latency_comp,12210016,oracle,0
proposed_d0f,proposed,0,30.0,30.0,0.4,2.5,20.833333333333336,True,,2.227457136795225,4.107618692874129,1.6726036807602376,30.0,0.0,3.924000000000003,9.874568939208984,6.995166869044345,2.8207196643833763,3.9240000000000004,True,AVOIDED,0.0,0.0,0.0,freeze,latency_comp,12210017,oracle,0
proposed_d0f,proposed,0,30.0,30.0,0.85,3.0,25.0,True,,2.9992240114637587,3.501718372541213,1.5663577887799187,30.0,0.0,3.335400049701338,9.961446762084961,7.767074887318251,2.6387316278142037,8.3385,True,AVOIDED,0.0,0.0,0.0,freeze,latency_comp,12210018,oracle,0
proposed_d0f,proposed,0,30.0,30.0,0.4,3.0,25.0,True,,2.7447416973140175,4.019362245863514,1.7642192354390471,30.0,0.0,3.924000000000003,11.869022369384766,7.51259257316851,2.3401724697625426,3.9240000000000004,True,AVOIDED,0.0,0.0,0.0,freeze,latency_comp,12210019,oracle,0
proposed_d0f,proposed,0,40.0,40.0,0.85,1.0,11.11111111111111,False,vehicle.ue4.audi.tt,0.0,0.0,1.463429358931834,32.86637118689079,7.133628813109211,8.3385,0.0,4.906415428690845,6.585243016700176,8.3385,True,COLLISION with vehicle.ue4.audi.tt,0.0,0.0,0.0,freeze,latency_comp,12210020,oracle,0
proposed_d0f,proposed,0,40.0,40.0,0.4,1.0,11.11111111111111,False,vehicle.ue4.audi.tt,0.0,0.0,1.6890733126384643,25.553071265360295,14.446928734639707,3.924000000000003,0.0,4.911443727228645,6.179789901881997,3.9240000000000004,True,COLLISION with vehicle.ue4.audi.tt,0.0,0.0,0.0,freeze,latency_comp,12210021,oracle,0
proposed_d0f,proposed,0,40.0,40.0,0.85,1.5,16.666666666666664,False,vehicle.ue4.audi.tt,0.0,8.92490351418854,1.4978989383190238,37.41658734701361,2.5834126529863894,8.338500000000018,0.0,4.894690617894768,5.610379576220253,8.3385,True,COLLISION with vehicle.ue4.audi.tt,0.0,0.0,0.0,freeze,latency_comp,12210022,oracle,0
proposed_d0f,proposed,0,40.0,40.0,0.4,1.5,16.666666666666664,False,vehicle.ue4.audi.tt,0.0,0.0,1.6350227773608492,28.19659092310946,11.803409076890537,3.924000000000003,0.0,4.9335403492961865,5.339216118426095,3.9240000000000004,True,COLLISION with vehicle.ue4.audi.tt,0.0,0.0,0.0,freeze,latency_comp,12210023,oracle,0
proposed_d0f,proposed,0,40.0,40.0,0.85,2.0,22.22222222222222,True,,0.9787410214319259,6.835319143198157,1.5352075693094698,40.0,0.0,8.3385,12.093549728393555,5.746363019271489,4.646139043398756,8.3385,True,AVOIDED,0.0,0.0,0.0,freeze,latency_comp,12210024,oracle,0
proposed_d0f,proposed,0,40.0,40.0,0.4,2.0,22.22222222222222,False,vehicle.ue4.audi.tt,0.0,0.0,1.6466820579698962,30.693706294651918,9.306293705348084,3.924000000000003,0.0,4.900303038887395,4.461548951861006,3.9240000000000004,True,COLLISION with vehicle.ue4.audi.tt,0.0,0.0,0.0,freeze,latency_comp,12210025,oracle,0
proposed_d0f,proposed,0,40.0,40.0,0.85,2.5,27.77777777777778,True,,1.4725434958939632,5.219126710515103,1.517171235020837,40.0,0.0,8.3385,13.846500396728516,6.240394371748455,3.970144486766125,8.3385,True,AVOIDED,0.0,0.0,0.0,freeze,latency_comp,12210026,oracle,0
proposed_d0f,proposed,0,40.0,40.0,0.4,2.5,27.77777777777778,False,vehicle.ue4.audi.tt,0.0,0.0,1.7233232145391437,35.38317577083746,4.616824229162541,3.924000000000003,0.0,4.89838071952262,3.7017406674007964,3.9240000000000004,True,COLLISION with vehicle.ue4.audi.tt,0.0,0.0,0.0,freeze,latency_comp,12210027,oracle,0
proposed_d0f,proposed,0,40.0,40.0,0.85,3.0,33.33333333333333,True,,1.5411349219426969,4.038347363173135,1.592462827843923,40.0,0.0,8.3385,16.02057647705078,6.308795072785682,3.468196068378685,8.3385,True,AVOIDED,0.0,0.0,0.0,freeze,latency_comp,12210028,oracle,0
proposed_d0f,proposed,0,40.0,40.0,0.4,3.0,33.33333333333333,False,vehicle.ue4.audi.tt,0.0,4.071406704155395,1.741385303191896,38.152655602336864,1.8473443976631392,3.924000000000003,0.0,4.8936969902138046,3.1700601478943344,3.9240000000000004,True,COLLISION with vehicle.ue4.audi.tt,0.0,0.0,0.0,freeze,latency_comp,12210029,oracle,0
proposed_d0f,proposed,0,50.0,50.0,0.85,1.0,13.88888888888889,False,vehicle.ue4.audi.tt,0.0,0.0,1.5396789646693683,36.66377224145344,13.336227758546565,8.338500000000018,0.0,4.898197431135843,7.339271753267539,8.3385,True,COLLISION with vehicle.ue4.audi.tt,0.0,0.0,0.0,freeze,latency_comp,12210030,oracle,0
proposed_d0f,proposed,0,50.0,50.0,0.4,1.0,13.88888888888889,False,vehicle.ue4.audi.tt,0.0,0.0,1.7164911934183178,30.041764113443694,19.958235886556306,3.9239999999999853,0.0,4.896302886050009,6.96504338213326,3.9240000000000004,True,COLLISION with vehicle.ue4.audi.tt,0.0,0.0,0.0,freeze,latency_comp,12210031,oracle,0
proposed_d0f,proposed,0,50.0,50.0,0.85,1.5,20.833333333333336,False,vehicle.ue4.audi.tt,0.0,0.0,1.5366633997877233,40.20938745174117,9.790612548258828,8.338500000000018,0.0,4.910530580327268,6.602333366155927,8.3385,True,COLLISION with vehicle.ue4.audi.tt,0.0,0.0,0.0,freeze,latency_comp,12210032,oracle,0
proposed_d0f,proposed,0,50.0,50.0,0.4,1.5,20.833333333333336,False,vehicle.ue4.audi.tt,0.0,0.0,1.8005841024339466,34.00823884526677,15.991761154733235,3.9239999999999853,0.0,4.964412064007339,6.028715698443331,3.9240000000000004,True,COLLISION with vehicle.ue4.audi.tt,0.0,0.0,0.0,freeze,latency_comp,12210033,oracle,0
proposed_d0f,proposed,0,50.0,50.0,0.85,2.0,27.77777777777778,False,vehicle.ue4.audi.tt,0.0,0.0,1.5387210192923593,42.83421272808645,7.165787271913549,8.3385,0.0,4.91748862549032,5.759141036102191,8.3385,True,COLLISION with vehicle.ue4.audi.tt,0.0,0.0,0.0,freeze,latency_comp,12210034,oracle,0
proposed_d0f,proposed,0,50.0,50.0,0.4,2.0,27.77777777777778,False,vehicle.ue4.audi.tt,0.0,0.0,1.8758773454259712,35.69036043183026,14.309639568169741,3.924000000000003,0.0,4.92826173705589,5.1196161237839455,3.9240000000000004,True,COLLISION with vehicle.ue4.audi.tt,0.0,0.0,0.0,freeze,latency_comp,12210035,oracle,0
proposed_d0f,proposed,0,50.0,50.0,0.85,2.5,34.72222222222222,True,,0.1683500967284015,6.567985614938648,1.5828040117239706,50.0,0.0,8.3385,19.157581329345703,4.9359530090479655,4.923026994393354,8.3385,True,AVOIDED,0.0,0.0,0.0,freeze,latency_comp,12210036,oracle,0
proposed_d0f,proposed,0,50.0,50.0,0.4,2.5,34.72222222222222,False,vehicle.ue4.audi.tt,0.0,0.0,1.8801603817024044,37.975257370104366,12.024742629895634,3.924000000000003,0.0,4.901952945143511,4.4464088089142955,3.9240000000000004,True,COLLISION with vehicle.ue4.audi.tt,0.0,0.0,0.0,freeze,latency_comp,12210037,oracle,0
proposed_d0f,proposed,0,50.0,50.0,0.85,3.0,41.66666666666667,False,,0.0,0.0,1.5530828909371022,50.0,0.0,3.3354000497013203,0.0,11.28359317338748,4.444667012930342,8.3385,True,NO BRAKE / passed,0.0,0.0,0.0,freeze,latency_comp,12210038,oracle,0
proposed_d0f,proposed,0,50.0,50.0,0.4,3.0,41.66666666666667,False,,0.0,0.0,1.85516823812604,50.0,0.0,3.9239999999999853,0.0,11.315742836699938,3.934965505443924,3.9240000000000004,True,NO BRAKE / passed,0.0,0.0,0.0,freeze,latency_comp,12210039,oracle,0
proposed_d0f,proposed,0,60.0,60.0,0.85,1.0,16.666666666666668,False,vehicle.ue4.audi.tt,0.0,0.0,1.5414337970136753,42.49440935203448,17.505590647965523,8.3385,0.0,4.93773651968574,8.178634435944101,8.3385,True,COLLISION with vehicle.ue4.audi.tt,0.0,0.0,0.0,freeze,latency_comp,12210040,oracle,0
proposed_d0f,proposed,0,60.0,60.0,0.4,1.0,16.666666666666668,False,vehicle.ue4.audi.tt,0.0,0.0,1.8668001920773456,34.88671566199865,25.113284338001353,3.924000000000021,0.0,4.950706827817439,7.443964148995502,3.9240000000000004,True,COLLISION with vehicle.ue4.audi.tt,0.0,0.0,0.0,freeze,latency_comp,12210041,oracle,0
proposed_d0f,proposed,0,60.0,60.0,0.85,1.5,25.0,False,vehicle.ue4.audi.tt,0.0,0.0,1.5179003642955156,45.9941303187355,14.0058696812645,8.3385,0.0,4.927204492445811,7.723672276625629,8.3385,True,COLLISION with vehicle.ue4.audi.tt,0.0,0.0,0.0,freeze,latency_comp,12210042,oracle,0
proposed_d0f,proposed,0,60.0,60.0,0.4,1.5,25.0,False,vehicle.ue4.audi.tt,0.0,0.0,1.8759172085135993,39.37090026826789,20.629099731732108,3.924000000000021,0.0,4.919212490880085,6.789588489867011,3.9240000000000004,True,COLLISION with vehicle.ue4.audi.tt,0.0,0.0,0.0,freeze,latency_comp,12210043,oracle,0
proposed_d0f,proposed,0,60.0,60.0,0.85,2.0,33.333333333333336,False,,0.0,0.0,1.5878646170813733,60.0,0.0,8.338499999999982,0.0,8.477176667676295,6.755292853330584,8.3385,True,NO BRAKE / passed,0.0,0.0,0.0,freeze,latency_comp,12210044,oracle,0
proposed_d0f,proposed,0,60.0,60.0,0.4,2.0,33.333333333333336,False,,0.0,0.0,1.905220588643226,60.0,0.0,3.9239999999999853,0.0,8.275402069234726,6.018425054777364,3.9240000000000004,True,NO BRAKE / passed,0.0,0.0,0.0,freeze,latency_comp,12210045,oracle,0
proposed_d0f,proposed,0,60.0,60.0,0.85,2.5,41.66666666666667,False,,0.0,0.0,1.5878978870973606,60.0,0.0,3.3354000497013203,0.0,16.25029754815325,6.002032820303024,8.3385,True,NO BRAKE / passed,0.0,0.0,0.0,freeze,latency_comp,12210046,oracle,0
proposed_d0f,proposed,0,60.0,60.0,0.4,2.5,41.66666666666667,False,,0.0,0.0,1.9657996293202769,60.0,0.0,3.9239999999999853,0.0,16.5469818127879,5.244704754638414,3.9240000000000004,True,NO BRAKE / passed,0.0,0.0,0.0,freeze,latency_comp,12210047,oracle,0
proposed_d0f,proposed,0,60.0,60.0,0.85,3.0,50.0,False,,0.0,0.0,1.5531412837826004,60.0,0.0,3.3354000497013203,0.0,24.612155915762973,5.411479914972096,8.3385,True,NO BRAKE / passed,0.0,0.0,0.0,freeze,latency_comp,12210048,oracle,0
proposed_d0f,proposed,0,60.0,60.0,0.4,3.0,50.0,False,,0.0,0.0,1.98339868966077,60.0,0.0,3.9239999999999853,0.0,24.765625001696947,4.646705466069283,3.9240000000000004,True,NO BRAKE / passed,0.0,0.0,0.0,freeze,latency_comp,12210049,oracle,0
proposed_d4f,proposed,4,20.0,20.0,0.85,1.0,5.555555555555555,False,vehicle.ue4.audi.tt,0.0,0.0,0.19936290766111397,7.145015571629784,12.854984428370216,8.3385,0.0,4.906482697873405,10.989080837156738,8.3385,True,COLLISION with vehicle.ue4.audi.tt,0.0,0.0,0.0,freeze,latency_comp,12250000,oracle,4
proposed_d4f,proposed,4,20.0,20.0,0.4,1.0,5.555555555555555,False,vehicle.ue4.audi.tt,0.0,0.0,0.19924750429983826,6.851662473415077,13.148337526584923,3.924000000000003,0.0,4.906871805977347,10.993834356511538,3.9240000000000004,True,COLLISION with vehicle.ue4.audi.tt,0.0,0.0,0.0,freeze,latency_comp,12250001,oracle,4
proposed_d4f,proposed,4,20.0,20.0,0.85,1.5,8.333333333333332,True,,0.21853447486843436,9.608088058502371,0.763968767644508,20.0,0.0,8.3385,2.688884735107422,4.986253743667402,5.126813767198609,8.3385,True,AVOIDED,0.0,0.0,0.0,freeze,latency_comp,12250002,oracle,4
proposed_d4f,proposed,4,20.0,20.0,0.4,1.5,8.333333333333332,False,vehicle.ue4.audi.tt,0.0,0.0,0.7637303179399831,14.742308007333182,5.257691992666817,3.924000000000003,0.0,4.909479144379838,5.127695868345429,3.9240000000000004,True,COLLISION with vehicle.ue4.audi.tt,0.0,0.0,0.0,freeze,latency_comp,12250003,oracle,4
proposed_d4f,proposed,4,20.0,20.0,0.85,2.0,11.11111111111111,True,,1.0261516575198835,5.1735438694308105,0.9701622027854706,20.0,0.0,8.3385,3.557870864868164,5.794002533374376,3.2882735659520312,8.3385,True,AVOIDED,0.0,0.0,0.0,freeze,latency_comp,12250004,oracle,4
proposed_d4f,proposed,4,20.0,20.0,0.4,2.0,11.11111111111111,True,,0.5768814174311823,4.260289308368844,0.9699192792650284,20.0,0.0,3.924000000000003,4.006654739379883,5.3447322932856745,3.288622387228563,3.9240000000000004,True,AVOIDED,0.0,0.0,0.0,freeze,latency_comp,12250005,oracle,4
proposed_d4f,proposed,4,20.0,20.0,0.85,2.5,13.88888888888889,True,,1.9042930605320114,3.6583654231388554,1.1355760585213421,20.0,0.0,3.335400049701338,4.358943939208984,6.672019958725375,2.4161781460704046,8.3385,True,AVOIDED,0.0,0.0,0.0,freeze,latency_comp,12250006,oracle,4
proposed_d4f,proposed,4,20.0,20.0,0.4,2.5,13.88888888888889,True,,2.2175788938473264,4.187315633410535,1.188209768120914,20.0,0.0,3.924000000000003,4.320930480957031,6.985429769701819,2.315047027228491,3.9240000000000004,True,AVOIDED,0.0,0.0,0.0,freeze,latency_comp,12250007,oracle,4
proposed_d4f,proposed,4,20.0,20.0,0.85,3.0,16.666666666666664,True,,3.302757263605189,3.6579978674862454,1.3921160985308931,20.0,0.0,3.335400049701338,4.359958648681641,8.070487976481326,1.9754115938062764,8.3385,True,AVOIDED,0.0,0.0,0.0,freeze,latency_comp,12250008,oracle,4
proposed_d4f,proposed,4,20.0,20.0,0.4,3.0,16.666666666666664,True,,2.5969581644707205,4.052942909633682,1.4927937050271598,20.0,0.0,3.924000000000003,5.616546630859375,7.364660267131935,1.8429513218050455,3.9240000000000004,True,AVOIDED,0.0,0.0,0.0,freeze,latency_comp,12250009,oracle,4
proposed_d4f,proposed,4,30.0,30.0,0.85,1.0,8.333333333333334,False,vehicle.ue4.audi.tt,0.0,0.0,0.729844378578023,20.012818832667406,9.987181167332594,8.3385,0.0,4.897037513779118,8.104984495119513,8.3385,True,COLLISION with vehicle.ue4.audi.tt,0.0,0.0,0.0,freeze,latency_comp,12250010,oracle,4
proposed_d4f,proposed,4,30.0,30.0,0.4,1.0,8.333333333333334,False,vehicle.ue4.audi.tt,0.0,0.0,0.7312167076160889,17.799918414990444,12.200081585009558,3.924000000000003,0.0,4.908821112660468,8.108274098307549,3.9240000000000004,True,COLLISION with vehicle.ue4.audi.tt,0.0,0.0,0.0,freeze,latency_comp,12250011,oracle,4
proposed_d4f,proposed,4,30.0,30.0,0.85,1.5,12.5,False,vehicle.ue4.audi.tt,0.0,0.0,0.9554581498416795,25.497908293836552,4.502091706163446,8.3385,0.0,4.906948234403001,5.824211749348759,8.3385,True,COLLISION with vehicle.ue4.audi.tt,0.0,0.0,0.0,freeze,latency_comp,12250012,oracle,4
proposed_d4f,proposed,4,30.0,30.0,0.4,1.5,12.5,False,vehicle.ue4.audi.tt,0.0,0.0,1.0665651159420528,21.175635856080746,8.824364143919253,3.924000000000003,0.0,4.9252624546917145,5.4433214651215405,3.9240000000000004,True,COLLISION with vehicle.ue4.audi.tt,0.0,0.0,0.0,freeze,latency_comp,12250013,oracle,4
proposed_d4f,proposed,4,30.0,30.0,0.85,2.0,16.666666666666668,True,,0.7636623753540732,6.226390715138064,1.0947374869746265,30.0,0.0,8.3385,7.170934677124023,5.531253851851491,4.298202480315941,8.3385,True,AVOIDED,0.0,0.0,0.0,freeze,latency_comp,12250014,oracle,4
proposed_d4f,proposed,4,30.0,30.0,0.4,2.0,16.666666666666668,False,vehicle.ue4.audi.tt,0.0,0.0,1.198088511637955,24.431570953323885,5.568429046676114,3.924000000000003,0.0,4.909175911041851,4.083327667328311,3.9240000000000004,True,COLLISION with vehicle.ue4.audi.tt,0.0,0.0,0.0,freeze,latency_comp,12250015,oracle,4
proposed_d4f,proposed,4,30.0,30.0,0.85,2.5,20.833333333333336,True,,1.0213261573230774,4.090453053484257,1.212731995967634,30.0,0.0,8.3385,9.013877868652344,5.789013001495966,3.4073182283470844,8.3385,True,AVOIDED,0.0,0.0,0.0,freeze,latency_comp,12250016,oracle,4
proposed_d4f,proposed,4,30.0,30.0,0.4,2.5,20.833333333333336,True,,1.0414104462953908,4.1532194983457815,1.2612129627816788,30.0,0.0,3.924000000000003,9.405719757080078,5.809261322149883,3.2734973445001367,3.9240000000000004,True,AVOIDED,0.0,0.0,0.0,freeze,latency_comp,12250017,oracle,4
proposed_d4f,proposed,4,30.0,30.0,0.85,3.0,25.0,True,,1.3443244770452383,3.501718372541213,1.3663464184981884,30.0,0.0,3.335400049701338,9.961446762084961,6.1121753528997305,3.0249853112878258,8.3385,True,AVOIDED,0.0,0.0,0.0,freeze,latency_comp,12250018,oracle,4
proposed_d4f,proposed,4,30.0,30.0,0.4,3.0,25.0,True,,1.5163596089197844,4.063103373756054,1.564538689948,30.0,0.0,3.924000000000003,11.4425048828125,6.284073156105799,2.6390243405774925,3.9240000000000004,True,AVOIDED,0.0,0.0,0.0,freeze,latency_comp,12250019,oracle,4
proposed_d4f,proposed,4,40.0,40.0,0.85,1.0,11.11111111111111,False,vehicle.ue4.audi.tt,0.0,0.0,0.8756074937147528,26.05332701778665,13.946672982213352,8.3385,0.0,4.919059536727243,8.743117185153839,8.3385,True,COLLISION with vehicle.ue4.audi.tt,0.0,0.0,0.0,freeze,latency_comp,12250020,oracle,4
proposed_d4f,proposed,4,40.0,40.0,0.4,1.0,11.11111111111111,False,vehicle.ue4.audi.tt,0.0,0.0,0.9998283198413984,22.422194143779095,17.577805856220905,3.9239999999999853,0.0,4.89556504242635,8.090798770542394,3.9240000000000004,True,COLLISION with vehicle.ue4.audi.tt,0.0,0.0,0.0,freeze,latency_comp,12250021,oracle,4
proposed_d4f,proposed,4,40.0,40.0,0.85,1.5,16.666666666666664,False,vehicle.ue4.audi.tt,0.0,0.0,1.0351132236646037,30.23457961449418,9.765420385505818,8.3385,0.0,4.929866669368284,7.041424666662751,8.3385,True,COLLISION with vehicle.ue4.audi.tt,0.0,0.0,0.0,freeze,latency_comp,12250022,oracle,4
proposed_d4f,proposed,4,40.0,40.0,0.4,1.5,16.666666666666664,False,vehicle.ue4.audi.tt,0.0,0.0,1.1326094385329213,26.491491713956705,13.508508286043297,3.924000000000003,0.0,4.942008972184124,6.624603610655263,3.9240000000000004,True,COLLISION with vehicle.ue4.audi.tt,0.0,0.0,0.0,freeze,latency_comp,12250023,oracle,4
proposed_d4f,proposed,4,40.0,40.0,0.85,2.0,22.22222222222222,False,vehicle.ue4.audi.tt,0.0,0.0,1.134286564099166,34.331252409548455,5.668747590451548,8.338500000000018,0.0,4.915229809498038,5.5897429045990155,8.3385,True,COLLISION with vehicle.ue4.audi.tt,0.0,0.0,0.0,freeze,latency_comp,12250024,oracle,4
proposed_d4f,proposed,4,40.0,40.0,0.4,2.0,22.22222222222222,False,vehicle.ue4.audi.tt,0.0,0.0,1.22184707230389,28.277257001117,11.722742998883001,3.924000000000003,0.0,4.923938846788798,5.321961359274432,3.9240000000000004,True,COLLISION with vehicle.ue4.audi.tt,0.0,0.0,0.0,freeze,latency_comp,12250025,oracle,4
proposed_d4f,proposed,4,40.0,40.0,0.85,2.5,27.77777777777778,False,vehicle.ue4.audi.tt,0.0,5.900817814410924,1.188778447302535,38.598641473451295,1.4013585265487079,8.3385,0.0,4.892730777990976,4.645473035571714,8.3385,True,COLLISION with vehicle.ue4.audi.tt,0.0,0.0,0.0,freeze,latency_comp,12250026,oracle,4
proposed_d4f,proposed,4,40.0,40.0,0.4,2.5,27.77777777777778,False,vehicle.ue4.audi.tt,0.0,0.0,1.331244599850116,31.574963992022173,8.425036007977827,3.924000000000003,0.0,4.926613198273542,4.28528018479586,3.9240000000000004,True,COLLISION with vehicle.ue4.audi.tt,0.0,0.0,0.0,freeze,latency_comp,12250027,oracle,4
proposed_d4f,proposed,4,40.0,40.0,0.85,3.0,33.33333333333333,True,,0.5721476984134828,4.637068702055508,1.3922065534487515,40.0,0.0,8.3385,14.781688690185547,5.339998574267975,3.966928132863808,8.3385,True,AVOIDED,0.0,0.0,0.0,freeze,latency_comp,12250028,oracle,4
proposed_d4f,proposed,4,40.0,40.0,0.4,3.0,33.33333333333333,False,vehicle.ue4.audi.tt,0.0,0.0,1.5390763335063833,32.597955102895035,7.402044897104966,3.924000000000003,0.0,4.917550380866038,3.581534874183464,3.9240000000000004,True,COLLISION with vehicle.ue4.audi.tt,0.0,0.0,0.0,freeze,latency_comp,12250029,oracle,4
proposed_d4f,proposed,4,50.0,50.0,0.85,1.0,13.88888888888889,False,vehicle.ue4.audi.tt,0.0,0.0,1.003460044140363,30.712614988779297,19.287385011220703,8.338500000000018,0.0,4.897255165214232,9.313744075747058,8.3385,True,COLLISION with vehicle.ue4.audi.tt,0.0,0.0,0.0,freeze,latency_comp,12250030,oracle,4
proposed_d4f,proposed,4,50.0,50.0,0.4,1.0,13.88888888888889,False,vehicle.ue4.audi.tt,0.0,0.0,1.1156746507584203,27.727970601748236,22.272029398251764,3.9239999999999853,0.0,4.945972692951777,8.734568562735838,3.9240000000000004,True,COLLISION with vehicle.ue4.audi.tt,0.0,0.0,0.0,freeze,latency_comp,12250031,oracle,4
proposed_d4f,proposed,4,50.0,50.0,0.85,1.5,20.833333333333336,False,vehicle.ue4.audi.tt,0.0,0.0,1.108997160032991,34.50696430109515,15.493035698904848,8.338499999999982,0.0,4.90005496197825,8.176871958563162,8.3385,True,COLLISION with vehicle.ue4.audi.tt,0.0,0.0,0.0,freeze,latency_comp,12250032,oracle,4
proposed_d4f,proposed,4,50.0,50.0,0.4,1.5,20.833333333333336,False,vehicle.ue4.audi.tt,0.0,0.0,1.3099285833264835,31.831514642578547,18.168485357421453,3.9239999999999853,0.0,4.935969298461431,7.301587220678324,3.9240000000000004,True,COLLISION with vehicle.ue4.audi.tt,0.0,0.0,0.0,freeze,latency_comp,12250033,oracle,4
proposed_d4f,proposed,4,50.0,50.0,0.85,2.0,27.77777777777778,False,vehicle.ue4.audi.tt,0.0,0.0,1.1688908850900483,37.400863240945554,12.599136759054446,8.338500000000018,0.0,4.903339836186609,6.908683782026902,8.3385,True,COLLISION with vehicle.ue4.audi.tt,0.0,0.0,0.0,freeze,latency_comp,12250034,oracle,4
proposed_d4f,proposed,4,50.0,50.0,0.4,2.0,27.77777777777778,False,vehicle.ue4.audi.tt,0.0,0.0,1.4395958233366453,33.81690508975663,16.183094910243366,3.9239999999999853,0.0,4.964215939600933,6.008106194339076,3.9240000000000004,True,COLLISION with vehicle.ue4.audi.tt,0.0,0.0,0.0,freeze,latency_comp,12250035,oracle,4
proposed_d4f,proposed,4,50.0,50.0,0.85,2.5,34.72222222222222,False,vehicle.ue4.audi.tt,0.0,0.0,1.241480175800436,38.88966703014445,11.110332969855547,8.3385,0.0,4.899644860929796,5.7556154081535755,8.3385,True,COLLISION with vehicle.ue4.audi.tt,0.0,0.0,0.0,freeze,latency_comp,12250036,oracle,4
proposed_d4f,proposed,4,50.0,50.0,0.4,2.5,34.72222222222222,False,vehicle.ue4.audi.tt,0.0,0.0,1.4924870061042945,35.79363685901559,14.206363140984406,3.924000000000003,0.0,4.913680145703661,5.1061631091440605,3.9240000000000004,True,COLLISION with vehicle.ue4.audi.tt,0.0,0.0,0.0,freeze,latency_comp,12250037,oracle,4
proposed_d4f,proposed,4,50.0,50.0,0.85,3.0,41.66666666666667,False,,0.0,0.0,1.3531075454744064,50.0,0.0,3.3354000497013203,0.0,11.46854492516448,5.101627635267165,8.3385,True,NO BRAKE / passed,0.0,0.0,0.0,freeze,latency_comp,12250038,oracle,4
proposed_d4f,proposed,4,50.0,50.0,0.4,3.0,41.66666666666667,False,,0.0,0.0,1.55346833250409,50.0,0.0,3.9239999999999853,0.0,11.121699983012553,4.444685535881227,3.9240000000000004,True,NO BRAKE / passed,0.0,0.0,0.0,freeze,latency_comp,12250039,oracle,4
proposed_d4f,proposed,4,60.0,60.0,0.85,1.0,16.666666666666668,False,vehicle.ue4.audi.tt,0.0,0.0,1.0546417261490215,36.168421315744524,23.831578684255476,8.338499999999982,0.0,4.941696214069306,10.151701880201367,8.3385,True,COLLISION with vehicle.ue4.audi.tt,0.0,0.0,0.0,freeze,latency_comp,12250040,oracle,4
proposed_d4f,proposed,4,60.0,60.0,0.4,1.0,16.666666666666668,False,vehicle.ue4.audi.tt,0.0,0.0,1.2753277910516767,31.203698662878043,28.796301337121957,3.924000000000021,0.0,4.933311464340406,9.064344851678927,3.9240000000000004,True,COLLISION with vehicle.ue4.audi.tt,0.0,0.0,0.0,freeze,latency_comp,12250041,oracle,4
proposed_d4f,proposed,4,60.0,60.0,0.85,1.5,25.0,False,vehicle.ue4.audi.tt,0.0,0.0,1.1272584689226723,41.28338036281732,18.71661963718268,8.338499999999982,0.0,4.936939583229408,9.481403369900773,8.3385,True,COLLISION with vehicle.ue4.audi.tt,0.0,0.0,0.0,freeze,latency_comp,12250042,oracle,4
proposed_d4f,proposed,4,60.0,60.0,0.4,1.5,25.0,False,vehicle.ue4.audi.tt,0.0,0.0,1.4103526953015952,37.67955095028769,22.320449049712305,3.924000000000021,0.0,4.952068523798177,8.099723429983012,3.9240000000000004,True,COLLISION with vehicle.ue4.audi.tt,0.0,0.0,0.0,freeze,latency_comp,12250043,oracle,4
proposed_d4f,proposed,4,60.0,60.0,0.85,2.0,33.333333333333336,False,,0.0,0.0,1.2298864730637769,60.0,0.0,8.338499999999982,0.0,8.033470155415783,8.067643809727066,8.3385,True,NO BRAKE / passed,0.0,0.0,0.0,freeze,latency_comp,12250044,oracle,4
proposed_d4f,proposed,4,60.0,60.0,0.4,2.0,33.333333333333336,False,,0.0,0.0,1.4934540757247192,60.0,0.0,3.9239999999999853,0.0,8.00632858942649,7.042793541945185,3.9240000000000004,True,NO BRAKE / passed,0.0,0.0,0.0,freeze,latency_comp,12250045,oracle,4
proposed_d4f,proposed,4,60.0,60.0,0.85,2.5,41.66666666666667,False,,0.0,0.0,1.2622215373141135,60.0,0.0,3.3354000497013203,0.0,16.515815736512643,7.022934793999116,8.3385,True,NO BRAKE / passed,0.0,0.0,0.0,freeze,latency_comp,12250046,oracle,4
proposed_d4f,proposed,4,60.0,60.0,0.4,2.5,41.66666666666667,False,,0.0,0.0,1.5876460410358477,60.0,0.0,3.9239999999999853,0.0,16.697929385214078,6.002366512836536,3.9240000000000004,True,NO BRAKE / passed,0.0,0.0,0.0,freeze,latency_comp,12250047,oracle,4
proposed_d4f,proposed,4,60.0,60.0,0.85,3.0,50.0,False,,0.0,0.0,1.3311883207596167,60.0,0.0,3.3354000497013203,0.0,25.20958709838738,6.224241354226437,8.3385,True,NO BRAKE / passed,0.0,0.0,0.0,freeze,latency_comp,12250048,oracle,4
proposed_d4f,proposed,4,60.0,60.0,0.4,3.0,50.0,False,,0.0,0.0,1.6341426702666266,60.0,0.0,3.9239999999999853,0.0,24.5300483721114,5.237599715632542,3.9240000000000004,True,NO BRAKE / passed,0.0,0.0,0.0,freeze,latency_comp,12250049,oracle,4
proposed_d8f,proposed,8,20.0,20.0,0.85,1.0,5.555555555555555,False,vehicle.ue4.audi.tt,0.0,0.0,0.0,5.713282639162758,14.286717360837242,0.0,0.0,4.9217739122693045,0.0,8.3385,True,COLLISION with vehicle.ue4.audi.tt,0.0,0.0,0.0,freeze,latency_comp,12290000,oracle,8
proposed_d8f,proposed,8,20.0,20.0,0.4,1.0,5.555555555555555,False,vehicle.ue4.audi.tt,0.0,0.0,0.0,5.715610086983789,14.284389913016211,0.0,0.0,4.9218521202430665,0.0,3.9240000000000004,True,COLLISION with vehicle.ue4.audi.tt,0.0,0.0,0.0,freeze,latency_comp,12290001,oracle,8
proposed_d8f,proposed,8,20.0,20.0,0.85,1.5,8.333333333333332,False,vehicle.ue4.audi.tt,0.0,0.0,0.3774297653796596,13.358891345328415,6.641108654671585,8.3385,0.0,4.908620839532294,8.297389604123511,8.3385,True,COLLISION with vehicle.ue4.audi.tt,0.0,0.0,0.0,freeze,latency_comp,12290002,oracle,8
proposed_d8f,proposed,8,20.0,20.0,0.4,1.5,8.333333333333332,False,vehicle.ue4.audi.tt,0.0,0.0,0.3772855638428962,12.177027435663188,7.822972564336811,3.924000000000003,0.0,4.8995132458670785,8.299638022366459,3.9240000000000004,True,COLLISION with vehicle.ue4.audi.tt,0.0,0.0,0.0,freeze,latency_comp,12290003,oracle,8
proposed_d8f,proposed,8,20.0,20.0,0.85,2.0,11.11111111111111,True,,0.4318313602442432,7.0880709252074645,0.6313706030237114,20.0,0.0,8.3385,3.0504512786865234,5.199682236098735,4.345710811389609,8.3385,True,AVOIDED,0.0,0.0,0.0,freeze,latency_comp,12290004,oracle,8
proposed_d8f,proposed,8,20.0,20.0,0.4,2.0,11.11111111111111,False,vehicle.ue4.audi.tt,0.0,0.0,0.631280476161502,15.936813228734964,4.063186771265036,3.924000000000003,0.0,4.903684643431939,4.346301656340237,3.9240000000000004,True,COLLISION with vehicle.ue4.audi.tt,0.0,0.0,0.0,freeze,latency_comp,12290005,oracle,8
proposed_d8f,proposed,8,20.0,20.0,0.85,2.5,13.88888888888889,True,,0.8010482791889633,3.6570451921126144,0.9347561144126298,20.0,0.0,3.335400049701338,4.360080718994141,5.568778992076815,2.933117754417611,8.3385,True,AVOIDED,0.0,0.0,0.0,freeze,latency_comp,12290006,oracle,8
proposed_d8f,proposed,8,20.0,20.0,0.4,2.5,13.88888888888889,True,,1.1157436609138927,4.187432590616102,0.9881159231099369,20.0,0.0,3.924000000000003,4.320959091186523,5.883594536768385,2.7842341868283564,3.9240000000000004,True,AVOIDED,0.0,0.0,0.0,freeze,latency_comp,12290007,oracle,8
proposed_d8f,proposed,8,20.0,20.0,0.85,3.0,16.666666666666664,True,,2.2012100368505916,3.6581947631146803,1.1925825667687182,20.0,0.0,3.335400049701338,4.359895706176758,6.968940749725898,2.306926899651912,8.3385,True,AVOIDED,0.0,0.0,0.0,freeze,latency_comp,12290008,oracle,8
proposed_d8f,proposed,8,20.0,20.0,0.4,3.0,16.666666666666664,True,,2.0492458394874333,4.189139533031917,1.292683738941427,20.0,0.0,3.924000000000003,5.062173843383789,6.8170967153419255,2.1282661194156223,3.9240000000000004,True,AVOIDED,0.0,0.0,0.0,freeze,latency_comp,12290009,oracle,8
proposed_d8f,proposed,8,30.0,30.0,0.85,1.0,8.333333333333334,False,vehicle.ue4.audi.tt,0.0,0.0,0.3470033613048194,14.19849042014084,15.80150957985916,8.3385,0.0,4.910030365240668,13.508939598671276,8.3385,True,COLLISION with vehicle.ue4.audi.tt,0.0,0.0,0.0,freeze,latency_comp,12290010,oracle,8
proposed_d8f,proposed,8,30.0,30.0,0.4,1.0,8.333333333333334,False,vehicle.ue4.audi.tt,0.0,0.0,0.34737453696364895,14.321559942115421,15.678440057884579,3.924000000000003,0.0,4.909355163577021,13.516951188365471,3.9240000000000004,True,COLLISION with vehicle.ue4.audi.tt,0.0,0.0,0.0,freeze,latency_comp,12290011,oracle,8
proposed_d8f,proposed,8,30.0,30.0,0.85,1.5,12.5,False,vehicle.ue4.audi.tt,0.0,0.0,0.5901133098786533,20.432706727494157,9.567293272505845,8.3385,0.0,4.918846224166483,8.129067656184594,8.3385,True,COLLISION with vehicle.ue4.audi.tt,0.0,0.0,0.0,freeze,latency_comp,12290012,oracle,8
proposed_d8f,proposed,8,30.0,30.0,0.4,1.5,12.5,False,vehicle.ue4.audi.tt,0.0,0.0,0.6699285433072207,18.877659563038677,11.122340436961325,3.924000000000003,0.0,4.9408645786491245,7.398818110754544,3.9240000000000004,True,COLLISION with vehicle.ue4.audi.tt,0.0,0.0,0.0,freeze,latency_comp,12290013,oracle,8
proposed_d8f,proposed,8,30.0,30.0,0.85,2.0,16.666666666666668,False,vehicle.ue4.audi.tt,0.0,0.0,0.7588844496720883,24.96609931997067,5.033900680029329,8.3385,0.0,4.911098493914003,5.446033504240752,8.3385,True,COLLISION with vehicle.ue4.audi.tt,0.0,0.0,0.0,freeze,latency_comp,12290014,oracle,8
proposed_d8f,proposed,8,30.0,30.0,0.4,2.0,16.666666666666668,False,vehicle.ue4.audi.tt,0.0,0.0,0.8267539622755274,21.268874613596353,8.731125386403646,3.924000000000003,0.0,4.89900207787794,5.109567438350352,3.9240000000000004,True,COLLISION with vehicle.ue4.audi.tt,0.0,0.0,0.0,freeze,latency_comp,12290015,oracle,8
proposed_d8f,proposed,8,30.0,30.0,0.85,2.5,20.833333333333336,True,,0.303068220979438,4.940071141021698,1.0127431186830926,30.0,0.0,8.3385,8.07723617553711,5.07091909683393,4.080188554536679,8.3385,True,AVOIDED,0.0,0.0,0.0,freeze,latency_comp,12290016,oracle,8
proposed_d8f,proposed,8,30.0,30.0,0.4,2.5,20.833333333333336,False,vehicle.ue4.audi.tt,0.0,0.0,1.061497666951173,25.532521270052943,4.467478729947058,3.924000000000003,0.0,4.897991181067251,3.889651205506817,3.9240000000000004,True,COLLISION with vehicle.ue4.audi.tt,0.0,0.0,0.0,freeze,latency_comp,12290017,oracle,8
proposed_d8f,proposed,8,30.0,30.0,0.85,3.0,25.0,True,,0.63556126562756,4.089459785386086,1.1663716912638284,30.0,0.0,8.3385,9.015312194824219,5.403259533618148,3.5437015100393623,8.3385,True,AVOIDED,0.0,0.0,0.0,freeze,latency_comp,12290018,oracle,8
proposed_d8f,proposed,8,30.0,30.0,0.4,3.0,25.0,True,,0.29715175850783027,4.10744510238887,1.3647443936102197,30.0,0.0,3.924000000000003,11.006816864013672,5.064865305200185,3.025388149851385,3.9240000000000004,True,AVOIDED,0.0,0.0,0.0,freeze,latency_comp,12290019,oracle,8
proposed_d8f,proposed,8,40.0,40.0,0.85,1.0,11.11111111111111,False,vehicle.ue4.audi.tt,0.0,0.0,0.502359144941864,20.775902747684984,19.224097252315016,8.338499999999982,0.0,4.911409244856384,12.847708979128964,8.3385,True,COLLISION with vehicle.ue4.audi.tt,0.0,0.0,0.0,freeze,latency_comp,12290020,oracle,8
proposed_d8f,proposed,8,40.0,40.0,0.4,1.0,11.11111111111111,False,vehicle.ue4.audi.tt,0.0,0.0,0.585997070961092,19.896979368246384,20.103020631753616,3.9239999999999853,0.0,4.927726747287333,11.49802196869802,3.9240000000000004,True,COLLISION with vehicle.ue4.audi.tt,0.0,0.0,0.0,freeze,latency_comp,12290021,oracle,8
proposed_d8f,proposed,8,40.0,40.0,0.85,1.5,16.666666666666664,False,vehicle.ue4.audi.tt,0.0,0.0,0.6904426780288755,25.103436597219137,14.896563402780865,8.338500000000018,0.0,4.900840697232075,9.446869798020717,8.3385,True,COLLISION with vehicle.ue4.audi.tt,0.0,0.0,0.0,freeze,latency_comp,12290022,oracle,8
proposed_d8f,proposed,8,40.0,40.0,0.4,1.5,16.666666666666664,False,vehicle.ue4.audi.tt,0.0,0.0,0.7665075466186281,24.12377633426656,15.876223665733443,3.9239999999999853,0.0,4.898052240009436,8.705682906673692,3.9240000000000004,True,COLLISION with vehicle.ue4.audi.tt,0.0,0.0,0.0,freeze,latency_comp,12290023,oracle,8
proposed_d8f,proposed,8,40.0,40.0,0.85,2.0,22.22222222222222,False,vehicle.ue4.audi.tt,0.0,0.0,0.8107543874670878,28.212248700986876,11.787751299013122,8.3385,0.0,4.91335993073116,7.036709744515264,8.3385,True,COLLISION with vehicle.ue4.audi.tt,0.0,0.0,0.0,freeze,latency_comp,12290024,oracle,8
proposed_d8f,proposed,8,40.0,40.0,0.4,2.0,22.22222222222222,False,vehicle.ue4.audi.tt,0.0,0.0,0.8832880381492121,26.238239794496838,13.761760205503162,3.924000000000003,0.0,4.9546814074561984,6.607158655874639,3.9240000000000004,True,COLLISION with vehicle.ue4.audi.tt,0.0,0.0,0.0,freeze,latency_comp,12290025,oracle,8
proposed_d8f,proposed,8,40.0,40.0,0.85,2.5,27.77777777777778,False,vehicle.ue4.audi.tt,0.0,0.0,0.9886612058814385,31.03015127457283,8.969848725427168,8.3385,0.0,4.922885044913051,5.586162793730725,8.3385,True,COLLISION with vehicle.ue4.audi.tt,0.0,0.0,0.0,freeze,latency_comp,12290026,oracle,8
proposed_d8f,proposed,8,40.0,40.0,0.4,2.5,27.77777777777778,False,vehicle.ue4.audi.tt,0.0,0.0,1.0888183766624846,28.986766693418474,11.013233306581524,3.924000000000003,0.0,4.92837957351387,5.073075176650183,3.9240000000000004,True,COLLISION with vehicle.ue4.audi.tt,0.0,0.0,0.0,freeze,latency_comp,12290027,oracle,8
proposed_d8f,proposed,8,40.0,40.0,0.85,3.0,33.33333333333333,False,vehicle.ue4.audi.tt,0.0,0.0,1.192012034128367,33.09012558682554,6.909874413174459,8.3385,0.0,4.911183948954207,4.633194846641852,8.3385,True,COLLISION with vehicle.ue4.audi.tt,0.0,0.0,0.0,freeze,latency_comp,12290028,oracle,8
proposed_d8f,proposed,8,40.0,40.0,0.4,3.0,33.33333333333333,False,vehicle.ue4.audi.tt,0.0,0.0,1.339323326699661,30.35029262919682,9.649707370803181,3.924000000000003,0.0,4.929005697936904,4.115753485857089,3.9240000000000004,True,COLLISION with vehicle.ue4.audi.tt,0.0,0.0,0.0,freeze,latency_comp,12290029,oracle,8
proposed_d8f,proposed,8,50.0,50.0,0.85,1.0,13.88888888888889,False,vehicle.ue4.audi.tt,0.0,0.0,0.6321274543223282,26.88360345995851,23.11639654004149,8.338500000000018,0.0,4.922928063385687,12.727312922069409,8.3385,True,COLLISION with vehicle.ue4.audi.tt,0.0,0.0,0.0,freeze,latency_comp,12290030,oracle,8
proposed_d8f,proposed,8,50.0,50.0,0.4,1.0,13.88888888888889,False,vehicle.ue4.audi.tt,0.0,0.0,0.7141215302991455,24.21055731359054,25.78944268640946,3.9239999999999853,0.0,4.897475579504748,11.664184101651415,3.9240000000000004,True,COLLISION with vehicle.ue4.audi.tt,0.0,0.0,0.0,freeze,latency_comp,12290031,oracle,8
proposed_d8f,proposed,8,50.0,50.0,0.85,1.5,20.833333333333336,False,vehicle.ue4.audi.tt,0.0,0.0,0.7749540304108004,31.534214399802647,18.465785600197353,8.338499999999982,0.0,4.978836431981328,10.686722637107561,8.3385,True,COLLISION with vehicle.ue4.audi.tt,0.0,0.0,0.0,freeze,latency_comp,12290032,oracle,8
proposed_d8f,proposed,8,50.0,50.0,0.4,1.5,20.833333333333336,False,vehicle.ue4.audi.tt,0.0,0.0,0.9338580574520148,30.217386578229586,19.782613421770414,3.9239999999999853,0.0,4.982964661851524,9.263288797157083,3.9240000000000004,True,COLLISION with vehicle.ue4.audi.tt,0.0,0.0,0.0,freeze,latency_comp,12290033,oracle,8
proposed_d8f,proposed,8,50.0,50.0,0.85,2.0,27.77777777777778,False,vehicle.ue4.audi.tt,0.0,0.0,0.8590948234303987,33.34518551027002,16.65481448972998,8.338499999999982,0.0,4.965244386963906,8.647817270991617,8.3385,True,COLLISION with vehicle.ue4.audi.tt,0.0,0.0,0.0,freeze,latency_comp,12290034,oracle,8
proposed_d8f,proposed,8,50.0,50.0,0.4,2.0,27.77777777777778,False,vehicle.ue4.audi.tt,0.0,0.0,1.0870406061112605,31.495286787029233,18.504713212970767,3.9239999999999853,0.0,4.954117349162806,7.272910416100022,3.9240000000000004,True,COLLISION with vehicle.ue4.audi.tt,0.0,0.0,0.0,freeze,latency_comp,12290035,oracle,8
proposed_d8f,proposed,8,50.0,50.0,0.85,2.5,34.72222222222222,False,vehicle.ue4.audi.tt,0.0,0.0,0.999955108981612,34.408841672191556,15.591158327808445,8.338499999999982,0.0,4.915566808548318,6.903282467674051,8.3385,True,COLLISION with vehicle.ue4.audi.tt,0.0,0.0,0.0,freeze,latency_comp,12290036,oracle,8
proposed_d8f,proposed,8,50.0,50.0,0.4,2.5,34.72222222222222,False,vehicle.ue4.audi.tt,0.0,0.0,1.1643134866321851,33.73458408573209,16.265415914267912,3.9239999999999853,0.0,4.948528553038373,6.002868790498381,3.9240000000000004,True,COLLISION with vehicle.ue4.audi.tt,0.0,0.0,0.0,freeze,latency_comp,12290037,oracle,8
proposed_d8f,proposed,8,50.0,50.0,0.85,3.0,41.66666666666667,False,,0.0,0.0,1.1531067310947036,50.0,0.0,3.3354000497013203,0.0,11.390984516925776,5.98647805202478,8.3385,True,NO BRAKE / passed,0.0,0.0,0.0,freeze,latency_comp,12290038,oracle,8
proposed_d8f,proposed,8,50.0,50.0,0.4,3.0,41.66666666666667,False,,0.0,0.0,1.3534279721109381,50.0,0.0,3.9239999999999853,0.0,11.002072333498822,5.101682456378316,3.9240000000000004,True,NO BRAKE / passed,0.0,0.0,0.0,freeze,latency_comp,12290039,oracle,8
proposed_d8f,proposed,8,60.0,60.0,0.85,1.0,16.666666666666668,False,vehicle.ue4.audi.tt,0.0,0.0,0.6972039022124866,30.953025059021076,29.046974940978924,8.338499999999982,0.0,4.9298252850495174,13.382846284619038,8.3385,True,COLLISION with vehicle.ue4.audi.tt,0.0,0.0,0.0,freeze,latency_comp,12290040,oracle,8
proposed_d8f,proposed,8,60.0,60.0,0.4,1.0,16.666666666666668,False,vehicle.ue4.audi.tt,0.0,0.0,0.8641586173360867,29.0189633017219,30.9810366982781,3.924000000000021,0.0,4.955875519455784,11.549019417256455,3.9240000000000004,True,COLLISION with vehicle.ue4.audi.tt,0.0,0.0,0.0,freeze,latency_comp,12290041,oracle,8
proposed_d8f,proposed,8,60.0,60.0,0.85,1.5,25.0,False,vehicle.ue4.audi.tt,0.0,0.0,0.8054955575321474,37.18501268394529,22.81498731605471,8.338499999999982,0.0,4.890236168517096,12.300200565941086,8.3385,True,COLLISION with vehicle.ue4.audi.tt,0.0,0.0,0.0,freeze,latency_comp,12290042,oracle,8
proposed_d8f,proposed,8,60.0,60.0,0.4,1.5,25.0,False,vehicle.ue4.audi.tt,0.0,0.0,1.0402223933829033,35.1692374910392,24.830762508960806,3.924000000000021,0.0,4.898109588324816,10.059166996425434,3.9240000000000004,True,COLLISION with vehicle.ue4.audi.tt,0.0,0.0,0.0,freeze,latency_comp,12290043,oracle,8
proposed_d8f,proposed,8,60.0,60.0,0.85,2.0,33.333333333333336,False,,0.0,0.0,0.9247844099735577,60.0,0.0,8.338499999999982,0.0,8.50474929933921,10.014932874406814,8.3385,True,NO BRAKE / passed,0.0,0.0,0.0,freeze,latency_comp,12290044,oracle,8
proposed_d8f,proposed,8,60.0,60.0,0.4,2.0,33.333333333333336,False,,0.0,0.0,1.1502433579379396,60.0,0.0,3.9239999999999853,0.0,7.981159210312894,8.478300660096599,3.9240000000000004,True,NO BRAKE / passed,0.0,0.0,0.0,freeze,latency_comp,12290045,oracle,8
proposed_d8f,proposed,8,60.0,60.0,0.85,2.5,41.66666666666667,False,,0.0,0.0,0.9789316296085878,60.0,0.0,3.3354000497013203,0.0,16.21481704887547,8.46844553700913,8.3385,True,NO BRAKE / passed,0.0,0.0,0.0,freeze,latency_comp,12290046,oracle,8
proposed_d8f,proposed,8,60.0,60.0,0.4,2.5,41.66666666666667,False,,0.0,0.0,1.2620051540529171,60.0,0.0,3.9239999999999853,0.0,16.3315086395115,7.023391210343164,3.9240000000000004,True,NO BRAKE / passed,0.0,0.0,0.0,freeze,latency_comp,12290047,oracle,8
proposed_d8f,proposed,8,60.0,60.0,0.85,3.0,50.0,False,,0.0,0.0,0.0,60.0,0.0,0.0,0.0,25.175376893322685,0.0,8.3385,True,NO BRAKE / passed,0.0,0.0,0.0,freeze,latency_comp,12290048,oracle,8
proposed_d8f,proposed,8,60.0,60.0,0.4,3.0,50.0,False,,0.0,0.0,1.3820684518737594,60.0,0.0,1.569600023388844,0.0,25.21168518234472,5.998521878966145,3.9240000000000004,True,NO BRAKE / passed,0.0,0.0,0.0,freeze,latency_comp,12290049,oracle,8
proposed_d16f,proposed,16,20.0,20.0,0.85,1.0,5.555555555555555,False,vehicle.ue4.audi.tt,0.0,0.0,0.0,5.713282639162758,14.286717360837242,0.0,0.0,4.9217739122693045,0.0,8.3385,True,COLLISION with vehicle.ue4.audi.tt,0.0,0.0,0.0,freeze,latency_comp,12760000,oracle,16
proposed_d16f,proposed,16,20.0,20.0,0.4,1.0,5.555555555555555,False,vehicle.ue4.audi.tt,0.0,0.0,0.0,5.715610086983789,14.284389913016211,0.0,0.0,4.9218521202430665,0.0,3.9240000000000004,True,COLLISION with vehicle.ue4.audi.tt,0.0,0.0,0.0,freeze,latency_comp,12760001,oracle,16
proposed_d16f,proposed,16,20.0,20.0,0.85,1.5,8.333333333333332,False,vehicle.ue4.audi.tt,0.0,0.0,0.0,10.020277820332552,9.979722179667448,0.0,0.0,4.9210109761835055,0.0,8.3385,True,COLLISION with vehicle.ue4.audi.tt,0.0,0.0,0.0,freeze,latency_comp,12760002,oracle,16
proposed_d16f,proposed,16,20.0,20.0,0.4,1.5,8.333333333333332,False,vehicle.ue4.audi.tt,0.0,0.0,0.0,10.023037973257042,9.976962026742958,0.0,0.0,4.920530328296952,0.0,3.9240000000000004,True,COLLISION with vehicle.ue4.audi.tt,0.0,0.0,0.0,freeze,latency_comp,12760003,oracle,16
proposed_d16f,proposed,16,20.0,20.0,0.85,2.0,11.11111111111111,False,vehicle.ue4.audi.tt,0.0,0.0,0.2318261369598216,11.480770296020134,8.519229703979866,3.335400049701338,0.0,4.9156818404696185,11.836179658474444,8.3385,True,COLLISION with vehicle.ue4.audi.tt,0.0,0.0,0.0,freeze,latency_comp,12760004,oracle,16
proposed_d16f,proposed,16,20.0,20.0,0.4,2.0,11.11111111111111,True,,10.081823349692652,4.337943779169885,1.1247550081650937,20.0,0.0,3.924000000000003,3.4208879470825195,10.836174965054605,2.3193227288650795,3.9240000000000004,True,AVOIDED,0.0,0.0,0.0,freeze,latency_comp,12760005,oracle,16
proposed_d16f,proposed,16,20.0,20.0,0.85,2.5,13.88888888888889,False,vehicle.ue4.audi.tt,0.0,0.0,0.5362577205256541,14.28266209918392,5.717337900816079,3.335400049701338,0.0,4.914058685302827,5.116556625615377,8.3385,True,COLLISION with vehicle.ue4.audi.tt,0.0,0.0,0.0,freeze,latency_comp,12760006,oracle,16
proposed_d16f,proposed,16,20.0,20.0,0.4,2.5,13.88888888888889,False,vehicle.ue4.audi.tt,0.0,0.0,0.58759568064079,14.476745837750373,5.523254162249627,3.924000000000003,0.0,4.911121380845828,4.682025991967664,3.9240000000000004,True,COLLISION with vehicle.ue4.audi.tt,0.0,0.0,0.0,freeze,latency_comp,12760007,oracle,16
proposed_d16f,proposed,16,20.0,20.0,0.85,3.0,16.666666666666664,True,,0.193796184661859,3.9117856321827316,0.7919876203203601,20.0,0.0,8.3385,4.1637420654296875,4.961452510981655,3.4737809898067047,8.3385,True,AVOIDED,0.0,0.0,0.0,freeze,latency_comp,12760008,oracle,16
proposed_d16f,proposed,16,20.0,20.0,0.4,3.0,16.666666666666664,False,vehicle.ue4.audi.tt,0.0,0.0,0.891845392446356,17.31309667216571,2.6869033278342913,3.924000000000003,0.0,4.895977031431372,3.084499074818966,3.9240000000000004,True,COLLISION with vehicle.ue4.audi.tt,0.0,0.0,0.0,freeze,latency_comp,12760009,oracle,16
proposed_d16f,proposed,16,30.0,30.0,0.85,1.0,8.333333333333334,False,vehicle.ue4.audi.tt,0.0,0.0,0.0,12.422980462497996,17.577019537502004,0.0,0.0,4.952165631314739,0.0,8.3385,True,COLLISION with vehicle.ue4.audi.tt,0.0,0.0,0.0,freeze,latency_comp,12760010,oracle,16
proposed_d16f,proposed,16,30.0,30.0,0.4,1.0,8.333333333333334,False,vehicle.ue4.audi.tt,0.0,0.0,0.0,12.462044666699267,17.537955333300733,0.0,0.0,4.952976230094973,0.0,3.9240000000000004,True,COLLISION with vehicle.ue4.audi.tt,0.0,0.0,0.0,freeze,latency_comp,12760011,oracle,16
proposed_d16f,proposed,16,30.0,30.0,0.85,1.5,12.5,False,vehicle.ue4.audi.tt,0.0,0.0,0.10506708882306272,15.731370993777869,14.268629006222131,3.335400049701338,0.0,4.899633478692974,39.32917585796777,8.3385,True,COLLISION with vehicle.ue4.audi.tt,0.0,0.0,0.0,freeze,latency_comp,12760012,oracle,16
proposed_d16f,proposed,16,30.0,30.0,0.4,1.5,12.5,False,vehicle.ue4.audi.tt,0.0,0.0,0.15469553102618322,15.513504621223891,14.486495378776109,3.924000000000003,0.0,4.898874286039726,26.690127742891505,3.9240000000000004,True,COLLISION with vehicle.ue4.audi.tt,0.0,0.0,0.0,freeze,latency_comp,12760013,oracle,16
proposed_d16f,proposed,16,30.0,30.0,0.85,2.0,16.666666666666668,False,vehicle.ue4.audi.tt,0.0,0.0,0.3589282115957219,17.42238008932644,12.577619910673562,3.335400049701338,0.0,4.925907163164758,11.515439094599992,8.3385,True,COLLISION with vehicle.ue4.audi.tt,0.0,0.0,0.0,freeze,latency_comp,12760014,oracle,16
proposed_d16f,proposed,16,30.0,30.0,0.4,2.0,16.666666666666668,False,vehicle.ue4.audi.tt,0.0,0.0,0.4091497463427632,17.308674605619316,12.691325394380685,3.924000000000003,0.0,4.93905264893653,10.109881897412604,3.9240000000000004,True,COLLISION with vehicle.ue4.audi.tt,0.0,0.0,0.0,freeze,latency_comp,12760015,oracle,16
proposed_d16f,proposed,16,30.0,30.0,0.85,2.5,20.833333333333336,False,vehicle.ue4.audi.tt,0.0,0.0,0.6127733781529325,19.634586950780868,10.365413049219132,3.335400049701338,0.0,4.9408874591002,6.743566674507407,8.3385,True,COLLISION with vehicle.ue4.audi.tt,0.0,0.0,0.0,freeze,latency_comp,12760016,oracle,16
proposed_d16f,proposed,16,30.0,30.0,0.4,2.5,20.833333333333336,False,vehicle.ue4.audi.tt,0.0,0.0,0.6619175589723485,19.73971454180502,10.26028545819498,3.924000000000003,0.0,4.944488527405148,6.237903039744913,3.9240000000000004,True,COLLISION with vehicle.ue4.audi.tt,0.0,0.0,0.0,freeze,latency_comp,12760017,oracle,16
proposed_d16f,proposed,16,30.0,30.0,0.85,3.0,25.0,False,vehicle.ue4.audi.tt,0.0,0.0,0.7663570939472922,20.712972415786943,9.287027584213057,3.335400049701338,0.0,4.901264343936814,5.393377500331063,8.3385,True,COLLISION with vehicle.ue4.audi.tt,0.0,0.0,0.0,freeze,latency_comp,12760018,oracle,16
proposed_d16f,proposed,16,30.0,30.0,0.4,3.0,25.0,False,vehicle.ue4.audi.tt,0.0,0.0,0.9651651589986476,21.348156312309094,8.651843687690906,3.924000000000003,0.0,4.9298935769453225,4.2779803528277975,3.9240000000000004,True,COLLISION with vehicle.ue4.audi.tt,0.0,0.0,0.0,freeze,latency_comp,12760019,oracle,16
proposed_d16f,proposed,16,40.0,40.0,0.85,1.0,11.11111111111111,False,vehicle.ue4.audi.tt,0.0,0.0,0.016220857959390263,16.43767057277741,23.56232942722259,3.335400049701338,0.0,4.893899691275543,0.0,8.3385,True,COLLISION with vehicle.ue4.audi.tt,0.0,0.0,0.0,freeze,latency_comp,12760020,oracle,16
proposed_d16f,proposed,16,40.0,40.0,0.4,1.0,11.11111111111111,False,vehicle.ue4.audi.tt,0.0,0.0,0.05840848370376681,16.603721554553708,23.396278445446292,1.5696000233888796,0.0,4.894044877290365,50.0,3.9240000000000004,True,COLLISION with vehicle.ue4.audi.tt,0.0,0.0,0.0,freeze,latency_comp,12760021,oracle,16
proposed_d16f,proposed,16,40.0,40.0,0.85,1.5,16.666666666666664,False,vehicle.ue4.audi.tt,0.0,0.0,0.18084108016554723,21.31768047213748,18.68231952786252,3.3354000497013203,0.0,4.938531422875893,30.537567495242712,8.3385,True,COLLISION with vehicle.ue4.audi.tt,0.0,0.0,0.0,freeze,latency_comp,12760022,oracle,16
proposed_d16f,proposed,16,40.0,40.0,0.4,1.5,16.666666666666664,False,vehicle.ue4.audi.tt,0.0,0.0,0.2305572109905745,21.300029884949105,18.699970115050895,3.9239999999999853,0.0,4.939334982411511,23.941957304479796,3.9240000000000004,True,COLLISION with vehicle.ue4.audi.tt,0.0,0.0,0.0,freeze,latency_comp,12760023,oracle,16
proposed_d16f,proposed,16,40.0,40.0,0.85,2.0,22.22222222222222,False,vehicle.ue4.audi.tt,0.0,0.0,0.38452719970271526,22.956044038998716,17.043955961001284,3.3354000497013203,0.0,4.921292316360523,14.36255129119929,8.3385,True,COLLISION with vehicle.ue4.audi.tt,0.0,0.0,0.0,freeze,latency_comp,12760024,oracle,16
proposed_d16f,proposed,16,40.0,40.0,0.4,2.0,22.22222222222222,False,vehicle.ue4.audi.tt,0.0,0.0,0.4332652916153522,22.23915472641601,17.76084527358399,3.9239999999999853,0.0,4.903606770963747,12.722328507780883,3.9240000000000004,True,COLLISION with vehicle.ue4.audi.tt,0.0,0.0,0.0,freeze,latency_comp,12760025,oracle,16
proposed_d16f,proposed,16,40.0,40.0,0.85,2.5,27.77777777777778,False,vehicle.ue4.audi.tt,0.0,0.0,0.5882585549747769,23.68748455015244,16.31251544984756,3.3354000497013203,0.0,4.900866994155292,9.388505487992537,8.3385,True,COLLISION with vehicle.ue4.audi.tt,0.0,0.0,0.0,freeze,latency_comp,12760026,oracle,16
proposed_d16f,proposed,16,40.0,40.0,0.4,2.5,27.77777777777778,False,vehicle.ue4.audi.tt,0.0,0.0,0.6883239845912883,24.747781010431098,15.2522189895689,3.9239999999999853,0.0,4.923901131679248,8.02457101756787,3.9240000000000004,True,COLLISION with vehicle.ue4.audi.tt,0.0,0.0,0.0,freeze,latency_comp,12760027,oracle,16
proposed_d16f,proposed,16,40.0,40.0,0.85,3.0,33.33333333333333,False,vehicle.ue4.audi.tt,0.0,0.0,0.7916082194865199,25.72441834954691,14.275581650453093,3.335400049701338,0.0,4.942290239406094,6.976726439878301,8.3385,True,COLLISION with vehicle.ue4.audi.tt,0.0,0.0,0.0,freeze,latency_comp,12760028,oracle,16
proposed_d16f,proposed,16,40.0,40.0,0.4,3.0,33.33333333333333,False,vehicle.ue4.audi.tt,0.0,0.0,0.9397481647144609,25.846274809194927,14.153725190805073,3.924000000000003,0.0,4.928536611659718,5.86559436711036,3.9240000000000004,True,COLLISION with vehicle.ue4.audi.tt,0.0,0.0,0.0,freeze,latency_comp,12760029,oracle,16
proposed_d16f,proposed,16,50.0,50.0,0.85,1.0,13.88888888888889,False,vehicle.ue4.audi.tt,0.0,0.0,0.11041216877425472,20.612576474894166,29.387423525105834,3.3354000497013203,0.0,4.896564730239367,48.347466807001425,8.3385,True,COLLISION with vehicle.ue4.audi.tt,0.0,0.0,0.0,freeze,latency_comp,12760030,oracle,16
proposed_d16f,proposed,16,50.0,50.0,0.4,1.0,13.88888888888889,False,vehicle.ue4.audi.tt,0.0,0.0,0.165347907902329,20.42164097224172,29.57835902775828,3.9239999999999853,0.0,4.896625721537861,35.924320230947906,3.9240000000000004,True,COLLISION with vehicle.ue4.audi.tt,0.0,0.0,0.0,freeze,latency_comp,12760031,oracle,16
proposed_d16f,proposed,16,50.0,50.0,0.85,1.5,20.833333333333336,False,vehicle.ue4.audi.tt,0.0,0.0,0.2557728042229729,26.425552779058957,23.574447220941043,3.3354000497013203,0.0,4.897381396275552,28.18809096446596,8.3385,True,COLLISION with vehicle.ue4.audi.tt,0.0,0.0,0.0,freeze,latency_comp,12760032,oracle,16
proposed_d16f,proposed,16,50.0,50.0,0.4,1.5,20.833333333333336,False,vehicle.ue4.audi.tt,0.0,0.0,0.3722823951746163,26.415450479652836,23.584549520347164,3.9239999999999853,0.0,4.899060897024391,19.98358933977088,3.9240000000000004,True,COLLISION with vehicle.ue4.audi.tt,0.0,0.0,0.0,freeze,latency_comp,12760033,oracle,16
proposed_d16f,proposed,16,50.0,50.0,0.85,2.0,27.77777777777778,False,vehicle.ue4.audi.tt,0.0,0.0,0.39665124971832455,27.78992647392765,22.21007352607235,3.3354000497013203,0.0,4.9942627830733075,17.403325676340533,8.3385,True,COLLISION with vehicle.ue4.audi.tt,0.0,0.0,0.0,freeze,latency_comp,12760034,oracle,16
proposed_d16f,proposed,16,50.0,50.0,0.4,2.0,27.77777777777778,False,vehicle.ue4.audi.tt,0.0,0.0,0.546835351760995,28.128524171026314,21.871475828973686,3.9239999999999853,0.0,4.9671355714492815,12.626640378537571,3.9240000000000004,True,COLLISION with vehicle.ue4.audi.tt,0.0,0.0,0.0,freeze,latency_comp,12760035,oracle,16
proposed_d16f,proposed,16,50.0,50.0,0.85,2.5,34.72222222222222,False,vehicle.ue4.audi.tt,0.0,0.0,0.599967845988889,28.626840545979423,21.373159454020577,3.3354000497013203,0.0,4.9024451604165025,11.505760666346886,8.3385,True,COLLISION with vehicle.ue4.audi.tt,0.0,0.0,0.0,freeze,latency_comp,12760036,oracle,16
proposed_d16f,proposed,16,50.0,50.0,0.4,2.5,34.72222222222222,False,vehicle.ue4.audi.tt,0.0,0.0,0.7501247266890004,29.959444115063448,20.040555884936552,3.9239999999999853,0.0,4.976572520080721,9.204832344502467,3.9240000000000004,True,COLLISION with vehicle.ue4.audi.tt,0.0,0.0,0.0,freeze,latency_comp,12760037,oracle,16
proposed_d16f,proposed,16,50.0,50.0,0.85,3.0,41.66666666666667,False,,0.0,0.0,0.7531120519808099,50.0,0.0,3.3354000497013203,0.0,11.222107903958344,9.166080813983013,8.3385,True,NO BRAKE / passed,0.0,0.0,0.0,freeze,latency_comp,12760038,oracle,16
proposed_d16f,proposed,16,50.0,50.0,0.4,3.0,41.66666666666667,False,,0.0,0.0,0.9533269764399351,50.0,0.0,3.9239999999999853,0.0,11.296026147825728,7.242901840802516,3.9240000000000004,True,NO BRAKE / passed,0.0,0.0,0.0,freeze,latency_comp,12760039,oracle,16
proposed_d16f,proposed,16,60.0,60.0,0.85,1.0,16.666666666666668,False,vehicle.ue4.audi.tt,0.0,0.0,0.1721017969390986,25.045557103918235,34.954442896081765,3.3354000497013203,0.0,4.989089968052741,37.53296355003447,8.3385,True,COLLISION with vehicle.ue4.audi.tt,0.0,0.0,0.0,freeze,latency_comp,12760040,oracle,16
proposed_d16f,proposed,16,60.0,60.0,0.4,1.0,16.666666666666668,False,vehicle.ue4.audi.tt,0.0,0.0,0.28765317103799704,25.306380332863355,34.693619667136645,3.924000000000021,0.0,4.986180230658393,25.829805765337834,3.9240000000000004,True,COLLISION with vehicle.ue4.audi.tt,0.0,0.0,0.0,freeze,latency_comp,12760041,oracle,16
proposed_d16f,proposed,16,60.0,60.0,0.85,1.5,25.0,False,vehicle.ue4.audi.tt,0.0,0.0,0.29124086240619046,30.72286925076649,29.27713074923351,3.3354000497013203,0.0,4.978534707927602,30.19911593172419,8.3385,True,COLLISION with vehicle.ue4.audi.tt,0.0,0.0,0.0,freeze,latency_comp,12760042,oracle,16
proposed_d16f,proposed,16,60.0,60.0,0.4,1.5,25.0,False,vehicle.ue4.audi.tt,0.0,0.0,0.468402517018106,31.840011279624136,28.159988720375864,3.924000000000021,0.0,4.954230415909467,19.52383155510562,3.9240000000000004,True,COLLISION with vehicle.ue4.audi.tt,0.0,0.0,0.0,freeze,latency_comp,12760043,oracle,16
proposed_d16f,proposed,16,60.0,60.0,0.85,2.0,33.333333333333336,False,,0.0,0.0,0.4253778969853923,60.0,0.0,3.3354000497013203,0.0,7.824298860292733,19.478028924899352,8.3385,True,NO BRAKE / passed,0.0,0.0,0.0,freeze,latency_comp,12760044,oracle,16
proposed_d16f,proposed,16,60.0,60.0,0.4,2.0,33.333333333333336,False,,0.0,0.0,0.5941308275617352,60.0,0.0,3.9239999999999853,0.0,7.888713851038048,14.383197711721861,3.9240000000000004,True,NO BRAKE / passed,0.0,0.0,0.0,freeze,latency_comp,12760045,oracle,16
proposed_d16f,proposed,16,60.0,60.0,0.85,2.5,41.66666666666667,False,,0.0,0.0,0.0,60.0,0.0,0.0,0.0,16.840492249960523,0.0,8.3385,True,NO BRAKE / passed,0.0,0.0,0.0,freeze,latency_comp,12760046,oracle,16
proposed_d16f,proposed,16,60.0,60.0,0.4,2.5,41.66666666666667,False,,0.0,0.0,0.778820634661901,60.0,0.0,1.569600023388844,0.0,16.847869875999613,10.644673653623787,3.9240000000000004,True,NO BRAKE / passed,0.0,0.0,0.0,freeze,latency_comp,12760047,oracle,16
proposed_d16f,proposed,16,60.0,60.0,0.85,3.0,50.0,False,,0.0,0.0,0.0,60.0,0.0,0.0,0.0,25.175376893322685,0.0,8.3385,True,NO BRAKE / passed,0.0,0.0,0.0,freeze,latency_comp,12760048,oracle,16
proposed_d16f,proposed,16,60.0,60.0,0.4,3.0,50.0,False,,0.0,0.0,0.0,60.0,0.0,0.0,0.0,25.1741371171672,0.0,3.9240000000000004,True,NO BRAKE / passed,0.0,0.0,0.0,freeze,latency_comp,12760049,oracle,16
