label,controller,delay_frames,ego_speed_kmh,lead_speed_kmh,mu,headway_thw,headway_d,avoided,collision_with,s_clearance,a_b_mfdd,t_c_warn,dv_speed_var,collision_speed_kmh,peak_decel,brake_distance,min_dist,a_req_at_brake,a_max,is_conflict,result_txt,noise_sigma_m,noise_sigma_vr,dropout_p,dropout_mode,test_mode,seed,comp_source,comp_L_frames
baseline_pred_d0f,baseline,0,20.0,20.0,0.85,1.0,5.555555555555555,True,,0.2019138357252963,10.453119983521168,1.0276972509210658,20.0,0.0,8.3385,2.132364273071289,4.9696979544055315,3.854961683271183,8.3385,True,AVOIDED,0.0,0.0,0.0,freeze,latency_comp_all,17020000,oracle,0
baseline_pred_d0f,baseline,0,20.0,20.0,0.4,1.0,5.555555555555555,False,vehicle.ue4.audi.tt,0.0,0.0,1.027180161973942,8.740139531155819,11.259860468844181,3.924000000000003,0.0,4.895692838747953,3.8561031592528154,3.9240000000000004,True,COLLISION with vehicle.ue4.audi.tt,0.0,0.0,0.0,freeze,latency_comp_all,17020001,oracle,0
baseline_pred_d0f,baseline,0,20.0,20.0,0.85,1.5,8.333333333333332,True,,1.0720443767769625,7.71498521924589,1.524544481957731,20.0,0.0,8.3385,2.937509536743164,5.839683536933365,3.642869055510605,8.3385,True,AVOIDED,0.0,0.0,0.0,freeze,latency_comp_all,17020002,oracle,0
baseline_pred_d0f,baseline,0,20.0,20.0,0.4,1.5,8.333333333333332,False,vehicle.ue4.audi.tt,0.0,0.0,1.5241210236795302,15.290130420854286,4.709869579145714,3.924000000000003,0.0,4.907146465258253,3.6433767610283385,3.9240000000000004,True,COLLISION with vehicle.ue4.audi.tt,0.0,0.0,0.0,freeze,latency_comp_all,17020003,oracle,0
baseline_pred_d0f,baseline,0,20.0,20.0,0.85,2.0,11.11111111111111,True,,1.3276138311944292,3.659027209484476,1.5769579829209088,20.0,0.0,3.335400049701338,4.358022689819336,6.095344544088494,2.6408963823463054,8.3385,True,AVOIDED,0.0,0.0,0.0,freeze,latency_comp_all,17020004,oracle,0
baseline_pred_d0f,baseline,0,20.0,20.0,0.4,2.0,11.11111111111111,True,,0.20682145183274603,4.2613863048976794,1.5765482544638727,20.0,0.0,3.924000000000003,5.478311538696289,4.974672327687238,2.641128431557853,3.9240000000000004,True,AVOIDED,0.0,0.0,0.0,freeze,latency_comp_all,17020005,oracle,0
baseline_pred_d0f,baseline,0,20.0,20.0,0.85,2.5,13.88888888888889,True,,3.0063323975487704,3.6585754881056736,1.5634631974108213,20.0,0.0,3.335400049701338,4.358644485473633,7.774063110438267,2.049671399985566,8.3385,True,AVOIDED,0.0,0.0,0.0,freeze,latency_comp_all,17020006,oracle,0
baseline_pred_d0f,baseline,0,20.0,20.0,0.4,2.5,13.88888888888889,True,,0.5348053098150531,2.690518840616939,1.5631356248428965,20.0,0.0,3.924000000000003,6.829681396484375,5.302518856568293,2.0498076930225118,3.9240000000000004,True,AVOIDED,0.0,0.0,0.0,freeze,latency_comp_all,17020007,oracle,0
baseline_pred_d0f,baseline,0,20.0,20.0,0.85,3.0,16.666666666666664,True,,4.4040851689989235,3.6574361751269278,1.5926756334445036,20.0,0.0,3.335400049701338,4.360797882080078,9.171817789249273,1.7271808654896244,8.3385,True,AVOIDED,0.0,0.0,0.0,freeze,latency_comp_all,17020008,oracle,0
baseline_pred_d0f,baseline,0,20.0,20.0,0.4,3.0,16.666666666666664,True,,0.7004127617523199,2.0046487547329166,1.592566214080907,20.0,0.0,3.924000000000003,8.063982009887695,5.468263637606812,1.7272761451054515,3.9240000000000004,True,AVOIDED,0.0,0.0,0.0,freeze,latency_comp_all,17020009,oracle,0
baseline_pred_d0f,baseline,0,30.0,30.0,0.85,1.0,8.333333333333334,True,,0.12737656277324128,9.287440317700943,1.4913584999013962,30.0,0.0,8.3385,5.677133560180664,4.895063406621209,5.527246761241946,8.3385,True,AVOIDED,0.0,0.0,0.0,freeze,latency_comp_all,17020010,oracle,0
baseline_pred_d0f,baseline,0,30.0,30.0,0.4,1.0,8.333333333333334,False,vehicle.ue4.audi.tt,0.0,0.0,1.4965137535196515,17.77346760029708,12.226532399702918,3.924000000000003,0.0,4.92810249338815,5.529156961112872,3.9240000000000004,True,COLLISION with vehicle.ue4.audi.tt,0.0,0.0,0.0,freeze,latency_comp_all,17020011,oracle,0
baseline_pred_d0f,baseline,0,30.0,30.0,0.85,1.5,12.5,True,,1.2146989160911073,8.359683304687305,1.4978341553493797,30.0,0.0,8.3385,6.274269104003906,5.982298022320891,4.541629174900243,8.3385,True,AVOIDED,0.0,0.0,0.0,freeze,latency_comp_all,17020012,oracle,0
baseline_pred_d0f,baseline,0,30.0,30.0,0.4,1.5,12.5,False,vehicle.ue4.audi.tt,0.0,0.0,1.5001870955425671,20.78264135038605,9.21735864961395,3.924000000000003,0.0,4.922472001971764,4.542613936001572,3.9240000000000004,True,COLLISION with vehicle.ue4.audi.tt,0.0,0.0,0.0,freeze,latency_comp_all,17020013,oracle,0
baseline_pred_d0f,baseline,0,30.0,30.0,0.85,2.0,16.666666666666668,True,,1.5107250217146735,4.938377924045225,1.558501907856058,30.0,0.0,8.3385,8.07876968383789,6.27849197412271,3.553040417315222,8.3385,True,AVOIDED,0.0,0.0,0.0,freeze,latency_comp_all,17020014,oracle,0
baseline_pred_d0f,baseline,0,30.0,30.0,0.4,2.0,16.666666666666668,False,vehicle.ue4.audi.tt,0.0,0.0,1.5556423846254275,22.251260737266104,7.748739262733896,3.924000000000003,0.0,4.906608638545983,3.5536331835203545,3.9240000000000004,True,COLLISION with vehicle.ue4.audi.tt,0.0,0.0,0.0,freeze,latency_comp_all,17020015,oracle,0
baseline_pred_d0f,baseline,0,30.0,30.0,0.85,2.5,20.833333333333336,True,,1.730516606536093,3.502564285803724,1.555509886909128,30.0,0.0,3.335400049701338,9.959571838378906,6.498367482390585,2.9208720157525128,8.3385,True,AVOIDED,0.0,0.0,0.0,freeze,latency_comp_all,17020016,oracle,0
baseline_pred_d0f,baseline,0,30.0,30.0,0.4,2.5,20.833333333333336,False,vehicle.ue4.audi.tt,0.0,0.0,1.5568011846642291,23.030408738648983,6.969591261351017,3.924000000000003,0.0,4.898860932119428,2.921264935779513,3.9240000000000004,True,COLLISION with vehicle.ue4.audi.tt,0.0,0.0,0.0,freeze,latency_comp_all,17020017,oracle,0
baseline_pred_d0f,baseline,0,30.0,30.0,0.85,3.0,25.0,True,,2.9992240114637587,3.501718372541213,1.5663577887799187,30.0,0.0,3.335400049701338,9.961446762084961,7.767074887318251,2.6387316278142037,8.3385,True,AVOIDED,0.0,0.0,0.0,freeze,latency_comp_all,17020018,oracle,0
baseline_pred_d0f,baseline,0,30.0,30.0,0.4,3.0,25.0,False,vehicle.ue4.audi.tt,0.0,0.0,1.564538689948,24.378391647114846,5.621608352885156,3.924000000000003,0.0,4.909687560513702,2.6390243405774925,3.9240000000000004,True,COLLISION with vehicle.ue4.audi.tt,0.0,0.0,0.0,freeze,latency_comp_all,17020019,oracle,0
baseline_pred_d0f,baseline,0,40.0,40.0,0.85,1.0,11.11111111111111,False,vehicle.ue4.audi.tt,0.0,0.0,1.463429358931834,32.86637118689079,7.133628813109211,8.3385,0.0,4.906415428690845,6.585243016700176,8.3385,True,COLLISION with vehicle.ue4.audi.tt,0.0,0.0,0.0,freeze,latency_comp_all,17020020,oracle,0
baseline_pred_d0f,baseline,0,40.0,40.0,0.4,1.0,11.11111111111111,False,vehicle.ue4.audi.tt,0.0,0.0,1.4625655724835638,23.458496655187854,16.541503344812146,3.9239999999999853,0.0,4.919025429714253,6.587173239442366,3.9240000000000004,True,COLLISION with vehicle.ue4.audi.tt,0.0,0.0,0.0,freeze,latency_comp_all,17020021,oracle,0
baseline_pred_d0f,baseline,0,40.0,40.0,0.85,1.5,16.666666666666664,False,vehicle.ue4.audi.tt,0.0,8.92490351418854,1.4978989383190238,37.41658734701361,2.5834126529863894,8.338500000000018,0.0,4.894690617894768,5.610379576220253,8.3385,True,COLLISION with vehicle.ue4.audi.tt,0.0,0.0,0.0,freeze,latency_comp_all,17020022,oracle,0
baseline_pred_d0f,baseline,0,40.0,40.0,0.4,1.5,16.666666666666664,False,vehicle.ue4.audi.tt,0.0,0.0,1.4979309987928373,26.110008614152303,13.889991385847697,3.924000000000003,0.0,4.9055557769639435,5.610950213515961,3.9240000000000004,True,COLLISION with vehicle.ue4.audi.tt,0.0,0.0,0.0,freeze,latency_comp_all,17020023,oracle,0
baseline_pred_d0f,baseline,0,40.0,40.0,0.85,2.0,22.22222222222222,True,,0.9787410214319259,6.835319143198157,1.5352075693094698,40.0,0.0,8.3385,12.093549728393555,5.746363019271489,4.646139043398756,8.3385,True,AVOIDED,0.0,0.0,0.0,freeze,latency_comp_all,17020024,oracle,0
baseline_pred_d0f,baseline,0,40.0,40.0,0.4,2.0,22.22222222222222,False,vehicle.ue4.audi.tt,0.0,0.0,1.5346654269310267,26.964320445550694,13.035679554449306,3.924000000000003,0.0,4.939426449615423,4.6472998193919,3.9240000000000004,True,COLLISION with vehicle.ue4.audi.tt,0.0,0.0,0.0,freeze,latency_comp_all,17020025,oracle,0
baseline_pred_d0f,baseline,0,40.0,40.0,0.85,2.5,27.77777777777778,True,,1.4725434958939632,5.219126710515103,1.517171235020837,40.0,0.0,8.3385,13.846500396728516,6.240394371748455,3.970144486766125,8.3385,True,AVOIDED,0.0,0.0,0.0,freeze,latency_comp_all,17020026,oracle,0
baseline_pred_d0f,baseline,0,40.0,40.0,0.4,2.5,27.77777777777778,False,vehicle.ue4.audi.tt,0.0,0.0,1.5170054847351226,27.7373532942963,12.262646705703698,3.924000000000003,0.0,4.91310166039766,3.9704487614236386,3.9240000000000004,True,COLLISION with vehicle.ue4.audi.tt,0.0,0.0,0.0,freeze,latency_comp_all,17020027,oracle,0
baseline_pred_d0f,baseline,0,40.0,40.0,0.85,3.0,33.33333333333333,True,,1.5411349219426969,4.038347363173135,1.592462827843923,40.0,0.0,8.3385,16.02057647705078,6.308795072785682,3.468196068378685,8.3385,True,AVOIDED,0.0,0.0,0.0,freeze,latency_comp_all,17020028,oracle,0
baseline_pred_d0f,baseline,0,40.0,40.0,0.4,3.0,33.33333333333333,False,vehicle.ue4.audi.tt,0.0,0.0,1.592781703536857,28.577360523132906,11.422639476867094,3.924000000000003,0.0,4.922974686552187,3.4679312656333,3.9240000000000004,True,COLLISION with vehicle.ue4.audi.tt,0.0,0.0,0.0,freeze,latency_comp_all,17020029,oracle,0
baseline_pred_d0f,baseline,0,50.0,50.0,0.85,1.0,13.88888888888889,False,vehicle.ue4.audi.tt,0.0,0.0,1.5396789646693683,36.371841164407755,13.628158835592249,8.338500000000018,0.0,4.933880086112321,7.339271753267539,8.3385,True,COLLISION with vehicle.ue4.audi.tt,0.0,0.0,0.0,freeze,latency_comp_all,17020030,oracle,0
baseline_pred_d0f,baseline,0,50.0,50.0,0.4,1.0,13.88888888888889,False,vehicle.ue4.audi.tt,0.0,0.0,1.5414885258865976,26.078885444881553,23.921114555118447,3.9239999999999853,0.0,4.899126578404428,7.337281362407446,3.9240000000000004,True,COLLISION with vehicle.ue4.audi.tt,0.0,0.0,0.0,freeze,latency_comp_all,17020031,oracle,0
baseline_pred_d0f,baseline,0,50.0,50.0,0.85,1.5,20.833333333333336,False,vehicle.ue4.audi.tt,0.0,0.0,1.5366633997877233,39.88675204671759,10.11324795328241,8.338500000000018,0.0,4.921982277488087,6.602333366155927,8.3385,True,COLLISION with vehicle.ue4.audi.tt,0.0,0.0,0.0,freeze,latency_comp_all,17020032,oracle,0
baseline_pred_d0f,baseline,0,50.0,50.0,0.4,1.5,20.833333333333336,False,vehicle.ue4.audi.tt,0.0,0.0,1.5369289512874023,30.446771582148187,19.553228417851813,3.9239999999999853,0.0,4.899681247845509,6.603225939597002,3.9240000000000004,True,COLLISION with vehicle.ue4.audi.tt,0.0,0.0,0.0,freeze,latency_comp_all,17020033,oracle,0
baseline_pred_d0f,baseline,0,50.0,50.0,0.85,2.0,27.77777777777778,False,vehicle.ue4.audi.tt,0.0,0.0,1.5387210192923593,42.83421272808645,7.165787271913549,8.3385,0.0,4.91748862549032,5.759141036102191,8.3385,True,COLLISION with vehicle.ue4.audi.tt,0.0,0.0,0.0,freeze,latency_comp_all,17020034,oracle,0
baseline_pred_d0f,baseline,0,50.0,50.0,0.4,2.0,27.77777777777778,False,vehicle.ue4.audi.tt,0.0,0.0,1.5380030540665015,31.43132428664935,18.56867571335065,3.9239999999999853,0.0,4.918584833502005,5.759328130792308,3.9240000000000004,True,COLLISION with vehicle.ue4.audi.tt,0.0,0.0,0.0,freeze,latency_comp_all,17020035,oracle,0
baseline_pred_d0f,baseline,0,50.0,50.0,0.85,2.5,34.72222222222222,True,,0.1683500967284015,6.567985614938648,1.5828040117239706,50.0,0.0,8.3385,19.157581329345703,4.9359530090479655,4.923026994393354,8.3385,True,AVOIDED,0.0,0.0,0.0,freeze,latency_comp_all,17020036,oracle,0
baseline_pred_d0f,baseline,0,50.0,50.0,0.4,2.5,34.72222222222222,False,vehicle.ue4.audi.tt,0.0,0.0,1.5807872891099155,32.05032624747877,17.949673752521228,3.9239999999999853,0.0,4.936376220490241,4.9270306329009985,3.9240000000000004,True,COLLISION with vehicle.ue4.audi.tt,0.0,0.0,0.0,freeze,latency_comp_all,17020037,oracle,0
baseline_pred_d0f,baseline,0,50.0,50.0,0.85,3.0,41.66666666666667,False,,0.0,0.0,1.5530828909371022,50.0,0.0,3.3354000497013203,0.0,11.28359317338748,4.444667012930342,8.3385,True,NO BRAKE / passed,0.0,0.0,0.0,freeze,latency_comp_all,17020038,oracle,0
baseline_pred_d0f,baseline,0,50.0,50.0,0.4,3.0,41.66666666666667,False,,0.0,0.0,1.55346833250409,50.0,0.0,3.9239999999999853,0.0,10.91912409555383,4.444685535881227,3.9240000000000004,True,NO BRAKE / passed,0.0,0.0,0.0,freeze,latency_comp_all,17020039,oracle,0
baseline_pred_d0f,baseline,0,60.0,60.0,0.85,1.0,16.666666666666668,False,vehicle.ue4.audi.tt,0.0,0.0,1.5414337970136753,38.1851233173585,21.814876682641493,8.338499999999982,0.0,4.899555210549338,8.178634435944101,8.3385,True,COLLISION with vehicle.ue4.audi.tt,0.0,0.0,0.0,freeze,latency_comp_all,17020040,oracle,0
baseline_pred_d0f,baseline,0,60.0,60.0,0.4,1.0,16.666666666666668,False,vehicle.ue4.audi.tt,0.0,0.0,1.5426327367458859,30.715187954248602,29.284812045751398,3.9239999999999853,0.0,4.916126253274321,8.171760926367462,3.9240000000000004,True,COLLISION with vehicle.ue4.audi.tt,0.0,0.0,0.0,freeze,latency_comp_all,17020041,oracle,0
baseline_pred_d0f,baseline,0,60.0,60.0,0.85,1.5,25.0,False,vehicle.ue4.audi.tt,0.0,0.0,1.5179003642955156,44.11457368289726,15.885426317102741,8.338499999999982,0.0,4.96635080334963,7.723672276625629,8.3385,True,COLLISION with vehicle.ue4.audi.tt,0.0,0.0,0.0,freeze,latency_comp_all,17020042,oracle,0
baseline_pred_d0f,baseline,0,60.0,60.0,0.4,1.5,25.0,False,vehicle.ue4.audi.tt,0.0,0.0,1.5179303995262177,35.65139792928109,24.348602070718908,3.9239999999999853,0.0,4.990619807087106,7.724693973202227,3.9240000000000004,True,COLLISION with vehicle.ue4.audi.tt,0.0,0.0,0.0,freeze,latency_comp_all,17020043,oracle,0
baseline_pred_d0f,baseline,0,60.0,60.0,0.85,2.0,33.333333333333336,False,,0.0,0.0,1.5878646170813733,60.0,0.0,8.338499999999982,0.0,8.24083328394134,6.755292853330584,8.3385,True,NO BRAKE / passed,0.0,0.0,0.0,freeze,latency_comp_all,17020044,oracle,0
baseline_pred_d0f,baseline,0,60.0,60.0,0.4,2.0,33.333333333333336,False,,0.0,0.0,1.5876596103857359,60.0,0.0,3.9239999999999853,0.0,8.101230621449048,6.755814378925434,3.9240000000000004,True,NO BRAKE / passed,0.0,0.0,0.0,freeze,latency_comp_all,17020045,oracle,0
baseline_pred_d0f,baseline,0,60.0,60.0,0.85,2.5,41.66666666666667,False,,0.0,0.0,1.5878978870973606,60.0,0.0,3.3354000497013203,0.0,16.25029754815325,6.002032820303024,8.3385,True,NO BRAKE / passed,0.0,0.0,0.0,freeze,latency_comp_all,17020046,oracle,0
baseline_pred_d0f,baseline,0,60.0,60.0,0.4,2.5,41.66666666666667,False,,0.0,0.0,1.5876460410358477,60.0,0.0,1.5696000233888796,0.0,16.487026217557965,6.002366512836536,3.9240000000000004,True,NO BRAKE / passed,0.0,0.0,0.0,freeze,latency_comp_all,17020047,oracle,0
baseline_pred_d0f,baseline,0,60.0,60.0,0.85,3.0,50.0,False,,0.0,0.0,1.5531412837826004,60.0,0.0,3.3354000497013203,0.0,24.612155915762973,5.411479914972096,8.3385,True,NO BRAKE / passed,0.0,0.0,0.0,freeze,latency_comp_all,17020048,oracle,0
baseline_pred_d0f,baseline,0,60.0,60.0,0.4,3.0,50.0,False,,0.0,0.0,1.5528560793872372,60.0,0.0,1.5696000233888796,0.0,24.487895967343547,5.411740493118561,3.9240000000000004,True,NO BRAKE / passed,0.0,0.0,0.0,freeze,latency_comp_all,17020049,oracle,0
baseline_pred_d4f,baseline,4,20.0,20.0,0.85,1.0,5.555555555555555,False,vehicle.ue4.audi.tt,0.0,0.0,0.299758212514157,9.632572500920464,10.367427499079536,8.3385,0.0,4.90123367443734,8.692509503669498,8.3385,True,COLLISION with vehicle.ue4.audi.tt,0.0,0.0,0.0,freeze,latency_comp_all,17060000,oracle,4
baseline_pred_d4f,baseline,4,20.0,20.0,0.4,1.0,5.555555555555555,False,vehicle.ue4.audi.tt,0.0,0.0,0.2996117166687181,6.927760781302002,13.072239218697998,3.924000000000003,0.0,4.906808864308535,8.695745682858139,3.9240000000000004,True,COLLISION with vehicle.ue4.audi.tt,0.0,0.0,0.0,freeze,latency_comp_all,17060001,oracle,4
baseline_pred_d4f,baseline,4,20.0,20.0,0.85,1.5,8.333333333333332,True,,1.175659183761402,10.888849012732836,1.271539701802271,20.0,0.0,8.3385,2.5588035583496094,5.943296436569166,3.9510049124405637,8.3385,True,AVOIDED,0.0,0.0,0.0,freeze,latency_comp_all,17060002,oracle,4
baseline_pred_d4f,baseline,4,20.0,20.0,0.4,1.5,8.333333333333332,False,vehicle.ue4.audi.tt,0.0,0.0,1.2711517278440916,15.296703437088391,4.703296562911609,3.924000000000003,0.0,4.907857905640136,3.951572664241318,3.9240000000000004,True,COLLISION with vehicle.ue4.audi.tt,0.0,0.0,0.0,freeze,latency_comp_all,17060003,oracle,4
baseline_pred_d4f,baseline,4,20.0,20.0,0.85,2.0,11.11111111111111,True,,1.8520355229543375,5.173580626589776,1.3964005612154253,20.0,0.0,8.3385,3.558542251586914,6.61988639880883,2.778516337864287,8.3385,True,AVOIDED,0.0,0.0,0.0,freeze,latency_comp_all,17060004,oracle,4
baseline_pred_d4f,baseline,4,20.0,20.0,0.4,2.0,11.11111111111111,True,,0.34791756653116135,4.189132647405232,1.396079747592526,20.0,0.0,3.924000000000003,5.062175750732422,5.1157684423856535,2.778767749131233,3.9240000000000004,True,AVOIDED,0.0,0.0,0.0,freeze,latency_comp_all,17060005,oracle,4
baseline_pred_d4f,baseline,4,20.0,20.0,0.85,2.5,13.88888888888889,True,,3.0063323975487704,3.6585754881056736,1.5634631974108213,20.0,0.0,3.335400049701338,4.358644485473633,7.774063110438267,2.049671399985566,8.3385,True,AVOIDED,0.0,0.0,0.0,freeze,latency_comp_all,17060006,oracle,4
baseline_pred_d4f,baseline,4,20.0,20.0,0.4,2.5,13.88888888888889,True,,0.6471862907780173,2.7664767319063865,1.5631356248428965,20.0,0.0,3.924000000000003,6.7173004150390625,5.4150371666325094,2.0498076930225118,3.9240000000000004,True,AVOIDED,0.0,0.0,0.0,freeze,latency_comp_all,17060007,oracle,4
baseline_pred_d4f,baseline,4,20.0,20.0,0.85,3.0,16.666666666666664,True,,4.4040851689989235,3.6574361751269278,1.5926756334445036,20.0,0.0,3.335400049701338,4.360797882080078,9.171817789249273,1.7271808654896244,8.3385,True,AVOIDED,0.0,0.0,0.0,freeze,latency_comp_all,17060008,oracle,4
baseline_pred_d4f,baseline,4,20.0,20.0,0.4,3.0,16.666666666666664,True,,0.9500351051953926,2.1151550393815945,1.592566214080907,20.0,0.0,3.924000000000003,7.814359664916992,5.717742929916765,1.7272761451054515,3.9240000000000004,True,AVOIDED,0.0,0.0,0.0,freeze,latency_comp_all,17060009,oracle,4
baseline_pred_d4f,baseline,4,30.0,30.0,0.85,1.0,8.333333333333334,True,,0.35556794019726023,9.063708653862872,1.2304664673380958,30.0,0.0,8.3385,5.035234451293945,5.123271949360948,6.0737267258086645,8.3385,True,AVOIDED,0.0,0.0,0.0,freeze,latency_comp_all,17060010,oracle,4
baseline_pred_d4f,baseline,4,30.0,30.0,0.4,1.0,8.333333333333334,False,vehicle.ue4.audi.tt,0.0,0.0,1.2255890585972107,17.91530118087345,12.08469881912655,3.924000000000003,0.0,4.928615573603842,6.076076575090038,3.9240000000000004,True,COLLISION with vehicle.ue4.audi.tt,0.0,0.0,0.0,freeze,latency_comp_all,17060011,oracle,4
baseline_pred_d4f,baseline,4,30.0,30.0,0.85,1.5,12.5,True,,1.409671899205235,9.064159944234172,1.4978341553493797,30.0,0.0,8.3385,6.079296112060547,6.177299615828418,4.541629174900243,8.3385,True,AVOIDED,0.0,0.0,0.0,freeze,latency_comp_all,17060012,oracle,4
baseline_pred_d4f,baseline,4,30.0,30.0,0.4,1.5,12.5,False,vehicle.ue4.audi.tt,0.0,0.0,1.5001870955425671,20.95970702831127,9.040292971688729,3.924000000000003,0.0,4.92630961382603,4.542613936001572,3.9240000000000004,True,COLLISION with vehicle.ue4.audi.tt,0.0,0.0,0.0,freeze,latency_comp_all,17060013,oracle,4
baseline_pred_d4f,baseline,4,30.0,30.0,0.85,2.0,16.666666666666668,True,,2.095262527636476,5.708034588236933,1.558501907856058,30.0,0.0,8.3385,7.494232177734375,6.862890243694276,3.553040417315222,8.3385,True,AVOIDED,0.0,0.0,0.0,freeze,latency_comp_all,17060014,oracle,4
baseline_pred_d4f,baseline,4,30.0,30.0,0.4,2.0,16.666666666666668,False,vehicle.ue4.audi.tt,0.0,0.0,1.5556423846254275,22.926672641698957,7.073327358301045,3.924000000000003,0.0,4.921936106217591,3.5536331835203545,3.9240000000000004,True,COLLISION with vehicle.ue4.audi.tt,0.0,0.0,0.0,freeze,latency_comp_all,17060015,oracle,4
baseline_pred_d4f,baseline,4,30.0,30.0,0.85,2.5,20.833333333333336,True,,1.730516606536093,3.502564285803724,1.555509886909128,30.0,0.0,3.335400049701338,9.959571838378906,6.498367482390585,2.9208720157525128,8.3385,True,AVOIDED,0.0,0.0,0.0,freeze,latency_comp_all,17060016,oracle,4
baseline_pred_d4f,baseline,4,30.0,30.0,0.4,2.5,20.833333333333336,False,vehicle.ue4.audi.tt,0.0,0.0,1.5568011846642291,23.627735912474307,6.372264087525692,3.924000000000003,0.0,4.913684844971681,2.921264935779513,3.9240000000000004,True,COLLISION with vehicle.ue4.audi.tt,0.0,0.0,0.0,freeze,latency_comp_all,17060017,oracle,4
baseline_pred_d4f,baseline,4,30.0,30.0,0.85,3.0,25.0,True,,2.9992240114637587,3.501718372541213,1.5663577887799187,30.0,0.0,3.335400049701338,9.961446762084961,7.767074887318251,2.6387316278142037,8.3385,True,AVOIDED,0.0,0.0,0.0,freeze,latency_comp_all,17060018,oracle,4
baseline_pred_d4f,baseline,4,30.0,30.0,0.4,3.0,25.0,False,vehicle.ue4.audi.tt,0.0,0.0,1.564538689948,24.979782567526478,5.020217432473521,3.924000000000003,0.0,4.903019207763998,2.6390243405774925,3.9240000000000004,True,COLLISION with vehicle.ue4.audi.tt,0.0,0.0,0.0,freeze,latency_comp_all,17060019,oracle,4
baseline_pred_d4f,baseline,4,40.0,40.0,0.85,1.0,11.11111111111111,False,vehicle.ue4.audi.tt,0.0,0.0,1.463429358931834,33.211095363156566,6.788904636843435,8.3385,0.0,4.89778476042239,6.585243016700176,8.3385,True,COLLISION with vehicle.ue4.audi.tt,0.0,0.0,0.0,freeze,latency_comp_all,17060020,oracle,4
baseline_pred_d4f,baseline,4,40.0,40.0,0.4,1.0,11.11111111111111,False,vehicle.ue4.audi.tt,0.0,0.0,1.4625655724835638,23.458496655187854,16.541503344812146,3.9239999999999853,0.0,4.919025429714253,6.587173239442366,3.9240000000000004,True,COLLISION with vehicle.ue4.audi.tt,0.0,0.0,0.0,freeze,latency_comp_all,17060021,oracle,4
baseline_pred_d4f,baseline,4,40.0,40.0,0.85,1.5,16.666666666666664,True,,0.5407772167353659,0.0,1.5852973707984146,40.0,0.0,8.338500000000018,10.83590316772461,5.308406840163751,5.3404502640059865,8.3385,True,AVOIDED,0.0,0.0,0.0,freeze,latency_comp_all,17060022,oracle,4
baseline_pred_d4f,baseline,4,40.0,40.0,0.4,1.5,16.666666666666664,False,vehicle.ue4.audi.tt,0.0,0.0,1.4979309987928373,26.110008614152303,13.889991385847697,3.924000000000003,0.0,4.9055557769639435,5.610950213515961,3.9240000000000004,True,COLLISION with vehicle.ue4.audi.tt,0.0,0.0,0.0,freeze,latency_comp_all,17060023,oracle,4
baseline_pred_d4f,baseline,4,40.0,40.0,0.85,2.0,22.22222222222222,True,,1.4697844773688997,7.468276649157195,1.5352075693094698,40.0,0.0,8.3385,11.602502822875977,6.237635353223392,4.646139043398756,8.3385,True,AVOIDED,0.0,0.0,0.0,freeze,latency_comp_all,17060024,oracle,4
baseline_pred_d4f,baseline,4,40.0,40.0,0.4,2.0,22.22222222222222,False,vehicle.ue4.audi.tt,0.0,0.0,1.5346654269310267,26.961848485189662,13.03815151481034,3.924000000000003,0.0,4.925983507048926,4.6472998193919,3.9240000000000004,True,COLLISION with vehicle.ue4.audi.tt,0.0,0.0,0.0,freeze,latency_comp_all,17060025,oracle,4
baseline_pred_d4f,baseline,4,40.0,40.0,0.85,2.5,27.77777777777778,True,,1.8797233494083203,5.517125262550879,1.517171235020837,40.0,0.0,8.3385,13.439315795898438,6.647333885773969,3.970144486766125,8.3385,True,AVOIDED,0.0,0.0,0.0,freeze,latency_comp_all,17060026,oracle,4
baseline_pred_d4f,baseline,4,40.0,40.0,0.4,2.5,27.77777777777778,False,vehicle.ue4.audi.tt,0.0,0.0,1.5170054847351226,27.7373532942963,12.262646705703698,3.924000000000003,0.0,4.91310166039766,3.9704487614236386,3.9240000000000004,True,COLLISION with vehicle.ue4.audi.tt,0.0,0.0,0.0,freeze,latency_comp_all,17060027,oracle,4
baseline_pred_d4f,baseline,4,40.0,40.0,0.85,3.0,33.33333333333333,True,,1.969368065256634,4.228355453872691,1.592462827843923,40.0,0.0,8.3385,15.592334747314453,6.737218941111126,3.468196068378685,8.3385,True,AVOIDED,0.0,0.0,0.0,freeze,latency_comp_all,17060028,oracle,4
baseline_pred_d4f,baseline,4,40.0,40.0,0.4,3.0,33.33333333333333,False,vehicle.ue4.audi.tt,0.0,0.0,1.592781703536857,28.604740431240117,11.395259568759881,3.924000000000003,0.0,4.942280500674084,3.4679312656333,3.9240000000000004,True,COLLISION with vehicle.ue4.audi.tt,0.0,0.0,0.0,freeze,latency_comp_all,17060029,oracle,4
baseline_pred_d4f,baseline,4,50.0,50.0,0.85,1.0,13.88888888888889,False,vehicle.ue4.audi.tt,0.0,0.0,1.5396789646693683,36.66377224145344,13.336227758546565,8.338500000000018,0.0,4.898197431135843,7.339271753267539,8.3385,True,COLLISION with vehicle.ue4.audi.tt,0.0,0.0,0.0,freeze,latency_comp_all,17060030,oracle,4
baseline_pred_d4f,baseline,4,50.0,50.0,0.4,1.0,13.88888888888889,False,vehicle.ue4.audi.tt,0.0,0.0,1.5414885258865976,26.078885444881553,23.921114555118447,3.9239999999999853,0.0,4.899126578404428,7.337281362407446,3.9240000000000004,True,COLLISION with vehicle.ue4.audi.tt,0.0,0.0,0.0,freeze,latency_comp_all,17060031,oracle,4
baseline_pred_d4f,baseline,4,50.0,50.0,0.85,1.5,20.833333333333336,False,vehicle.ue4.audi.tt,0.0,0.0,1.5366633997877233,40.20938745174117,9.790612548258828,8.338500000000018,0.0,4.910530580327268,6.602333366155927,8.3385,True,COLLISION with vehicle.ue4.audi.tt,0.0,0.0,0.0,freeze,latency_comp_all,17060032,oracle,4
baseline_pred_d4f,baseline,4,50.0,50.0,0.4,1.5,20.833333333333336,False,vehicle.ue4.audi.tt,0.0,0.0,1.5369289512874023,30.446771582148187,19.553228417851813,3.9239999999999853,0.0,4.899681247845509,6.603225939597002,3.9240000000000004,True,COLLISION with vehicle.ue4.audi.tt,0.0,0.0,0.0,freeze,latency_comp_all,17060033,oracle,4
baseline_pred_d4f,baseline,4,50.0,50.0,0.85,2.0,27.77777777777778,False,vehicle.ue4.audi.tt,0.0,9.25857037753474,1.5387210192923593,46.0727730641981,3.927226935801895,8.3385,0.0,4.894848312298357,5.759141036102191,8.3385,True,COLLISION with vehicle.ue4.audi.tt,0.0,0.0,0.0,freeze,latency_comp_all,17060034,oracle,4
baseline_pred_d4f,baseline,4,50.0,50.0,0.4,2.0,27.77777777777778,False,vehicle.ue4.audi.tt,0.0,0.0,1.5380030540665015,31.43132428664935,18.56867571335065,3.9239999999999853,0.0,4.918584833502005,5.759328130792308,3.9240000000000004,True,COLLISION with vehicle.ue4.audi.tt,0.0,0.0,0.0,freeze,latency_comp_all,17060035,oracle,4
baseline_pred_d4f,baseline,4,50.0,50.0,0.85,2.5,34.72222222222222,True,,0.46697206548536485,6.804353248264678,1.5828040117239706,50.0,0.0,8.3385,18.85897445678711,5.234601688966998,4.923026994393354,8.3385,True,AVOIDED,0.0,0.0,0.0,freeze,latency_comp_all,17060036,oracle,4
baseline_pred_d4f,baseline,4,50.0,50.0,0.4,2.5,34.72222222222222,False,vehicle.ue4.audi.tt,0.0,0.0,1.5819599028718807,31.970880585481353,18.029119414518647,3.9239999999999853,0.0,4.936582053937945,4.923476883813943,3.9240000000000004,True,COLLISION with vehicle.ue4.audi.tt,0.0,0.0,0.0,freeze,latency_comp_all,17060037,oracle,4
baseline_pred_d4f,baseline,4,50.0,50.0,0.85,3.0,41.66666666666667,False,,0.0,0.0,1.5530828909371022,50.0,0.0,3.3354000497013203,0.0,11.28359317338748,4.444667012930342,8.3385,True,NO BRAKE / passed,0.0,0.0,0.0,freeze,latency_comp_all,17060038,oracle,4
baseline_pred_d4f,baseline,4,50.0,50.0,0.4,3.0,41.66666666666667,False,,0.0,0.0,1.55346833250409,50.0,0.0,3.9239999999999853,0.0,10.930842618986453,4.444685535881227,3.9240000000000004,True,NO BRAKE / passed,0.0,0.0,0.0,freeze,latency_comp_all,17060039,oracle,4
baseline_pred_d4f,baseline,4,60.0,60.0,0.85,1.0,16.666666666666668,False,vehicle.ue4.audi.tt,0.0,0.0,1.5414337970136753,40.25017625972204,19.749823740277964,8.338499999999982,0.0,4.939605713216546,8.178634435944101,8.3385,True,COLLISION with vehicle.ue4.audi.tt,0.0,0.0,0.0,freeze,latency_comp_all,17060040,oracle,4
baseline_pred_d4f,baseline,4,60.0,60.0,0.4,1.0,16.666666666666668,False,vehicle.ue4.audi.tt,0.0,0.0,1.5426327367458859,30.715187954248602,29.284812045751398,3.9239999999999853,0.0,4.916126253274321,8.171760926367462,3.9240000000000004,True,COLLISION with vehicle.ue4.audi.tt,0.0,0.0,0.0,freeze,latency_comp_all,17060041,oracle,4
baseline_pred_d4f,baseline,4,60.0,60.0,0.85,1.5,25.0,False,vehicle.ue4.audi.tt,0.0,0.0,1.5179003642955156,44.193177500773075,15.806822499226929,8.338499999999982,0.0,4.93051559843293,7.723672276625629,8.3385,True,COLLISION with vehicle.ue4.audi.tt,0.0,0.0,0.0,freeze,latency_comp_all,17060042,oracle,4
baseline_pred_d4f,baseline,4,60.0,60.0,0.4,1.5,25.0,False,vehicle.ue4.audi.tt,0.0,0.0,1.5179303995262177,36.087922304274144,23.912077695725856,3.9239999999999853,0.0,5.003397988095412,7.724693973202227,3.9240000000000004,True,COLLISION with vehicle.ue4.audi.tt,0.0,0.0,0.0,freeze,latency_comp_all,17060043,oracle,4
baseline_pred_d4f,baseline,4,60.0,60.0,0.85,2.0,33.333333333333336,False,,0.0,0.0,1.5878646170813733,60.0,0.0,8.338499999999982,0.0,8.24083328394134,6.755292853330584,8.3385,True,NO BRAKE / passed,0.0,0.0,0.0,freeze,latency_comp_all,17060044,oracle,4
baseline_pred_d4f,baseline,4,60.0,60.0,0.4,2.0,33.333333333333336,False,,0.0,0.0,1.5876596103857359,60.0,0.0,3.9239999999999853,0.0,8.14809799204064,6.755814378925434,3.9240000000000004,True,NO BRAKE / passed,0.0,0.0,0.0,freeze,latency_comp_all,17060045,oracle,4
baseline_pred_d4f,baseline,4,60.0,60.0,0.85,2.5,41.66666666666667,False,,0.0,0.0,1.5878978870973606,60.0,0.0,3.3354000497013203,0.0,16.25029754815325,6.002032820303024,8.3385,True,NO BRAKE / passed,0.0,0.0,0.0,freeze,latency_comp_all,17060046,oracle,4
baseline_pred_d4f,baseline,4,60.0,60.0,0.4,2.5,41.66666666666667,False,,0.0,0.0,1.5876460410358477,60.0,0.0,1.5696000233888796,0.0,16.487026217557965,6.002366512836536,3.9240000000000004,True,NO BRAKE / passed,0.0,0.0,0.0,freeze,latency_comp_all,17060047,oracle,4
baseline_pred_d4f,baseline,4,60.0,60.0,0.85,3.0,50.0,False,,0.0,0.0,1.5531412837826004,60.0,0.0,3.3354000497013203,0.0,24.612155915762973,5.411479914972096,8.3385,True,NO BRAKE / passed,0.0,0.0,0.0,freeze,latency_comp_all,17060048,oracle,4
baseline_pred_d4f,baseline,4,60.0,60.0,0.4,3.0,50.0,False,,0.0,0.0,1.5528560793872372,60.0,0.0,1.5696000233888796,0.0,24.487895967343547,5.411740493118561,3.9240000000000004,True,NO BRAKE / passed,0.0,0.0,0.0,freeze,latency_comp_all,17060049,oracle,4
baseline_pred_d8f,baseline,8,20.0,20.0,0.85,1.0,5.555555555555555,False,vehicle.ue4.audi.tt,0.0,0.0,1.6960906483445735,5.713282639162758,14.286717360837242,8.3385,0.0,4.9217739122693045,0.0,8.3385,True,COLLISION with vehicle.ue4.audi.tt,0.0,0.0,0.0,freeze,latency_comp_all,17100000,oracle,8
baseline_pred_d8f,baseline,8,20.0,20.0,0.4,1.0,5.555555555555555,False,vehicle.ue4.audi.tt,0.0,0.0,1.8103350916902867,5.715610086983789,14.284389913016211,3.924000000000003,0.0,4.9218521202430665,0.0,3.9240000000000004,True,COLLISION with vehicle.ue4.audi.tt,0.0,0.0,0.0,freeze,latency_comp_all,17100001,oracle,8
baseline_pred_d8f,baseline,8,20.0,20.0,0.85,1.5,8.333333333333332,True,,0.7756099746230518,10.456422266668946,0.763968767644508,20.0,0.0,8.3385,2.1318206787109375,5.5433654830363475,5.126813767198609,8.3385,True,AVOIDED,0.0,0.0,0.0,freeze,latency_comp_all,17100002,oracle,8
baseline_pred_d8f,baseline,8,20.0,20.0,0.4,1.5,8.333333333333332,False,vehicle.ue4.audi.tt,0.0,0.0,0.7637303179399831,13.974880697104885,6.025119302895115,3.924000000000003,0.0,4.910852447048541,5.127695868345429,3.9240000000000004,True,COLLISION with vehicle.ue4.audi.tt,0.0,0.0,0.0,freeze,latency_comp_all,17100003,oracle,8
baseline_pred_d8f,baseline,8,20.0,20.0,0.85,2.0,11.11111111111111,True,,2.445770264240812,9.607653418110688,1.2320060537933084,20.0,0.0,8.3385,2.6890811920166016,7.213485718342385,2.9296020234566407,8.3385,True,AVOIDED,0.0,0.0,0.0,freeze,latency_comp_all,17100004,oracle,8
baseline_pred_d8f,baseline,8,20.0,20.0,0.4,2.0,11.11111111111111,True,,0.36256791126394905,4.261535939106052,1.2317177483904018,20.0,0.0,3.924000000000003,4.771799087524414,5.130418787118441,2.9298799331778724,3.9240000000000004,True,AVOIDED,0.0,0.0,0.0,freeze,latency_comp_all,17100005,oracle,8
baseline_pred_d8f,baseline,8,20.0,20.0,0.85,2.5,13.88888888888889,True,,2.7296657563313076,3.6579558658285976,1.420711830354516,20.0,0.0,3.335400049701338,4.360208511352539,7.497398376571837,2.131544484274163,8.3385,True,AVOIDED,0.0,0.0,0.0,freeze,latency_comp_all,17100006,oracle,8
baseline_pred_d8f,baseline,8,20.0,20.0,0.4,2.5,13.88888888888889,True,,0.9603481392069373,3.3242754017011515,1.4204396889170472,20.0,0.0,3.924000000000003,6.129037857055664,5.7281990150614295,2.131691877353814,3.9240000000000004,True,AVOIDED,0.0,0.0,0.0,freeze,latency_comp_all,17100007,oracle,8
baseline_pred_d8f,baseline,8,20.0,20.0,0.85,3.0,16.666666666666664,True,,4.4040851689989235,3.6574361751269278,1.5926756334445036,20.0,0.0,3.335400049701338,4.360797882080078,9.171817789249273,1.7271808654896244,8.3385,True,AVOIDED,0.0,0.0,0.0,freeze,latency_comp_all,17100008,oracle,8
baseline_pred_d8f,baseline,8,20.0,20.0,0.4,3.0,16.666666666666664,True,,1.1272602172317745,2.198100954467573,1.592566214080907,20.0,0.0,3.924000000000003,7.637134552001953,5.895111093086267,1.7272761451054515,3.9240000000000004,True,AVOIDED,0.0,0.0,0.0,freeze,latency_comp_all,17100009,oracle,8
baseline_pred_d8f,baseline,8,30.0,30.0,0.85,1.0,8.333333333333334,False,vehicle.ue4.audi.tt,0.0,0.0,0.729844378578023,23.88311262094554,6.116887379054461,8.3385,0.0,4.9015197899946745,8.104984495119513,8.3385,True,COLLISION with vehicle.ue4.audi.tt,0.0,0.0,0.0,freeze,latency_comp_all,17100010,oracle,8
baseline_pred_d8f,baseline,8,30.0,30.0,0.4,1.0,8.333333333333334,False,vehicle.ue4.audi.tt,0.0,0.0,0.7312167076160889,16.30167074610433,13.698329253895668,3.924000000000003,0.0,4.917938232843178,8.108274098307549,3.9240000000000004,True,COLLISION with vehicle.ue4.audi.tt,0.0,0.0,0.0,freeze,latency_comp_all,17100011,oracle,8
baseline_pred_d8f,baseline,8,30.0,30.0,0.85,1.5,12.5,True,,1.6086636456842927,8.774367291979068,1.3364554314308594,30.0,0.0,8.3385,5.466590881347656,6.376514521538785,4.808659364921253,8.3385,True,AVOIDED,0.0,0.0,0.0,freeze,latency_comp_all,17100012,oracle,8
baseline_pred_d8f,baseline,8,30.0,30.0,0.4,1.5,12.5,False,vehicle.ue4.audi.tt,0.0,0.0,1.3333622955661704,20.871302513489155,9.128697486510843,3.924000000000003,0.0,4.9315376293565,4.809822997825089,3.9240000000000004,True,COLLISION with vehicle.ue4.audi.tt,0.0,0.0,0.0,freeze,latency_comp_all,17100013,oracle,8
baseline_pred_d8f,baseline,8,30.0,30.0,0.85,2.0,16.666666666666668,True,,2.7651195543059934,6.893579524587769,1.558501907856058,30.0,0.0,8.3385,6.824375152587891,7.532970430160486,3.553040417315222,8.3385,True,AVOIDED,0.0,0.0,0.0,freeze,latency_comp_all,17100014,oracle,8
baseline_pred_d8f,baseline,8,30.0,30.0,0.4,2.0,16.666666666666668,False,vehicle.ue4.audi.tt,0.0,0.0,1.5556423846254275,23.08161221136878,6.91838778863122,3.924000000000003,0.0,4.9040756775015995,3.5536331835203545,3.9240000000000004,True,COLLISION with vehicle.ue4.audi.tt,0.0,0.0,0.0,freeze,latency_comp_all,17100015,oracle,8
baseline_pred_d8f,baseline,8,30.0,30.0,0.85,2.5,20.833333333333336,True,,2.1822186727897313,3.739030730093609,1.555509886909128,30.0,0.0,8.3385,9.507869720458984,6.949844481732171,2.9208720157525128,8.3385,True,AVOIDED,0.0,0.0,0.0,freeze,latency_comp_all,17100016,oracle,8
baseline_pred_d8f,baseline,8,30.0,30.0,0.4,2.5,20.833333333333336,False,vehicle.ue4.audi.tt,0.0,0.0,1.5568011846642291,24.24878211712877,5.751217882871233,3.924000000000003,0.0,4.90617752109968,2.921264935779513,3.9240000000000004,True,COLLISION with vehicle.ue4.audi.tt,0.0,0.0,0.0,freeze,latency_comp_all,17100017,oracle,8
baseline_pred_d8f,baseline,8,30.0,30.0,0.85,3.0,25.0,True,,2.9992240114637587,3.501718372541213,1.5663577887799187,30.0,0.0,3.335400049701338,9.961446762084961,7.767074887318251,2.6387316278142037,8.3385,True,AVOIDED,0.0,0.0,0.0,freeze,latency_comp_all,17100018,oracle,8
baseline_pred_d8f,baseline,8,30.0,30.0,0.4,3.0,25.0,False,vehicle.ue4.audi.tt,0.0,0.0,1.564538689948,25.1653600223791,4.8346399776209,3.924000000000003,0.0,4.894543230698304,2.6390243405774925,3.9240000000000004,True,COLLISION with vehicle.ue4.audi.tt,0.0,0.0,0.0,freeze,latency_comp_all,17100019,oracle,8
baseline_pred_d8f,baseline,8,40.0,40.0,0.85,1.0,11.11111111111111,False,vehicle.ue4.audi.tt,0.0,0.0,1.1293495455238685,32.30104456359677,7.698955436403231,8.3385,0.0,4.8978860690334365,7.528066074235256,8.3385,True,COLLISION with vehicle.ue4.audi.tt,0.0,0.0,0.0,freeze,latency_comp_all,17100020,oracle,8
baseline_pred_d8f,baseline,8,40.0,40.0,0.4,1.0,11.11111111111111,False,vehicle.ue4.audi.tt,0.0,0.0,1.128855457967557,21.84732023525857,18.15267976474143,3.9239999999999853,0.0,4.924175262634048,7.528924004479386,3.9240000000000004,True,COLLISION with vehicle.ue4.audi.tt,0.0,0.0,0.0,freeze,latency_comp_all,17100021,oracle,8
baseline_pred_d8f,baseline,8,40.0,40.0,0.85,1.5,16.666666666666664,True,,0.8058565973625784,8.624199039818293,1.4978989383190238,40.0,0.0,8.338500000000018,10.020248413085938,5.573482408940767,5.610379576220253,8.3385,True,AVOIDED,0.0,0.0,0.0,freeze,latency_comp_all,17100022,oracle,8
baseline_pred_d8f,baseline,8,40.0,40.0,0.4,1.5,16.666666666666664,False,vehicle.ue4.audi.tt,0.0,0.0,1.4979309987928373,26.139428181598415,13.860571818401585,3.924000000000003,0.0,4.956817685925032,5.610950213515961,3.9240000000000004,True,COLLISION with vehicle.ue4.audi.tt,0.0,0.0,0.0,freeze,latency_comp_all,17100023,oracle,8
baseline_pred_d8f,baseline,8,40.0,40.0,0.85,2.0,22.22222222222222,True,,16.280670177990693,3.4489825714930555,1.546033336028678,40.0,0.0,3.335400049701338,17.211122512817383,21.04840852031616,3.476021055706638,8.3385,True,AVOIDED,0.0,0.0,0.0,freeze,latency_comp_all,17100024,oracle,8
baseline_pred_d8f,baseline,8,40.0,40.0,0.4,2.0,22.22222222222222,False,vehicle.ue4.audi.tt,0.0,0.0,1.5346654269310267,26.961848485189662,13.03815151481034,3.924000000000003,0.0,4.925983507048926,4.6472998193919,3.9240000000000004,True,COLLISION with vehicle.ue4.audi.tt,0.0,0.0,0.0,freeze,latency_comp_all,17100025,oracle,8
baseline_pred_d8f,baseline,8,40.0,40.0,0.85,2.5,27.77777777777778,True,,2.4290684114289824,5.515495499134837,1.6137606622028506,40.0,0.0,8.3385,13.44137954711914,7.196793405123185,3.8320911430712576,8.3385,True,AVOIDED,0.0,0.0,0.0,freeze,latency_comp_all,17100026,oracle,8
baseline_pred_d8f,baseline,8,40.0,40.0,0.4,2.5,27.77777777777778,False,vehicle.ue4.audi.tt,0.0,0.0,1.6130593525943175,28.488884347073906,11.511115652926094,3.924000000000003,0.0,4.93604325796851,3.8324408143761275,3.9240000000000004,True,COLLISION with vehicle.ue4.audi.tt,0.0,0.0,0.0,freeze,latency_comp_all,17100027,oracle,8
baseline_pred_d8f,baseline,8,40.0,40.0,0.85,3.0,33.33333333333333,True,,2.6052521529897374,4.556157462300382,1.592462827843923,40.0,0.0,8.3385,14.956439971923828,7.372927560238563,3.468196068378685,8.3385,True,AVOIDED,0.0,0.0,0.0,freeze,latency_comp_all,17100028,oracle,8
baseline_pred_d8f,baseline,8,40.0,40.0,0.4,3.0,33.33333333333333,False,vehicle.ue4.audi.tt,0.0,0.0,1.592781703536857,28.782448630243188,11.217551369756814,3.924000000000003,0.0,4.922631131797453,3.4679312656333,3.9240000000000004,True,COLLISION with vehicle.ue4.audi.tt,0.0,0.0,0.0,freeze,latency_comp_all,17100029,oracle,8
baseline_pred_d8f,baseline,8,50.0,50.0,0.85,1.0,13.88888888888889,False,vehicle.ue4.audi.tt,0.0,0.0,1.38275595842427,38.69212204843267,11.307877951567326,8.3385,0.0,4.918346525822784,7.751055989153923,8.3385,True,COLLISION with vehicle.ue4.audi.tt,0.0,0.0,0.0,freeze,latency_comp_all,17100030,oracle,8
baseline_pred_d8f,baseline,8,50.0,50.0,0.4,1.0,13.88888888888889,False,vehicle.ue4.audi.tt,0.0,0.0,1.3811785986191467,26.223061785628786,23.776938214371214,3.9239999999999853,0.0,4.897762785490877,7.754442475853244,3.9240000000000004,True,COLLISION with vehicle.ue4.audi.tt,0.0,0.0,0.0,freeze,latency_comp_all,17100031,oracle,8
baseline_pred_d8f,baseline,8,50.0,50.0,0.85,1.5,20.833333333333336,False,vehicle.ue4.audi.tt,0.0,0.0,1.5366633997877233,41.47608261752649,8.523917382473517,8.338500000000018,0.0,4.916821031361197,6.602333366155927,8.3385,True,COLLISION with vehicle.ue4.audi.tt,0.0,0.0,0.0,freeze,latency_comp_all,17100032,oracle,8
baseline_pred_d8f,baseline,8,50.0,50.0,0.4,1.5,20.833333333333336,False,vehicle.ue4.audi.tt,0.0,0.0,1.5369289512874023,31.338231299924562,18.661768700075438,3.9239999999999853,0.0,4.928267231834871,6.603225939597002,3.9240000000000004,True,COLLISION with vehicle.ue4.audi.tt,0.0,0.0,0.0,freeze,latency_comp_all,17100033,oracle,8
baseline_pred_d8f,baseline,8,50.0,50.0,0.85,2.0,27.77777777777778,True,,0.2357925850411693,8.73104312761361,1.5387210192923593,50.0,0.0,8.3385,16.28343963623047,5.003464170335971,5.759141036102191,8.3385,True,AVOIDED,0.0,0.0,0.0,freeze,latency_comp_all,17100034,oracle,8
baseline_pred_d8f,baseline,8,50.0,50.0,0.4,2.0,27.77777777777778,False,vehicle.ue4.audi.tt,0.0,0.0,1.5380030540665015,31.69745758031796,18.30254241968204,3.9239999999999853,0.0,4.900035976108677,5.759328130792308,3.9240000000000004,True,COLLISION with vehicle.ue4.audi.tt,0.0,0.0,0.0,freeze,latency_comp_all,17100035,oracle,8
baseline_pred_d8f,baseline,8,50.0,50.0,0.85,2.5,34.72222222222222,True,,1.0839761666442067,7.2974134242781625,1.5828040117239706,50.0,0.0,8.3385,18.24197006225586,5.851827042498699,4.923026994393354,8.3385,True,AVOIDED,0.0,0.0,0.0,freeze,latency_comp_all,17100036,oracle,8
baseline_pred_d8f,baseline,8,50.0,50.0,0.4,2.5,34.72222222222222,False,vehicle.ue4.audi.tt,0.0,0.0,1.5819599028718807,32.15340729345978,17.846592706540218,3.9239999999999853,0.0,4.919616843300594,4.923476883813943,3.9240000000000004,True,COLLISION with vehicle.ue4.audi.tt,0.0,0.0,0.0,freeze,latency_comp_all,17100037,oracle,8
baseline_pred_d8f,baseline,8,50.0,50.0,0.85,3.0,41.66666666666667,False,,0.0,0.0,1.5530828909371022,50.0,0.0,8.338499999999982,0.0,11.28359317338748,4.444667012930342,8.3385,True,NO BRAKE / passed,0.0,0.0,0.0,freeze,latency_comp_all,17100038,oracle,8
baseline_pred_d8f,baseline,8,50.0,50.0,0.4,3.0,41.66666666666667,False,,0.0,0.0,1.55346833250409,50.0,0.0,3.9239999999999853,0.0,10.930842618986453,4.444685535881227,3.9240000000000004,True,NO BRAKE / passed,0.0,0.0,0.0,freeze,latency_comp_all,17100039,oracle,8
baseline_pred_d8f,baseline,8,60.0,60.0,0.85,1.0,16.666666666666668,False,vehicle.ue4.audi.tt,0.0,0.0,1.5414337970136753,42.49440935203448,17.505590647965523,8.3385,0.0,4.93773651968574,8.178634435944101,8.3385,True,COLLISION with vehicle.ue4.audi.tt,0.0,0.0,0.0,freeze,latency_comp_all,17100040,oracle,8
baseline_pred_d8f,baseline,8,60.0,60.0,0.4,1.0,16.666666666666668,False,vehicle.ue4.audi.tt,0.0,0.0,1.5426327367458859,30.7223795497901,29.2776204502099,3.9239999999999853,0.0,4.980571748860025,8.171760926367462,3.9240000000000004,True,COLLISION with vehicle.ue4.audi.tt,0.0,0.0,0.0,freeze,latency_comp_all,17100041,oracle,8
baseline_pred_d8f,baseline,8,60.0,60.0,0.85,1.5,25.0,False,vehicle.ue4.audi.tt,0.0,0.0,1.5179003642955156,45.78359120174481,14.21640879825519,8.3385,0.0,4.927704473606091,7.723672276625629,8.3385,True,COLLISION with vehicle.ue4.audi.tt,0.0,0.0,0.0,freeze,latency_comp_all,17100042,oracle,8
baseline_pred_d8f,baseline,8,60.0,60.0,0.4,1.5,25.0,False,vehicle.ue4.audi.tt,0.0,0.0,1.5179303995262177,36.087922304274144,23.912077695725856,3.9239999999999853,0.0,5.003397988095412,7.724693973202227,3.9240000000000004,True,COLLISION with vehicle.ue4.audi.tt,0.0,0.0,0.0,freeze,latency_comp_all,17100043,oracle,8
baseline_pred_d8f,baseline,8,60.0,60.0,0.85,2.0,33.333333333333336,False,,0.0,0.0,1.5878646170813733,60.0,0.0,8.338499999999982,0.0,8.352676393043634,6.755292853330584,8.3385,True,NO BRAKE / passed,0.0,0.0,0.0,freeze,latency_comp_all,17100044,oracle,8
baseline_pred_d8f,baseline,8,60.0,60.0,0.4,2.0,33.333333333333336,False,,0.0,0.0,1.5876596103857359,60.0,0.0,3.9239999999999853,0.0,8.14809799204064,6.755814378925434,3.9240000000000004,True,NO BRAKE / passed,0.0,0.0,0.0,freeze,latency_comp_all,17100045,oracle,8
baseline_pred_d8f,baseline,8,60.0,60.0,0.85,2.5,41.66666666666667,False,,0.0,0.0,1.5878978870973606,60.0,0.0,3.3354000497013203,0.0,16.25029754815325,6.002032820303024,8.3385,True,NO BRAKE / passed,0.0,0.0,0.0,freeze,latency_comp_all,17100046,oracle,8
baseline_pred_d8f,baseline,8,60.0,60.0,0.4,2.5,41.66666666666667,False,,0.0,0.0,1.5876460410358477,60.0,0.0,1.5696000233888796,0.0,16.487026217557965,6.002366512836536,3.9240000000000004,True,NO BRAKE / passed,0.0,0.0,0.0,freeze,latency_comp_all,17100047,oracle,8
baseline_pred_d8f,baseline,8,60.0,60.0,0.85,3.0,50.0,False,,0.0,0.0,1.5531412837826004,60.0,0.0,3.3354000497013203,0.0,24.612155915762973,5.411479914972096,8.3385,True,NO BRAKE / passed,0.0,0.0,0.0,freeze,latency_comp_all,17100048,oracle,8
baseline_pred_d8f,baseline,8,60.0,60.0,0.4,3.0,50.0,False,,0.0,0.0,1.5528560793872372,60.0,0.0,1.5696000233888796,0.0,24.487895967343547,5.411740493118561,3.9240000000000004,True,NO BRAKE / passed,0.0,0.0,0.0,freeze,latency_comp_all,17100049,oracle,8
baseline_pred_d16f,baseline,16,20.0,20.0,0.85,1.0,5.555555555555555,False,vehicle.ue4.audi.tt,0.0,0.0,0.0,5.713282639162758,14.286717360837242,0.0,0.0,4.9217739122693045,0.0,8.3385,True,COLLISION with vehicle.ue4.audi.tt,0.0,0.0,0.0,freeze,latency_comp_all,17570000,oracle,16
baseline_pred_d16f,baseline,16,20.0,20.0,0.4,1.0,5.555555555555555,False,vehicle.ue4.audi.tt,0.0,0.0,0.0,5.715610086983789,14.284389913016211,0.0,0.0,4.9218521202430665,0.0,3.9240000000000004,True,COLLISION with vehicle.ue4.audi.tt,0.0,0.0,0.0,freeze,latency_comp_all,17570001,oracle,16
baseline_pred_d16f,baseline,16,20.0,20.0,0.85,1.5,8.333333333333332,False,vehicle.ue4.audi.tt,0.0,0.0,0.17807220738880356,12.539102161844646,7.460897838155353,8.3385,0.0,4.9126853988491295,15.447662962431233,8.3385,True,COLLISION with vehicle.ue4.audi.tt,0.0,0.0,0.0,freeze,latency_comp_all,17570002,oracle,16
baseline_pred_d16f,baseline,16,20.0,20.0,0.4,1.5,8.333333333333332,False,vehicle.ue4.audi.tt,0.0,0.0,0.17798308716534664,11.20153729604541,8.79846270395459,3.924000000000003,0.0,4.933122662042578,15.45518475817032,3.9240000000000004,True,COLLISION with vehicle.ue4.audi.tt,0.0,0.0,0.0,freeze,latency_comp_all,17570003,oracle,16
baseline_pred_d16f,baseline,16,20.0,20.0,0.85,2.0,11.11111111111111,True,,1.3498039250362819,10.451983965872113,0.6313706030237114,20.0,0.0,8.3385,2.132478713989258,6.1175594334591405,4.345710811389609,8.3385,True,AVOIDED,0.0,0.0,0.0,freeze,latency_comp_all,17570004,oracle,16
baseline_pred_d16f,baseline,16,20.0,20.0,0.4,2.0,11.11111111111111,False,vehicle.ue4.audi.tt,0.0,0.0,0.631280476161502,15.383544768607177,4.616455231392822,3.924000000000003,0.0,4.90418053379693,4.346301656340237,3.9240000000000004,True,COLLISION with vehicle.ue4.audi.tt,0.0,0.0,0.0,freeze,latency_comp_all,17570005,oracle,16
baseline_pred_d16f,baseline,16,20.0,20.0,0.85,2.5,13.88888888888889,True,,3.17316436774795,8.554949858422024,1.088102796927677,20.0,0.0,8.3385,2.8149166107177734,7.940862655711819,2.5281056947112397,8.3385,True,AVOIDED,0.0,0.0,0.0,freeze,latency_comp_all,17570006,oracle,16
baseline_pred_d16f,baseline,16,20.0,20.0,0.4,2.5,13.88888888888889,True,,1.0658054442583396,4.021434348869283,1.0880003747729974,20.0,0.0,3.924000000000003,4.921787261962891,5.833520898373418,2.528309452168078,3.9240000000000004,True,AVOIDED,0.0,0.0,0.0,freeze,latency_comp_all,17570007,oracle,16
baseline_pred_d16f,baseline,16,20.0,20.0,0.85,3.0,16.666666666666664,True,,4.9413242426789985,6.09815251044059,1.492891414276275,20.0,0.0,8.3385,3.2726688385009766,9.70897866158423,1.842843358937078,8.3385,True,AVOIDED,0.0,0.0,0.0,freeze,latency_comp_all,17570008,oracle,16
baseline_pred_d16f,baseline,16,20.0,20.0,0.4,3.0,16.666666666666664,True,,2.73266792674779,4.26021097308552,1.4927937050271598,20.0,0.0,3.924000000000003,5.480836868286133,7.500518802602282,1.8429513218050455,3.9240000000000004,True,AVOIDED,0.0,0.0,0.0,freeze,latency_comp_all,17570009,oracle,16
baseline_pred_d16f,baseline,16,30.0,30.0,0.85,1.0,8.333333333333334,False,vehicle.ue4.audi.tt,0.0,0.0,0.14713296702742845,14.264024631811838,15.735975368188162,8.3385,0.0,4.931879043878678,26.520867452336336,8.3385,True,COLLISION with vehicle.ue4.audi.tt,0.0,0.0,0.0,freeze,latency_comp_all,17570010,oracle,16
baseline_pred_d16f,baseline,16,30.0,30.0,0.4,1.0,8.333333333333334,False,vehicle.ue4.audi.tt,0.0,0.0,0.14667524321698747,13.46377506291931,16.53622493708069,3.924000000000003,0.0,4.934587486374582,26.558360186894163,3.9240000000000004,True,COLLISION with vehicle.ue4.audi.tt,0.0,0.0,0.0,freeze,latency_comp_all,17570011,oracle,16
baseline_pred_d16f,baseline,16,30.0,30.0,0.85,1.5,12.5,False,vehicle.ue4.audi.tt,0.0,9.675576946601593,0.6711824289395946,27.175810334310903,2.824189665689096,8.3385,0.0,4.89530002672922,7.396052495544044,8.3385,True,COLLISION with vehicle.ue4.audi.tt,0.0,0.0,0.0,freeze,latency_comp_all,17570012,oracle,16
baseline_pred_d16f,baseline,16,30.0,30.0,0.4,1.5,12.5,False,vehicle.ue4.audi.tt,0.0,0.0,0.6699285433072207,18.877659563038677,11.122340436961325,3.924000000000003,0.0,4.9408645786491245,7.398818110754544,3.9240000000000004,True,COLLISION with vehicle.ue4.audi.tt,0.0,0.0,0.0,freeze,latency_comp_all,17570013,oracle,16
baseline_pred_d16f,baseline,16,30.0,30.0,0.85,2.0,16.666666666666668,True,,2.6711807372437457,9.287440317700943,1.1970854180258614,30.0,0.0,8.3385,5.677131652832031,7.438858044359314,4.082569165121284,8.3385,True,AVOIDED,0.0,0.0,0.0,freeze,latency_comp_all,17570014,oracle,16
baseline_pred_d16f,baseline,16,30.0,30.0,0.4,2.0,16.666666666666668,False,vehicle.ue4.audi.tt,0.0,0.0,1.198088511637955,22.52807385541861,7.4719261445813885,3.924000000000003,0.0,4.912662518930444,4.083327667328311,3.9240000000000004,True,COLLISION with vehicle.ue4.audi.tt,0.0,0.0,0.0,freeze,latency_comp_all,17570015,oracle,16
baseline_pred_d16f,baseline,16,30.0,30.0,0.85,2.5,20.833333333333336,True,,4.6280002597388865,7.32461865846462,1.4444947336755447,30.0,0.0,8.3385,6.648387908935547,9.395622253765604,3.035164975841879,8.3385,True,AVOIDED,0.0,0.0,0.0,freeze,latency_comp_all,17570016,oracle,16
baseline_pred_d16f,baseline,16,30.0,30.0,0.4,2.5,20.833333333333336,False,vehicle.ue4.audi.tt,0.0,4.2386737587184635,1.4423497864964672,27.112745264635638,2.8872547353643623,3.924000000000003,0.0,4.89587037316606,3.0355567653457296,3.9240000000000004,True,COLLISION with vehicle.ue4.audi.tt,0.0,0.0,0.0,freeze,latency_comp_all,17570017,oracle,16
baseline_pred_d16f,baseline,16,30.0,30.0,0.85,3.0,25.0,True,,4.148561654531873,4.24756211829976,1.5663577887799187,30.0,0.0,8.3385,8.812108993530273,8.916279016174725,2.6387316278142037,8.3385,True,AVOIDED,0.0,0.0,0.0,freeze,latency_comp_all,17570018,oracle,16
baseline_pred_d16f,baseline,16,30.0,30.0,0.4,3.0,25.0,False,vehicle.ue4.audi.tt,0.0,4.015239199556912,1.564538689948,27.204107343357837,2.795892656642162,3.924000000000003,0.0,4.8921972159636455,2.6390243405774925,3.9240000000000004,True,COLLISION with vehicle.ue4.audi.tt,0.0,0.0,0.0,freeze,latency_comp_all,17570019,oracle,16
baseline_pred_d16f,baseline,16,40.0,40.0,0.85,1.0,11.11111111111111,False,vehicle.ue4.audi.tt,0.0,0.0,0.502359144941864,24.402040143458976,15.597959856541026,8.3385,0.0,4.908761875712652,12.847708979128964,8.3385,True,COLLISION with vehicle.ue4.audi.tt,0.0,0.0,0.0,freeze,latency_comp_all,17570020,oracle,16
baseline_pred_d16f,baseline,16,40.0,40.0,0.4,1.0,11.11111111111111,False,vehicle.ue4.audi.tt,0.0,0.0,0.5020541204397674,19.96365840152711,20.03634159847289,3.9239999999999853,0.0,4.927415865747175,12.85153273373056,3.9240000000000004,True,COLLISION with vehicle.ue4.audi.tt,0.0,0.0,0.0,freeze,latency_comp_all,17570021,oracle,16
baseline_pred_d16f,baseline,16,40.0,40.0,0.85,1.5,16.666666666666664,False,vehicle.ue4.audi.tt,0.0,9.48643115398649,1.1331534609510816,37.13309294709951,2.866907052900487,8.3385,0.0,4.89510314757193,6.623609860992108,8.3385,True,COLLISION with vehicle.ue4.audi.tt,0.0,0.0,0.0,freeze,latency_comp_all,17570022,oracle,16
baseline_pred_d16f,baseline,16,40.0,40.0,0.4,1.5,16.666666666666664,False,vehicle.ue4.audi.tt,0.0,0.0,1.1326094385329213,25.298188468085666,14.701811531914334,3.924000000000003,0.0,4.930717476968224,6.624603610655263,3.9240000000000004,True,COLLISION with vehicle.ue4.audi.tt,0.0,0.0,0.0,freeze,latency_comp_all,17570023,oracle,16
baseline_pred_d16f,baseline,16,40.0,40.0,0.85,2.0,22.22222222222222,True,,2.2242551425288255,8.934485239077505,1.4217066291732678,40.0,0.0,8.338500000000018,10.295492172241211,6.992106018383318,4.851494438391236,8.3385,True,AVOIDED,0.0,0.0,0.0,freeze,latency_comp_all,17570024,oracle,16
baseline_pred_d16f,baseline,16,40.0,40.0,0.4,2.0,22.22222222222222,False,vehicle.ue4.audi.tt,0.0,0.0,1.4206360288604385,27.194514595944323,12.805485404055677,3.924000000000003,0.0,4.926158958384234,4.852856598833859,3.9240000000000004,True,COLLISION with vehicle.ue4.audi.tt,0.0,0.0,0.0,freeze,latency_comp_all,17570025,oracle,16
baseline_pred_d16f,baseline,16,40.0,40.0,0.85,2.5,27.77777777777778,True,,4.265863057203145,7.464815042622891,1.6137606622028506,40.0,0.0,8.3385,11.604572296142578,9.033713933057637,3.8320911430712576,8.3385,True,AVOIDED,0.0,0.0,0.0,freeze,latency_comp_all,17570026,oracle,16
baseline_pred_d16f,baseline,16,40.0,40.0,0.4,2.5,27.77777777777778,False,vehicle.ue4.audi.tt,0.0,0.0,1.6130593525943175,29.424862264906785,10.575137735093216,3.924000000000003,0.0,4.931877591271484,3.8324408143761275,3.9240000000000004,True,COLLISION with vehicle.ue4.audi.tt,0.0,0.0,0.0,freeze,latency_comp_all,17570027,oracle,16
baseline_pred_d16f,baseline,16,40.0,40.0,0.85,3.0,33.33333333333333,True,,4.122353966957618,5.517125262550879,1.592462827843923,40.0,0.0,8.3385,13.439319610595703,8.88996450441763,3.468196068378685,8.3385,True,AVOIDED,0.0,0.0,0.0,freeze,latency_comp_all,17570028,oracle,16
baseline_pred_d16f,baseline,16,40.0,40.0,0.4,3.0,33.33333333333333,False,vehicle.ue4.audi.tt,0.0,0.0,1.592781703536857,29.58897649781987,10.41102350218013,3.924000000000003,0.0,4.936951470314118,3.4679312656333,3.9240000000000004,True,COLLISION with vehicle.ue4.audi.tt,0.0,0.0,0.0,freeze,latency_comp_all,17570029,oracle,16
baseline_pred_d16f,baseline,16,50.0,50.0,0.85,1.0,13.88888888888889,False,vehicle.ue4.audi.tt,0.0,0.0,0.8038247347242676,32.79103012176763,17.208969878232367,8.338500000000018,0.0,4.941932894191386,10.753195347738945,8.3385,True,COLLISION with vehicle.ue4.audi.tt,0.0,0.0,0.0,freeze,latency_comp_all,17570030,oracle,16
baseline_pred_d16f,baseline,16,50.0,50.0,0.4,1.0,13.88888888888889,False,vehicle.ue4.audi.tt,0.0,0.0,0.8038074088081212,25.611255713305944,24.388744286694056,3.9239999999999853,0.0,4.92457886741768,10.758960184821104,3.9240000000000004,True,COLLISION with vehicle.ue4.audi.tt,0.0,0.0,0.0,freeze,latency_comp_all,17570031,oracle,16
baseline_pred_d16f,baseline,16,50.0,50.0,0.85,1.5,20.833333333333336,False,vehicle.ue4.audi.tt,0.0,0.0,1.4193013524363831,41.562922787571,8.437077212429003,8.3385,0.0,4.923134298182597,6.933458832782803,8.3385,True,COLLISION with vehicle.ue4.audi.tt,0.0,0.0,0.0,freeze,latency_comp_all,17570032,oracle,16
baseline_pred_d16f,baseline,16,50.0,50.0,0.4,1.5,20.833333333333336,False,vehicle.ue4.audi.tt,0.0,0.0,1.418016392526454,30.608893965608416,19.391106034391584,3.9239999999999853,0.0,4.8978682642651235,6.935224753408717,3.9240000000000004,True,COLLISION with vehicle.ue4.audi.tt,0.0,0.0,0.0,freeze,latency_comp_all,17570033,oracle,16
baseline_pred_d16f,baseline,16,50.0,50.0,0.85,2.0,27.77777777777778,True,,0.9300292871633227,8.919709671414221,1.5387210192923593,50.0,0.0,8.3385,15.589218139648438,5.697700872602619,5.759141036102191,8.3385,True,AVOIDED,0.0,0.0,0.0,freeze,latency_comp_all,17570034,oracle,16
baseline_pred_d16f,baseline,16,50.0,50.0,0.4,2.0,27.77777777777778,False,vehicle.ue4.audi.tt,0.0,0.0,1.5380030540665015,32.45541087482525,17.544589125174753,3.9239999999999853,0.0,4.942559259266049,5.759328130792308,3.9240000000000004,True,COLLISION with vehicle.ue4.audi.tt,0.0,0.0,0.0,freeze,latency_comp_all,17570035,oracle,16
baseline_pred_d16f,baseline,16,50.0,50.0,0.85,2.5,34.72222222222222,True,,23.166158684061788,3.400298894716668,2.1360013088509113,50.0,0.0,3.335400049701338,27.218982696533203,27.93400955991628,3.1630877110389446,8.3385,True,AVOIDED,0.0,0.0,0.0,freeze,latency_comp_all,17570036,oracle,16
baseline_pred_d16f,baseline,16,50.0,50.0,0.4,2.5,34.72222222222222,False,vehicle.ue4.audi.tt,0.0,0.0,1.5819599028718807,33.35772362546187,16.642276374538124,3.9239999999999853,0.0,4.948980679793475,4.923476883813943,3.9240000000000004,True,COLLISION with vehicle.ue4.audi.tt,0.0,0.0,0.0,freeze,latency_comp_all,17570037,oracle,16
baseline_pred_d16f,baseline,16,50.0,50.0,0.85,3.0,41.66666666666667,False,,0.0,0.0,1.5530828909371022,50.0,0.0,8.3385,0.0,11.470478968905438,4.444667012930342,8.3385,True,NO BRAKE / passed,0.0,0.0,0.0,freeze,latency_comp_all,17570038,oracle,16
baseline_pred_d16f,baseline,16,50.0,50.0,0.4,3.0,41.66666666666667,False,,0.0,0.0,1.55346833250409,50.0,0.0,3.9239999999999853,0.0,10.97185364702007,4.444685535881227,3.9240000000000004,True,NO BRAKE / passed,0.0,0.0,0.0,freeze,latency_comp_all,17570039,oracle,16
baseline_pred_d16f,baseline,16,60.0,60.0,0.85,1.0,16.666666666666668,False,vehicle.ue4.audi.tt,0.0,0.0,1.0546417261490215,38.64115030566538,21.358849694334626,8.338499999999982,0.0,4.956569710393707,10.151701880201367,8.3385,True,COLLISION with vehicle.ue4.audi.tt,0.0,0.0,0.0,freeze,latency_comp_all,17570040,oracle,16
baseline_pred_d16f,baseline,16,60.0,60.0,0.4,1.0,16.666666666666668,False,vehicle.ue4.audi.tt,0.0,0.0,1.0552988735575157,29.026563362962168,30.973436637037832,3.9239999999999853,0.0,4.93371602363955,10.149838241248757,3.9240000000000004,True,COLLISION with vehicle.ue4.audi.tt,0.0,0.0,0.0,freeze,latency_comp_all,17570041,oracle,16
baseline_pred_d16f,baseline,16,60.0,60.0,0.85,1.5,25.0,False,vehicle.ue4.audi.tt,0.0,0.0,1.5179003642955156,45.9941303187355,14.0058696812645,8.3385,0.0,4.927204492445811,7.723672276625629,8.3385,True,COLLISION with vehicle.ue4.audi.tt,0.0,0.0,0.0,freeze,latency_comp_all,17570042,oracle,16
baseline_pred_d16f,baseline,16,60.0,60.0,0.4,1.5,25.0,False,vehicle.ue4.audi.tt,0.0,0.0,1.5179303995262177,36.165504581637094,23.834495418362906,3.9239999999999853,0.0,4.9527444988818345,7.724693973202227,3.9240000000000004,True,COLLISION with vehicle.ue4.audi.tt,0.0,0.0,0.0,freeze,latency_comp_all,17570043,oracle,16
baseline_pred_d16f,baseline,16,60.0,60.0,0.85,2.0,33.333333333333336,False,,0.0,0.0,1.5878646170813733,60.0,0.0,8.338499999999982,0.0,8.147193910211008,6.755292853330584,8.3385,True,NO BRAKE / passed,0.0,0.0,0.0,freeze,latency_comp_all,17570044,oracle,16
baseline_pred_d16f,baseline,16,60.0,60.0,0.4,2.0,33.333333333333336,False,,0.0,0.0,1.5876596103857359,60.0,0.0,3.9239999999999853,0.0,8.200828552334816,6.755814378925434,3.9240000000000004,True,NO BRAKE / passed,0.0,0.0,0.0,freeze,latency_comp_all,17570045,oracle,16
baseline_pred_d16f,baseline,16,60.0,60.0,0.85,2.5,41.66666666666667,False,,0.0,0.0,1.5878978870973606,60.0,0.0,8.338499999999982,0.0,16.25029754815325,6.002032820303024,8.3385,True,NO BRAKE / passed,0.0,0.0,0.0,freeze,latency_comp_all,17570046,oracle,16
baseline_pred_d16f,baseline,16,60.0,60.0,0.4,2.5,41.66666666666667,False,,0.0,0.0,1.5876460410358477,60.0,0.0,1.5696000233888796,0.0,16.487026217557965,6.002366512836536,3.9240000000000004,True,NO BRAKE / passed,0.0,0.0,0.0,freeze,latency_comp_all,17570047,oracle,16
baseline_pred_d16f,baseline,16,60.0,60.0,0.85,3.0,50.0,False,,0.0,0.0,1.5531412837826004,60.0,0.0,3.3354000497013203,0.0,24.612155915762973,5.411479914972096,8.3385,True,NO BRAKE / passed,0.0,0.0,0.0,freeze,latency_comp_all,17570048,oracle,16
baseline_pred_d16f,baseline,16,60.0,60.0,0.4,3.0,50.0,False,,0.0,0.0,1.6341426702666266,60.0,0.0,1.5696000233888796,0.0,24.524188997111818,5.237599715632542,3.9240000000000004,True,NO BRAKE / passed,0.0,0.0,0.0,freeze,latency_comp_all,17570049,oracle,16
proposed_pred_d0f,proposed,0,20.0,20.0,0.85,1.0,5.555555555555555,True,,0.2019138357252963,10.453119983521168,1.0276972509210658,20.0,0.0,8.3385,2.132364273071289,4.9696979544055315,3.854961683271183,8.3385,True,AVOIDED,0.0,0.0,0.0,freeze,latency_comp_all,17430000,oracle,0
proposed_pred_d0f,proposed,0,20.0,20.0,0.4,1.0,5.555555555555555,False,vehicle.ue4.audi.tt,0.0,0.0,1.027180161973942,10.052963990272419,9.947036009727581,3.924000000000003,0.0,4.898561490335623,3.8561031592528154,3.9240000000000004,True,COLLISION with vehicle.ue4.audi.tt,0.0,0.0,0.0,freeze,latency_comp_all,17430001,oracle,0
proposed_pred_d0f,proposed,0,20.0,20.0,0.85,1.5,8.333333333333332,True,,1.0720443767769625,7.71498521924589,1.524544481957731,20.0,0.0,8.3385,2.937509536743164,5.839683536933365,3.642869055510605,8.3385,True,AVOIDED,0.0,0.0,0.0,freeze,latency_comp_all,17430002,oracle,0
proposed_pred_d0f,proposed,0,20.0,20.0,0.4,1.5,8.333333333333332,False,vehicle.ue4.audi.tt,0.0,4.457639972928761,1.5241210236795302,18.05292716950635,1.9470728304936498,3.924000000000003,0.0,4.8937015636645675,3.6433767610283385,3.9240000000000004,True,COLLISION with vehicle.ue4.audi.tt,0.0,0.0,0.0,freeze,latency_comp_all,17430003,oracle,0
proposed_pred_d0f,proposed,0,20.0,20.0,0.85,2.0,11.11111111111111,True,,1.3276138311944292,3.659027209484476,1.5769579829209088,20.0,0.0,3.335400049701338,4.358022689819336,6.095344544088494,2.6408963823463054,8.3385,True,AVOIDED,0.0,0.0,0.0,freeze,latency_comp_all,17430004,oracle,0
proposed_pred_d0f,proposed,0,20.0,20.0,0.4,2.0,11.11111111111111,True,,1.5198879304243915,4.0531298286702,1.5765482544638727,20.0,0.0,3.924000000000003,4.165262222290039,6.287603384526088,2.641128431557853,3.9240000000000004,True,AVOIDED,0.0,0.0,0.0,freeze,latency_comp_all,17430005,oracle,0
proposed_pred_d0f,proposed,0,20.0,20.0,0.85,2.5,13.88888888888889,True,,3.0063323975487704,3.6585754881056736,1.5634631974108213,20.0,0.0,3.335400049701338,4.358644485473633,7.774063110438267,2.049671399985566,8.3385,True,AVOIDED,0.0,0.0,0.0,freeze,latency_comp_all,17430006,oracle,0
proposed_pred_d0f,proposed,0,20.0,20.0,0.4,2.5,13.88888888888889,True,,3.165334705810249,4.334045105616085,1.7337599816727003,20.0,0.0,3.924000000000003,4.474906921386719,7.933135990600315,1.974836052488238,3.9240000000000004,True,AVOIDED,0.0,0.0,0.0,freeze,latency_comp_all,17430007,oracle,0
proposed_pred_d0f,proposed,0,20.0,20.0,0.85,3.0,16.666666666666664,True,,4.4040851689989235,3.6574361751269278,1.5926756334445036,20.0,0.0,3.335400049701338,4.360797882080078,9.171817789249273,1.7271808654896244,8.3385,True,AVOIDED,0.0,0.0,0.0,freeze,latency_comp_all,17430008,oracle,0
proposed_pred_d0f,proposed,0,20.0,20.0,0.4,3.0,16.666666666666664,True,,3.186069491784326,3.3241366557309386,1.6928175800883754,20.0,0.0,3.924000000000003,6.129241943359375,7.953920367638818,1.6249603754545856,3.9240000000000004,True,AVOIDED,0.0,0.0,0.0,freeze,latency_comp_all,17430009,oracle,0
proposed_pred_d0f,proposed,0,30.0,30.0,0.85,1.0,8.333333333333334,True,,0.12737656277324128,9.287440317700943,1.4913584999013962,30.0,0.0,8.3385,5.677133560180664,4.895063406621209,5.527246761241946,8.3385,True,AVOIDED,0.0,0.0,0.0,freeze,latency_comp_all,17430010,oracle,0
proposed_pred_d0f,proposed,0,30.0,30.0,0.4,1.0,8.333333333333334,False,vehicle.ue4.audi.tt,0.0,0.0,1.4965137535196515,19.782304558389427,10.217695441610571,3.924000000000003,0.0,4.898994453221884,5.529156961112872,3.9240000000000004,True,COLLISION with vehicle.ue4.audi.tt,0.0,0.0,0.0,freeze,latency_comp_all,17430011,oracle,0
proposed_pred_d0f,proposed,0,30.0,30.0,0.85,1.5,12.5,True,,1.2146989160911073,8.359683304687305,1.4978341553493797,30.0,0.0,8.3385,6.274269104003906,5.982298022320891,4.541629174900243,8.3385,True,AVOIDED,0.0,0.0,0.0,freeze,latency_comp_all,17430012,oracle,0
proposed_pred_d0f,proposed,0,30.0,30.0,0.4,1.5,12.5,False,vehicle.ue4.audi.tt,0.0,0.0,1.6806460601179907,23.38853205173725,6.6114679482627485,3.924000000000003,0.0,4.90334511157686,4.302019118095181,3.9240000000000004,True,COLLISION with vehicle.ue4.audi.tt,0.0,0.0,0.0,freeze,latency_comp_all,17430013,oracle,0
proposed_pred_d0f,proposed,0,30.0,30.0,0.85,2.0,16.666666666666668,True,,1.5107250217146735,4.938377924045225,1.558501907856058,30.0,0.0,8.3385,8.07876968383789,6.27849197412271,3.553040417315222,8.3385,True,AVOIDED,0.0,0.0,0.0,freeze,latency_comp_all,17430014,oracle,0
proposed_pred_d0f,proposed,0,30.0,30.0,0.4,2.0,16.666666666666668,True,,0.3628559120931305,4.0200385010662805,1.7045799907018522,30.0,0.0,3.924000000000003,9.638933181762695,5.130706787947623,3.406237288102827,3.9240000000000004,True,AVOIDED,0.0,0.0,0.0,freeze,latency_comp_all,17430015,oracle,0
proposed_pred_d0f,proposed,0,30.0,30.0,0.85,2.5,20.833333333333336,True,,1.730516606536093,3.502564285803724,1.555509886909128,30.0,0.0,3.335400049701338,9.959571838378906,6.498367482390585,2.9208720157525128,8.3385,True,AVOIDED,0.0,0.0,0.0,freeze,latency_comp_all,17430016,oracle,0
proposed_pred_d0f,proposed,0,30.0,30.0,0.4,2.5,20.833333333333336,True,,2.227457136795225,4.107618692874129,1.6726036807602376,30.0,0.0,3.924000000000003,9.874568939208984,6.995166869044345,2.8207196643833763,3.9240000000000004,True,AVOIDED,0.0,0.0,0.0,freeze,latency_comp_all,17430017,oracle,0
proposed_pred_d0f,proposed,0,30.0,30.0,0.85,3.0,25.0,True,,3.000414010581407,3.501718372541213,1.5665020820015727,30.0,0.0,3.335400049701338,9.961446762084961,7.768264886435899,2.6384885657789567,8.3385,True,AVOIDED,0.0,0.0,0.0,freeze,latency_comp_all,17430018,oracle,0
proposed_pred_d0f,proposed,0,30.0,30.0,0.4,3.0,25.0,True,,2.7447416973140175,4.019362245863514,1.7642192354390471,30.0,0.0,3.924000000000003,11.869022369384766,7.51259257316851,2.3401724697625426,3.9240000000000004,True,AVOIDED,0.0,0.0,0.0,freeze,latency_comp_all,17430019,oracle,0
proposed_pred_d0f,proposed,0,40.0,40.0,0.85,1.0,11.11111111111111,False,vehicle.ue4.audi.tt,0.0,0.0,1.463429358931834,32.86637118689079,7.133628813109211,8.3385,0.0,4.906415428690845,6.585243016700176,8.3385,True,COLLISION with vehicle.ue4.audi.tt,0.0,0.0,0.0,freeze,latency_comp_all,17430020,oracle,0
proposed_pred_d0f,proposed,0,40.0,40.0,0.4,1.0,11.11111111111111,False,vehicle.ue4.audi.tt,0.0,0.0,1.6890733126384643,25.553071265360295,14.446928734639707,3.924000000000003,0.0,4.911443727228645,6.179789901881997,3.9240000000000004,True,COLLISION with vehicle.ue4.audi.tt,0.0,0.0,0.0,freeze,latency_comp_all,17430021,oracle,0
proposed_pred_d0f,proposed,0,40.0,40.0,0.85,1.5,16.666666666666664,False,vehicle.ue4.audi.tt,0.0,8.92490351418854,1.4978989383190238,37.41658734701361,2.5834126529863894,8.338500000000018,0.0,4.894690617894768,5.610379576220253,8.3385,True,COLLISION with vehicle.ue4.audi.tt,0.0,0.0,0.0,freeze,latency_comp_all,17430022,oracle,0
proposed_pred_d0f,proposed,0,40.0,40.0,0.4,1.5,16.666666666666664,False,vehicle.ue4.audi.tt,0.0,0.0,1.6350227773608492,28.19659092310946,11.803409076890537,3.924000000000003,0.0,4.9335403492961865,5.339216118426095,3.9240000000000004,True,COLLISION with vehicle.ue4.audi.tt,0.0,0.0,0.0,freeze,latency_comp_all,17430023,oracle,0
proposed_pred_d0f,proposed,0,40.0,40.0,0.85,2.0,22.22222222222222,True,,0.9787410214319259,6.835319143198157,1.5352075693094698,40.0,0.0,8.3385,12.093549728393555,5.746363019271489,4.646139043398756,8.3385,True,AVOIDED,0.0,0.0,0.0,freeze,latency_comp_all,17430024,oracle,0
proposed_pred_d0f,proposed,0,40.0,40.0,0.4,2.0,22.22222222222222,False,vehicle.ue4.audi.tt,0.0,0.0,1.6466820579698962,30.693706294651918,9.306293705348084,3.924000000000003,0.0,4.900303038887395,4.461548951861006,3.9240000000000004,True,COLLISION with vehicle.ue4.audi.tt,0.0,0.0,0.0,freeze,latency_comp_all,17430025,oracle,0
proposed_pred_d0f,proposed,0,40.0,40.0,0.85,2.5,27.77777777777778,True,,1.4725434958939632,5.219126710515103,1.517171235020837,40.0,0.0,8.3385,13.846500396728516,6.240394371748455,3.970144486766125,8.3385,True,AVOIDED,0.0,0.0,0.0,freeze,latency_comp_all,17430026,oracle,0
proposed_pred_d0f,proposed,0,40.0,40.0,0.4,2.5,27.77777777777778,False,vehicle.ue4.audi.tt,0.0,0.0,1.7233232145391437,35.38317577083746,4.616824229162541,3.924000000000003,0.0,4.89838071952262,3.7017406674007964,3.9240000000000004,True,COLLISION with vehicle.ue4.audi.tt,0.0,0.0,0.0,freeze,latency_comp_all,17430027,oracle,0
proposed_pred_d0f,proposed,0,40.0,40.0,0.85,3.0,33.33333333333333,True,,1.5426602701090308,4.038347363173135,1.592577514729321,40.0,0.0,8.3385,16.02057647705078,6.310320421193474,3.467898451702371,8.3385,True,AVOIDED,0.0,0.0,0.0,freeze,latency_comp_all,17430028,oracle,0
proposed_pred_d0f,proposed,0,40.0,40.0,0.4,3.0,33.33333333333333,False,vehicle.ue4.audi.tt,0.0,4.071406704155395,1.741385303191896,38.152655602336864,1.8473443976631392,3.924000000000003,0.0,4.8936969902138046,3.1700601478943344,3.9240000000000004,True,COLLISION with vehicle.ue4.audi.tt,0.0,0.0,0.0,freeze,latency_comp_all,17430029,oracle,0
proposed_pred_d0f,proposed,0,50.0,50.0,0.85,1.0,13.88888888888889,False,vehicle.ue4.audi.tt,0.0,0.0,1.5396789646693683,36.66377224145344,13.336227758546565,8.338500000000018,0.0,4.898197431135843,7.339271753267539,8.3385,True,COLLISION with vehicle.ue4.audi.tt,0.0,0.0,0.0,freeze,latency_comp_all,17430030,oracle,0
proposed_pred_d0f,proposed,0,50.0,50.0,0.4,1.0,13.88888888888889,False,vehicle.ue4.audi.tt,0.0,0.0,1.7164911934183178,30.041764113443694,19.958235886556306,3.9239999999999853,0.0,4.896302886050009,6.96504338213326,3.9240000000000004,True,COLLISION with vehicle.ue4.audi.tt,0.0,0.0,0.0,freeze,latency_comp_all,17430031,oracle,0
proposed_pred_d0f,proposed,0,50.0,50.0,0.85,1.5,20.833333333333336,False,vehicle.ue4.audi.tt,0.0,0.0,1.5366633997877233,40.20938745174117,9.790612548258828,8.338500000000018,0.0,4.910530580327268,6.602333366155927,8.3385,True,COLLISION with vehicle.ue4.audi.tt,0.0,0.0,0.0,freeze,latency_comp_all,17430032,oracle,0
proposed_pred_d0f,proposed,0,50.0,50.0,0.4,1.5,20.833333333333336,False,vehicle.ue4.audi.tt,0.0,0.0,1.8005841024339466,34.00823884526677,15.991761154733235,3.9239999999999853,0.0,4.964412064007339,6.028715698443331,3.9240000000000004,True,COLLISION with vehicle.ue4.audi.tt,0.0,0.0,0.0,freeze,latency_comp_all,17430033,oracle,0
proposed_pred_d0f,proposed,0,50.0,50.0,0.85,2.0,27.77777777777778,False,vehicle.ue4.audi.tt,0.0,0.0,1.5387210192923593,42.83421272808645,7.165787271913549,8.3385,0.0,4.91748862549032,5.759141036102191,8.3385,True,COLLISION with vehicle.ue4.audi.tt,0.0,0.0,0.0,freeze,latency_comp_all,17430034,oracle,0
proposed_pred_d0f,proposed,0,50.0,50.0,0.4,2.0,27.77777777777778,False,vehicle.ue4.audi.tt,0.0,0.0,1.8758773454259712,35.69036043183026,14.309639568169741,3.924000000000003,0.0,4.92826173705589,5.1196161237839455,3.9240000000000004,True,COLLISION with vehicle.ue4.audi.tt,0.0,0.0,0.0,freeze,latency_comp_all,17430035,oracle,0
proposed_pred_d0f,proposed,0,50.0,50.0,0.85,2.5,34.72222222222222,True,,0.1683500967284015,6.567985614938648,1.5828040117239706,50.0,0.0,8.3385,19.157581329345703,4.9359530090479655,4.923026994393354,8.3385,True,AVOIDED,0.0,0.0,0.0,freeze,latency_comp_all,17430036,oracle,0
proposed_pred_d0f,proposed,0,50.0,50.0,0.4,2.5,34.72222222222222,False,vehicle.ue4.audi.tt,0.0,0.0,1.8801603817024044,37.975257370104366,12.024742629895634,3.924000000000003,0.0,4.901952945143511,4.4464088089142955,3.9240000000000004,True,COLLISION with vehicle.ue4.audi.tt,0.0,0.0,0.0,freeze,latency_comp_all,17430037,oracle,0
proposed_pred_d0f,proposed,0,50.0,50.0,0.85,3.0,41.66666666666667,False,,0.0,0.0,1.5530828909371022,50.0,0.0,3.3354000497013203,0.0,11.28359317338748,4.444667012930342,8.3385,True,NO BRAKE / passed,0.0,0.0,0.0,freeze,latency_comp_all,17430038,oracle,0
proposed_pred_d0f,proposed,0,50.0,50.0,0.4,3.0,41.66666666666667,False,,0.0,0.0,1.85516823812604,50.0,0.0,3.9239999999999853,0.0,11.315742836699938,3.934965505443924,3.9240000000000004,True,NO BRAKE / passed,0.0,0.0,0.0,freeze,latency_comp_all,17430039,oracle,0
proposed_pred_d0f,proposed,0,60.0,60.0,0.85,1.0,16.666666666666668,False,vehicle.ue4.audi.tt,0.0,0.0,1.5414337970136753,42.49440935203448,17.505590647965523,8.3385,0.0,4.93773651968574,8.178634435944101,8.3385,True,COLLISION with vehicle.ue4.audi.tt,0.0,0.0,0.0,freeze,latency_comp_all,17430040,oracle,0
proposed_pred_d0f,proposed,0,60.0,60.0,0.4,1.0,16.666666666666668,False,vehicle.ue4.audi.tt,0.0,0.0,1.8668001920773456,34.88671566199865,25.113284338001353,3.924000000000021,0.0,4.950706827817439,7.443964148995502,3.9240000000000004,True,COLLISION with vehicle.ue4.audi.tt,0.0,0.0,0.0,freeze,latency_comp_all,17430041,oracle,0
proposed_pred_d0f,proposed,0,60.0,60.0,0.85,1.5,25.0,False,vehicle.ue4.audi.tt,0.0,0.0,1.5179003642955156,45.9941303187355,14.0058696812645,8.3385,0.0,4.927204492445811,7.723672276625629,8.3385,True,COLLISION with vehicle.ue4.audi.tt,0.0,0.0,0.0,freeze,latency_comp_all,17430042,oracle,0
proposed_pred_d0f,proposed,0,60.0,60.0,0.4,1.5,25.0,False,vehicle.ue4.audi.tt,0.0,0.0,1.8759172085135993,39.37090026826789,20.629099731732108,3.924000000000021,0.0,4.919212490880085,6.789588489867011,3.9240000000000004,True,COLLISION with vehicle.ue4.audi.tt,0.0,0.0,0.0,freeze,latency_comp_all,17430043,oracle,0
proposed_pred_d0f,proposed,0,60.0,60.0,0.85,2.0,33.333333333333336,False,,0.0,0.0,1.5878646170813733,60.0,0.0,8.338499999999982,0.0,8.477176667676295,6.755292853330584,8.3385,True,NO BRAKE / passed,0.0,0.0,0.0,freeze,latency_comp_all,17430044,oracle,0
proposed_pred_d0f,proposed,0,60.0,60.0,0.4,2.0,33.333333333333336,False,,0.0,0.0,1.905220588643226,60.0,0.0,3.9239999999999853,0.0,8.275402069234726,6.018425054777364,3.9240000000000004,True,NO BRAKE / passed,0.0,0.0,0.0,freeze,latency_comp_all,17430045,oracle,0
proposed_pred_d0f,proposed,0,60.0,60.0,0.85,2.5,41.66666666666667,False,,0.0,0.0,1.5878978870973606,60.0,0.0,3.3354000497013203,0.0,16.25029754815325,6.002032820303024,8.3385,True,NO BRAKE / passed,0.0,0.0,0.0,freeze,latency_comp_all,17430046,oracle,0
proposed_pred_d0f,proposed,0,60.0,60.0,0.4,2.5,41.66666666666667,False,,0.0,0.0,1.9657996293202769,60.0,0.0,3.9239999999999853,0.0,16.5469818127879,5.244704754638414,3.9240000000000004,True,NO BRAKE / passed,0.0,0.0,0.0,freeze,latency_comp_all,17430047,oracle,0
proposed_pred_d0f,proposed,0,60.0,60.0,0.85,3.0,50.0,False,,0.0,0.0,1.5531412837826004,60.0,0.0,3.3354000497013203,0.0,24.612155915762973,5.411479914972096,8.3385,True,NO BRAKE / passed,0.0,0.0,0.0,freeze,latency_comp_all,17430048,oracle,0
proposed_pred_d0f,proposed,0,60.0,60.0,0.4,3.0,50.0,False,,0.0,0.0,1.98339868966077,60.0,0.0,3.9239999999999853,0.0,24.765625001696947,4.646705466069283,3.9240000000000004,True,NO BRAKE / passed,0.0,0.0,0.0,freeze,latency_comp_all,17430049,oracle,0
proposed_pred_d4f,proposed,4,20.0,20.0,0.85,1.0,5.555555555555555,False,vehicle.ue4.audi.tt,0.0,0.0,0.299758212514157,9.632572500920464,10.367427499079536,8.3385,0.0,4.90123367443734,8.692509503669498,8.3385,True,COLLISION with vehicle.ue4.audi.tt,0.0,0.0,0.0,freeze,latency_comp_all,17470000,oracle,4
proposed_pred_d4f,proposed,4,20.0,20.0,0.4,1.0,5.555555555555555,False,vehicle.ue4.audi.tt,0.0,0.0,0.2996117166687181,7.189317271538911,12.810682728461089,3.924000000000003,0.0,4.897378933046634,8.695745682858139,3.9240000000000004,True,COLLISION with vehicle.ue4.audi.tt,0.0,0.0,0.0,freeze,latency_comp_all,17470001,oracle,4
proposed_pred_d4f,proposed,4,20.0,20.0,0.85,1.5,8.333333333333332,True,,1.175659183761402,10.888849012732836,1.271539701802271,20.0,0.0,8.3385,2.5588035583496094,5.943296436569166,3.9510049124405637,8.3385,True,AVOIDED,0.0,0.0,0.0,freeze,latency_comp_all,17470002,oracle,4
proposed_pred_d4f,proposed,4,20.0,20.0,0.4,1.5,8.333333333333332,False,vehicle.ue4.audi.tt,0.0,0.0,1.2711517278440916,17.617708963943194,2.3822910360568064,3.924000000000003,0.0,4.893602380955867,3.951572664241318,3.9240000000000004,True,COLLISION with vehicle.ue4.audi.tt,0.0,0.0,0.0,freeze,latency_comp_all,17470003,oracle,4
proposed_pred_d4f,proposed,4,20.0,20.0,0.85,2.0,11.11111111111111,True,,1.8520355229543375,5.173580626589776,1.3964005612154253,20.0,0.0,8.3385,3.558542251586914,6.61988639880883,2.778516337864287,8.3385,True,AVOIDED,0.0,0.0,0.0,freeze,latency_comp_all,17470004,oracle,4
proposed_pred_d4f,proposed,4,20.0,20.0,0.4,2.0,11.11111111111111,True,,1.6790561735551988,4.26075938057234,1.5765482544638727,20.0,0.0,3.924000000000003,4.006093978881836,6.446907049409691,2.641128431557853,3.9240000000000004,True,AVOIDED,0.0,0.0,0.0,freeze,latency_comp_all,17470005,oracle,4
proposed_pred_d4f,proposed,4,20.0,20.0,0.85,2.5,13.88888888888889,True,,3.0063323975487704,3.6585754881056736,1.5634631974108213,20.0,0.0,3.335400049701338,4.358644485473633,7.774063110438267,2.049671399985566,8.3385,True,AVOIDED,0.0,0.0,0.0,freeze,latency_comp_all,17470006,oracle,4
proposed_pred_d4f,proposed,4,20.0,20.0,0.4,2.5,13.88888888888889,True,,3.3197593729274484,4.187728452713426,1.7337599816727003,20.0,0.0,3.924000000000003,4.32048225402832,8.08761024878194,1.974836052488238,3.9240000000000004,True,AVOIDED,0.0,0.0,0.0,freeze,latency_comp_all,17470007,oracle,4
proposed_pred_d4f,proposed,4,20.0,20.0,0.85,3.0,16.666666666666664,True,,4.4040851689989235,3.6574361751269278,1.5926756334445036,20.0,0.0,3.335400049701338,4.360797882080078,9.171817789249273,1.7271808654896244,8.3385,True,AVOIDED,0.0,0.0,0.0,freeze,latency_comp_all,17470008,oracle,4
proposed_pred_d4f,proposed,4,20.0,20.0,0.4,3.0,16.666666666666664,True,,3.6987495445768577,4.023284873461994,1.6928175800883754,20.0,0.0,3.924000000000003,5.6165618896484375,8.466466906004719,1.6249603754545856,3.9240000000000004,True,AVOIDED,0.0,0.0,0.0,freeze,latency_comp_all,17470009,oracle,4
proposed_pred_d4f,proposed,4,30.0,30.0,0.85,1.0,8.333333333333334,True,,0.35556794019726023,9.063708653862872,1.2304664673380958,30.0,0.0,8.3385,5.035234451293945,5.123271949360948,6.0737267258086645,8.3385,True,AVOIDED,0.0,0.0,0.0,freeze,latency_comp_all,17470010,oracle,4
proposed_pred_d4f,proposed,4,30.0,30.0,0.4,1.0,8.333333333333334,False,vehicle.ue4.audi.tt,0.0,0.0,1.2255890585972107,19.567012112097913,10.432987887902089,3.924000000000003,0.0,4.91771699904027,6.076076575090038,3.9240000000000004,True,COLLISION with vehicle.ue4.audi.tt,0.0,0.0,0.0,freeze,latency_comp_all,17470011,oracle,4
proposed_pred_d4f,proposed,4,30.0,30.0,0.85,1.5,12.5,True,,1.409671899205235,9.064159944234172,1.4978341553493797,30.0,0.0,8.3385,6.079296112060547,6.177299615828418,4.541629174900243,8.3385,True,AVOIDED,0.0,0.0,0.0,freeze,latency_comp_all,17470012,oracle,4
proposed_pred_d4f,proposed,4,30.0,30.0,0.4,1.5,12.5,False,vehicle.ue4.audi.tt,0.0,0.0,1.6806460601179907,23.797816911988114,6.202183088011887,3.924000000000003,0.0,4.909723287340835,4.302019118095181,3.9240000000000004,True,COLLISION with vehicle.ue4.audi.tt,0.0,0.0,0.0,freeze,latency_comp_all,17470013,oracle,4
proposed_pred_d4f,proposed,4,30.0,30.0,0.85,2.0,16.666666666666668,True,,2.095262527636476,5.708034588236933,1.558501907856058,30.0,0.0,8.3385,7.494232177734375,6.862890243694276,3.553040417315222,8.3385,True,AVOIDED,0.0,0.0,0.0,freeze,latency_comp_all,17470014,oracle,4
proposed_pred_d4f,proposed,4,30.0,30.0,0.4,2.0,16.666666666666668,True,,0.5972042108670346,4.154108560713379,1.7045799907018522,30.0,0.0,3.924000000000003,9.404584884643555,5.365055086721527,3.406237288102827,3.9240000000000004,True,AVOIDED,0.0,0.0,0.0,freeze,latency_comp_all,17470015,oracle,4
proposed_pred_d4f,proposed,4,30.0,30.0,0.85,2.5,20.833333333333336,True,,1.730516606536093,3.502564285803724,1.555509886909128,30.0,0.0,3.335400049701338,9.959571838378906,6.498367482390585,2.9208720157525128,8.3385,True,AVOIDED,0.0,0.0,0.0,freeze,latency_comp_all,17470016,oracle,4
proposed_pred_d4f,proposed,4,30.0,30.0,0.4,2.5,20.833333333333336,True,,2.6963558777961127,4.15316535455882,1.6726036807602376,30.0,0.0,3.924000000000003,9.405670166015625,7.464206753650605,2.8207196643833763,3.9240000000000004,True,AVOIDED,0.0,0.0,0.0,freeze,latency_comp_all,17470017,oracle,4
proposed_pred_d4f,proposed,4,30.0,30.0,0.85,3.0,25.0,True,,2.9992240114637587,3.501718372541213,1.5663577887799187,30.0,0.0,3.335400049701338,9.961446762084961,7.767074887318251,2.6387316278142037,8.3385,True,AVOIDED,0.0,0.0,0.0,freeze,latency_comp_all,17470018,oracle,4
proposed_pred_d4f,proposed,4,30.0,30.0,0.4,3.0,25.0,True,,3.171240062852503,4.06309473705094,1.7642192354390471,30.0,0.0,3.924000000000003,11.442523956298828,7.938953609938184,2.3401724697625426,3.9240000000000004,True,AVOIDED,0.0,0.0,0.0,freeze,latency_comp_all,17470019,oracle,4
proposed_pred_d4f,proposed,4,40.0,40.0,0.85,1.0,11.11111111111111,False,vehicle.ue4.audi.tt,0.0,0.0,1.463429358931834,33.211095363156566,6.788904636843435,8.3385,0.0,4.89778476042239,6.585243016700176,8.3385,True,COLLISION with vehicle.ue4.audi.tt,0.0,0.0,0.0,freeze,latency_comp_all,17470020,oracle,4
proposed_pred_d4f,proposed,4,40.0,40.0,0.4,1.0,11.11111111111111,False,vehicle.ue4.audi.tt,0.0,0.0,1.4625655724835638,25.615705100056346,14.384294899943654,3.924000000000003,0.0,4.923978808858434,6.587173239442366,3.9240000000000004,True,COLLISION with vehicle.ue4.audi.tt,0.0,0.0,0.0,freeze,latency_comp_all,17470021,oracle,4
proposed_pred_d4f,proposed,4,40.0,40.0,0.85,1.5,16.666666666666664,True,,0.2577595059978002,9.348239507474739,1.4978989383190238,40.0,0.0,8.338500000000018,10.568328857421875,5.025381503991449,5.610379576220253,8.3385,True,AVOIDED,0.0,0.0,0.0,freeze,latency_comp_all,17470022,oracle,4
proposed_pred_d4f,proposed,4,40.0,40.0,0.4,1.5,16.666666666666664,False,vehicle.ue4.audi.tt,0.0,0.0,1.6350227773608492,28.567309367796074,11.432690632203926,3.924000000000003,0.0,4.9015312980939045,5.339216118426095,3.9240000000000004,True,COLLISION with vehicle.ue4.audi.tt,0.0,0.0,0.0,freeze,latency_comp_all,17470023,oracle,4
proposed_pred_d4f,proposed,4,40.0,40.0,0.85,2.0,22.22222222222222,True,,1.4697844773688997,7.468276649157195,1.5352075693094698,40.0,0.0,8.3385,11.602502822875977,6.237635353223392,4.646139043398756,8.3385,True,AVOIDED,0.0,0.0,0.0,freeze,latency_comp_all,17470024,oracle,4
proposed_pred_d4f,proposed,4,40.0,40.0,0.4,2.0,22.22222222222222,False,vehicle.ue4.audi.tt,0.0,0.0,1.6466820579698962,31.24523813633619,8.754761863663811,3.924000000000003,0.0,4.917160268129753,4.461548951861006,3.9240000000000004,True,COLLISION with vehicle.ue4.audi.tt,0.0,0.0,0.0,freeze,latency_comp_all,17470025,oracle,4
proposed_pred_d4f,proposed,4,40.0,40.0,0.85,2.5,27.77777777777778,True,,1.8797233494083203,5.517125262550879,1.517171235020837,40.0,0.0,8.3385,13.439315795898438,6.647333885773969,3.970144486766125,8.3385,True,AVOIDED,0.0,0.0,0.0,freeze,latency_comp_all,17470026,oracle,4
proposed_pred_d4f,proposed,4,40.0,40.0,0.4,2.5,27.77777777777778,False,vehicle.ue4.audi.tt,0.0,4.1651334048961415,1.7233232145391437,36.6531957899522,3.346804210047802,3.924000000000003,0.0,4.898674186164593,3.7017406674007964,3.9240000000000004,True,COLLISION with vehicle.ue4.audi.tt,0.0,0.0,0.0,freeze,latency_comp_all,17470027,oracle,4
proposed_pred_d4f,proposed,4,40.0,40.0,0.85,3.0,33.33333333333333,True,,1.969368065256634,4.228355453872691,1.592462827843923,40.0,0.0,8.3385,15.592334747314453,6.737218941111126,3.468196068378685,8.3385,True,AVOIDED,0.0,0.0,0.0,freeze,latency_comp_all,17470028,oracle,4
proposed_pred_d4f,proposed,4,40.0,40.0,0.4,3.0,33.33333333333333,True,,0.30674651617605964,4.002373233396145,1.741385303191896,40.0,0.0,3.924000000000003,18.9111328125,5.074597392030552,3.1700601478943344,3.9240000000000004,True,AVOIDED,0.0,0.0,0.0,freeze,latency_comp_all,17470029,oracle,4
proposed_pred_d4f,proposed,4,50.0,50.0,0.85,1.0,13.88888888888889,False,vehicle.ue4.audi.tt,0.0,0.0,1.5396789646693683,38.49647936724844,11.50352063275156,8.338500000000018,0.0,4.919643622244756,7.339271753267539,8.3385,True,COLLISION with vehicle.ue4.audi.tt,0.0,0.0,0.0,freeze,latency_comp_all,17470030,oracle,4
proposed_pred_d4f,proposed,4,50.0,50.0,0.4,1.0,13.88888888888889,False,vehicle.ue4.audi.tt,0.0,0.0,1.7164911934183178,30.041764113443694,19.958235886556306,3.9239999999999853,0.0,4.896302886050009,6.96504338213326,3.9240000000000004,True,COLLISION with vehicle.ue4.audi.tt,0.0,0.0,0.0,freeze,latency_comp_all,17470031,oracle,4
proposed_pred_d4f,proposed,4,50.0,50.0,0.85,1.5,20.833333333333336,False,vehicle.ue4.audi.tt,0.0,0.0,1.5366633997877233,41.47608261752649,8.523917382473517,8.338500000000018,0.0,4.916821031361197,6.602333366155927,8.3385,True,COLLISION with vehicle.ue4.audi.tt,0.0,0.0,0.0,freeze,latency_comp_all,17470032,oracle,4
proposed_pred_d4f,proposed,4,50.0,50.0,0.4,1.5,20.833333333333336,False,vehicle.ue4.audi.tt,0.0,0.0,1.8005841024339466,34.190987876686606,15.809012123313392,3.9239999999999853,0.0,4.932129335072164,6.028715698443331,3.9240000000000004,True,COLLISION with vehicle.ue4.audi.tt,0.0,0.0,0.0,freeze,latency_comp_all,17470033,oracle,4
proposed_pred_d4f,proposed,4,50.0,50.0,0.85,2.0,27.77777777777778,False,vehicle.ue4.audi.tt,0.0,9.25857037753474,1.5387210192923593,46.0727730641981,3.927226935801895,8.3385,0.0,4.894848312298357,5.759141036102191,8.3385,True,COLLISION with vehicle.ue4.audi.tt,0.0,0.0,0.0,freeze,latency_comp_all,17470034,oracle,4
proposed_pred_d4f,proposed,4,50.0,50.0,0.4,2.0,27.77777777777778,False,vehicle.ue4.audi.tt,0.0,0.0,1.8758773454259712,36.61984502039351,13.380154979606488,3.924000000000003,0.0,4.905060809451481,5.1196161237839455,3.9240000000000004,True,COLLISION with vehicle.ue4.audi.tt,0.0,0.0,0.0,freeze,latency_comp_all,17470035,oracle,4
proposed_pred_d4f,proposed,4,50.0,50.0,0.85,2.5,34.72222222222222,True,,0.46697206548536485,6.804353248264678,1.5828040117239706,50.0,0.0,8.3385,18.85897445678711,5.234601688966998,4.923026994393354,8.3385,True,AVOIDED,0.0,0.0,0.0,freeze,latency_comp_all,17470036,oracle,4
proposed_pred_d4f,proposed,4,50.0,50.0,0.4,2.5,34.72222222222222,False,vehicle.ue4.audi.tt,0.0,0.0,1.8801603817024044,38.500650742964915,11.499349257035085,3.924000000000003,0.0,4.922710570614016,4.4464088089142955,3.9240000000000004,True,COLLISION with vehicle.ue4.audi.tt,0.0,0.0,0.0,freeze,latency_comp_all,17470037,oracle,4
proposed_pred_d4f,proposed,4,50.0,50.0,0.85,3.0,41.66666666666667,False,,0.0,0.0,1.5530828909371022,50.0,0.0,3.3354000497013203,0.0,11.28359317338748,4.444667012930342,8.3385,True,NO BRAKE / passed,0.0,0.0,0.0,freeze,latency_comp_all,17470038,oracle,4
proposed_pred_d4f,proposed,4,50.0,50.0,0.4,3.0,41.66666666666667,False,,0.0,0.0,1.85516823812604,50.0,0.0,3.9239999999999853,0.0,11.11995325357882,3.934965505443924,3.9240000000000004,True,NO BRAKE / passed,0.0,0.0,0.0,freeze,latency_comp_all,17470039,oracle,4
proposed_pred_d4f,proposed,4,60.0,60.0,0.85,1.0,16.666666666666668,False,vehicle.ue4.audi.tt,0.0,0.0,1.5414337970136753,44.359856689555876,15.640143310444126,8.3385,0.0,4.919254305352441,8.178634435944101,8.3385,True,COLLISION with vehicle.ue4.audi.tt,0.0,0.0,0.0,freeze,latency_comp_all,17470040,oracle,4
proposed_pred_d4f,proposed,4,60.0,60.0,0.4,1.0,16.666666666666668,False,vehicle.ue4.audi.tt,0.0,0.0,1.8668001920773456,34.88671566199865,25.113284338001353,3.924000000000021,0.0,4.950706827817439,7.443964148995502,3.9240000000000004,True,COLLISION with vehicle.ue4.audi.tt,0.0,0.0,0.0,freeze,latency_comp_all,17470041,oracle,4
proposed_pred_d4f,proposed,4,60.0,60.0,0.85,1.5,25.0,False,vehicle.ue4.audi.tt,0.0,0.0,1.5179003642955156,45.9941303187355,14.0058696812645,8.3385,0.0,4.927204492445811,7.723672276625629,8.3385,True,COLLISION with vehicle.ue4.audi.tt,0.0,0.0,0.0,freeze,latency_comp_all,17470042,oracle,4
proposed_pred_d4f,proposed,4,60.0,60.0,0.4,1.5,25.0,False,vehicle.ue4.audi.tt,0.0,0.0,1.8759172085135993,39.37090026826789,20.629099731732108,3.924000000000021,0.0,4.919212490880085,6.789588489867011,3.9240000000000004,True,COLLISION with vehicle.ue4.audi.tt,0.0,0.0,0.0,freeze,latency_comp_all,17470043,oracle,4
proposed_pred_d4f,proposed,4,60.0,60.0,0.85,2.0,33.333333333333336,False,,0.0,0.0,1.5878646170813733,60.0,0.0,8.338499999999982,0.0,8.147193910211008,6.755292853330584,8.3385,True,NO BRAKE / passed,0.0,0.0,0.0,freeze,latency_comp_all,17470044,oracle,4
proposed_pred_d4f,proposed,4,60.0,60.0,0.4,2.0,33.333333333333336,False,,0.0,0.0,1.905220588643226,60.0,0.0,3.9239999999999853,0.0,8.275402069234726,6.018425054777364,3.9240000000000004,True,NO BRAKE / passed,0.0,0.0,0.0,freeze,latency_comp_all,17470045,oracle,4
proposed_pred_d4f,proposed,4,60.0,60.0,0.85,2.5,41.66666666666667,False,,0.0,0.0,1.5878978870973606,60.0,0.0,3.3354000497013203,0.0,16.25029754815325,6.002032820303024,8.3385,True,NO BRAKE / passed,0.0,0.0,0.0,freeze,latency_comp_all,17470046,oracle,4
proposed_pred_d4f,proposed,4,60.0,60.0,0.4,2.5,41.66666666666667,False,,0.0,0.0,1.9657996293202769,60.0,0.0,3.9239999999999853,0.0,16.5469818127879,5.244704754638414,3.9240000000000004,True,NO BRAKE / passed,0.0,0.0,0.0,freeze,latency_comp_all,17470047,oracle,4
proposed_pred_d4f,proposed,4,60.0,60.0,0.85,3.0,50.0,False,,0.0,0.0,1.5531412837826004,60.0,0.0,3.3354000497013203,0.0,24.612155915762973,5.411479914972096,8.3385,True,NO BRAKE / passed,0.0,0.0,0.0,freeze,latency_comp_all,17470048,oracle,4
proposed_pred_d4f,proposed,4,60.0,60.0,0.4,3.0,50.0,False,,0.0,0.0,1.98339868966077,60.0,0.0,3.9239999999999853,0.0,24.794918061992107,4.646705466069283,3.9240000000000004,True,NO BRAKE / passed,0.0,0.0,0.0,freeze,latency_comp_all,17470049,oracle,4
proposed_pred_d8f,proposed,8,20.0,20.0,0.85,1.0,5.555555555555555,False,vehicle.ue4.audi.tt,0.0,0.0,1.6960906483445735,5.713282639162758,14.286717360837242,8.3385,0.0,4.9217739122693045,0.0,8.3385,True,COLLISION with vehicle.ue4.audi.tt,0.0,0.0,0.0,freeze,latency_comp_all,17510000,oracle,8
proposed_pred_d8f,proposed,8,20.0,20.0,0.4,1.0,5.555555555555555,False,vehicle.ue4.audi.tt,0.0,0.0,1.8103350916902867,5.715610086983789,14.284389913016211,3.924000000000003,0.0,4.9218521202430665,0.0,3.9240000000000004,True,COLLISION with vehicle.ue4.audi.tt,0.0,0.0,0.0,freeze,latency_comp_all,17510001,oracle,8
proposed_pred_d8f,proposed,8,20.0,20.0,0.85,1.5,8.333333333333332,True,,0.7756099746230518,10.456422266668946,0.763968767644508,20.0,0.0,8.3385,2.1318206787109375,5.5433654830363475,5.126813767198609,8.3385,True,AVOIDED,0.0,0.0,0.0,freeze,latency_comp_all,17510002,oracle,8
proposed_pred_d8f,proposed,8,20.0,20.0,0.4,1.5,8.333333333333332,False,vehicle.ue4.audi.tt,0.0,0.0,0.7637303179399831,14.742308007333182,5.257691992666817,3.924000000000003,0.0,4.909479144379838,5.127695868345429,3.9240000000000004,True,COLLISION with vehicle.ue4.audi.tt,0.0,0.0,0.0,freeze,latency_comp_all,17510003,oracle,8
proposed_pred_d8f,proposed,8,20.0,20.0,0.85,2.0,11.11111111111111,True,,2.445770264240812,9.607653418110688,1.2320060537933084,20.0,0.0,8.3385,2.6890811920166016,7.213485718342385,2.9296020234566407,8.3385,True,AVOIDED,0.0,0.0,0.0,freeze,latency_comp_all,17510004,oracle,8
proposed_pred_d8f,proposed,8,20.0,20.0,0.4,2.0,11.11111111111111,True,,1.2863159496064709,4.120873518973497,1.2317177483904018,20.0,0.0,3.924000000000003,3.848051071166992,6.054166825460963,2.9298799331778724,3.9240000000000004,True,AVOIDED,0.0,0.0,0.0,freeze,latency_comp_all,17510005,oracle,8
proposed_pred_d8f,proposed,8,20.0,20.0,0.85,2.5,13.88888888888889,True,,2.7296657563313076,3.6579558658285976,1.420711830354516,20.0,0.0,3.335400049701338,4.360208511352539,7.497398376571837,2.131544484274163,8.3385,True,AVOIDED,0.0,0.0,0.0,freeze,latency_comp_all,17510006,oracle,8
proposed_pred_d8f,proposed,8,20.0,20.0,0.4,2.5,13.88888888888889,True,,3.1986560862992297,4.052704451753857,1.5631356248428965,20.0,0.0,3.924000000000003,4.165830612182617,7.966373447749494,2.0498076930225118,3.9240000000000004,True,AVOIDED,0.0,0.0,0.0,freeze,latency_comp_all,17510007,oracle,8
proposed_pred_d8f,proposed,8,20.0,20.0,0.85,3.0,16.666666666666664,True,,4.4040851689989235,3.6574361751269278,1.5926756334445036,20.0,0.0,3.335400049701338,4.360797882080078,9.171817789249273,1.7271808654896244,8.3385,True,AVOIDED,0.0,0.0,0.0,freeze,latency_comp_all,17510008,oracle,8
proposed_pred_d8f,proposed,8,20.0,20.0,0.4,3.0,16.666666666666664,True,,4.541429521293692,4.258847688488582,1.6928175800883754,20.0,0.0,3.924000000000003,4.773881912231445,9.309280397148184,1.6249603754545856,3.9240000000000004,True,AVOIDED,0.0,0.0,0.0,freeze,latency_comp_all,17510009,oracle,8
proposed_pred_d8f,proposed,8,30.0,30.0,0.85,1.0,8.333333333333334,False,vehicle.ue4.audi.tt,0.0,0.0,0.729844378578023,23.88311262094554,6.116887379054461,8.3385,0.0,4.9015197899946745,8.104984495119513,8.3385,True,COLLISION with vehicle.ue4.audi.tt,0.0,0.0,0.0,freeze,latency_comp_all,17510010,oracle,8
proposed_pred_d8f,proposed,8,30.0,30.0,0.4,1.0,8.333333333333334,False,vehicle.ue4.audi.tt,0.0,0.0,0.7312167076160889,17.799918414990444,12.200081585009558,3.924000000000003,0.0,4.908821112660468,8.108274098307549,3.9240000000000004,True,COLLISION with vehicle.ue4.audi.tt,0.0,0.0,0.0,freeze,latency_comp_all,17510011,oracle,8
proposed_pred_d8f,proposed,8,30.0,30.0,0.85,1.5,12.5,True,,1.6086636456842927,8.774367291979068,1.3364554314308594,30.0,0.0,8.3385,5.466590881347656,6.376514521538785,4.808659364921253,8.3385,True,AVOIDED,0.0,0.0,0.0,freeze,latency_comp_all,17510012,oracle,8
proposed_pred_d8f,proposed,8,30.0,30.0,0.4,1.5,12.5,False,vehicle.ue4.audi.tt,0.0,0.0,1.3333622955661704,22.663262521724935,7.336737478275064,3.924000000000003,0.0,4.91112136865618,4.809822997825089,3.9240000000000004,True,COLLISION with vehicle.ue4.audi.tt,0.0,0.0,0.0,freeze,latency_comp_all,17510013,oracle,8
proposed_pred_d8f,proposed,8,30.0,30.0,0.85,2.0,16.666666666666668,True,,2.7651195543059934,6.893579524587769,1.558501907856058,30.0,0.0,8.3385,6.824375152587891,7.532970430160486,3.553040417315222,8.3385,True,AVOIDED,0.0,0.0,0.0,freeze,latency_comp_all,17510014,oracle,8
proposed_pred_d8f,proposed,8,30.0,30.0,0.4,2.0,16.666666666666668,True,,0.5972042108670346,4.154108560713379,1.7045799907018522,30.0,0.0,3.924000000000003,9.404584884643555,5.365055086721527,3.406237288102827,3.9240000000000004,True,AVOIDED,0.0,0.0,0.0,freeze,latency_comp_all,17510015,oracle,8
proposed_pred_d8f,proposed,8,30.0,30.0,0.85,2.5,20.833333333333336,True,,2.1822186727897313,3.739030730093609,1.555509886909128,30.0,0.0,8.3385,9.507869720458984,6.949844481732171,2.9208720157525128,8.3385,True,AVOIDED,0.0,0.0,0.0,freeze,latency_comp_all,17510016,oracle,8
proposed_pred_d8f,proposed,8,30.0,30.0,0.4,2.5,20.833333333333336,True,,2.6963558777961127,4.15316535455882,1.6726036807602376,30.0,0.0,3.924000000000003,9.405670166015625,7.464206753650605,2.8207196643833763,3.9240000000000004,True,AVOIDED,0.0,0.0,0.0,freeze,latency_comp_all,17510017,oracle,8
proposed_pred_d8f,proposed,8,30.0,30.0,0.85,3.0,25.0,True,,2.9992240114637587,3.501718372541213,1.5663577887799187,30.0,0.0,3.335400049701338,9.961446762084961,7.767074887318251,2.6387316278142037,8.3385,True,AVOIDED,0.0,0.0,0.0,freeze,latency_comp_all,17510018,oracle,8
proposed_pred_d8f,proposed,8,30.0,30.0,0.4,3.0,25.0,True,,3.82995429907227,4.019539740829969,1.7642192354390471,30.0,0.0,3.924000000000003,10.783809661865234,8.597805174926762,2.3401724697625426,3.9240000000000004,True,AVOIDED,0.0,0.0,0.0,freeze,latency_comp_all,17510019,oracle,8
proposed_pred_d8f,proposed,8,40.0,40.0,0.85,1.0,11.11111111111111,False,vehicle.ue4.audi.tt,0.0,0.0,1.1293495455238685,32.30104456359677,7.698955436403231,8.3385,0.0,4.8978860690334365,7.528066074235256,8.3385,True,COLLISION with vehicle.ue4.audi.tt,0.0,0.0,0.0,freeze,latency_comp_all,17510020,oracle,8
proposed_pred_d8f,proposed,8,40.0,40.0,0.4,1.0,11.11111111111111,False,vehicle.ue4.audi.tt,0.0,0.0,1.128855457967557,24.05610925952851,15.94389074047149,3.924000000000003,0.0,4.911951082361089,7.528924004479386,3.9240000000000004,True,COLLISION with vehicle.ue4.audi.tt,0.0,0.0,0.0,freeze,latency_comp_all,17510021,oracle,8
proposed_pred_d8f,proposed,8,40.0,40.0,0.85,1.5,16.666666666666664,True,,0.8058565973625784,8.624199039818293,1.4978989383190238,40.0,0.0,8.338500000000018,10.020248413085938,5.573482408940767,5.610379576220253,8.3385,True,AVOIDED,0.0,0.0,0.0,freeze,latency_comp_all,17510022,oracle,8
proposed_pred_d8f,proposed,8,40.0,40.0,0.4,1.5,16.666666666666664,False,vehicle.ue4.audi.tt,0.0,0.0,1.6350227773608492,28.567309367796074,11.432690632203926,3.924000000000003,0.0,4.9015312980939045,5.339216118426095,3.9240000000000004,True,COLLISION with vehicle.ue4.audi.tt,0.0,0.0,0.0,freeze,latency_comp_all,17510023,oracle,8
proposed_pred_d8f,proposed,8,40.0,40.0,0.85,2.0,22.22222222222222,True,,1.9764229397200186,8.26490606468506,1.5352075693094698,40.0,0.0,8.338500000000018,11.095861434936523,6.744033479072393,4.646139043398756,8.3385,True,AVOIDED,0.0,0.0,0.0,freeze,latency_comp_all,17510024,oracle,8
proposed_pred_d8f,proposed,8,40.0,40.0,0.4,2.0,22.22222222222222,False,vehicle.ue4.audi.tt,0.0,0.0,1.6466820579698962,31.24523813633619,8.754761863663811,3.924000000000003,0.0,4.917160268129753,4.461548951861006,3.9240000000000004,True,COLLISION with vehicle.ue4.audi.tt,0.0,0.0,0.0,freeze,latency_comp_all,17510025,oracle,8
proposed_pred_d8f,proposed,8,40.0,40.0,0.85,2.5,27.77777777777778,True,,2.4290684114289824,5.515495499134837,1.6137606622028506,40.0,0.0,8.3385,13.44137954711914,7.196793405123185,3.8320911430712576,8.3385,True,AVOIDED,0.0,0.0,0.0,freeze,latency_comp_all,17510026,oracle,8
proposed_pred_d8f,proposed,8,40.0,40.0,0.4,2.5,27.77777777777778,False,vehicle.ue4.audi.tt,0.0,4.1651334048961415,1.7233232145391437,36.6531957899522,3.346804210047802,3.924000000000003,0.0,4.898674186164593,3.7017406674007964,3.9240000000000004,True,COLLISION with vehicle.ue4.audi.tt,0.0,0.0,0.0,freeze,latency_comp_all,17510027,oracle,8
proposed_pred_d8f,proposed,8,40.0,40.0,0.85,3.0,33.33333333333333,True,,2.6052521529897374,4.556157462300382,1.592462827843923,40.0,0.0,8.3385,14.956439971923828,7.372927560238563,3.468196068378685,8.3385,True,AVOIDED,0.0,0.0,0.0,freeze,latency_comp_all,17510028,oracle,8
proposed_pred_d8f,proposed,8,40.0,40.0,0.4,3.0,33.33333333333333,True,,0.9127754119555886,4.034562794475078,1.741385303191896,40.0,0.0,3.924000000000003,18.305103302001953,5.680626287810081,3.1700601478943344,3.9240000000000004,True,AVOIDED,0.0,0.0,0.0,freeze,latency_comp_all,17510029,oracle,8
proposed_pred_d8f,proposed,8,50.0,50.0,0.85,1.0,13.88888888888889,False,vehicle.ue4.audi.tt,0.0,0.0,1.38275595842427,40.28924387431327,9.710756125686727,8.3385,0.0,4.936844137416228,7.751055989153923,8.3385,True,COLLISION with vehicle.ue4.audi.tt,0.0,0.0,0.0,freeze,latency_comp_all,17510030,oracle,8
proposed_pred_d8f,proposed,8,50.0,50.0,0.4,1.0,13.88888888888889,False,vehicle.ue4.audi.tt,0.0,0.0,1.5414885258865976,29.62639823867896,20.37360176132104,3.9239999999999853,0.0,4.927955349663571,7.337281362407446,3.9240000000000004,True,COLLISION with vehicle.ue4.audi.tt,0.0,0.0,0.0,freeze,latency_comp_all,17510031,oracle,8
proposed_pred_d8f,proposed,8,50.0,50.0,0.85,1.5,20.833333333333336,False,vehicle.ue4.audi.tt,0.0,0.0,1.5366633997877233,42.59613209800373,7.403867901996272,8.338500000000018,0.0,4.912704972029606,6.602333366155927,8.3385,True,COLLISION with vehicle.ue4.audi.tt,0.0,0.0,0.0,freeze,latency_comp_all,17510032,oracle,8
proposed_pred_d8f,proposed,8,50.0,50.0,0.4,1.5,20.833333333333336,False,vehicle.ue4.audi.tt,0.0,0.0,1.8005841024339466,34.190987876686606,15.809012123313392,3.9239999999999853,0.0,4.932129335072164,6.028715698443331,3.9240000000000004,True,COLLISION with vehicle.ue4.audi.tt,0.0,0.0,0.0,freeze,latency_comp_all,17510033,oracle,8
proposed_pred_d8f,proposed,8,50.0,50.0,0.85,2.0,27.77777777777778,True,,0.2357925850411693,8.73104312761361,1.5387210192923593,50.0,0.0,8.3385,16.28343963623047,5.003464170335971,5.759141036102191,8.3385,True,AVOIDED,0.0,0.0,0.0,freeze,latency_comp_all,17510034,oracle,8
proposed_pred_d8f,proposed,8,50.0,50.0,0.4,2.0,27.77777777777778,False,vehicle.ue4.audi.tt,0.0,0.0,1.8758773454259712,36.61984502039351,13.380154979606488,3.924000000000003,0.0,4.905060809451481,5.1196161237839455,3.9240000000000004,True,COLLISION with vehicle.ue4.audi.tt,0.0,0.0,0.0,freeze,latency_comp_all,17510035,oracle,8
proposed_pred_d8f,proposed,8,50.0,50.0,0.85,2.5,34.72222222222222,True,,1.0839761666442067,7.2974134242781625,1.5828040117239706,50.0,0.0,8.3385,18.24197006225586,5.851827042498699,4.923026994393354,8.3385,True,AVOIDED,0.0,0.0,0.0,freeze,latency_comp_all,17510036,oracle,8
proposed_pred_d8f,proposed,8,50.0,50.0,0.4,2.5,34.72222222222222,False,vehicle.ue4.audi.tt,0.0,0.0,1.8801603817024044,38.500650742964915,11.499349257035085,3.924000000000003,0.0,4.922710570614016,4.4464088089142955,3.9240000000000004,True,COLLISION with vehicle.ue4.audi.tt,0.0,0.0,0.0,freeze,latency_comp_all,17510037,oracle,8
proposed_pred_d8f,proposed,8,50.0,50.0,0.85,3.0,41.66666666666667,False,,0.0,0.0,1.5530828909371022,50.0,0.0,8.338499999999982,0.0,11.28359317338748,4.444667012930342,8.3385,True,NO BRAKE / passed,0.0,0.0,0.0,freeze,latency_comp_all,17510038,oracle,8
proposed_pred_d8f,proposed,8,50.0,50.0,0.4,3.0,41.66666666666667,False,,0.0,0.0,1.85516823812604,50.0,0.0,3.9239999999999853,0.0,11.254049008354384,3.934965505443924,3.9240000000000004,True,NO BRAKE / passed,0.0,0.0,0.0,freeze,latency_comp_all,17510039,oracle,8
proposed_pred_d8f,proposed,8,60.0,60.0,0.85,1.0,16.666666666666668,False,vehicle.ue4.audi.tt,0.0,0.0,1.5414337970136753,46.316409201378775,13.683590798621225,8.3385,0.0,4.920875561143746,8.178634435944101,8.3385,True,COLLISION with vehicle.ue4.audi.tt,0.0,0.0,0.0,freeze,latency_comp_all,17510040,oracle,8
proposed_pred_d8f,proposed,8,60.0,60.0,0.4,1.0,16.666666666666668,False,vehicle.ue4.audi.tt,0.0,0.0,1.8668001920773456,34.88671566199865,25.113284338001353,3.924000000000021,0.0,4.950706827817439,7.443964148995502,3.9240000000000004,True,COLLISION with vehicle.ue4.audi.tt,0.0,0.0,0.0,freeze,latency_comp_all,17510041,oracle,8
proposed_pred_d8f,proposed,8,60.0,60.0,0.85,1.5,25.0,False,vehicle.ue4.audi.tt,0.0,0.0,1.5179003642955156,47.7291922914318,12.270807708568196,8.3385,0.0,4.900364495056599,7.723672276625629,8.3385,True,COLLISION with vehicle.ue4.audi.tt,0.0,0.0,0.0,freeze,latency_comp_all,17510042,oracle,8
proposed_pred_d8f,proposed,8,60.0,60.0,0.4,1.5,25.0,False,vehicle.ue4.audi.tt,0.0,0.0,1.8759172085135993,39.37090026826789,20.629099731732108,3.924000000000021,0.0,4.919212490880085,6.789588489867011,3.9240000000000004,True,COLLISION with vehicle.ue4.audi.tt,0.0,0.0,0.0,freeze,latency_comp_all,17510043,oracle,8
proposed_pred_d8f,proposed,8,60.0,60.0,0.85,2.0,33.333333333333336,False,,0.0,0.0,1.5878646170813733,60.0,0.0,8.338499999999982,0.0,8.309040071138579,6.755292853330584,8.3385,True,NO BRAKE / passed,0.0,0.0,0.0,freeze,latency_comp_all,17510044,oracle,8
proposed_pred_d8f,proposed,8,60.0,60.0,0.4,2.0,33.333333333333336,False,,0.0,0.0,2.0181659207121476,60.0,0.0,3.9239999999999853,0.0,8.50906755264228,5.812140272447708,3.9240000000000004,True,NO BRAKE / passed,0.0,0.0,0.0,freeze,latency_comp_all,17510045,oracle,8
proposed_pred_d8f,proposed,8,60.0,60.0,0.85,2.5,41.66666666666667,False,,0.0,0.0,1.5878978870973606,60.0,0.0,8.338499999999982,0.0,16.25029754815325,6.002032820303024,8.3385,True,NO BRAKE / passed,0.0,0.0,0.0,freeze,latency_comp_all,17510046,oracle,8
proposed_pred_d8f,proposed,8,60.0,60.0,0.4,2.5,41.66666666666667,False,,0.0,0.0,1.9657996293202769,60.0,0.0,3.9239999999999853,0.0,16.5469818127879,5.244704754638414,3.9240000000000004,True,NO BRAKE / passed,0.0,0.0,0.0,freeze,latency_comp_all,17510047,oracle,8
proposed_pred_d8f,proposed,8,60.0,60.0,0.85,3.0,50.0,False,,0.0,0.0,1.5531412837826004,60.0,0.0,3.3354000497013203,0.0,24.612155915762973,5.411479914972096,8.3385,True,NO BRAKE / passed,0.0,0.0,0.0,freeze,latency_comp_all,17510048,oracle,8
proposed_pred_d8f,proposed,8,60.0,60.0,0.4,3.0,50.0,False,,0.0,0.0,1.98339868966077,60.0,0.0,3.9239999999999853,0.0,24.83006668259518,4.646705466069283,3.9240000000000004,True,NO BRAKE / passed,0.0,0.0,0.0,freeze,latency_comp_all,17510049,oracle,8
proposed_pred_d16f,proposed,16,20.0,20.0,0.85,1.0,5.555555555555555,False,vehicle.ue4.audi.tt,0.0,0.0,0.0,5.713282639162758,14.286717360837242,0.0,0.0,4.9217739122693045,0.0,8.3385,True,COLLISION with vehicle.ue4.audi.tt,0.0,0.0,0.0,freeze,latency_comp_all,17980000,oracle,16
proposed_pred_d16f,proposed,16,20.0,20.0,0.4,1.0,5.555555555555555,False,vehicle.ue4.audi.tt,0.0,0.0,0.0,5.715610086983789,14.284389913016211,0.0,0.0,4.9218521202430665,0.0,3.9240000000000004,True,COLLISION with vehicle.ue4.audi.tt,0.0,0.0,0.0,freeze,latency_comp_all,17980001,oracle,16
proposed_pred_d16f,proposed,16,20.0,20.0,0.85,1.5,8.333333333333332,False,vehicle.ue4.audi.tt,0.0,0.0,0.17807220738880356,12.539102161844646,7.460897838155353,8.3385,0.0,4.9126853988491295,15.447662962431233,8.3385,True,COLLISION with vehicle.ue4.audi.tt,0.0,0.0,0.0,freeze,latency_comp_all,17980002,oracle,16
proposed_pred_d16f,proposed,16,20.0,20.0,0.4,1.5,8.333333333333332,False,vehicle.ue4.audi.tt,0.0,0.0,0.17798308716534664,11.493355509426575,8.506644490573425,3.924000000000003,0.0,4.92453004332429,15.45518475817032,3.9240000000000004,True,COLLISION with vehicle.ue4.audi.tt,0.0,0.0,0.0,freeze,latency_comp_all,17980003,oracle,16
proposed_pred_d16f,proposed,16,20.0,20.0,0.85,2.0,11.11111111111111,True,,1.3498039250362819,10.451983965872113,0.6313706030237114,20.0,0.0,8.3385,2.132478713989258,6.1175594334591405,4.345710811389609,8.3385,True,AVOIDED,0.0,0.0,0.0,freeze,latency_comp_all,17980004,oracle,16
proposed_pred_d16f,proposed,16,20.0,20.0,0.4,2.0,11.11111111111111,False,vehicle.ue4.audi.tt,0.0,0.0,0.631280476161502,17.099780110569476,2.900219889430523,3.924000000000003,0.0,4.896078118609479,4.346301656340237,3.9240000000000004,True,COLLISION with vehicle.ue4.audi.tt,0.0,0.0,0.0,freeze,latency_comp_all,17980005,oracle,16
proposed_pred_d16f,proposed,16,20.0,20.0,0.85,2.5,13.88888888888889,True,,3.17316436774795,8.554949858422024,1.088102796927677,20.0,0.0,8.3385,2.8149166107177734,7.940862655711819,2.5281056947112397,8.3385,True,AVOIDED,0.0,0.0,0.0,freeze,latency_comp_all,17980006,oracle,16
proposed_pred_d16f,proposed,16,20.0,20.0,0.4,2.5,13.88888888888889,True,,2.1372242033941147,4.117664429628995,1.0880003747729974,20.0,0.0,3.924000000000003,3.8503684997558594,6.905075079248607,2.528309452168078,3.9240000000000004,True,AVOIDED,0.0,0.0,0.0,freeze,latency_comp_all,17980007,oracle,16
proposed_pred_d16f,proposed,16,20.0,20.0,0.85,3.0,16.666666666666664,True,,4.9413242426789985,6.09815251044059,1.492891414276275,20.0,0.0,8.3385,3.2726688385009766,9.70897866158423,1.842843358937078,8.3385,True,AVOIDED,0.0,0.0,0.0,freeze,latency_comp_all,17980008,oracle,16
proposed_pred_d16f,proposed,16,20.0,20.0,0.4,3.0,16.666666666666664,True,,4.1689472217489545,4.189373657808154,1.5389206629088372,20.0,0.0,3.924000000000003,4.3196563720703125,8.936798097603447,1.7828035664742712,3.9240000000000004,True,AVOIDED,0.0,0.0,0.0,freeze,latency_comp_all,17980009,oracle,16
proposed_pred_d16f,proposed,16,30.0,30.0,0.85,1.0,8.333333333333334,False,vehicle.ue4.audi.tt,0.0,0.0,0.14713296702742845,14.264024631811838,15.735975368188162,8.3385,0.0,4.931879043878678,26.520867452336336,8.3385,True,COLLISION with vehicle.ue4.audi.tt,0.0,0.0,0.0,freeze,latency_comp_all,17980010,oracle,16
proposed_pred_d16f,proposed,16,30.0,30.0,0.4,1.0,8.333333333333334,False,vehicle.ue4.audi.tt,0.0,0.0,0.14667524321698747,13.635033706169253,16.364966293830747,3.924000000000003,0.0,4.9341793096343025,26.558360186894163,3.9240000000000004,True,COLLISION with vehicle.ue4.audi.tt,0.0,0.0,0.0,freeze,latency_comp_all,17980011,oracle,16
proposed_pred_d16f,proposed,16,30.0,30.0,0.85,1.5,12.5,False,vehicle.ue4.audi.tt,0.0,9.675576946601593,0.6711824289395946,27.175810334310903,2.824189665689096,8.3385,0.0,4.89530002672922,7.396052495544044,8.3385,True,COLLISION with vehicle.ue4.audi.tt,0.0,0.0,0.0,freeze,latency_comp_all,17980012,oracle,16
proposed_pred_d16f,proposed,16,30.0,30.0,0.4,1.5,12.5,False,vehicle.ue4.audi.tt,0.0,0.0,0.7589407973073076,20.191018192195987,9.808981807804013,3.924000000000003,0.0,4.938613894018109,6.785384143611856,3.9240000000000004,True,COLLISION with vehicle.ue4.audi.tt,0.0,0.0,0.0,freeze,latency_comp_all,17980013,oracle,16
proposed_pred_d16f,proposed,16,30.0,30.0,0.85,2.0,16.666666666666668,True,,2.6711807372437457,9.287440317700943,1.1970854180258614,30.0,0.0,8.3385,5.677131652832031,7.438858044359314,4.082569165121284,8.3385,True,AVOIDED,0.0,0.0,0.0,freeze,latency_comp_all,17980014,oracle,16
proposed_pred_d16f,proposed,16,30.0,30.0,0.4,2.0,16.666666666666668,False,vehicle.ue4.audi.tt,0.0,0.0,1.198088511637955,26.475311379423594,3.5246886205764074,3.924000000000003,0.0,4.898704530595719,4.083327667328311,3.9240000000000004,True,COLLISION with vehicle.ue4.audi.tt,0.0,0.0,0.0,freeze,latency_comp_all,17980015,oracle,16
proposed_pred_d16f,proposed,16,30.0,30.0,0.85,2.5,20.833333333333336,True,,4.864912035627478,0.0,1.495727391747452,30.0,0.0,8.3385,6.823955535888672,9.63276291148197,2.9279031441060006,8.3385,True,AVOIDED,0.0,0.0,0.0,freeze,latency_comp_all,17980016,oracle,16
proposed_pred_d16f,proposed,16,30.0,30.0,0.4,2.5,20.833333333333336,True,,2.523115158087931,4.064003231698998,1.5568011846642291,30.0,0.0,3.924000000000003,9.165596008300781,7.290828704840861,2.921264935779513,3.9240000000000004,True,AVOIDED,0.0,0.0,0.0,freeze,latency_comp_all,17980017,oracle,16
proposed_pred_d16f,proposed,16,30.0,30.0,0.85,3.0,25.0,True,,4.148561654531873,4.24756211829976,1.5663577887799187,30.0,0.0,8.3385,8.812108993530273,8.916279016174725,2.6387316278142037,8.3385,True,AVOIDED,0.0,0.0,0.0,freeze,latency_comp_all,17980018,oracle,16
proposed_pred_d16f,proposed,16,30.0,30.0,0.4,3.0,25.0,True,,3.8675327510534565,4.063569810363435,1.71781762276468,30.0,0.0,3.924000000000003,10.332916259765625,8.635250112404446,2.4079269064192053,3.9240000000000004,True,AVOIDED,0.0,0.0,0.0,freeze,latency_comp_all,17980019,oracle,16
proposed_pred_d16f,proposed,16,40.0,40.0,0.85,1.0,11.11111111111111,False,vehicle.ue4.audi.tt,0.0,0.0,0.502359144941864,24.402040143458976,15.597959856541026,8.3385,0.0,4.908761875712652,12.847708979128964,8.3385,True,COLLISION with vehicle.ue4.audi.tt,0.0,0.0,0.0,freeze,latency_comp_all,17980020,oracle,16
proposed_pred_d16f,proposed,16,40.0,40.0,0.4,1.0,11.11111111111111,False,vehicle.ue4.audi.tt,0.0,0.0,0.5020541204397674,20.189328615686424,19.810671384313576,3.9239999999999853,0.0,4.913208007949692,12.85153273373056,3.9240000000000004,True,COLLISION with vehicle.ue4.audi.tt,0.0,0.0,0.0,freeze,latency_comp_all,17980021,oracle,16
proposed_pred_d16f,proposed,16,40.0,40.0,0.85,1.5,16.666666666666664,False,vehicle.ue4.audi.tt,0.0,9.48643115398649,1.1331534609510816,37.13309294709951,2.866907052900487,8.3385,0.0,4.89510314757193,6.623609860992108,8.3385,True,COLLISION with vehicle.ue4.audi.tt,0.0,0.0,0.0,freeze,latency_comp_all,17980022,oracle,16
proposed_pred_d16f,proposed,16,40.0,40.0,0.4,1.5,16.666666666666664,False,vehicle.ue4.audi.tt,0.0,0.0,1.1326094385329213,27.475604620367648,12.524395379632354,3.924000000000003,0.0,4.902927457967572,6.624603610655263,3.9240000000000004,True,COLLISION with vehicle.ue4.audi.tt,0.0,0.0,0.0,freeze,latency_comp_all,17980023,oracle,16
proposed_pred_d16f,proposed,16,40.0,40.0,0.85,2.0,22.22222222222222,True,,2.2242551425288255,8.934485239077505,1.4217066291732678,40.0,0.0,8.338500000000018,10.295492172241211,6.992106018383318,4.851494438391236,8.3385,True,AVOIDED,0.0,0.0,0.0,freeze,latency_comp_all,17980024,oracle,16
proposed_pred_d16f,proposed,16,40.0,40.0,0.4,2.0,22.22222222222222,False,vehicle.ue4.audi.tt,0.0,0.0,1.5346654269310267,30.46217113233115,9.537828867668852,3.924000000000003,0.0,4.902542319843267,4.6472998193919,3.9240000000000004,True,COLLISION with vehicle.ue4.audi.tt,0.0,0.0,0.0,freeze,latency_comp_all,17980025,oracle,16
proposed_pred_d16f,proposed,16,40.0,40.0,0.85,2.5,27.77777777777778,True,,4.265863057203145,7.464815042622891,1.6137606622028506,40.0,0.0,8.3385,11.604572296142578,9.033713933057637,3.8320911430712576,8.3385,True,AVOIDED,0.0,0.0,0.0,freeze,latency_comp_all,17980026,oracle,16
proposed_pred_d16f,proposed,16,40.0,40.0,0.4,2.5,27.77777777777778,False,vehicle.ue4.audi.tt,0.0,4.1651334048961415,1.7233232145391437,36.6531957899522,3.346804210047802,3.924000000000003,0.0,4.898674186164593,3.7017406674007964,3.9240000000000004,True,COLLISION with vehicle.ue4.audi.tt,0.0,0.0,0.0,freeze,latency_comp_all,17980027,oracle,16
proposed_pred_d16f,proposed,16,40.0,40.0,0.85,3.0,33.33333333333333,True,,4.122353966957618,5.517125262550879,1.592462827843923,40.0,0.0,8.3385,13.439319610595703,8.88996450441763,3.468196068378685,8.3385,True,AVOIDED,0.0,0.0,0.0,freeze,latency_comp_all,17980028,oracle,16
proposed_pred_d16f,proposed,16,40.0,40.0,0.4,3.0,33.33333333333333,True,,1.2174098771889899,4.1547599915428925,1.741385303191896,40.0,0.0,3.924000000000003,18.000469207763672,5.985260753043482,3.1700601478943344,3.9240000000000004,True,AVOIDED,0.0,0.0,0.0,freeze,latency_comp_all,17980029,oracle,16
proposed_pred_d16f,proposed,16,50.0,50.0,0.85,1.0,13.88888888888889,False,vehicle.ue4.audi.tt,0.0,0.0,0.8038247347242676,33.16354850816052,16.836451491839487,8.338500000000018,0.0,4.921875238452043,10.753195347738945,8.3385,True,COLLISION with vehicle.ue4.audi.tt,0.0,0.0,0.0,freeze,latency_comp_all,17980030,oracle,16
proposed_pred_d16f,proposed,16,50.0,50.0,0.4,1.0,13.88888888888889,False,vehicle.ue4.audi.tt,0.0,0.0,0.8984787359117183,26.15636510232034,23.84363489767966,3.9239999999999853,0.0,4.91351903841111,9.98740175958525,3.9240000000000004,True,COLLISION with vehicle.ue4.audi.tt,0.0,0.0,0.0,freeze,latency_comp_all,17980031,oracle,16
proposed_pred_d16f,proposed,16,50.0,50.0,0.85,1.5,20.833333333333336,False,vehicle.ue4.audi.tt,0.0,0.0,1.4193013524363831,42.79510091867323,7.20489908132677,8.3385,0.0,4.912457028248925,6.933458832782803,8.3385,True,COLLISION with vehicle.ue4.audi.tt,0.0,0.0,0.0,freeze,latency_comp_all,17980032,oracle,16
proposed_pred_d16f,proposed,16,50.0,50.0,0.4,1.5,20.833333333333336,False,vehicle.ue4.audi.tt,0.0,0.0,1.5369289512874023,33.09262286489253,16.907377135107467,3.9239999999999853,0.0,4.9164235569367785,6.603225939597002,3.9240000000000004,True,COLLISION with vehicle.ue4.audi.tt,0.0,0.0,0.0,freeze,latency_comp_all,17980033,oracle,16
proposed_pred_d16f,proposed,16,50.0,50.0,0.85,2.0,27.77777777777778,True,,0.9300292871633227,8.919709671414221,1.5387210192923593,50.0,0.0,8.3385,15.589218139648438,5.697700872602619,5.759141036102191,8.3385,True,AVOIDED,0.0,0.0,0.0,freeze,latency_comp_all,17980034,oracle,16
proposed_pred_d16f,proposed,16,50.0,50.0,0.4,2.0,27.77777777777778,False,vehicle.ue4.audi.tt,0.0,0.0,1.7550668479294467,35.532574112112115,14.467425887887888,3.924000000000003,0.0,4.927882582140159,5.317687870638553,3.9240000000000004,True,COLLISION with vehicle.ue4.audi.tt,0.0,0.0,0.0,freeze,latency_comp_all,17980035,oracle,16
proposed_pred_d16f,proposed,16,50.0,50.0,0.85,2.5,34.72222222222222,True,,2.7064312580030094,9.046608840561218,1.5828040117239706,50.0,0.0,8.3385,16.61951446533203,7.474282133857502,4.923026994393354,8.3385,True,AVOIDED,0.0,0.0,0.0,freeze,latency_comp_all,17980036,oracle,16
proposed_pred_d16f,proposed,16,50.0,50.0,0.4,2.5,34.72222222222222,False,vehicle.ue4.audi.tt,0.0,0.0,1.8801603817024044,38.500650742964915,11.499349257035085,3.924000000000003,0.0,4.922710570614016,4.4464088089142955,3.9240000000000004,True,COLLISION with vehicle.ue4.audi.tt,0.0,0.0,0.0,freeze,latency_comp_all,17980037,oracle,16
proposed_pred_d16f,proposed,16,50.0,50.0,0.85,3.0,41.66666666666667,False,,0.0,0.0,1.5530828909371022,50.0,0.0,8.3385,0.0,11.470478968905438,4.444667012930342,8.3385,True,NO BRAKE / passed,0.0,0.0,0.0,freeze,latency_comp_all,17980038,oracle,16
proposed_pred_d16f,proposed,16,50.0,50.0,0.4,3.0,41.66666666666667,False,,0.0,0.0,1.85516823812604,50.0,0.0,3.9239999999999853,0.0,11.254049008354384,3.934965505443924,3.9240000000000004,True,NO BRAKE / passed,0.0,0.0,0.0,freeze,latency_comp_all,17980039,oracle,16
proposed_pred_d16f,proposed,16,60.0,60.0,0.85,1.0,16.666666666666668,False,vehicle.ue4.audi.tt,0.0,0.0,1.0546417261490215,40.8436500261098,19.156349973890205,8.338499999999982,0.0,4.953067785723608,10.151701880201367,8.3385,True,COLLISION with vehicle.ue4.audi.tt,0.0,0.0,0.0,freeze,latency_comp_all,17980040,oracle,16
proposed_pred_d16f,proposed,16,60.0,60.0,0.4,1.0,16.666666666666668,False,vehicle.ue4.audi.tt,0.0,0.0,1.1633793697070738,31.572593955964052,28.427406044035948,3.924000000000021,0.0,4.9125595284623635,9.572402863661695,3.9240000000000004,True,COLLISION with vehicle.ue4.audi.tt,0.0,0.0,0.0,freeze,latency_comp_all,17980041,oracle,16
proposed_pred_d16f,proposed,16,60.0,60.0,0.85,1.5,25.0,False,vehicle.ue4.audi.tt,0.0,0.0,1.5179003642955156,47.7291922914318,12.270807708568196,8.3385,0.0,4.900364495056599,7.723672276625629,8.3385,True,COLLISION with vehicle.ue4.audi.tt,0.0,0.0,0.0,freeze,latency_comp_all,17980042,oracle,16
proposed_pred_d16f,proposed,16,60.0,60.0,0.4,1.5,25.0,False,vehicle.ue4.audi.tt,0.0,0.0,1.7501210917474403,38.5674798137339,21.432520186266107,3.924000000000021,0.0,4.957416930524734,7.074063991364279,3.9240000000000004,True,COLLISION with vehicle.ue4.audi.tt,0.0,0.0,0.0,freeze,latency_comp_all,17980043,oracle,16
proposed_pred_d16f,proposed,16,60.0,60.0,0.85,2.0,33.333333333333336,False,,0.0,0.0,1.5878646170813733,60.0,0.0,8.338499999999982,0.0,8.483764649844233,6.755292853330584,8.3385,True,NO BRAKE / passed,0.0,0.0,0.0,freeze,latency_comp_all,17980044,oracle,16
proposed_pred_d16f,proposed,16,60.0,60.0,0.4,2.0,33.333333333333336,False,,0.0,0.0,2.019492869877779,60.0,0.0,3.9239999999999853,0.0,8.5228309736059,5.808757569441176,3.9240000000000004,True,NO BRAKE / passed,0.0,0.0,0.0,freeze,latency_comp_all,17980045,oracle,16
proposed_pred_d16f,proposed,16,60.0,60.0,0.85,2.5,41.66666666666667,False,,0.0,0.0,1.5878978870973606,60.0,0.0,8.338499999999982,0.0,16.28767776663756,6.002032820303024,8.3385,True,NO BRAKE / passed,0.0,0.0,0.0,freeze,latency_comp_all,17980046,oracle,16
proposed_pred_d16f,proposed,16,60.0,60.0,0.4,2.5,41.66666666666667,False,,0.0,0.0,1.9657996293202769,60.0,0.0,3.9239999999999853,0.0,16.629188540319717,5.244704754638414,3.9240000000000004,True,NO BRAKE / passed,0.0,0.0,0.0,freeze,latency_comp_all,17980047,oracle,16
proposed_pred_d16f,proposed,16,60.0,60.0,0.85,3.0,50.0,False,,0.0,0.0,1.5531412837826004,60.0,0.0,3.3354000497013203,0.0,24.612155915762973,5.411479914972096,8.3385,True,NO BRAKE / passed,0.0,0.0,0.0,freeze,latency_comp_all,17980048,oracle,16
proposed_pred_d16f,proposed,16,60.0,60.0,0.4,3.0,50.0,False,,0.0,0.0,1.98339868966077,60.0,0.0,3.9239999999999853,0.0,24.83006668259518,4.646705466069283,3.9240000000000004,True,NO BRAKE / passed,0.0,0.0,0.0,freeze,latency_comp_all,17980049,oracle,16
proposed_enhanced_pred_d0f,proposed_enhanced,0,20.0,20.0,0.85,1.0,5.555555555555555,False,vehicle.ue4.audi.tt,0.0,0.0,0.6471768661997551,12.853515888292925,7.146484111707075,8.3385,0.0,4.898595811398653,5.379311396698433,8.3385,True,COLLISION with vehicle.ue4.audi.tt,0.0,0.0,0.0,freeze,latency_comp_all,26600000,oracle,0
proposed_enhanced_pred_d0f,proposed_enhanced,0,20.0,20.0,0.4,1.0,5.555555555555555,False,vehicle.ue4.audi.tt,0.0,0.0,1.027180161973942,10.052963990272419,9.947036009727581,3.924000000000003,0.0,4.898561490335623,3.8561031592528154,3.9240000000000004,True,COLLISION with vehicle.ue4.audi.tt,0.0,0.0,0.0,freeze,latency_comp_all,26600001,oracle,0
proposed_enhanced_pred_d0f,proposed_enhanced,0,20.0,20.0,0.85,1.5,8.333333333333332,False,vehicle.ue4.audi.tt,0.0,8.747900989638335,0.763968767644508,18.40271108096782,1.5972889190321817,8.3385,0.0,4.892934809223656,5.126813767198609,8.3385,True,COLLISION with vehicle.ue4.audi.tt,0.0,0.0,0.0,freeze,latency_comp_all,26600002,oracle,0
proposed_enhanced_pred_d0f,proposed_enhanced,0,20.0,20.0,0.4,1.5,8.333333333333332,True,,0.36039162570407246,4.333562408930642,3.2878006473730355,20.0,0.0,3.924000000000003,4.475374221801758,5.128196725191456,2.7077764563321014,3.9240000000000004,True,AVOIDED,0.0,0.0,0.0,freeze,latency_comp_all,26600003,oracle,0
proposed_enhanced_pred_d0f,proposed_enhanced,0,20.0,20.0,0.85,2.0,11.11111111111111,False,vehicle.ue4.audi.tt,0.0,8.579298649367136,0.5314333532093125,19.092192044909073,0.9078079550909274,8.3385,0.0,4.891550064396961,5.162627905783898,8.3385,True,COLLISION with vehicle.ue4.audi.tt,0.0,0.0,0.0,freeze,latency_comp_all,26600004,oracle,0
proposed_enhanced_pred_d0f,proposed_enhanced,0,20.0,20.0,0.4,2.0,11.11111111111111,True,,0.23027039610579436,3.4811560438182867,2.0627964482367553,20.0,0.0,3.924000000000003,6.005826950073242,4.9981212719602865,2.400623323390641,3.9240000000000004,True,AVOIDED,0.0,0.0,0.0,freeze,latency_comp_all,26600005,oracle,0
proposed_enhanced_pred_d0f,proposed_enhanced,0,20.0,20.0,0.85,2.5,13.88888888888889,True,,0.14384079059568666,8.554016678348559,0.5362577205256541,20.0,0.0,8.3385,2.8138370513916016,4.91147804342501,5.116556625615377,8.3385,True,AVOIDED,0.0,0.0,0.0,freeze,latency_comp_all,26600006,oracle,0
proposed_enhanced_pred_d0f,proposed_enhanced,0,20.0,20.0,0.4,2.5,13.88888888888889,True,,0.25819981049509,3.4822714254592206,1.135489605829364,20.0,0.0,3.924000000000003,6.00452995300293,5.026050686349582,2.4163623690086666,3.9240000000000004,True,AVOIDED,0.0,0.0,0.0,freeze,latency_comp_all,26600007,oracle,0
proposed_enhanced_pred_d0f,proposed_enhanced,0,20.0,20.0,0.85,3.0,16.666666666666664,True,,0.16598513442296436,8.553987968343948,0.5402700870624839,20.0,0.0,8.3385,2.813844680786133,4.933622387356617,5.078505333963074,8.3385,True,AVOIDED,0.0,0.0,0.0,freeze,latency_comp_all,26600008,oracle,0
proposed_enhanced_pred_d0f,proposed_enhanced,0,20.0,20.0,0.4,3.0,16.666666666666664,True,,0.28067399282851824,3.4824260656651744,1.139573924017096,20.0,0.0,3.924000000000003,6.004188537597656,5.04852486868301,2.407787586860677,3.9240000000000004,True,AVOIDED,0.0,0.0,0.0,freeze,latency_comp_all,26600009,oracle,0
proposed_enhanced_pred_d0f,proposed_enhanced,0,30.0,30.0,0.85,1.0,8.333333333333334,True,,0.3387184219646695,8.776374924336977,1.4913584999013962,30.0,0.0,8.3385,5.465799331665039,5.106561670259699,5.527246761241946,8.3385,True,AVOIDED,0.0,0.0,0.0,freeze,latency_comp_all,26600010,oracle,0
proposed_enhanced_pred_d0f,proposed_enhanced,0,30.0,30.0,0.4,1.0,8.333333333333334,False,vehicle.ue4.audi.tt,0.0,0.0,4.9528214313640655,24.014697579073776,5.985302420926226,3.924000000000003,0.0,4.906347285972629,3.0257385914018777,3.9240000000000004,True,COLLISION with vehicle.ue4.audi.tt,0.0,0.0,0.0,freeze,latency_comp_all,26600011,oracle,0
proposed_enhanced_pred_d0f,proposed_enhanced,0,30.0,30.0,0.85,1.5,12.5,True,,0.38725104666590937,8.359689398119565,1.1946598123514136,30.0,0.0,8.3385,6.274269104003906,5.154848245557473,5.105013915470057,8.3385,True,AVOIDED,0.0,0.0,0.0,freeze,latency_comp_all,26600012,oracle,0
proposed_enhanced_pred_d0f,proposed_enhanced,0,30.0,30.0,0.4,1.5,12.5,True,,0.8767453695234302,4.0628730741844175,7.039928856539185,30.0,0.0,3.924000000000003,10.333917617797852,5.644460823953505,2.605715723502676,3.9240000000000004,True,AVOIDED,0.0,0.0,0.0,freeze,latency_comp_all,26600013,oracle,0
proposed_enhanced_pred_d0f,proposed_enhanced,0,30.0,30.0,0.85,2.0,16.666666666666668,True,,0.23279767067777346,7.780864668668057,0.8262377116512014,30.0,0.0,8.3385,6.460597991943359,5.000648546532266,5.108425233623513,8.3385,True,AVOIDED,0.0,0.0,0.0,freeze,latency_comp_all,26600014,oracle,0
proposed_enhanced_pred_d0f,proposed_enhanced,0,30.0,30.0,0.4,2.0,16.666666666666668,True,,0.6561069521477272,3.6239197408958055,5.406214663990653,30.0,0.0,3.924000000000003,13.482925415039062,5.423824313598004,2.354910280474239,3.9240000000000004,True,AVOIDED,0.0,0.0,0.0,freeze,latency_comp_all,26600015,oracle,0
proposed_enhanced_pred_d0f,proposed_enhanced,0,30.0,30.0,0.85,2.5,20.833333333333336,True,,0.2648029558516498,7.780869947502465,0.8127615046510833,30.0,0.0,8.3385,6.460596084594727,5.032653831706142,5.084197525527865,8.3385,True,AVOIDED,0.0,0.0,0.0,freeze,latency_comp_all,26600016,oracle,0
proposed_enhanced_pred_d0f,proposed_enhanced,0,30.0,30.0,0.4,2.5,20.833333333333336,True,,0.6881313327256509,3.623918595807379,2.4527353006508,30.0,0.0,3.924000000000003,13.482927322387695,5.455848694178474,2.4066832729938303,3.9240000000000004,True,AVOIDED,0.0,0.0,0.0,freeze,latency_comp_all,26600017,oracle,0
proposed_enhanced_pred_d0f,proposed_enhanced,0,30.0,30.0,0.85,3.0,25.0,True,,0.29419141127554926,7.780869947502465,0.8163194591760159,30.0,0.0,8.3385,6.460597991943359,5.0620422871300415,5.062084572133394,8.3385,True,AVOIDED,0.0,0.0,0.0,freeze,latency_comp_all,26600018,oracle,0
proposed_enhanced_pred_d0f,proposed_enhanced,0,30.0,30.0,0.4,3.0,25.0,True,,0.5253506047229184,3.505575885472131,1.71781762276468,30.0,0.0,3.924000000000003,13.675098419189453,5.293201480577411,2.4079269064192053,3.9240000000000004,True,AVOIDED,0.0,0.0,0.0,freeze,latency_comp_all,26600019,oracle,0
proposed_enhanced_pred_d0f,proposed_enhanced,0,40.0,40.0,0.85,1.0,11.11111111111111,True,,0.5030083500627951,8.773324390796875,2.692657534160436,40.0,0.0,8.338500000000018,10.836496353149414,5.270611272618607,5.06810458044935,8.3385,True,AVOIDED,0.0,0.0,0.0,freeze,latency_comp_all,26600020,oracle,0
proposed_enhanced_pred_d0f,proposed_enhanced,0,40.0,40.0,0.4,1.0,11.11111111111111,False,vehicle.ue4.audi.tt,0.0,0.0,8.431018850202848,32.405790887485395,7.594209112514604,3.924000000000003,0.0,4.905776983938589,2.9880569700825594,3.9240000000000004,True,COLLISION with vehicle.ue4.audi.tt,0.0,0.0,0.0,freeze,latency_comp_all,26600021,oracle,0
proposed_enhanced_pred_d0f,proposed_enhanced,0,40.0,40.0,0.85,1.5,16.666666666666664,True,,0.5761935207546047,7.8698251675568525,1.8025247211739661,40.0,0.0,8.338500000000018,11.353862762451172,5.343777362315518,5.088887378132945,8.3385,True,AVOIDED,0.0,0.0,0.0,freeze,latency_comp_all,26600022,oracle,0
proposed_enhanced_pred_d0f,proposed_enhanced,0,40.0,40.0,0.4,1.5,16.666666666666664,True,,1.4904270212504018,4.102447160543259,10.767244843514392,40.0,0.0,3.924000000000003,17.061918258666992,6.258140567986307,2.772708082814638,3.9240000000000004,True,AVOIDED,0.0,0.0,0.0,freeze,latency_comp_all,26600023,oracle,0
proposed_enhanced_pred_d0f,proposed_enhanced,0,40.0,40.0,0.85,2.0,22.22222222222222,True,,0.6144828647136267,7.869828205186927,1.3226811405982255,40.0,0.0,8.338500000000018,11.353860855102539,5.382066703852514,5.07331159838516,8.3385,True,AVOIDED,0.0,0.0,0.0,freeze,latency_comp_all,26600024,oracle,0
proposed_enhanced_pred_d0f,proposed_enhanced,0,40.0,40.0,0.4,2.0,22.22222222222222,True,,1.2000484481169398,4.155098673313346,11.630982374266992,40.0,0.0,3.924000000000003,22.355558395385742,5.967899323971432,2.3924182958008458,3.9240000000000004,True,AVOIDED,0.0,0.0,0.0,freeze,latency_comp_all,26600025,oracle,0
proposed_enhanced_pred_d0f,proposed_enhanced,0,40.0,40.0,0.85,2.5,27.77777777777778,True,,0.6533587054483814,7.86983428045411,1.0887917497618929,40.0,0.0,8.338500000000018,11.35385513305664,5.420942542028935,5.072571981346971,8.3385,True,AVOIDED,0.0,0.0,0.0,freeze,latency_comp_all,26600026,oracle,0
proposed_enhanced_pred_d0f,proposed_enhanced,0,40.0,40.0,0.4,2.5,27.77777777777778,True,,1.050806242676945,3.606014861589962,5.482309516429624,40.0,0.0,3.924000000000003,24.202226638793945,5.818519789248377,2.4035816946748283,3.9240000000000004,True,AVOIDED,0.0,0.0,0.0,freeze,latency_comp_all,26600027,oracle,0
proposed_enhanced_pred_d0f,proposed_enhanced,0,40.0,40.0,0.85,3.0,33.33333333333333,True,,0.4395047039162101,7.468276649157195,1.0919185986076827,40.0,0.0,8.3385,11.602493286132812,5.207355579770702,5.057943462688225,8.3385,True,AVOIDED,0.0,0.0,0.0,freeze,latency_comp_all,26600028,oracle,0
proposed_enhanced_pred_d0f,proposed_enhanced,0,40.0,40.0,0.4,3.0,33.33333333333333,True,,1.127241732743844,3.445246854897612,3.462446767008977,40.0,0.0,3.924000000000003,24.714298248291016,5.895077349810822,2.354953719344767,3.9240000000000004,True,AVOIDED,0.0,0.0,0.0,freeze,latency_comp_all,26600029,oracle,0
proposed_enhanced_pred_d0f,proposed_enhanced,0,50.0,50.0,0.85,1.0,13.88888888888889,True,,0.8584386354391338,8.60801632929169,3.86339005375091,50.0,0.0,8.338500000000018,16.95696258544922,5.626121665157446,5.059716746881487,8.3385,True,AVOIDED,0.0,0.0,0.0,freeze,latency_comp_all,26600030,oracle,0
proposed_enhanced_pred_d0f,proposed_enhanced,0,50.0,50.0,0.4,1.0,13.88888888888889,False,vehicle.ue4.audi.tt,0.0,0.0,12.090469770811548,40.038301899653966,9.961698100346032,3.924000000000003,0.0,4.9100193805634404,3.060013661557994,3.9240000000000004,True,COLLISION with vehicle.ue4.audi.tt,0.0,0.0,0.0,freeze,latency_comp_all,26600031,oracle,0
proposed_enhanced_pred_d0f,proposed_enhanced,0,50.0,50.0,0.85,1.5,20.833333333333336,True,,0.939524032805175,7.887537014781814,2.495463597108241,50.0,0.0,8.338500000000018,17.609840393066406,5.707126949843713,5.137411953157986,8.3385,True,AVOIDED,0.0,0.0,0.0,freeze,latency_comp_all,26600032,oracle,0
proposed_enhanced_pred_d0f,proposed_enhanced,0,50.0,50.0,0.4,1.5,20.833333333333336,True,,13.404691749453086,4.0447777436104655,1.1222927025060232,50.0,0.0,3.924000000000003,23.08569049835205,18.172542625307578,6.0201480631150845,3.9240000000000004,True,AVOIDED,0.0,0.0,0.0,freeze,latency_comp_all,26600033,oracle,0
proposed_enhanced_pred_d0f,proposed_enhanced,0,50.0,50.0,0.85,2.0,27.77777777777778,True,,0.9800932926783519,7.887537014781814,1.8750877715917242,50.0,0.0,8.3385,17.609840393066406,5.747696210048844,5.119825793862402,8.3385,True,AVOIDED,0.0,0.0,0.0,freeze,latency_comp_all,26600034,oracle,0
proposed_enhanced_pred_d0f,proposed_enhanced,0,50.0,50.0,0.4,2.0,27.77777777777778,True,,2.244193507871845,4.044263242493696,20.24694054632457,50.0,0.0,3.924000000000003,31.530807495117188,7.012044383726337,2.4338772825315904,3.9240000000000004,True,AVOIDED,0.0,0.0,0.0,freeze,latency_comp_all,26600035,oracle,0
proposed_enhanced_pred_d0f,proposed_enhanced,0,50.0,50.0,0.85,2.5,34.72222222222222,True,,0.7049213427061334,7.556610402705241,1.4922864416326875,50.0,0.0,8.338500000000018,17.930797576904297,5.472596742713541,5.106136741608403,8.3385,True,AVOIDED,0.0,0.0,0.0,freeze,latency_comp_all,26600036,oracle,0
proposed_enhanced_pred_d0f,proposed_enhanced,0,50.0,50.0,0.4,2.5,34.72222222222222,True,,1.5802311819736818,3.8292706230436453,13.06381489978681,50.0,0.0,3.924000000000003,37.07072448730469,6.347948549448973,2.401690740866674,3.9240000000000004,True,AVOIDED,0.0,0.0,0.0,freeze,latency_comp_all,26600037,oracle,0
proposed_enhanced_pred_d0f,proposed_enhanced,0,50.0,50.0,0.85,3.0,41.66666666666667,False,,0.0,0.0,1.3531075454744064,50.0,0.0,8.338500000000018,0.0,11.480786285804475,5.101627635267165,8.3385,True,NO BRAKE / passed,0.0,0.0,0.0,freeze,latency_comp_all,26600038,oracle,0
proposed_enhanced_pred_d0f,proposed_enhanced,0,50.0,50.0,0.4,3.0,41.66666666666667,False,,0.0,0.0,6.736072333349342,50.0,0.0,3.924000000000003,0.0,11.416171669923472,2.3779319813894504,3.9240000000000004,True,NO BRAKE / passed,0.0,0.0,0.0,freeze,latency_comp_all,26600039,oracle,0
proposed_enhanced_pred_d0f,proposed_enhanced,0,60.0,60.0,0.85,1.0,16.666666666666668,True,,1.133745196783174,8.853525974925764,5.014598163561872,60.0,0.0,8.3385,24.04142189025879,5.901424411260809,5.170435827998376,8.3385,True,AVOIDED,0.0,0.0,0.0,freeze,latency_comp_all,26600040,oracle,0
proposed_enhanced_pred_d0f,proposed_enhanced,0,60.0,60.0,0.4,1.0,16.666666666666668,False,vehicle.ue4.audi.tt,0.0,0.0,15.172868847843377,47.336875595064356,12.663124404935644,3.924000000000021,0.0,4.914605376059551,3.158024112356161,3.9240000000000004,True,COLLISION with vehicle.ue4.audi.tt,0.0,0.0,0.0,freeze,latency_comp_all,26600041,oracle,0
proposed_enhanced_pred_d0f,proposed_enhanced,0,60.0,60.0,0.85,1.5,25.0,True,,1.2646358050096431,7.660055643069512,3.434464607524483,60.0,0.0,8.3385,25.618444442749023,6.032238720342709,5.130475650487677,8.3385,True,AVOIDED,0.0,0.0,0.0,freeze,latency_comp_all,26600042,oracle,0
proposed_enhanced_pred_d0f,proposed_enhanced,0,60.0,60.0,0.4,1.5,25.0,True,,1.0019528243140607,3.9637762115709787,25.851985469291943,60.0,0.0,3.924000000000021,35.82144355773926,5.769803700168553,2.6500126442433465,3.9240000000000004,True,AVOIDED,0.0,0.0,0.0,freeze,latency_comp_all,26600043,oracle,0
proposed_enhanced_pred_d0f,proposed_enhanced,0,60.0,60.0,0.85,2.0,33.333333333333336,False,,0.0,0.0,2.559036087672698,60.0,0.0,8.3385,0.0,8.549518586281378,5.099229681011995,8.3385,True,NO BRAKE / passed,0.0,0.0,0.0,freeze,latency_comp_all,26600044,oracle,0
proposed_enhanced_pred_d0f,proposed_enhanced,0,60.0,60.0,0.4,2.0,33.333333333333336,False,,0.0,0.0,24.885423623084712,60.0,0.0,3.924000000000003,0.0,8.484893561972706,2.6461654613091667,3.9240000000000004,True,NO BRAKE / passed,0.0,0.0,0.0,freeze,latency_comp_all,26600045,oracle,0
proposed_enhanced_pred_d0f,proposed_enhanced,0,60.0,60.0,0.85,2.5,41.66666666666667,False,,0.0,0.0,2.069420174107407,60.0,0.0,3.3354000497013203,0.0,16.37025833304196,5.084939954542317,8.3385,True,NO BRAKE / passed,0.0,0.0,0.0,freeze,latency_comp_all,26600046,oracle,0
proposed_enhanced_pred_d0f,proposed_enhanced,0,60.0,60.0,0.4,2.5,41.66666666666667,False,,0.0,0.0,23.707574942477038,60.0,0.0,3.9239999999999853,0.0,16.70346070239973,2.45039335977478,3.9240000000000004,True,NO BRAKE / passed,0.0,0.0,0.0,freeze,latency_comp_all,26600047,oracle,0
proposed_enhanced_pred_d0f,proposed_enhanced,0,60.0,60.0,0.85,3.0,50.0,False,,0.0,0.0,1.716136131151897,60.0,0.0,3.3354000497013203,0.0,24.76255798480751,5.076422321911266,8.3385,True,NO BRAKE / passed,0.0,0.0,0.0,freeze,latency_comp_all,26600048,oracle,0
proposed_enhanced_pred_d0f,proposed_enhanced,0,60.0,60.0,0.4,3.0,50.0,False,,0.0,0.0,14.498573094392802,60.0,0.0,3.9239999999999853,0.0,24.879261143057743,2.397880462972209,3.9240000000000004,True,NO BRAKE / passed,0.0,0.0,0.0,freeze,latency_comp_all,26600049,oracle,0
proposed_enhanced_pred_d4f,proposed_enhanced,4,20.0,20.0,0.85,1.0,5.555555555555555,False,vehicle.ue4.audi.tt,0.0,0.0,0.19936290766111397,7.56400537993197,12.43599462006803,8.3385,0.0,4.901296615741706,10.989080837156738,8.3385,True,COLLISION with vehicle.ue4.audi.tt,0.0,0.0,0.0,freeze,latency_comp_all,26640000,oracle,4
proposed_enhanced_pred_d4f,proposed_enhanced,4,20.0,20.0,0.4,1.0,5.555555555555555,False,vehicle.ue4.audi.tt,0.0,0.0,0.2996117166687181,6.927760781302002,13.072239218697998,3.924000000000003,0.0,4.906808864308535,8.695745682858139,3.9240000000000004,True,COLLISION with vehicle.ue4.audi.tt,0.0,0.0,0.0,freeze,latency_comp_all,26640001,oracle,4
proposed_enhanced_pred_d4f,proposed_enhanced,4,20.0,20.0,0.85,1.5,8.333333333333332,True,,0.21319961947593935,10.050069391729732,0.650719274983562,20.0,0.0,8.3385,2.4191646575927734,4.9810504953304315,5.670789083163107,8.3385,True,AVOIDED,0.0,0.0,0.0,freeze,latency_comp_all,26640002,oracle,4
proposed_enhanced_pred_d4f,proposed_enhanced,4,20.0,20.0,0.4,1.5,8.333333333333332,False,vehicle.ue4.audi.tt,0.0,4.457639972928761,1.5241210236795302,18.05292716950635,1.9470728304936498,3.924000000000003,0.0,4.8937015636645675,3.6433767610283385,3.9240000000000004,True,COLLISION with vehicle.ue4.audi.tt,0.0,0.0,0.0,freeze,latency_comp_all,26640003,oracle,4
proposed_enhanced_pred_d4f,proposed_enhanced,4,20.0,20.0,0.85,2.0,11.11111111111111,True,,0.24158668554096252,9.603182527915047,0.5314333532093125,20.0,0.0,8.3385,2.6897315979003906,5.0092201236484755,5.162627905783898,8.3385,True,AVOIDED,0.0,0.0,0.0,freeze,latency_comp_all,26640004,oracle,4
proposed_enhanced_pred_d4f,proposed_enhanced,4,20.0,20.0,0.4,2.0,11.11111111111111,True,,0.48051072087826796,4.260243018989596,1.8040297842590267,20.0,0.0,3.924000000000003,5.480390548706055,5.24836159673276,2.516556605022564,3.9240000000000004,True,AVOIDED,0.0,0.0,0.0,freeze,latency_comp_all,26640005,oracle,4
proposed_enhanced_pred_d4f,proposed_enhanced,4,20.0,20.0,0.85,2.5,13.88888888888889,True,,0.2681293491247505,9.604593938381381,0.5362577205256541,20.0,0.0,8.3385,2.6895484924316406,5.035799027456605,5.116556625615377,8.3385,True,AVOIDED,0.0,0.0,0.0,freeze,latency_comp_all,26640006,oracle,4
proposed_enhanced_pred_d4f,proposed_enhanced,4,20.0,20.0,0.4,2.5,13.88888888888889,True,,0.25819981049509,3.4822714254592206,1.135489605829364,20.0,0.0,3.924000000000003,6.00452995300293,5.026050686349582,2.4163623690086666,3.9240000000000004,True,AVOIDED,0.0,0.0,0.0,freeze,latency_comp_all,26640007,oracle,4
proposed_enhanced_pred_d4f,proposed_enhanced,4,20.0,20.0,0.85,3.0,16.666666666666664,True,,0.29029276338995036,9.604557743186865,0.5402700870624839,20.0,0.0,8.3385,2.689556121826172,5.057962444898462,5.078505333963074,8.3385,True,AVOIDED,0.0,0.0,0.0,freeze,latency_comp_all,26640008,oracle,4
proposed_enhanced_pred_d4f,proposed_enhanced,4,20.0,20.0,0.4,3.0,16.666666666666664,True,,0.28067399282851824,3.4824260656651744,1.139573924017096,20.0,0.0,3.924000000000003,6.004188537597656,5.04852486868301,2.407787586860677,3.9240000000000004,True,AVOIDED,0.0,0.0,0.0,freeze,latency_comp_all,26640009,oracle,4
proposed_enhanced_pred_d4f,proposed_enhanced,4,30.0,30.0,0.85,1.0,8.333333333333334,True,,0.16886713368550854,9.768054693202442,1.0280961210744484,30.0,0.0,8.3385,4.808200836181641,4.936718009540001,6.662918387231646,8.3385,True,AVOIDED,0.0,0.0,0.0,freeze,latency_comp_all,26640010,oracle,4
proposed_enhanced_pred_d4f,proposed_enhanced,4,30.0,30.0,0.4,1.0,8.333333333333334,False,vehicle.ue4.audi.tt,0.0,0.0,1.4965137535196515,21.02658167054847,8.97341832945153,3.924000000000003,0.0,4.907575608957447,5.529156961112872,3.9240000000000004,True,COLLISION with vehicle.ue4.audi.tt,0.0,0.0,0.0,freeze,latency_comp_all,26640011,oracle,4
proposed_enhanced_pred_d4f,proposed_enhanced,4,30.0,30.0,0.85,1.5,12.5,True,,0.38725104666590937,8.359689398119565,1.1946598123514136,30.0,0.0,8.3385,6.274269104003906,5.154848245557473,5.105013915470057,8.3385,True,AVOIDED,0.0,0.0,0.0,freeze,latency_comp_all,26640012,oracle,4
proposed_enhanced_pred_d4f,proposed_enhanced,4,30.0,30.0,0.4,1.5,12.5,True,,0.5653171559201793,4.154111570030906,3.450939345653282,30.0,0.0,3.924000000000003,9.404582977294922,5.3331680317746715,3.3034026102325114,3.9240000000000004,True,AVOIDED,0.0,0.0,0.0,freeze,latency_comp_all,26640013,oracle,4
proposed_enhanced_pred_d4f,proposed_enhanced,4,30.0,30.0,0.85,2.0,16.666666666666668,True,,0.4191456265755109,8.359689398119565,0.8262377116512014,30.0,0.0,8.3385,6.274269104003906,5.186740917959736,5.108425233623513,8.3385,True,AVOIDED,0.0,0.0,0.0,freeze,latency_comp_all,26640014,oracle,4
proposed_enhanced_pred_d4f,proposed_enhanced,4,30.0,30.0,0.4,2.0,16.666666666666668,True,,0.6161403682467235,4.153947568581715,3.9691709809719264,30.0,0.0,3.924000000000003,12.695444107055664,5.383991244101216,2.539262294342469,3.9240000000000004,True,AVOIDED,0.0,0.0,0.0,freeze,latency_comp_all,26640015,oracle,4
proposed_enhanced_pred_d4f,proposed_enhanced,4,30.0,30.0,0.85,2.5,20.833333333333336,True,,0.4511356548702157,8.359683304687305,0.8127615046510833,30.0,0.0,8.3385,6.274271011352539,5.21873476089203,5.084197525527865,8.3385,True,AVOIDED,0.0,0.0,0.0,freeze,latency_comp_all,26640016,oracle,4
proposed_enhanced_pred_d4f,proposed_enhanced,4,30.0,30.0,0.4,2.5,20.833333333333336,True,,0.6881313327256509,3.623918595807379,2.4527353006508,30.0,0.0,3.924000000000003,13.482927322387695,5.455848694178474,2.4066832729938303,3.9240000000000004,True,AVOIDED,0.0,0.0,0.0,freeze,latency_comp_all,26640017,oracle,4
proposed_enhanced_pred_d4f,proposed_enhanced,4,30.0,30.0,0.85,3.0,25.0,True,,0.4805203016362567,8.359683304687305,0.8163194591760159,30.0,0.0,8.3385,6.274269104003906,5.248119407134754,5.062084572133394,8.3385,True,AVOIDED,0.0,0.0,0.0,freeze,latency_comp_all,26640018,oracle,4
proposed_enhanced_pred_d4f,proposed_enhanced,4,30.0,30.0,0.4,3.0,25.0,True,,0.7175236069282649,3.6239197408958055,1.71781762276468,30.0,0.0,3.924000000000003,13.482925415039062,5.485240968508338,2.4079269064192053,3.9240000000000004,True,AVOIDED,0.0,0.0,0.0,freeze,latency_comp_all,26640019,oracle,4
proposed_enhanced_pred_d4f,proposed_enhanced,4,40.0,40.0,0.85,1.0,11.11111111111111,True,,0.7827721591200802,8.775019755663388,1.938907143200242,40.0,0.0,8.3385,9.452787399291992,5.55040941377628,5.798147756518162,8.3385,True,AVOIDED,0.0,0.0,0.0,freeze,latency_comp_all,26640020,oracle,4
proposed_enhanced_pred_d4f,proposed_enhanced,4,40.0,40.0,0.4,1.0,11.11111111111111,False,vehicle.ue4.audi.tt,0.0,0.0,2.6940764304711227,29.252947115416234,10.747052884583766,3.924000000000003,0.0,4.910789505732871,5.068426302007576,3.9240000000000004,True,COLLISION with vehicle.ue4.audi.tt,0.0,0.0,0.0,freeze,latency_comp_all,26640021,oracle,4
proposed_enhanced_pred_d4f,proposed_enhanced,4,40.0,40.0,0.85,1.5,16.666666666666664,True,,0.5761935207546047,7.8698251675568525,1.8025247211739661,40.0,0.0,8.338500000000018,11.353862762451172,5.343777362315518,5.088887378132945,8.3385,True,AVOIDED,0.0,0.0,0.0,freeze,latency_comp_all,26640022,oracle,4
proposed_enhanced_pred_d4f,proposed_enhanced,4,40.0,40.0,0.4,1.5,16.666666666666664,True,,0.46426200933243233,4.155097826540072,5.206458213209386,40.0,0.0,3.924000000000003,16.431528091430664,5.2321128851869245,3.4658768235775166,3.9240000000000004,True,AVOIDED,0.0,0.0,0.0,freeze,latency_comp_all,26640023,oracle,4
proposed_enhanced_pred_d4f,proposed_enhanced,4,40.0,40.0,0.85,2.0,22.22222222222222,True,,0.6144828647136267,7.869828205186927,1.3226811405982255,40.0,0.0,8.338500000000018,11.353860855102539,5.382066703852514,5.07331159838516,8.3385,True,AVOIDED,0.0,0.0,0.0,freeze,latency_comp_all,26640024,oracle,4
proposed_enhanced_pred_d4f,proposed_enhanced,4,40.0,40.0,0.4,2.0,22.22222222222222,True,,1.2288723602780012,4.068650855891852,6.639360841597458,40.0,0.0,3.924000000000003,20.671459197998047,5.996692718554679,2.7289391403022547,3.9240000000000004,True,AVOIDED,0.0,0.0,0.0,freeze,latency_comp_all,26640025,oracle,4
proposed_enhanced_pred_d4f,proposed_enhanced,4,40.0,40.0,0.85,2.5,27.77777777777778,True,,0.6533587054483814,7.86983428045411,1.0887917497618929,40.0,0.0,8.338500000000018,11.35385513305664,5.420942542028935,5.072571981346971,8.3385,True,AVOIDED,0.0,0.0,0.0,freeze,latency_comp_all,26640026,oracle,4
proposed_enhanced_pred_d4f,proposed_enhanced,4,40.0,40.0,0.4,2.5,27.77777777777778,True,,1.050806242676945,3.606014861589962,5.482309516429624,40.0,0.0,3.924000000000003,24.202226638793945,5.818519789248377,2.4035816946748283,3.9240000000000004,True,AVOIDED,0.0,0.0,0.0,freeze,latency_comp_all,26640027,oracle,4
proposed_enhanced_pred_d4f,proposed_enhanced,4,40.0,40.0,0.85,3.0,33.33333333333333,True,,0.689669050558992,7.869840355730673,1.0920567588558039,40.0,0.0,8.338500000000018,11.35384750366211,5.457252884788104,5.057303942057127,8.3385,True,AVOIDED,0.0,0.0,0.0,freeze,latency_comp_all,26640028,oracle,4
proposed_enhanced_pred_d4f,proposed_enhanced,4,40.0,40.0,0.4,3.0,33.33333333333333,True,,1.127241732743844,3.445246854897612,3.462446767008977,40.0,0.0,3.924000000000003,24.714298248291016,5.895077349810822,2.354953719344767,3.9240000000000004,True,AVOIDED,0.0,0.0,0.0,freeze,latency_comp_all,26640029,oracle,4
proposed_enhanced_pred_d4f,proposed_enhanced,4,50.0,50.0,0.85,1.0,13.88888888888889,True,,1.2331487153501408,8.731047913330707,2.4696479338704793,50.0,0.0,8.3385,14.51156997680664,6.00083174468371,5.975116434968362,8.3385,True,AVOIDED,0.0,0.0,0.0,freeze,latency_comp_all,26640030,oracle,4
proposed_enhanced_pred_d4f,proposed_enhanced,4,50.0,50.0,0.4,1.0,13.88888888888889,False,vehicle.ue4.audi.tt,0.0,0.0,3.8683210056297717,36.7693794580655,13.230620541934503,3.924000000000003,0.0,4.898641787792224,5.061519931779933,3.9240000000000004,True,COLLISION with vehicle.ue4.audi.tt,0.0,0.0,0.0,freeze,latency_comp_all,26640031,oracle,4
proposed_enhanced_pred_d4f,proposed_enhanced,4,50.0,50.0,0.85,1.5,20.833333333333336,True,,0.939524032805175,7.887537014781814,2.495463597108241,50.0,0.0,8.338500000000018,17.609840393066406,5.707126949843713,5.137411953157986,8.3385,True,AVOIDED,0.0,0.0,0.0,freeze,latency_comp_all,26640032,oracle,4
proposed_enhanced_pred_d4f,proposed_enhanced,4,50.0,50.0,0.4,1.5,20.833333333333336,False,vehicle.ue4.audi.tt,0.0,4.128030984650425,6.967486007613299,46.626337380538246,3.373662619461751,3.924000000000003,0.0,4.893229505321534,3.6978574229587564,3.9240000000000004,True,COLLISION with vehicle.ue4.audi.tt,0.0,0.0,0.0,freeze,latency_comp_all,26640033,oracle,4
proposed_enhanced_pred_d4f,proposed_enhanced,4,50.0,50.0,0.85,2.0,27.77777777777778,True,,0.9800932926783519,7.887537014781814,1.8750877715917242,50.0,0.0,8.3385,17.609840393066406,5.747696210048844,5.119825793862402,8.3385,True,AVOIDED,0.0,0.0,0.0,freeze,latency_comp_all,26640034,oracle,4
proposed_enhanced_pred_d4f,proposed_enhanced,4,50.0,50.0,0.4,2.0,27.77777777777778,True,,2.473912364881282,4.018136324692322,8.61010853322913,50.0,0.0,3.924000000000003,28.54021453857422,7.241763240735774,3.0129735296000657,3.9240000000000004,True,AVOIDED,0.0,0.0,0.0,freeze,latency_comp_all,26640035,oracle,4
proposed_enhanced_pred_d4f,proposed_enhanced,4,50.0,50.0,0.85,2.5,34.72222222222222,True,,1.0258745579039994,7.887537014781814,1.4922864416326875,50.0,0.0,8.338500000000018,17.609844207763672,5.7934774716077895,5.106136741608403,8.3385,True,AVOIDED,0.0,0.0,0.0,freeze,latency_comp_all,26640036,oracle,4
proposed_enhanced_pred_d4f,proposed_enhanced,4,50.0,50.0,0.4,2.5,34.72222222222222,True,,1.8654622908719949,3.966597793513572,9.788237925342138,50.0,0.0,3.924000000000003,35.405046463012695,6.6331796579612226,2.5330853534259465,3.9240000000000004,True,AVOIDED,0.0,0.0,0.0,freeze,latency_comp_all,26640037,oracle,4
proposed_enhanced_pred_d4f,proposed_enhanced,4,50.0,50.0,0.85,3.0,41.66666666666667,False,,0.0,0.0,1.3531075454744064,50.0,0.0,8.338500000000018,0.0,11.03168588951146,5.101627635267165,8.3385,True,NO BRAKE / passed,0.0,0.0,0.0,freeze,latency_comp_all,26640038,oracle,4
proposed_enhanced_pred_d4f,proposed_enhanced,4,50.0,50.0,0.4,3.0,41.66666666666667,False,,0.0,0.0,6.736072333349342,50.0,0.0,3.924000000000003,0.0,11.416171669923472,2.3779319813894504,3.9240000000000004,True,NO BRAKE / passed,0.0,0.0,0.0,freeze,latency_comp_all,26640039,oracle,4
proposed_enhanced_pred_d4f,proposed_enhanced,4,60.0,60.0,0.85,1.0,16.666666666666668,True,,1.6054821040707346,8.959986000021875,3.2142639027585567,60.0,0.0,8.3385,21.0845947265625,6.37315750385108,6.0007065519977125,8.3385,True,AVOIDED,0.0,0.0,0.0,freeze,latency_comp_all,26640040,oracle,4
proposed_enhanced_pred_d4f,proposed_enhanced,4,60.0,60.0,0.4,1.0,16.666666666666668,False,vehicle.ue4.audi.tt,0.0,0.0,4.954046496534788,43.60918004471564,16.390819955284357,3.924000000000021,0.0,4.91363952471694,5.170352956634742,3.9240000000000004,True,COLLISION with vehicle.ue4.audi.tt,0.0,0.0,0.0,freeze,latency_comp_all,26640041,oracle,4
proposed_enhanced_pred_d4f,proposed_enhanced,4,60.0,60.0,0.85,1.5,25.0,True,,1.2646358050096431,7.660055643069512,3.434464607524483,60.0,0.0,8.3385,25.618444442749023,6.032238720342709,5.130475650487677,8.3385,True,AVOIDED,0.0,0.0,0.0,freeze,latency_comp_all,26640042,oracle,4
proposed_enhanced_pred_d4f,proposed_enhanced,4,60.0,60.0,0.4,1.5,25.0,False,vehicle.ue4.audi.tt,0.0,0.0,8.544558610592425,53.02016598262716,6.979834017372836,3.924000000000021,0.0,4.91839510970268,3.9353385606129008,3.9240000000000004,True,COLLISION with vehicle.ue4.audi.tt,0.0,0.0,0.0,freeze,latency_comp_all,26640043,oracle,4
proposed_enhanced_pred_d4f,proposed_enhanced,4,60.0,60.0,0.85,2.0,33.333333333333336,False,,0.0,0.0,2.559036087672698,60.0,0.0,8.3385,0.0,8.549518586281378,5.099229681011995,8.3385,True,NO BRAKE / passed,0.0,0.0,0.0,freeze,latency_comp_all,26640044,oracle,4
proposed_enhanced_pred_d4f,proposed_enhanced,4,60.0,60.0,0.4,2.0,33.333333333333336,False,,0.0,3.96377758150744,12.134993511896088,60.0,0.0,3.924000000000003,0.0,8.542246330331526,3.1766141126661007,3.9240000000000004,True,NO BRAKE / passed,0.0,0.0,0.0,freeze,latency_comp_all,26640045,oracle,4
proposed_enhanced_pred_d4f,proposed_enhanced,4,60.0,60.0,0.85,2.5,41.66666666666667,False,,0.0,0.0,2.069420174107407,60.0,0.0,3.3354000497013203,0.0,16.37025833304196,5.084939954542317,8.3385,True,NO BRAKE / passed,0.0,0.0,0.0,freeze,latency_comp_all,26640046,oracle,4
proposed_enhanced_pred_d4f,proposed_enhanced,4,60.0,60.0,0.4,2.5,41.66666666666667,False,,0.0,0.0,13.656505113393504,60.0,0.0,3.9239999999999853,0.0,16.52827864592733,2.7393707386969863,3.9240000000000004,True,NO BRAKE / passed,0.0,0.0,0.0,freeze,latency_comp_all,26640047,oracle,4
proposed_enhanced_pred_d4f,proposed_enhanced,4,60.0,60.0,0.85,3.0,50.0,False,,0.0,0.0,1.716136131151897,60.0,0.0,3.3354000497013203,0.0,24.76255798480751,5.076422321911266,8.3385,True,NO BRAKE / passed,0.0,0.0,0.0,freeze,latency_comp_all,26640048,oracle,4
proposed_enhanced_pred_d4f,proposed_enhanced,4,60.0,60.0,0.4,3.0,50.0,False,,0.0,0.0,11.552215230265848,60.0,0.0,3.9239999999999853,0.0,25.184097349686613,2.4853711013205007,3.9240000000000004,True,NO BRAKE / passed,0.0,0.0,0.0,freeze,latency_comp_all,26640049,oracle,4
proposed_enhanced_pred_d8f,proposed_enhanced,8,20.0,20.0,0.85,1.0,5.555555555555555,False,vehicle.ue4.audi.tt,0.0,0.0,0.0,5.713282639162758,14.286717360837242,0.0,0.0,4.9217739122693045,0.0,8.3385,True,COLLISION with vehicle.ue4.audi.tt,0.0,0.0,0.0,freeze,latency_comp_all,26680000,oracle,8
proposed_enhanced_pred_d8f,proposed_enhanced,8,20.0,20.0,0.4,1.0,5.555555555555555,False,vehicle.ue4.audi.tt,0.0,0.0,0.0,5.715610086983789,14.284389913016211,0.0,0.0,4.9218521202430665,0.0,3.9240000000000004,True,COLLISION with vehicle.ue4.audi.tt,0.0,0.0,0.0,freeze,latency_comp_all,26680001,oracle,8
proposed_enhanced_pred_d8f,proposed_enhanced,8,20.0,20.0,0.85,1.5,8.333333333333332,True,,0.2246246390247233,10.455457098056376,0.5474117118076436,20.0,0.0,8.3385,2.1320133209228516,4.992376332750413,6.339491809669599,8.3385,True,AVOIDED,0.0,0.0,0.0,freeze,latency_comp_all,26680002,oracle,8
proposed_enhanced_pred_d8f,proposed_enhanced,8,20.0,20.0,0.4,1.5,8.333333333333332,False,vehicle.ue4.audi.tt,0.0,0.0,0.7637303179399831,14.742308007333182,5.257691992666817,3.924000000000003,0.0,4.909479144379838,5.127695868345429,3.9240000000000004,True,COLLISION with vehicle.ue4.audi.tt,0.0,0.0,0.0,freeze,latency_comp_all,26680003,oracle,8
proposed_enhanced_pred_d8f,proposed_enhanced,8,20.0,20.0,0.85,2.0,11.11111111111111,True,,0.6501464847981051,9.221609126086737,0.5314333532093125,20.0,0.0,8.3385,2.281187057495117,5.417776108208233,5.162627905783898,8.3385,True,AVOIDED,0.0,0.0,0.0,freeze,latency_comp_all,26680004,oracle,8
proposed_enhanced_pred_d8f,proposed_enhanced,8,20.0,20.0,0.4,2.0,11.11111111111111,True,,0.4896526428875454,4.05231137975058,1.396079747592526,20.0,0.0,3.924000000000003,4.920440673828125,5.2573680970034715,2.778767749131233,3.9240000000000004,True,AVOIDED,0.0,0.0,0.0,freeze,latency_comp_all,26680005,oracle,8
proposed_enhanced_pred_d8f,proposed_enhanced,8,20.0,20.0,0.85,2.5,13.88888888888889,True,,0.3999004370484158,10.888895534943291,0.5362577205256541,20.0,0.0,8.3385,2.5577774047851562,5.1675300604690975,5.116556625615377,8.3385,True,AVOIDED,0.0,0.0,0.0,freeze,latency_comp_all,26680006,oracle,8
proposed_enhanced_pred_d8f,proposed_enhanced,8,20.0,20.0,0.4,2.5,13.88888888888889,True,,0.5177250881994455,3.829436674165234,1.135489605829364,20.0,0.0,3.924000000000003,5.745023727416992,5.285575964053938,2.4163623690086666,3.9240000000000004,True,AVOIDED,0.0,0.0,0.0,freeze,latency_comp_all,26680007,oracle,8
proposed_enhanced_pred_d8f,proposed_enhanced,8,20.0,20.0,0.85,3.0,16.666666666666664,True,,0.29029276338995036,9.604557743186865,0.5402700870624839,20.0,0.0,8.3385,2.689556121826172,5.057962444898462,5.078505333963074,8.3385,True,AVOIDED,0.0,0.0,0.0,freeze,latency_comp_all,26680008,oracle,8
proposed_enhanced_pred_d8f,proposed_enhanced,8,20.0,20.0,0.4,3.0,16.666666666666664,True,,0.43192673875539533,3.324466196322877,1.1924938119662711,20.0,0.0,3.924000000000003,6.128690719604492,5.1997776146098875,2.307098443313853,3.9240000000000004,True,AVOIDED,0.0,0.0,0.0,freeze,latency_comp_all,26680009,oracle,8
proposed_enhanced_pred_d8f,proposed_enhanced,8,30.0,30.0,0.85,1.0,8.333333333333334,False,vehicle.ue4.audi.tt,0.0,0.0,0.6146113676984666,23.648752934271805,6.351247065728193,8.3385,0.0,4.89900398889149,9.036389892677267,8.3385,True,COLLISION with vehicle.ue4.audi.tt,0.0,0.0,0.0,freeze,latency_comp_all,26680010,oracle,8
proposed_enhanced_pred_d8f,proposed_enhanced,8,30.0,30.0,0.4,1.0,8.333333333333334,False,vehicle.ue4.audi.tt,0.0,0.0,0.7312167076160889,17.93163204969959,12.06836795030041,3.924000000000003,0.0,4.939010623537919,8.108274098307549,3.9240000000000004,True,COLLISION with vehicle.ue4.audi.tt,0.0,0.0,0.0,freeze,latency_comp_all,26680011,oracle,8
proposed_enhanced_pred_d8f,proposed_enhanced,8,30.0,30.0,0.85,1.5,12.5,True,,0.5696850836164282,9.285695779464724,1.0688117029287707,30.0,0.0,8.3385,5.678119659423828,5.337312799871027,5.441843477253502,8.3385,True,AVOIDED,0.0,0.0,0.0,freeze,latency_comp_all,26680012,oracle,8
proposed_enhanced_pred_d8f,proposed_enhanced,8,30.0,30.0,0.4,1.5,12.5,False,vehicle.ue4.audi.tt,0.0,0.0,1.9091153192751957,25.59576368613338,4.40423631386662,3.924000000000003,0.0,4.900619571844432,4.078473525422057,3.9240000000000004,True,COLLISION with vehicle.ue4.audi.tt,0.0,0.0,0.0,freeze,latency_comp_all,26680013,oracle,8
proposed_enhanced_pred_d8f,proposed_enhanced,8,30.0,30.0,0.85,2.0,16.666666666666668,True,,1.0162830531666005,9.287447838681125,0.8262377116512014,30.0,0.0,8.3385,5.677131652832031,5.783958452947417,5.108425233623513,8.3385,True,AVOIDED,0.0,0.0,0.0,freeze,latency_comp_all,26680014,oracle,8
proposed_enhanced_pred_d8f,proposed_enhanced,8,30.0,30.0,0.4,2.0,16.666666666666668,True,,0.8459301945416788,4.199933350667043,2.7490175664858683,30.0,0.0,3.924000000000003,11.224071502685547,5.613781070396171,2.8220097826219463,3.9240000000000004,True,AVOIDED,0.0,0.0,0.0,freeze,latency_comp_all,26680015,oracle,8
proposed_enhanced_pred_d8f,proposed_enhanced,8,30.0,30.0,0.85,2.5,20.833333333333336,True,,0.6773700715878466,7.777714482575282,0.8628012800912311,30.0,0.0,8.3385,6.461771011352539,5.445205688643803,4.790461078476473,8.3385,True,AVOIDED,0.0,0.0,0.0,freeze,latency_comp_all,26680016,oracle,8
proposed_enhanced_pred_d8f,proposed_enhanced,8,30.0,30.0,0.4,2.5,20.833333333333336,True,,0.8693599700993078,3.732416024056587,2.4502512158846828,30.0,0.0,3.924000000000003,13.287858963012695,5.6372108459538,2.4090300164445995,3.9240000000000004,True,AVOIDED,0.0,0.0,0.0,freeze,latency_comp_all,26680017,oracle,8
proposed_enhanced_pred_d8f,proposed_enhanced,8,30.0,30.0,0.85,3.0,25.0,True,,0.6754932957449853,9.064152780543937,0.8163194591760159,30.0,0.0,8.3385,6.079296112060547,5.443119104429088,5.062084572133394,8.3385,True,AVOIDED,0.0,0.0,0.0,freeze,latency_comp_all,26680018,oracle,8
proposed_enhanced_pred_d8f,proposed_enhanced,8,30.0,30.0,0.4,3.0,25.0,True,,0.7175236069282649,3.6239197408958055,1.71781762276468,30.0,0.0,3.924000000000003,13.482925415039062,5.485240968508338,2.4079269064192053,3.9240000000000004,True,AVOIDED,0.0,0.0,0.0,freeze,latency_comp_all,26680019,oracle,8
proposed_enhanced_pred_d8f,proposed_enhanced,8,40.0,40.0,0.85,1.0,11.11111111111111,True,,0.3258487378761261,9.099212170339086,1.29093419870699,40.0,0.0,8.338500000000018,8.254348754882812,5.093468819464777,7.028487284890269,8.3385,True,AVOIDED,0.0,0.0,0.0,freeze,latency_comp_all,26680020,oracle,8
proposed_enhanced_pred_d8f,proposed_enhanced,8,40.0,40.0,0.4,1.0,11.11111111111111,False,vehicle.ue4.audi.tt,0.0,0.0,1.4625655724835638,26.952153963574155,13.047846036425847,3.924000000000003,0.0,4.950773245586175,6.587173239442366,3.9240000000000004,True,COLLISION with vehicle.ue4.audi.tt,0.0,0.0,0.0,freeze,latency_comp_all,26680021,oracle,8
proposed_enhanced_pred_d8f,proposed_enhanced,8,40.0,40.0,0.85,1.5,16.666666666666664,True,,0.8073397991474165,9.344195161754696,1.6358047936038618,40.0,0.0,8.3385,10.570178985595703,5.574996123485125,5.338631177670657,8.3385,True,AVOIDED,0.0,0.0,0.0,freeze,latency_comp_all,26680022,oracle,8
proposed_enhanced_pred_d8f,proposed_enhanced,8,40.0,40.0,0.4,1.5,16.666666666666664,False,vehicle.ue4.audi.tt,0.0,0.0,2.985057051632679,34.4919719959617,5.508028004038302,3.924000000000003,0.0,4.904651685065769,4.114588131188226,3.9240000000000004,True,COLLISION with vehicle.ue4.audi.tt,0.0,0.0,0.0,freeze,latency_comp_all,26680023,oracle,8
proposed_enhanced_pred_d8f,proposed_enhanced,8,40.0,40.0,0.85,2.0,22.22222222222222,True,,1.1337389811592011,8.777607488151476,1.3226811405982255,40.0,0.0,8.338500000000018,10.834600448608398,5.9013686089050745,5.07331159838516,8.3385,True,AVOIDED,0.0,0.0,0.0,freeze,latency_comp_all,26680024,oracle,8
proposed_enhanced_pred_d8f,proposed_enhanced,8,40.0,40.0,0.4,2.0,22.22222222222222,True,,1.6957950682588514,4.156347192414434,4.08378807036768,40.0,0.0,3.924000000000003,17.99664878845215,6.463645944113344,3.0792574153576657,3.9240000000000004,True,AVOIDED,0.0,0.0,0.0,freeze,latency_comp_all,26680025,oracle,8
proposed_enhanced_pred_d8f,proposed_enhanced,8,40.0,40.0,0.85,2.5,27.77777777777778,True,,0.9113652018697547,8.264939567565833,1.0887917497618929,40.0,0.0,8.338500000000018,11.095844268798828,5.678975735237053,5.072571981346971,8.3385,True,AVOIDED,0.0,0.0,0.0,freeze,latency_comp_all,26680026,oracle,8
proposed_enhanced_pred_d8f,proposed_enhanced,8,40.0,40.0,0.4,2.5,27.77777777777778,True,,1.5283909028004148,4.0357511005896125,4.557609944156552,40.0,0.0,3.924000000000003,22.620698928833008,6.296241778654907,2.516525705615453,3.9240000000000004,True,AVOIDED,0.0,0.0,0.0,freeze,latency_comp_all,26680027,oracle,8
proposed_enhanced_pred_d8f,proposed_enhanced,8,40.0,40.0,0.85,3.0,33.33333333333333,True,,0.9461463865799837,8.264946268174583,1.0919185986076827,40.0,0.0,8.338500000000018,11.095836639404297,5.713756915361428,5.057943462688225,8.3385,True,AVOIDED,0.0,0.0,0.0,freeze,latency_comp_all,26680028,oracle,8
proposed_enhanced_pred_d8f,proposed_enhanced,8,40.0,40.0,0.4,3.0,33.33333333333333,True,,1.3468079149492285,3.700399238063895,3.2670458908714335,40.0,0.0,3.924000000000003,23.94339942932129,6.114658790803721,2.405272191677406,3.9240000000000004,True,AVOIDED,0.0,0.0,0.0,freeze,latency_comp_all,26680029,oracle,8
proposed_enhanced_pred_d8f,proposed_enhanced,8,50.0,50.0,0.85,1.0,13.88888888888889,True,,1.0588323278400384,8.73104312761361,1.7201427277918155,50.0,0.0,8.338500000000018,12.61520004272461,5.826515357130942,6.959374397837682,8.3385,True,AVOIDED,0.0,0.0,0.0,freeze,latency_comp_all,26680030,oracle,8
proposed_enhanced_pred_d8f,proposed_enhanced,8,50.0,50.0,0.4,1.0,13.88888888888889,False,vehicle.ue4.audi.tt,0.0,0.0,2.1691951266612293,34.012659988756894,15.987340011243106,3.9239999999999853,0.0,4.95333767044197,6.290320779747998,3.9240000000000004,True,COLLISION with vehicle.ue4.audi.tt,0.0,0.0,0.0,freeze,latency_comp_all,26680031,oracle,8
proposed_enhanced_pred_d8f,proposed_enhanced,8,50.0,50.0,0.85,1.5,20.833333333333336,True,,1.239614671146902,9.046598564761176,2.2933700088027966,50.0,0.0,8.3385,16.619522094726562,6.007465547001394,5.334961658141234,8.3385,True,AVOIDED,0.0,0.0,0.0,freeze,latency_comp_all,26680032,oracle,8
proposed_enhanced_pred_d8f,proposed_enhanced,8,50.0,50.0,0.4,1.5,20.833333333333336,False,vehicle.ue4.audi.tt,0.0,0.0,4.034113787462233,41.656841959500255,8.343158040499748,3.924000000000003,0.0,4.923804780291186,4.31138518476947,3.9240000000000004,True,COLLISION with vehicle.ue4.audi.tt,0.0,0.0,0.0,freeze,latency_comp_all,26680033,oracle,8
proposed_enhanced_pred_d8f,proposed_enhanced,8,50.0,50.0,0.85,2.0,27.77777777777778,True,,1.3035567208215957,8.259006023785775,1.8750877715917242,50.0,0.0,8.3385,17.286376953125,6.071228306201802,5.119825793862402,8.3385,True,AVOIDED,0.0,0.0,0.0,freeze,latency_comp_all,26680034,oracle,8
proposed_enhanced_pred_d8f,proposed_enhanced,8,50.0,50.0,0.4,2.0,27.77777777777778,True,,2.3481524449517366,4.017789705590966,5.8910093926889555,50.0,0.0,3.924000000000003,26.595115661621094,7.116003320806229,3.2814600032092853,3.9240000000000004,True,AVOIDED,0.0,0.0,0.0,freeze,latency_comp_all,26680035,oracle,8
proposed_enhanced_pred_d8f,proposed_enhanced,8,50.0,50.0,0.85,2.5,34.72222222222222,True,,1.3493417188417043,8.259006023785775,1.4922864416326875,50.0,0.0,8.338500000000018,17.286376953125,6.117013304579263,5.106136741608403,8.3385,True,AVOIDED,0.0,0.0,0.0,freeze,latency_comp_all,26680036,oracle,8
proposed_enhanced_pred_d8f,proposed_enhanced,8,50.0,50.0,0.4,2.5,34.72222222222222,True,,2.2495000106354555,4.017790719009937,6.381809116390262,50.0,0.0,3.924000000000003,32.26012992858887,7.017350886489948,2.760388425878412,3.9240000000000004,True,AVOIDED,0.0,0.0,0.0,freeze,latency_comp_all,26680037,oracle,8
proposed_enhanced_pred_d8f,proposed_enhanced,8,50.0,50.0,0.85,3.0,41.66666666666667,False,,0.0,0.0,1.3531075454744064,50.0,0.0,8.338500000000018,0.0,11.03168588951146,5.101627635267165,8.3385,True,NO BRAKE / passed,0.0,0.0,0.0,freeze,latency_comp_all,26680038,oracle,8
proposed_enhanced_pred_d8f,proposed_enhanced,8,50.0,50.0,0.4,3.0,41.66666666666667,False,,0.0,0.0,6.25539048265965,50.0,0.0,3.924000000000003,0.0,11.447087542367708,2.4195350091796817,3.9240000000000004,True,NO BRAKE / passed,0.0,0.0,0.0,freeze,latency_comp_all,26680039,oracle,8
proposed_enhanced_pred_d8f,proposed_enhanced,8,60.0,60.0,0.85,1.0,16.666666666666668,True,,1.8447361021121136,8.750764436743168,2.2812610219878398,60.0,0.0,8.3385,18.35968017578125,6.612419131294018,6.822843521410342,8.3385,True,AVOIDED,0.0,0.0,0.0,freeze,latency_comp_all,26680040,oracle,8
proposed_enhanced_pred_d8f,proposed_enhanced,8,60.0,60.0,0.4,1.0,16.666666666666668,False,vehicle.ue4.audi.tt,0.0,0.0,2.8365129382140597,39.50502821704361,20.49497178295639,3.924000000000021,0.0,4.896225104634217,6.266543997194018,3.9240000000000004,True,COLLISION with vehicle.ue4.audi.tt,0.0,0.0,0.0,freeze,latency_comp_all,26680041,oracle,8
proposed_enhanced_pred_d8f,proposed_enhanced,8,60.0,60.0,0.85,1.5,25.0,True,,1.6170068099053072,8.499540702571286,3.1699309518862147,60.0,0.0,8.3385,24.437898635864258,6.384857685759799,5.2922032039522335,8.3385,True,AVOIDED,0.0,0.0,0.0,freeze,latency_comp_all,26680042,oracle,8
proposed_enhanced_pred_d8f,proposed_enhanced,8,60.0,60.0,0.4,1.5,25.0,False,vehicle.ue4.audi.tt,0.0,0.0,5.0155809360481935,49.06877061014983,10.931229389850165,3.924000000000021,0.0,4.944310635515336,4.539792338127096,3.9240000000000004,True,COLLISION with vehicle.ue4.audi.tt,0.0,0.0,0.0,freeze,latency_comp_all,26680043,oracle,8
proposed_enhanced_pred_d8f,proposed_enhanced,8,60.0,60.0,0.85,2.0,33.333333333333336,False,,0.0,0.0,2.559036087672698,60.0,0.0,8.3385,0.0,8.549518586281378,5.099229681011995,8.3385,True,NO BRAKE / passed,0.0,0.0,0.0,freeze,latency_comp_all,26680044,oracle,8
proposed_enhanced_pred_d8f,proposed_enhanced,8,60.0,60.0,0.4,2.0,33.333333333333336,False,,0.0,0.0,7.194301241740827,60.0,0.0,3.924000000000021,0.0,8.454222211863419,3.559133300346885,3.9240000000000004,True,NO BRAKE / passed,0.0,0.0,0.0,freeze,latency_comp_all,26680045,oracle,8
proposed_enhanced_pred_d8f,proposed_enhanced,8,60.0,60.0,0.85,2.5,41.66666666666667,False,,0.0,0.0,2.069420174107407,60.0,0.0,8.338499999999982,0.0,16.37025833304196,5.084939954542317,8.3385,True,NO BRAKE / passed,0.0,0.0,0.0,freeze,latency_comp_all,26680046,oracle,8
proposed_enhanced_pred_d8f,proposed_enhanced,8,60.0,60.0,0.4,2.5,41.66666666666667,False,,0.0,0.0,8.533191497324998,60.0,0.0,3.924000000000003,0.0,16.638321293083877,2.9850224684014193,3.9240000000000004,True,NO BRAKE / passed,0.0,0.0,0.0,freeze,latency_comp_all,26680047,oracle,8
proposed_enhanced_pred_d8f,proposed_enhanced,8,60.0,60.0,0.85,3.0,50.0,False,,0.0,0.0,1.716136131151897,60.0,0.0,3.3354000497013203,0.0,24.76255798480751,5.076422321911266,8.3385,True,NO BRAKE / passed,0.0,0.0,0.0,freeze,latency_comp_all,26680048,oracle,8
proposed_enhanced_pred_d8f,proposed_enhanced,8,60.0,60.0,0.4,3.0,50.0,False,,0.0,0.0,9.603588860784326,60.0,0.0,3.9239999999999853,0.0,24.961914084905537,2.568683455142516,3.9240000000000004,True,NO BRAKE / passed,0.0,0.0,0.0,freeze,latency_comp_all,26680049,oracle,8
proposed_enhanced_pred_d16f,proposed_enhanced,16,20.0,20.0,0.85,1.0,5.555555555555555,False,vehicle.ue4.audi.tt,0.0,0.0,0.0,5.713282639162758,14.286717360837242,0.0,0.0,4.9217739122693045,0.0,8.3385,True,COLLISION with vehicle.ue4.audi.tt,0.0,0.0,0.0,freeze,latency_comp_all,27150000,oracle,16
proposed_enhanced_pred_d16f,proposed_enhanced,16,20.0,20.0,0.4,1.0,5.555555555555555,False,vehicle.ue4.audi.tt,0.0,0.0,0.0,5.715610086983789,14.284389913016211,0.0,0.0,4.9218521202430665,0.0,3.9240000000000004,True,COLLISION with vehicle.ue4.audi.tt,0.0,0.0,0.0,freeze,latency_comp_all,27150001,oracle,16
proposed_enhanced_pred_d16f,proposed_enhanced,16,20.0,20.0,0.85,1.5,8.333333333333332,False,vehicle.ue4.audi.tt,0.0,0.0,0.1276620844154335,11.80577696250467,8.19422303749533,8.3385,0.0,4.930686956930201,21.492317566205188,8.3385,True,COLLISION with vehicle.ue4.audi.tt,0.0,0.0,0.0,freeze,latency_comp_all,27150002,oracle,16
proposed_enhanced_pred_d16f,proposed_enhanced,16,20.0,20.0,0.4,1.5,8.333333333333332,False,vehicle.ue4.audi.tt,0.0,0.0,0.17798308716534664,11.20153729604541,8.79846270395459,3.924000000000003,0.0,4.933122662042578,15.45518475817032,3.9240000000000004,True,COLLISION with vehicle.ue4.audi.tt,0.0,0.0,0.0,freeze,latency_comp_all,27150003,oracle,16
proposed_enhanced_pred_d16f,proposed_enhanced,16,20.0,20.0,0.85,2.0,11.11111111111111,True,,0.5227642070644167,10.451062472590998,0.4827745193080101,20.0,0.0,8.3385,2.133472442626953,5.29040718372801,5.698654168599768,8.3385,True,AVOIDED,0.0,0.0,0.0,freeze,latency_comp_all,27150004,oracle,16
proposed_enhanced_pred_d16f,proposed_enhanced,16,20.0,20.0,0.4,2.0,11.11111111111111,False,vehicle.ue4.audi.tt,0.0,0.0,0.631280476161502,16.581202417379792,3.4187975826202073,3.924000000000003,0.0,4.898574853842751,4.346301656340237,3.9240000000000004,True,COLLISION with vehicle.ue4.audi.tt,0.0,0.0,0.0,freeze,latency_comp_all,27150005,oracle,16
proposed_enhanced_pred_d16f,proposed_enhanced,16,20.0,20.0,0.85,2.5,13.88888888888889,True,,1.651151657118378,10.452026829979584,0.6878557907999785,20.0,0.0,8.3385,2.1331520080566406,6.4187946321841665,3.9996767305026406,8.3385,True,AVOIDED,0.0,0.0,0.0,freeze,latency_comp_all,27150006,oracle,16
proposed_enhanced_pred_d16f,proposed_enhanced,16,20.0,20.0,0.4,2.5,13.88888888888889,True,,1.0857429594862102,4.119338258020036,1.0355098279193846,20.0,0.0,3.924000000000003,4.626058578491211,5.853593835340702,2.649509616639278,3.9240000000000004,True,AVOIDED,0.0,0.0,0.0,freeze,latency_comp_all,27150007,oracle,16
proposed_enhanced_pred_d16f,proposed_enhanced,16,20.0,20.0,0.85,3.0,16.666666666666664,True,,0.44101526814619074,8.55604121951638,0.591686024820693,20.0,0.0,8.3385,2.814607620239258,5.20871164878534,4.649499883925604,8.3385,True,AVOIDED,0.0,0.0,0.0,freeze,latency_comp_all,27150008,oracle,16
proposed_enhanced_pred_d16f,proposed_enhanced,16,20.0,20.0,0.4,3.0,16.666666666666664,True,,2.2103843734211432,4.1199775335348985,1.2395629560460453,20.0,0.0,3.924000000000003,4.625308990478516,6.978235249275635,2.2136325654608835,3.9240000000000004,True,AVOIDED,0.0,0.0,0.0,freeze,latency_comp_all,27150009,oracle,16
proposed_enhanced_pred_d16f,proposed_enhanced,16,30.0,30.0,0.85,1.0,8.333333333333334,False,vehicle.ue4.audi.tt,0.0,0.0,0.08947669813966931,13.669359474411277,16.330640525588723,8.3385,0.0,4.934316641007621,39.12569644683053,8.3385,True,COLLISION with vehicle.ue4.audi.tt,0.0,0.0,0.0,freeze,latency_comp_all,27150010,oracle,16
proposed_enhanced_pred_d16f,proposed_enhanced,16,30.0,30.0,0.4,1.0,8.333333333333334,False,vehicle.ue4.audi.tt,0.0,0.0,0.14667524321698747,13.46377506291931,16.53622493708069,3.924000000000003,0.0,4.934587486374582,26.558360186894163,3.9240000000000004,True,COLLISION with vehicle.ue4.audi.tt,0.0,0.0,0.0,freeze,latency_comp_all,27150011,oracle,16
proposed_enhanced_pred_d16f,proposed_enhanced,16,30.0,30.0,0.85,1.5,12.5,False,vehicle.ue4.audi.tt,0.0,9.675576946601593,0.6711824289395946,27.175810334310903,2.824189665689096,8.3385,0.0,4.89530002672922,7.396052495544044,8.3385,True,COLLISION with vehicle.ue4.audi.tt,0.0,0.0,0.0,freeze,latency_comp_all,27150012,oracle,16
proposed_enhanced_pred_d16f,proposed_enhanced,16,30.0,30.0,0.4,1.5,12.5,False,vehicle.ue4.audi.tt,0.0,0.0,0.7589407973073076,20.3642071145969,9.6357928854031,3.924000000000003,0.0,4.920034411775565,6.785384143611856,3.9240000000000004,True,COLLISION with vehicle.ue4.audi.tt,0.0,0.0,0.0,freeze,latency_comp_all,27150013,oracle,16
proposed_enhanced_pred_d16f,proposed_enhanced,16,30.0,30.0,0.85,2.0,16.666666666666668,True,,1.0244922836177963,9.519351122355136,0.7588844496720883,30.0,0.0,8.3385,5.255207061767578,5.792167683418401,5.446033504240752,8.3385,True,AVOIDED,0.0,0.0,0.0,freeze,latency_comp_all,27150014,oracle,16
proposed_enhanced_pred_d16f,proposed_enhanced,16,30.0,30.0,0.4,2.0,16.666666666666668,False,vehicle.ue4.audi.tt,0.0,4.100545747857624,1.4288190081733665,28.203589471862273,1.7964105281377267,3.924000000000003,0.0,4.893596652896301,3.713300627388955,3.9240000000000004,True,COLLISION with vehicle.ue4.audi.tt,0.0,0.0,0.0,freeze,latency_comp_all,27150015,oracle,16
proposed_enhanced_pred_d16f,proposed_enhanced,16,30.0,30.0,0.85,2.5,20.833333333333336,True,,1.8839359327640297,9.519351122355136,0.8628012800912311,30.0,0.0,8.3385,5.255205154418945,6.651607517855852,4.790461078476473,8.3385,True,AVOIDED,0.0,0.0,0.0,freeze,latency_comp_all,27150016,oracle,16
proposed_enhanced_pred_d16f,proposed_enhanced,16,30.0,30.0,0.4,2.5,20.833333333333336,True,,1.510511398368232,4.1085957807793605,1.8056867205425549,30.0,0.0,3.924000000000003,11.00564956665039,6.278228759818428,2.7260663960576483,3.9240000000000004,True,AVOIDED,0.0,0.0,0.0,freeze,latency_comp_all,27150017,oracle,16
proposed_enhanced_pred_d16f,proposed_enhanced,16,30.0,30.0,0.85,3.0,25.0,True,,1.2398929961829026,6.228311315641702,1.0163148488143883,30.0,0.0,8.3385,7.169795989990234,6.007518804768643,4.065942890615333,8.3385,True,AVOIDED,0.0,0.0,0.0,freeze,latency_comp_all,27150018,oracle,16
proposed_enhanced_pred_d16f,proposed_enhanced,16,30.0,30.0,0.4,3.0,25.0,True,,2.759016054490769,4.063794429148993,1.71781762276468,30.0,0.0,3.924000000000003,11.44143295288086,7.526733415957539,2.4079269064192053,3.9240000000000004,True,AVOIDED,0.0,0.0,0.0,freeze,latency_comp_all,27150019,oracle,16
proposed_enhanced_pred_d16f,proposed_enhanced,16,40.0,40.0,0.85,1.0,11.11111111111111,False,vehicle.ue4.audi.tt,0.0,0.0,0.502359144941864,26.225998807097177,13.774001192902821,8.3385,0.0,4.917793043321363,12.847708979128964,8.3385,True,COLLISION with vehicle.ue4.audi.tt,0.0,0.0,0.0,freeze,latency_comp_all,27150020,oracle,16
proposed_enhanced_pred_d16f,proposed_enhanced,16,40.0,40.0,0.4,1.0,11.11111111111111,False,vehicle.ue4.audi.tt,0.0,0.0,0.585997070961092,20.4719307305658,19.5280692694342,3.9239999999999853,0.0,4.89883804719046,11.49802196869802,3.9240000000000004,True,COLLISION with vehicle.ue4.audi.tt,0.0,0.0,0.0,freeze,latency_comp_all,27150021,oracle,16
proposed_enhanced_pred_d16f,proposed_enhanced,16,40.0,40.0,0.85,1.5,16.666666666666664,True,,0.6060478307195964,9.514435123968141,1.1331534609510816,40.0,0.0,8.3385,8.563575744628906,5.373673642544584,6.623609860992108,8.3385,True,AVOIDED,0.0,0.0,0.0,freeze,latency_comp_all,27150022,oracle,16
proposed_enhanced_pred_d16f,proposed_enhanced,16,40.0,40.0,0.4,1.5,16.666666666666664,False,vehicle.ue4.audi.tt,0.0,0.0,1.3611490801280475,28.564106490692396,11.435893509307606,3.924000000000003,0.0,4.911937763501094,5.915790807081724,3.9240000000000004,True,COLLISION with vehicle.ue4.audi.tt,0.0,0.0,0.0,freeze,latency_comp_all,27150023,oracle,16
proposed_enhanced_pred_d16f,proposed_enhanced,16,40.0,40.0,0.85,2.0,22.22222222222222,True,,1.4000068643853139,9.348239507474739,1.3226811405982255,40.0,0.0,8.338500000000018,10.568330764770508,6.167632677142878,5.07331159838516,8.3385,True,AVOIDED,0.0,0.0,0.0,freeze,latency_comp_all,27150024,oracle,16
proposed_enhanced_pred_d16f,proposed_enhanced,16,40.0,40.0,0.4,2.0,22.22222222222222,False,vehicle.ue4.audi.tt,0.0,4.189485564922154,2.2201115182642095,36.75267424013543,3.247325759864571,3.924000000000003,0.0,4.897342860840261,3.842658195723551,3.9240000000000004,True,COLLISION with vehicle.ue4.audi.tt,0.0,0.0,0.0,freeze,latency_comp_all,27150025,oracle,16
proposed_enhanced_pred_d16f,proposed_enhanced,16,40.0,40.0,0.85,2.5,27.77777777777778,True,,2.270109198319558,9.101734629295652,1.0887917497618929,40.0,0.0,8.338500000000018,9.737083435058594,7.037849452479512,5.072571981346971,8.3385,True,AVOIDED,0.0,0.0,0.0,freeze,latency_comp_all,27150026,oracle,16
proposed_enhanced_pred_d16f,proposed_enhanced,16,40.0,40.0,0.4,2.5,27.77777777777778,True,,1.6290113675528213,4.0689366666449365,2.884532046357445,40.0,0.0,3.924000000000003,19.2082462310791,6.3968355404657675,2.9193492419199973,3.9240000000000004,True,AVOIDED,0.0,0.0,0.0,freeze,latency_comp_all,27150027,oracle,16
proposed_enhanced_pred_d16f,proposed_enhanced,16,40.0,40.0,0.85,3.0,33.33333333333333,True,,1.4960340869004458,8.262240106404581,1.1395933086470647,40.0,0.0,8.338500000000018,11.097347259521484,6.263774344364804,4.837683082864713,8.3385,True,AVOIDED,0.0,0.0,0.0,freeze,latency_comp_all,27150028,oracle,16
proposed_enhanced_pred_d16f,proposed_enhanced,16,40.0,40.0,0.4,3.0,33.33333333333333,True,,2.9347594814214153,4.002374804735127,3.0663969887840947,40.0,0.0,3.924000000000003,21.80283546447754,7.7026103572759075,2.4592688090929116,3.9240000000000004,True,AVOIDED,0.0,0.0,0.0,freeze,latency_comp_all,27150029,oracle,16
proposed_enhanced_pred_d16f,proposed_enhanced,16,50.0,50.0,0.85,1.0,13.88888888888889,False,vehicle.ue4.audi.tt,0.0,0.0,0.8038247347242676,35.34051402295573,14.65948597704427,8.338500000000018,0.0,4.9105913997708015,10.753195347738945,8.3385,True,COLLISION with vehicle.ue4.audi.tt,0.0,0.0,0.0,freeze,latency_comp_all,27150030,oracle,16
proposed_enhanced_pred_d16f,proposed_enhanced,16,50.0,50.0,0.4,1.0,13.88888888888889,False,vehicle.ue4.audi.tt,0.0,0.0,1.0035467449680004,27.731729979359223,22.268270020640777,3.9239999999999853,0.0,4.963750827584264,9.318251515252257,3.9240000000000004,True,COLLISION with vehicle.ue4.audi.tt,0.0,0.0,0.0,freeze,latency_comp_all,27150031,oracle,16
proposed_enhanced_pred_d16f,proposed_enhanced,16,50.0,50.0,0.85,1.5,20.833333333333336,True,,1.3306755109668522,8.919709671414221,1.6631350819240196,50.0,0.0,8.338500000000018,13.767545700073242,6.098350911182409,6.301942063973625,8.3385,True,AVOIDED,0.0,0.0,0.0,freeze,latency_comp_all,27150032,oracle,16
proposed_enhanced_pred_d16f,proposed_enhanced,16,50.0,50.0,0.4,1.5,20.833333333333336,False,vehicle.ue4.audi.tt,0.0,0.0,1.9474475271536413,35.706295628617326,14.29370437138267,3.924000000000003,0.0,4.956020029604175,5.778687321108189,3.9240000000000004,True,COLLISION with vehicle.ue4.audi.tt,0.0,0.0,0.0,freeze,latency_comp_all,27150033,oracle,16
proposed_enhanced_pred_d16f,proposed_enhanced,16,50.0,50.0,0.85,2.0,27.77777777777778,True,,1.9704191326789733,9.046608840561218,1.8750877715917242,50.0,0.0,8.3385,16.61951446533203,6.7382700085334655,5.119825793862402,8.3385,True,AVOIDED,0.0,0.0,0.0,freeze,latency_comp_all,27150034,oracle,16
proposed_enhanced_pred_d16f,proposed_enhanced,16,50.0,50.0,0.4,2.0,27.77777777777778,False,vehicle.ue4.audi.tt,0.0,0.0,2.9964500635267557,44.07935961895464,5.9206403810453585,3.924000000000003,0.0,4.901716716937724,4.0663740128398205,3.9240000000000004,True,COLLISION with vehicle.ue4.audi.tt,0.0,0.0,0.0,freeze,latency_comp_all,27150035,oracle,16
proposed_enhanced_pred_d16f,proposed_enhanced,16,50.0,50.0,0.85,2.5,34.72222222222222,True,,2.338492363981876,8.73104312761361,1.4911933799166375,50.0,0.0,8.338500000000018,16.28343963623047,7.106167764028178,5.109911545187847,8.3385,True,AVOIDED,0.0,0.0,0.0,freeze,latency_comp_all,27150036,oracle,16
proposed_enhanced_pred_d16f,proposed_enhanced,16,50.0,50.0,0.4,2.5,34.72222222222222,True,,2.6925155639506793,4.070687418881203,3.7941054219480357,50.0,0.0,3.924000000000003,26.98577880859375,7.4603664398051714,3.2086822281504377,3.9240000000000004,True,AVOIDED,0.0,0.0,0.0,freeze,latency_comp_all,27150037,oracle,16
proposed_enhanced_pred_d16f,proposed_enhanced,16,50.0,50.0,0.85,3.0,41.66666666666667,False,,0.0,0.0,1.3531075454744064,50.0,0.0,8.338500000000018,0.0,11.404595356039252,5.101627635267165,8.3385,True,NO BRAKE / passed,0.0,0.0,0.0,freeze,latency_comp_all,27150038,oracle,16
proposed_enhanced_pred_d16f,proposed_enhanced,16,50.0,50.0,0.4,3.0,41.66666666666667,False,,0.0,0.0,4.504067106908664,50.0,0.0,3.924000000000003,0.0,11.420940085609063,2.6503611827621496,3.9240000000000004,True,NO BRAKE / passed,0.0,0.0,0.0,freeze,latency_comp_all,27150039,oracle,16
proposed_enhanced_pred_d16f,proposed_enhanced,16,60.0,60.0,0.85,1.0,16.666666666666668,False,vehicle.ue4.audi.tt,0.0,0.0,1.1625620503482077,46.55324226510739,13.446757734892607,8.3385,0.0,4.944259651410262,9.578201805201498,8.3385,True,COLLISION with vehicle.ue4.audi.tt,0.0,0.0,0.0,freeze,latency_comp_all,27150040,oracle,16
proposed_enhanced_pred_d16f,proposed_enhanced,16,60.0,60.0,0.4,1.0,16.666666666666668,False,vehicle.ue4.audi.tt,0.0,0.0,1.404701235764088,33.01988798816434,26.980112011835658,3.924000000000021,0.0,4.951038494960539,8.598057094725423,3.9240000000000004,True,COLLISION with vehicle.ue4.audi.tt,0.0,0.0,0.0,freeze,latency_comp_all,27150041,oracle,16
proposed_enhanced_pred_d16f,proposed_enhanced,16,60.0,60.0,0.85,1.5,25.0,True,,2.166372740982845,8.853522557615674,2.1637919480601404,60.0,0.0,8.3385,19.745948791503906,6.934051955386216,6.281582579593844,8.3385,True,AVOIDED,0.0,0.0,0.0,freeze,latency_comp_all,27150042,oracle,16
proposed_enhanced_pred_d16f,proposed_enhanced,16,60.0,60.0,0.4,1.5,25.0,False,vehicle.ue4.audi.tt,0.0,0.0,2.5033208609853848,42.943960288138946,17.056039711861054,3.924000000000021,0.0,4.934581816273581,5.847296398554272,3.9240000000000004,True,COLLISION with vehicle.ue4.audi.tt,0.0,0.0,0.0,freeze,latency_comp_all,27150043,oracle,16
proposed_enhanced_pred_d16f,proposed_enhanced,16,60.0,60.0,0.85,2.0,33.333333333333336,False,,0.0,0.0,2.559036087672698,60.0,0.0,8.3385,0.0,8.430553438036688,5.099229681011995,8.3385,True,NO BRAKE / passed,0.0,0.0,0.0,freeze,latency_comp_all,27150044,oracle,16
proposed_enhanced_pred_d16f,proposed_enhanced,16,60.0,60.0,0.4,2.0,33.333333333333336,False,,0.0,0.0,3.731231491621479,60.0,0.0,3.924000000000021,0.0,8.421433406493865,4.315701727040054,3.9240000000000004,True,NO BRAKE / passed,0.0,0.0,0.0,freeze,latency_comp_all,27150045,oracle,16
proposed_enhanced_pred_d16f,proposed_enhanced,16,60.0,60.0,0.85,2.5,41.66666666666667,False,,0.0,0.0,2.069420174107407,60.0,0.0,8.338499999999982,0.0,16.4076042192546,5.084939954542317,8.3385,True,NO BRAKE / passed,0.0,0.0,0.0,freeze,latency_comp_all,27150046,oracle,16
proposed_enhanced_pred_d16f,proposed_enhanced,16,60.0,60.0,0.4,2.5,41.66666666666667,False,,0.0,0.0,4.959217372412345,60.0,0.0,3.9239999999999853,0.0,16.548153263060335,3.419870739790599,3.9240000000000004,True,NO BRAKE / passed,0.0,0.0,0.0,freeze,latency_comp_all,27150047,oracle,16
proposed_enhanced_pred_d16f,proposed_enhanced,16,60.0,60.0,0.85,3.0,50.0,False,,0.0,0.0,1.716136131151897,60.0,0.0,3.3354000497013203,0.0,24.76255798480751,5.076422321911266,8.3385,True,NO BRAKE / passed,0.0,0.0,0.0,freeze,latency_comp_all,27150048,oracle,16
proposed_enhanced_pred_d16f,proposed_enhanced,16,60.0,60.0,0.4,3.0,50.0,False,,0.0,0.0,5.836416962692052,60.0,0.0,3.9239999999999853,0.0,25.00121308431955,2.8795808032310752,3.9240000000000004,True,NO BRAKE / passed,0.0,0.0,0.0,freeze,latency_comp_all,27150049,oracle,16
