label,controller,delay_frames,ego_speed_kmh,mu,trigger_d,dart_speed_kmh,avoided,collision_with,s_clearance,a_b_mfdd,t_c_warn,dv_speed_var,collision_speed_kmh,peak_decel,brake_distance,min_dist,a_req_at_brake,a_max,is_conflict,result_txt,noise_sigma_m,noise_sigma_vr,dropout_p,dropout_mode,test_mode,seed,comp_source,comp_L_frames
proposed_enhanced_d0f,proposed_enhanced,0,20.0,0.85,20.0,20.0,True,,0.21530107777467,10.885593445560641,0.50221593900524,20.0,0.0,8.3385,2.5582046508789062,3.889392908801973,5.462576504708151,8.3385,True,AVOIDED,0.0,0.0,0.0,freeze,latency_comp,21380000,oracle,0
proposed_enhanced_d0f,proposed_enhanced,0,20.0,0.85,25.0,20.0,True,,0.2162533646684044,10.888755969504496,0.5028584719653698,20.0,0.0,8.3385,2.557849884033203,3.8903366072683605,5.460013796355304,8.3385,True,AVOIDED,0.0,0.0,0.0,freeze,latency_comp,21380001,oracle,0
proposed_enhanced_d0f,proposed_enhanced,0,20.0,0.85,30.0,20.0,True,,0.2152972418935457,10.885593445560641,0.50221593900524,20.0,0.0,8.3385,2.5582046508789062,3.8893890729190055,5.462576504708151,8.3385,True,AVOIDED,0.0,0.0,0.0,freeze,latency_comp,21380002,oracle,0
proposed_enhanced_d0f,proposed_enhanced,0,20.0,0.85,35.0,20.0,True,,0.2162533646684044,10.888755969504496,0.5028584719653698,20.0,0.0,8.3385,2.557849884033203,3.8903366072683605,5.460013796355304,8.3385,True,AVOIDED,0.0,0.0,0.0,freeze,latency_comp,21380003,oracle,0
proposed_enhanced_d0f,proposed_enhanced,0,20.0,0.85,40.0,20.0,True,,0.21530103643251586,10.885593445560641,0.5022159368769763,20.0,0.0,8.3385,2.5582046508789062,3.889392867454668,5.46257652108908,8.3385,True,AVOIDED,0.0,0.0,0.0,freeze,latency_comp,21380004,oracle,0
proposed_enhanced_d0f,proposed_enhanced,0,20.0,0.4,20.0,20.0,True,,0.22617499072165792,3.3241366557309386,1.1546205321726486,20.0,0.0,3.924000000000003,6.129234313964844,3.900479178019479,2.383266193579067,3.9240000000000004,True,AVOIDED,0.0,0.0,0.0,freeze,latency_comp,21380005,oracle,0
proposed_enhanced_d0f,proposed_enhanced,0,20.0,0.4,25.0,20.0,True,,0.22589060622131774,3.3242103630855198,1.1541059223554937,20.0,0.0,3.924000000000003,6.128807067871094,3.900194793519139,2.3833850196249022,3.9240000000000004,True,AVOIDED,0.0,0.0,0.0,freeze,latency_comp,21380006,oracle,0
proposed_enhanced_d0f,proposed_enhanced,0,20.0,0.4,30.0,20.0,True,,0.22617499072165792,3.3241366557309386,1.1546205321726486,20.0,0.0,3.924000000000003,6.129234313964844,3.900479178019479,2.383266193579067,3.9240000000000004,True,AVOIDED,0.0,0.0,0.0,freeze,latency_comp,21380007,oracle,0
proposed_enhanced_d0f,proposed_enhanced,0,20.0,0.4,35.0,20.0,True,,0.22589060622131774,3.3242103630855198,1.1541059223554937,20.0,0.0,3.924000000000003,6.128807067871094,3.900194793519139,2.3833850196249022,3.9240000000000004,True,AVOIDED,0.0,0.0,0.0,freeze,latency_comp,21380008,oracle,0
proposed_enhanced_d0f,proposed_enhanced,0,20.0,0.4,40.0,20.0,True,,0.22617878446938056,3.3241366557309386,1.1546212236387472,20.0,0.0,3.924000000000003,6.129234313964844,3.9004829717672016,2.383264764580292,3.9240000000000004,True,AVOIDED,0.0,0.0,0.0,freeze,latency_comp,21380009,oracle,0
proposed_enhanced_d0f,proposed_enhanced,0,30.0,0.85,20.0,20.0,True,,0.4482490142761577,8.775172920364815,0.5363649016095646,30.0,0.0,8.3385,4.346763610839844,4.122553201573979,6.9185551592001575,8.3385,True,AVOIDED,0.0,0.0,0.0,freeze,latency_comp,21380010,oracle,0
proposed_enhanced_d0f,proposed_enhanced,0,30.0,0.85,25.0,20.0,True,,0.3702462741230823,9.063808936728469,0.7784635386846538,30.0,0.0,8.3385,6.079704284667969,4.044443867631996,5.305284457571184,8.3385,True,AVOIDED,0.0,0.0,0.0,freeze,latency_comp,21380011,oracle,0
proposed_enhanced_d0f,proposed_enhanced,0,30.0,0.85,30.0,20.0,True,,0.3699232719256562,9.062061467275186,0.7792487672891447,30.0,0.0,8.3385,6.080097198486328,4.044067435680054,5.305347869072875,8.3385,True,AVOIDED,0.0,0.0,0.0,freeze,latency_comp,21380012,oracle,0
proposed_enhanced_d0f,proposed_enhanced,0,30.0,0.85,35.0,20.0,True,,0.37025006969740293,9.063808936728469,0.7784639980820746,30.0,0.0,8.3385,6.079704284667969,4.044447663205551,5.305281323157405,8.3385,True,AVOIDED,0.0,0.0,0.0,freeze,latency_comp,21380013,oracle,0
proposed_enhanced_d0f,proposed_enhanced,0,30.0,0.85,40.0,20.0,True,,0.36992705430331885,9.062061467275186,0.7792492261144797,30.0,0.0,8.3385,6.080097198486328,4.044071218056367,5.305344739008538,8.3385,True,AVOIDED,0.0,0.0,0.0,freeze,latency_comp,21380014,oracle,0
proposed_enhanced_d0f,proposed_enhanced,0,30.0,0.4,20.0,20.0,True,,0.37153674755455146,4.2007117416867015,1.4363360481667833,30.0,0.0,3.924000000000003,12.284683227539062,4.0458409348523725,2.43371517620615,3.9240000000000004,True,AVOIDED,0.0,0.0,0.0,freeze,latency_comp,21380015,oracle,0
proposed_enhanced_d0f,proposed_enhanced,0,30.0,0.4,25.0,20.0,True,,1.0073055749161766,4.0639557092327,1.1524483666416514,30.0,0.0,3.924000000000003,9.165351867675781,4.6814649237391235,3.3316693273856473,3.9240000000000004,True,AVOIDED,0.0,0.0,0.0,freeze,latency_comp,21380016,oracle,0
proposed_enhanced_d0f,proposed_enhanced,0,30.0,0.4,30.0,20.0,True,,0.6356304906936039,3.50557374243105,1.67619741471883,30.0,0.0,3.924000000000003,13.675102233886719,4.309934677991425,2.387381215483162,3.9240000000000004,True,AVOIDED,0.0,0.0,0.0,freeze,latency_comp,21380017,oracle,0
proposed_enhanced_d0f,proposed_enhanced,0,30.0,0.4,35.0,20.0,True,,0.6357928535057873,3.5057601968077434,1.7290123609883672,30.0,0.0,3.924000000000003,13.67474365234375,4.310097040803608,2.3901463996959005,3.9240000000000004,True,AVOIDED,0.0,0.0,0.0,freeze,latency_comp,21380018,oracle,0
proposed_enhanced_d0f,proposed_enhanced,0,30.0,0.4,40.0,20.0,True,,0.6329562781182583,0.0,1.727200613029766,30.0,0.0,3.924000000000003,13.676406860351562,4.307260465416079,2.390730948600757,3.9240000000000004,True,AVOIDED,0.0,0.0,0.0,freeze,latency_comp,21380019,oracle,0
proposed_enhanced_d0f,proposed_enhanced,0,40.0,0.85,20.0,20.0,False,vehicle.ue4.audi.tt,0.0,0.0,0.1501102073874885,20.694892677663113,19.305107322336887,8.338499999999982,0.0,3.8819999398502856,33.28535665424344,8.3385,True,COLLISION with vehicle.ue4.audi.tt,0.0,0.0,0.0,freeze,latency_comp,21380020,oracle,0
proposed_enhanced_d0f,proposed_enhanced,0,40.0,0.85,25.0,20.0,False,vehicle.ue4.audi.tt,0.0,0.0,0.6141599165876912,39.431659562207614,0.5683404377923829,8.338500000000018,0.0,3.8152951464257883,8.420698830706764,8.3385,True,COLLISION with vehicle.ue4.audi.tt,0.0,0.0,0.0,freeze,latency_comp,21380021,oracle,0
proposed_enhanced_d0f,proposed_enhanced,0,40.0,0.85,30.0,20.0,True,,0.4810580141458134,7.464815042622891,1.0491368030451966,40.0,0.0,8.3385,11.604576110839844,4.155362201443634,5.008331380756813,8.3385,True,AVOIDED,0.0,0.0,0.0,freeze,latency_comp,21380022,oracle,0
proposed_enhanced_d0f,proposed_enhanced,0,40.0,0.85,35.0,20.0,True,,0.4823449403429292,7.464558147678174,1.0933288826888092,40.0,0.0,8.3385,11.604576110839844,4.15664912764075,5.042133668901332,8.3385,True,AVOIDED,0.0,0.0,0.0,freeze,latency_comp,21380023,oracle,0
proposed_enhanced_d0f,proposed_enhanced,0,40.0,0.85,40.0,20.0,True,,0.4810617902742651,7.464815042622891,1.0934367949226678,40.0,0.0,8.3385,11.604576110839844,4.155365977572086,5.042284615387712,8.3385,True,AVOIDED,0.0,0.0,0.0,freeze,latency_comp,21380024,oracle,0
proposed_enhanced_d0f,proposed_enhanced,0,40.0,0.4,20.0,20.0,False,vehicle.ue4.audi.tt,0.0,0.0,1.2518607036226785,33.08860290601171,6.911397093988291,3.924000000000003,0.0,3.820263313116803,3.9603839026224663,3.9240000000000004,True,COLLISION with vehicle.ue4.audi.tt,0.0,0.0,0.0,freeze,latency_comp,21380025,oracle,0
proposed_enhanced_d0f,proposed_enhanced,0,40.0,0.4,25.0,20.0,True,,0.959654028780565,4.035941230617559,1.6838269796147827,40.0,0.0,3.924000000000003,18.301773071289062,4.633958216078386,2.9670315408161603,3.9240000000000004,True,AVOIDED,0.0,0.0,0.0,freeze,latency_comp,21380026,oracle,0
proposed_enhanced_d0f,proposed_enhanced,0,40.0,0.4,30.0,20.0,True,,1.068782799805252,4.002095125831429,2.0880054026910475,40.0,0.0,3.924000000000003,23.160781860351562,4.743086987103073,2.4097439560587066,3.9240000000000004,True,AVOIDED,0.0,0.0,0.0,freeze,latency_comp,21380027,oracle,0
proposed_enhanced_d0f,proposed_enhanced,0,40.0,0.4,35.0,20.0,True,,1.4947955446336891,4.06738792333732,1.5397127114380706,40.0,0.0,3.924000000000003,16.109716415405273,5.169084438389189,3.4490762113198645,3.9240000000000004,True,AVOIDED,0.0,0.0,0.0,freeze,latency_comp,21380028,oracle,0
proposed_enhanced_d0f,proposed_enhanced,0,40.0,0.4,40.0,20.0,True,,1.3344178746672473,4.036013133195462,1.9882779080849502,40.0,0.0,3.924000000000003,21.239639282226562,5.008722061965068,2.692462526255323,3.9240000000000004,True,AVOIDED,0.0,0.0,0.0,freeze,latency_comp,21380029,oracle,0
proposed_enhanced_d0f,proposed_enhanced,0,50.0,0.85,20.0,20.0,False,vehicle.ue4.audi.tt,0.0,0.0,1.0282943924109114,45.69803116844941,4.301968831550587,8.3385,0.0,3.8128721515393,6.251817578351672,8.3385,True,COLLISION with vehicle.ue4.audi.tt,0.0,0.0,0.0,freeze,latency_comp,21380030,oracle,0
proposed_enhanced_d0f,proposed_enhanced,0,50.0,0.85,25.0,20.0,True,,0.45046258479036094,8.259250118162122,1.2728104921688268,50.0,0.0,8.338500000000018,17.28561782836914,4.124538065949098,5.040610907566165,8.3385,True,AVOIDED,0.0,0.0,0.0,freeze,latency_comp,21380031,oracle,0
proposed_enhanced_d0f,proposed_enhanced,0,50.0,0.85,30.0,20.0,False,vehicle.ue4.audi.tt,0.0,0.0,0.613945021705189,38.19292828846796,11.807071711532037,8.338500000000018,0.0,3.8331226666580007,10.750528962788541,8.3385,True,COLLISION with vehicle.ue4.audi.tt,0.0,0.0,0.0,freeze,latency_comp,21380032,oracle,0
proposed_enhanced_d0f,proposed_enhanced,0,50.0,0.85,35.0,20.0,True,,1.282818156992799,9.046357090180177,1.0049640659373305,50.0,0.0,8.338500000000018,13.001171112060547,4.95712234429062,6.639201261619354,8.3385,True,AVOIDED,0.0,0.0,0.0,freeze,latency_comp,21380033,oracle,0
proposed_enhanced_d0f,proposed_enhanced,0,50.0,0.85,40.0,20.0,True,,0.8168186771658936,7.887537014781814,1.305084581052742,50.0,0.0,8.338500000000018,17.609844207763672,4.490871909313803,5.16126828009213,8.3385,True,AVOIDED,0.0,0.0,0.0,freeze,latency_comp,21380034,oracle,0
proposed_enhanced_d0f,proposed_enhanced,0,50.0,0.4,20.0,20.0,False,vehicle.ue4.audi.tt,0.0,0.0,1.0283095496803998,30.89710919269787,19.10289080730213,3.9239999999999853,0.0,3.931804011362903,6.252550149773482,3.9240000000000004,True,COLLISION with vehicle.ue4.audi.tt,0.0,0.0,0.0,freeze,latency_comp,21380035,oracle,0
proposed_enhanced_d0f,proposed_enhanced,0,50.0,0.4,25.0,20.0,False,vehicle.ue4.audi.tt,0.0,0.0,1.3758346436684956,38.277805660868836,11.722194339131166,3.924000000000003,0.0,3.8306275281397872,4.67320867168864,3.9240000000000004,True,COLLISION with vehicle.ue4.audi.tt,0.0,0.0,0.0,freeze,latency_comp,21380036,oracle,0
proposed_enhanced_d0f,proposed_enhanced,0,50.0,0.4,30.0,20.0,True,,0.17951965028795547,4.043905941500906,1.693193044708282,50.0,0.0,3.924000000000003,23.768539428710938,3.8538238375857765,3.810387753672799,3.9240000000000004,True,AVOIDED,0.0,0.0,0.0,freeze,latency_comp,21380037,oracle,0
proposed_enhanced_d0f,proposed_enhanced,0,50.0,0.4,35.0,20.0,True,,2.0889202753311755,3.9921376942202413,2.0676783353048585,50.0,0.0,3.924000000000003,27.380136489868164,5.763090991476515,3.138659343808589,3.9240000000000004,True,AVOIDED,0.0,0.0,0.0,freeze,latency_comp,21380038,oracle,0
proposed_enhanced_d0f,proposed_enhanced,0,50.0,0.4,40.0,20.0,True,,2.0421813354331375,4.0181403790707355,2.4010143280389222,50.0,0.0,3.924000000000003,32.258137702941895,5.716485522730959,2.716103077871017,3.9240000000000004,True,AVOIDED,0.0,0.0,0.0,freeze,latency_comp,21380039,oracle,0
proposed_enhanced_d0f,proposed_enhanced,0,60.0,0.85,20.0,20.0,False,vehicle.ue4.audi.tt,0.0,0.0,0.8715222210920067,44.84740935167251,15.152590648327486,8.3385,0.0,3.8926817520277406,9.086393451542861,8.3385,True,COLLISION with vehicle.ue4.audi.tt,0.0,0.0,0.0,freeze,latency_comp,21380040,oracle,0
proposed_enhanced_d0f,proposed_enhanced,0,60.0,0.85,25.0,20.0,True,,0.5394924928235163,8.499512357079121,1.1321023594448238,60.0,0.0,8.3385,17.8830509185791,4.213796680121337,6.9582527156196,8.3385,True,AVOIDED,0.0,0.0,0.0,freeze,latency_comp,21380041,oracle,0
proposed_enhanced_d0f,proposed_enhanced,0,60.0,0.85,30.0,20.0,True,,0.9990036265194631,8.958729680127387,1.450181401363242,60.0,0.0,8.3385,23.221839904785156,4.673128729056905,5.434061926855033,8.3385,True,AVOIDED,0.0,0.0,0.0,freeze,latency_comp,21380042,oracle,0
proposed_enhanced_d0f,proposed_enhanced,0,60.0,0.85,35.0,20.0,True,,1.037472034860916,8.210602880240085,1.5297888343786956,60.0,0.0,8.3385,24.8402042388916,4.71160087264355,5.160787367370734,8.3385,True,AVOIDED,0.0,0.0,0.0,freeze,latency_comp,21380043,oracle,0
proposed_enhanced_d0f,proposed_enhanced,0,60.0,0.85,40.0,20.0,False,vehicle.ue4.audi.tt,0.0,8.76915442590436,0.9409190833451215,57.005421690817684,2.994578309182313,8.3385,0.0,3.812551458609789,8.58376355436793,8.3385,True,COLLISION with vehicle.ue4.audi.tt,0.0,0.0,0.0,freeze,latency_comp,21380044,oracle,0
proposed_enhanced_d0f,proposed_enhanced,0,60.0,0.4,20.0,20.0,False,vehicle.ue4.audi.tt,0.0,0.0,0.8715254526935651,23.42066973115253,36.57933026884747,3.924000000000021,0.0,4.306487111253795,9.086313642403866,3.9240000000000004,True,COLLISION with vehicle.ue4.audi.tt,0.0,0.0,0.0,freeze,latency_comp,21380045,oracle,0
proposed_enhanced_d0f,proposed_enhanced,0,60.0,0.4,25.0,20.0,False,vehicle.ue4.audi.tt,0.0,0.0,1.1320984504324096,38.97266202140629,21.027337978593703,3.924000000000021,0.0,3.8361552806586485,6.958298042137608,3.9240000000000004,True,COLLISION with vehicle.ue4.audi.tt,0.0,0.0,0.0,freeze,latency_comp,21380046,oracle,0
proposed_enhanced_d0f,proposed_enhanced,0,60.0,0.4,30.0,20.0,False,vehicle.ue4.audi.tt,0.0,0.0,1.450180316163522,43.5424292271081,16.4575707728919,3.924000000000021,0.0,3.8264777487467945,5.434038122471865,3.9240000000000004,True,COLLISION with vehicle.ue4.audi.tt,0.0,0.0,0.0,freeze,latency_comp,21380047,oracle,0
proposed_enhanced_d0f,proposed_enhanced,0,60.0,0.4,35.0,20.0,False,vehicle.ue4.audi.tt,0.0,0.0,1.7309820417473594,47.550827681529086,12.449172318470913,3.924000000000021,0.0,3.8217315018061844,4.564112807088881,3.9240000000000004,True,COLLISION with vehicle.ue4.audi.tt,0.0,0.0,0.0,freeze,latency_comp,21380048,oracle,0
proposed_enhanced_d0f,proposed_enhanced,0,60.0,0.4,40.0,20.0,False,vehicle.ue4.audi.tt,0.0,4.065042883689418,2.016186606957437,56.80056542842427,3.1994345715757304,3.924000000000021,0.0,3.814060065192188,3.9298737880746435,3.9240000000000004,True,COLLISION with vehicle.ue4.audi.tt,0.0,0.0,0.0,freeze,latency_comp,21380049,oracle,0
proposed_enhanced_d4f,proposed_enhanced,4,20.0,0.85,20.0,20.0,False,vehicle.ue4.audi.tt,0.0,0.0,0.30315250109290665,12.853220776472227,7.146779223527772,8.3385,0.0,3.825324666842849,9.059110964200046,8.3385,True,COLLISION with vehicle.ue4.audi.tt,0.0,0.0,0.0,freeze,latency_comp,21420000,oracle,4
proposed_enhanced_d4f,proposed_enhanced,4,20.0,0.85,25.0,20.0,False,vehicle.ue4.audi.tt,0.0,0.0,0.30294794097148653,12.85851975079561,7.14148024920439,8.3385,0.0,3.8259841734568654,9.059687566576635,8.3385,True,COLLISION with vehicle.ue4.audi.tt,0.0,0.0,0.0,freeze,latency_comp,21420001,oracle,4
proposed_enhanced_d4f,proposed_enhanced,4,20.0,0.85,30.0,20.0,False,vehicle.ue4.audi.tt,0.0,0.0,0.30315250109290665,12.853268962922918,7.146731037077081,8.3385,0.0,3.825324581529767,9.059110964200046,8.3385,True,COLLISION with vehicle.ue4.audi.tt,0.0,0.0,0.0,freeze,latency_comp,21420002,oracle,4
proposed_enhanced_d4f,proposed_enhanced,4,20.0,0.85,35.0,20.0,False,vehicle.ue4.audi.tt,0.0,0.0,0.30294794097148653,12.858519571653005,7.141480428346994,8.3385,0.0,3.8259841734568654,9.059687566576635,8.3385,True,COLLISION with vehicle.ue4.audi.tt,0.0,0.0,0.0,freeze,latency_comp,21420003,oracle,4
proposed_enhanced_d4f,proposed_enhanced,4,20.0,0.85,40.0,20.0,False,vehicle.ue4.audi.tt,0.0,0.0,0.30315249873168537,12.853269211074739,7.146730788925262,8.3385,0.0,3.8253245957485773,9.059111018574239,8.3385,True,COLLISION with vehicle.ue4.audi.tt,0.0,0.0,0.0,freeze,latency_comp,21420004,oracle,4
proposed_enhanced_d4f,proposed_enhanced,4,20.0,0.4,20.0,20.0,False,vehicle.ue4.audi.tt,0.0,0.0,0.954521540650474,15.139655775461712,4.860344224538288,3.924000000000003,0.0,3.817734931323384,2.883286592751476,3.9240000000000004,True,COLLISION with vehicle.ue4.audi.tt,0.0,0.0,0.0,freeze,latency_comp,21420005,oracle,4
proposed_enhanced_d4f,proposed_enhanced,4,20.0,0.4,25.0,20.0,False,vehicle.ue4.audi.tt,0.0,0.0,0.9545433866387882,15.132966946506263,4.867033053493737,3.924000000000003,0.0,3.8171379793424656,2.8831644300408477,3.9240000000000004,True,COLLISION with vehicle.ue4.audi.tt,0.0,0.0,0.0,freeze,latency_comp,21420006,oracle,4
proposed_enhanced_d4f,proposed_enhanced,4,20.0,0.4,30.0,20.0,False,vehicle.ue4.audi.tt,0.0,0.0,0.954521540650474,15.139666521503544,4.860333478496456,3.924000000000003,0.0,3.817734931323384,2.883286592751476,3.9240000000000004,True,COLLISION with vehicle.ue4.audi.tt,0.0,0.0,0.0,freeze,latency_comp,21420007,oracle,4
proposed_enhanced_d4f,proposed_enhanced,4,20.0,0.4,35.0,20.0,False,vehicle.ue4.audi.tt,0.0,0.0,0.9545433866387882,15.13296178914693,4.867038210853069,3.924000000000003,0.0,3.81713795118745,2.8831644300408477,3.9240000000000004,True,COLLISION with vehicle.ue4.audi.tt,0.0,0.0,0.0,freeze,latency_comp,21420008,oracle,4
proposed_enhanced_d4f,proposed_enhanced,4,20.0,0.4,40.0,20.0,False,vehicle.ue4.audi.tt,0.0,0.0,0.9545222319727912,15.139664972972454,4.860335027027545,3.924000000000003,0.0,3.817738709915874,2.883284501753749,3.9240000000000004,True,COLLISION with vehicle.ue4.audi.tt,0.0,0.0,0.0,freeze,latency_comp,21420009,oracle,4
proposed_enhanced_d4f,proposed_enhanced,4,30.0,0.85,20.0,20.0,False,vehicle.ue4.audi.tt,0.0,0.0,0.3602305025858375,21.465218938447492,8.534781061552506,8.3385,0.0,3.8308564604310202,10.846931890636263,8.3385,True,COLLISION with vehicle.ue4.audi.tt,0.0,0.0,0.0,freeze,latency_comp,21420010,oracle,4
proposed_enhanced_d4f,proposed_enhanced,4,30.0,0.85,25.0,20.0,False,vehicle.ue4.audi.tt,0.0,0.0,0.5787230216695446,21.01777027342445,8.98222972657555,8.3385,0.0,3.8252276990065868,7.136997713203927,8.3385,True,COLLISION with vehicle.ue4.audi.tt,0.0,0.0,0.0,freeze,latency_comp,21420011,oracle,4
proposed_enhanced_d4f,proposed_enhanced,4,30.0,0.85,30.0,20.0,False,vehicle.ue4.audi.tt,0.0,0.0,0.5793209840548225,21.012105045592236,8.987894954407762,8.3385,0.0,3.8255912613053424,7.137048403373015,8.3385,True,COLLISION with vehicle.ue4.audi.tt,0.0,0.0,0.0,freeze,latency_comp,21420012,oracle,4
proposed_enhanced_d4f,proposed_enhanced,4,30.0,0.85,35.0,20.0,False,vehicle.ue4.audi.tt,0.0,0.0,0.5787234808785195,21.017832904752126,8.982167095247872,8.3385,0.0,3.825223834876859,7.13699204290616,8.3385,True,COLLISION with vehicle.ue4.audi.tt,0.0,0.0,0.0,freeze,latency_comp,21420013,oracle,4
proposed_enhanced_d4f,proposed_enhanced,4,30.0,0.85,40.0,20.0,False,vehicle.ue4.audi.tt,0.0,0.0,0.5793214425533617,21.012119163120317,8.98788083687968,8.3385,0.0,3.8255950274148818,7.137042742548217,8.3385,True,COLLISION with vehicle.ue4.audi.tt,0.0,0.0,0.0,freeze,latency_comp,21420014,oracle,4
proposed_enhanced_d4f,proposed_enhanced,4,30.0,0.4,20.0,20.0,False,vehicle.ue4.audi.tt,0.0,0.0,1.2403641210519367,24.20082382590595,5.799176174094051,3.924000000000003,0.0,3.8195146871761136,2.827268919195361,3.9240000000000004,True,COLLISION with vehicle.ue4.audi.tt,0.0,0.0,0.0,freeze,latency_comp,21420015,oracle,4
proposed_enhanced_d4f,proposed_enhanced,4,30.0,0.4,25.0,20.0,False,vehicle.ue4.audi.tt,0.0,0.0,0.9958098029143205,25.181644783055923,4.818355216944077,3.924000000000003,0.0,3.816599963385636,4.011785511957171,3.9240000000000004,True,COLLISION with vehicle.ue4.audi.tt,0.0,0.0,0.0,freeze,latency_comp,21420016,oracle,4
proposed_enhanced_d4f,proposed_enhanced,4,30.0,0.4,30.0,20.0,False,vehicle.ue4.audi.tt,0.0,0.0,1.5306356238718701,25.426313929452913,4.573686070547087,3.924000000000003,0.0,3.813415899975681,2.702742794610904,3.9240000000000004,True,COLLISION with vehicle.ue4.audi.tt,0.0,0.0,0.0,freeze,latency_comp,21420017,oracle,4
proposed_enhanced_d4f,proposed_enhanced,4,30.0,0.4,35.0,20.0,False,vehicle.ue4.audi.tt,0.0,0.0,1.5290434514754159,25.430162463781922,4.5698375362180785,3.924000000000003,0.0,3.8135501128451574,2.7027740850486635,3.9240000000000004,True,COLLISION with vehicle.ue4.audi.tt,0.0,0.0,0.0,freeze,latency_comp,21420018,oracle,4
proposed_enhanced_d4f,proposed_enhanced,4,30.0,0.4,40.0,20.0,False,vehicle.ue4.audi.tt,0.0,0.0,1.5306365453005986,25.426305526704887,4.573694473295114,3.924000000000003,0.0,3.813419636842412,2.7027411662969474,3.9240000000000004,True,COLLISION with vehicle.ue4.audi.tt,0.0,0.0,0.0,freeze,latency_comp,21420019,oracle,4
proposed_enhanced_d4f,proposed_enhanced,4,40.0,0.85,20.0,20.0,False,vehicle.ue4.audi.tt,0.0,0.0,0.0,17.223627377098477,22.776372622901523,0.0,0.0,3.882782771204341,0.0,8.3385,True,COLLISION with vehicle.ue4.audi.tt,0.0,0.0,0.0,freeze,latency_comp,21420020,oracle,4
proposed_enhanced_d4f,proposed_enhanced,4,40.0,0.85,25.0,20.0,False,vehicle.ue4.audi.tt,0.0,0.0,0.4314534600304656,28.50641204651218,11.493587953487818,8.338500000000018,0.0,3.833313468780505,12.376621174100213,8.3385,True,COLLISION with vehicle.ue4.audi.tt,0.0,0.0,0.0,freeze,latency_comp,21420021,oracle,4
proposed_enhanced_d4f,proposed_enhanced,4,40.0,0.85,30.0,20.0,False,vehicle.ue4.audi.tt,0.0,0.0,0.8744985452733318,30.649005365980596,9.350994634019404,8.338500000000018,0.0,3.8194451230705577,6.164842930542527,8.3385,True,COLLISION with vehicle.ue4.audi.tt,0.0,0.0,0.0,freeze,latency_comp,21420022,oracle,4
proposed_enhanced_d4f,proposed_enhanced,4,40.0,0.85,35.0,20.0,False,vehicle.ue4.audi.tt,0.0,0.0,0.8935940383885911,30.634964674094043,9.365035325905955,8.338500000000018,0.0,3.8208102961668335,6.169346583504797,8.3385,True,COLLISION with vehicle.ue4.audi.tt,0.0,0.0,0.0,freeze,latency_comp,21420023,oracle,4
proposed_enhanced_d4f,proposed_enhanced,4,40.0,0.85,40.0,20.0,False,vehicle.ue4.audi.tt,0.0,0.0,0.8936572448973475,30.649026301412675,9.350973698587326,8.338500000000018,0.0,3.8194412018793202,6.1696059422910565,8.3385,True,COLLISION with vehicle.ue4.audi.tt,0.0,0.0,0.0,freeze,latency_comp,21420024,oracle,4
proposed_enhanced_d4f,proposed_enhanced,4,40.0,0.4,20.0,20.0,False,vehicle.ue4.audi.tt,0.0,0.0,1.046964954574268,29.402615634387985,10.597384365612015,3.924000000000003,0.0,3.824436355858704,4.717663290954602,3.9240000000000004,True,COLLISION with vehicle.ue4.audi.tt,0.0,0.0,0.0,freeze,latency_comp,21420025,oracle,4
proposed_enhanced_d4f,proposed_enhanced,4,40.0,0.4,25.0,20.0,False,vehicle.ue4.audi.tt,0.0,0.0,1.4817608612526953,33.496190833817025,6.503809166182974,3.924000000000003,0.0,3.8196483064313367,3.3682021659632118,3.9240000000000004,True,COLLISION with vehicle.ue4.audi.tt,0.0,0.0,0.0,freeze,latency_comp,21420026,oracle,4
proposed_enhanced_d4f,proposed_enhanced,4,40.0,0.4,30.0,20.0,False,vehicle.ue4.audi.tt,0.0,0.0,1.8896233376098541,35.45186453510594,4.548135464894062,3.924000000000003,0.0,3.815333679067324,2.66486712172402,3.9240000000000004,True,COLLISION with vehicle.ue4.audi.tt,0.0,0.0,0.0,freeze,latency_comp,21420027,oracle,4
proposed_enhanced_d4f,proposed_enhanced,4,40.0,0.4,35.0,20.0,False,vehicle.ue4.audi.tt,0.0,0.0,1.3705769838972317,35.98454310847115,4.015456891528852,3.924000000000003,0.0,3.8113082484049414,3.9561096411572114,3.9240000000000004,True,COLLISION with vehicle.ue4.audi.tt,0.0,0.0,0.0,freeze,latency_comp,21420028,oracle,4
proposed_enhanced_d4f,proposed_enhanced,4,40.0,0.4,40.0,20.0,False,vehicle.ue4.audi.tt,0.0,0.0,1.8219743888460807,35.295568539222685,4.704431460777313,3.924000000000003,0.0,3.815081995233533,2.9904325390901367,3.9240000000000004,True,COLLISION with vehicle.ue4.audi.tt,0.0,0.0,0.0,freeze,latency_comp,21420029,oracle,4
proposed_enhanced_d4f,proposed_enhanced,4,50.0,0.85,20.0,20.0,False,vehicle.ue4.audi.tt,0.0,0.0,0.8251043737093288,34.264687304195384,15.735312695804614,8.3385,0.0,3.9395528090053737,7.766762818940709,8.3385,True,COLLISION with vehicle.ue4.audi.tt,0.0,0.0,0.0,freeze,latency_comp,21420030,oracle,4
proposed_enhanced_d4f,proposed_enhanced,4,50.0,0.85,25.0,20.0,False,vehicle.ue4.audi.tt,0.0,0.0,1.0731167017709133,39.86419410768703,10.135805892312977,8.3385,0.0,3.8336842912587246,5.980665927339215,8.3385,True,COLLISION with vehicle.ue4.audi.tt,0.0,0.0,0.0,freeze,latency_comp,21420031,oracle,4
proposed_enhanced_d4f,proposed_enhanced,4,50.0,0.85,30.0,20.0,False,vehicle.ue4.audi.tt,0.0,0.0,0.4251128672409044,32.96494167938121,17.03505832061879,8.338499999999982,0.0,3.853127439879511,15.854709969273962,8.3385,True,COLLISION with vehicle.ue4.audi.tt,0.0,0.0,0.0,freeze,latency_comp,21420032,oracle,4
proposed_enhanced_d4f,proposed_enhanced,4,50.0,0.85,35.0,20.0,False,vehicle.ue4.audi.tt,0.0,0.0,0.8214318536533174,40.504684658581866,9.495315341418138,8.338500000000018,0.0,3.827341544450569,8.267643379661592,8.3385,True,COLLISION with vehicle.ue4.audi.tt,0.0,0.0,0.0,freeze,latency_comp,21420033,oracle,4
proposed_enhanced_d4f,proposed_enhanced,4,50.0,0.85,40.0,20.0,False,vehicle.ue4.audi.tt,0.0,0.0,1.1256022342595982,40.970428771624555,9.029571228375447,8.3385,0.0,3.8323807073563874,6.084587494410785,8.3385,True,COLLISION with vehicle.ue4.audi.tt,0.0,0.0,0.0,freeze,latency_comp,21420034,oracle,4
proposed_enhanced_d4f,proposed_enhanced,4,50.0,0.4,20.0,20.0,False,vehicle.ue4.audi.tt,0.0,0.0,0.8249089199307247,25.938487285660965,24.061512714339035,3.9239999999999853,0.0,3.9357549704739907,7.769280542248863,3.9240000000000004,True,COLLISION with vehicle.ue4.audi.tt,0.0,0.0,0.0,freeze,latency_comp,21420035,oracle,4
proposed_enhanced_d4f,proposed_enhanced,4,50.0,0.4,25.0,20.0,False,vehicle.ue4.audi.tt,0.0,0.0,1.1726620741646545,35.55065179781639,14.449348202183609,3.924000000000003,0.0,3.837152725295864,5.470290829535227,3.9240000000000004,True,COLLISION with vehicle.ue4.audi.tt,0.0,0.0,0.0,freeze,latency_comp,21420036,oracle,4
proposed_enhanced_d4f,proposed_enhanced,4,50.0,0.4,30.0,20.0,False,vehicle.ue4.audi.tt,0.0,0.0,1.4916298145059934,41.288130283152945,8.711869716847053,3.924000000000003,0.0,3.8237865128229553,4.321289169984538,3.9240000000000004,True,COLLISION with vehicle.ue4.audi.tt,0.0,0.0,0.0,freeze,latency_comp,21420037,oracle,4
proposed_enhanced_d4f,proposed_enhanced,4,50.0,0.4,35.0,20.0,False,vehicle.ue4.audi.tt,0.0,4.149703206198596,1.8680985585458059,45.11905349247014,4.880946507529866,3.924000000000003,0.0,3.811499567783674,3.4749540424911953,3.9240000000000004,True,COLLISION with vehicle.ue4.audi.tt,0.0,0.0,0.0,freeze,latency_comp,21420038,oracle,4
proposed_enhanced_d4f,proposed_enhanced,4,50.0,0.4,40.0,20.0,False,vehicle.ue4.audi.tt,0.0,4.035597028521447,2.2030793383321985,46.1697852495726,3.8302147504274027,3.924000000000003,0.0,3.807704674801444,2.96301843113483,3.9240000000000004,True,COLLISION with vehicle.ue4.audi.tt,0.0,0.0,0.0,freeze,latency_comp,21420039,oracle,4
proposed_enhanced_d4f,proposed_enhanced,4,60.0,0.85,20.0,20.0,False,vehicle.ue4.audi.tt,0.0,0.0,0.670785902381957,34.22910953234529,25.77089046765471,8.338499999999982,0.0,4.253234666754053,11.79884231501812,8.3385,True,COLLISION with vehicle.ue4.audi.tt,0.0,0.0,0.0,freeze,latency_comp,21420040,oracle,4
proposed_enhanced_d4f,proposed_enhanced,4,60.0,0.85,25.0,20.0,False,vehicle.ue4.audi.tt,0.0,0.0,0.9294034956742118,46.166305862566375,13.833694137433625,8.3385,0.0,3.8271962765179293,8.455953702939368,8.3385,True,COLLISION with vehicle.ue4.audi.tt,0.0,0.0,0.0,freeze,latency_comp,21420041,oracle,4
proposed_enhanced_d4f,proposed_enhanced,4,60.0,0.85,30.0,20.0,False,vehicle.ue4.audi.tt,0.0,0.0,1.2479717187943842,49.249593833486,10.750406166513994,8.3385,0.0,3.830481275165945,6.304709176506745,8.3385,True,COLLISION with vehicle.ue4.audi.tt,0.0,0.0,0.0,freeze,latency_comp,21420042,oracle,4
proposed_enhanced_d4f,proposed_enhanced,4,60.0,0.85,35.0,20.0,False,vehicle.ue4.audi.tt,0.0,0.0,1.3318323377819028,50.12695409694929,9.873045903050713,8.3385,0.0,3.825866575568356,5.935962690459567,8.3385,True,COLLISION with vehicle.ue4.audi.tt,0.0,0.0,0.0,freeze,latency_comp,21420043,oracle,4
proposed_enhanced_d4f,proposed_enhanced,4,60.0,0.85,40.0,20.0,False,vehicle.ue4.audi.tt,0.0,0.0,0.7521993952529648,45.280809773534486,14.719190226465512,8.3385,0.0,3.8190839221991464,10.877773157613753,8.3385,True,COLLISION with vehicle.ue4.audi.tt,0.0,0.0,0.0,freeze,latency_comp,21420044,oracle,4
proposed_enhanced_d4f,proposed_enhanced,4,60.0,0.4,20.0,20.0,False,vehicle.ue4.audi.tt,0.0,0.0,0.6707924490490013,16.435704488022743,43.56429551197726,3.924000000000021,0.0,3.872325855967398,11.798708468874347,3.9240000000000004,True,COLLISION with vehicle.ue4.audi.tt,0.0,0.0,0.0,freeze,latency_comp,21420045,oracle,4
proposed_enhanced_d4f,proposed_enhanced,4,60.0,0.4,25.0,20.0,False,vehicle.ue4.audi.tt,0.0,0.0,0.9293932185274408,35.322776757138996,24.677223242861004,3.924000000000021,0.0,3.8865615468931507,8.456025404959096,3.9240000000000004,True,COLLISION with vehicle.ue4.audi.tt,0.0,0.0,0.0,freeze,latency_comp,21420046,oracle,4
proposed_enhanced_d4f,proposed_enhanced,4,60.0,0.4,30.0,20.0,False,vehicle.ue4.audi.tt,0.0,0.0,1.24797716245846,41.23604889858497,18.763951101415028,3.924000000000021,0.0,3.8664679568922464,6.304676199433903,3.9240000000000004,True,COLLISION with vehicle.ue4.audi.tt,0.0,0.0,0.0,freeze,latency_comp,21420047,oracle,4
proposed_enhanced_d4f,proposed_enhanced,4,60.0,0.4,35.0,20.0,False,vehicle.ue4.audi.tt,0.0,0.0,1.5297743963589783,44.44149396304435,15.55850603695565,3.924000000000021,0.0,3.8167447150270206,5.160809466827104,3.9240000000000004,True,COLLISION with vehicle.ue4.audi.tt,0.0,0.0,0.0,freeze,latency_comp,21420048,oracle,4
proposed_enhanced_d4f,proposed_enhanced,4,60.0,0.4,40.0,20.0,False,vehicle.ue4.audi.tt,0.0,0.0,1.8160850257468446,49.78875905815979,10.211240941840211,3.924000000000021,0.0,3.8267465169715056,4.362867928556633,3.9240000000000004,True,COLLISION with vehicle.ue4.audi.tt,0.0,0.0,0.0,freeze,latency_comp,21420049,oracle,4
proposed_enhanced_d8f,proposed_enhanced,8,20.0,0.85,20.0,20.0,False,vehicle.ue4.audi.tt,0.0,0.0,0.10345966766784383,10.409377719625692,9.590622280374308,3.335400049701338,0.0,3.831270132654493,26.555702859544578,8.3385,True,COLLISION with vehicle.ue4.audi.tt,0.0,0.0,0.0,freeze,latency_comp,21460000,oracle,8
proposed_enhanced_d8f,proposed_enhanced,8,20.0,0.85,25.0,20.0,False,vehicle.ue4.audi.tt,0.0,0.0,0.10351455167116226,10.412738997173093,9.587261002826907,3.335400049701338,0.0,3.8316558274501857,26.54483246781636,8.3385,True,COLLISION with vehicle.ue4.audi.tt,0.0,0.0,0.0,freeze,latency_comp,21460001,oracle,8
proposed_enhanced_d8f,proposed_enhanced,8,20.0,0.85,30.0,20.0,False,vehicle.ue4.audi.tt,0.0,0.0,0.10345966766784383,10.409417666112475,9.590582333887525,3.335400049701338,0.0,3.8312662824033286,26.555702859544578,8.3385,True,COLLISION with vehicle.ue4.audi.tt,0.0,0.0,0.0,freeze,latency_comp,21460002,oracle,8
proposed_enhanced_d8f,proposed_enhanced,8,20.0,0.85,35.0,20.0,False,vehicle.ue4.audi.tt,0.0,0.0,0.10324016838933553,10.399332207127937,9.600667792872063,3.335400049701338,0.0,3.8305495401264205,26.610756844222767,8.3385,True,COLLISION with vehicle.ue4.audi.tt,0.0,0.0,0.0,freeze,latency_comp,21460003,oracle,8
proposed_enhanced_d8f,proposed_enhanced,8,20.0,0.85,40.0,20.0,False,vehicle.ue4.audi.tt,0.0,0.0,0.10345966508540717,10.409419418166038,9.590580581833962,3.335400049701338,0.0,3.831266268337103,26.555703448086405,8.3385,True,COLLISION with vehicle.ue4.audi.tt,0.0,0.0,0.0,freeze,latency_comp,21460004,oracle,8
proposed_enhanced_d8f,proposed_enhanced,8,20.0,0.4,20.0,20.0,False,vehicle.ue4.audi.tt,0.0,0.0,0.7543054709655203,12.608457549303688,7.391542450696312,3.924000000000003,0.0,3.820718786137771,3.6487255012595154,3.9240000000000004,True,COLLISION with vehicle.ue4.audi.tt,0.0,0.0,0.0,freeze,latency_comp,21460005,oracle,8
proposed_enhanced_d8f,proposed_enhanced,8,20.0,0.4,25.0,20.0,False,vehicle.ue4.audi.tt,0.0,0.0,0.7542676314233697,12.620439191482955,7.379560808517045,3.924000000000003,0.0,3.8202287904560577,3.648870419825737,3.9240000000000004,True,COLLISION with vehicle.ue4.audi.tt,0.0,0.0,0.0,freeze,latency_comp,21460006,oracle,8
proposed_enhanced_d8f,proposed_enhanced,8,20.0,0.4,30.0,20.0,False,vehicle.ue4.audi.tt,0.0,0.0,0.7543054709655203,12.608474482770779,7.391525517229221,3.924000000000003,0.0,3.8207149495239605,3.6487255012595154,3.9240000000000004,True,COLLISION with vehicle.ue4.audi.tt,0.0,0.0,0.0,freeze,latency_comp,21460007,oracle,8
proposed_enhanced_d8f,proposed_enhanced,8,20.0,0.4,35.0,20.0,False,vehicle.ue4.audi.tt,0.0,0.0,0.7542676314233697,12.62043844192596,7.379561558074039,3.924000000000003,0.0,3.820224982367929,3.648870419825737,3.9240000000000004,True,COLLISION with vehicle.ue4.audi.tt,0.0,0.0,0.0,freeze,latency_comp,21460008,oracle,8
proposed_enhanced_d8f,proposed_enhanced,8,20.0,0.4,40.0,20.0,False,vehicle.ue4.audi.tt,0.0,0.0,0.7543061620557834,12.608451355030859,7.391548644969142,3.924000000000003,0.0,3.8207187427024456,3.648722153624726,3.9240000000000004,True,COLLISION with vehicle.ue4.audi.tt,0.0,0.0,0.0,freeze,latency_comp,21460009,oracle,8
proposed_enhanced_d8f,proposed_enhanced,8,30.0,0.85,20.0,20.0,False,vehicle.ue4.audi.tt,0.0,0.0,0.17950838831954213,16.69739408994067,13.30260591005933,8.3385,0.0,3.837875829573526,23.0458701643787,8.3385,True,COLLISION with vehicle.ue4.audi.tt,0.0,0.0,0.0,freeze,latency_comp,21460010,oracle,8
proposed_enhanced_d8f,proposed_enhanced,8,30.0,0.85,25.0,20.0,False,vehicle.ue4.audi.tt,0.0,0.0,0.37900909607080957,18.078194578525334,11.921805421474666,8.3385,0.0,3.8289571778884084,10.899675474648749,8.3385,True,COLLISION with vehicle.ue4.audi.tt,0.0,0.0,0.0,freeze,latency_comp,21460011,oracle,8
proposed_enhanced_d8f,proposed_enhanced,8,30.0,0.85,30.0,20.0,False,vehicle.ue4.audi.tt,0.0,0.0,0.37940402486755737,18.066694916235274,11.933305083764726,8.3385,0.0,3.828807738103117,10.899660039660514,8.3385,True,COLLISION with vehicle.ue4.audi.tt,0.0,0.0,0.0,freeze,latency_comp,21460012,oracle,8
proposed_enhanced_d8f,proposed_enhanced,8,30.0,0.85,35.0,20.0,False,vehicle.ue4.audi.tt,0.0,0.0,0.37900955504676526,18.078349859328142,11.921650140671856,8.3385,0.0,3.8289494777556374,10.8996622573383,8.3385,True,COLLISION with vehicle.ue4.audi.tt,0.0,0.0,0.0,freeze,latency_comp,21460013,oracle,8
proposed_enhanced_d8f,proposed_enhanced,8,30.0,0.85,40.0,20.0,False,vehicle.ue4.audi.tt,0.0,0.0,0.3794044829467957,18.06673378663649,11.933266213363508,8.3385,0.0,3.82881150431259,10.899646850007993,8.3385,True,COLLISION with vehicle.ue4.audi.tt,0.0,0.0,0.0,freeze,latency_comp,21460014,oracle,8
proposed_enhanced_d8f,proposed_enhanced,8,30.0,0.4,20.0,20.0,False,vehicle.ue4.audi.tt,0.0,0.0,1.0503348351467048,21.466234226708746,8.533765773291254,3.924000000000003,0.0,3.827089320505778,3.3666750935100014,3.9240000000000004,True,COLLISION with vehicle.ue4.audi.tt,0.0,0.0,0.0,freeze,latency_comp,21460015,oracle,8
proposed_enhanced_d8f,proposed_enhanced,8,30.0,0.4,25.0,20.0,False,vehicle.ue4.audi.tt,0.0,0.0,0.8292035355852461,21.34856037124817,8.65143962875183,3.924000000000003,0.0,3.8227683770887455,4.984520522013013,3.9240000000000004,True,COLLISION with vehicle.ue4.audi.tt,0.0,0.0,0.0,freeze,latency_comp,21460016,oracle,8
proposed_enhanced_d8f,proposed_enhanced,8,30.0,0.4,30.0,20.0,False,vehicle.ue4.audi.tt,0.0,0.0,1.3304686710872202,21.985594187729436,8.014405812270564,3.924000000000003,0.0,3.8240174078236078,3.10943376141935,3.9240000000000004,True,COLLISION with vehicle.ue4.audi.tt,0.0,0.0,0.0,freeze,latency_comp,21460017,oracle,8
proposed_enhanced_d8f,proposed_enhanced,8,30.0,0.4,35.0,20.0,False,vehicle.ue4.audi.tt,0.0,0.0,1.3290672475402157,21.982361961970142,8.017638038029856,3.924000000000003,0.0,3.8237818073245755,3.109481914431011,3.9240000000000004,True,COLLISION with vehicle.ue4.audi.tt,0.0,0.0,0.0,freeze,latency_comp,21460018,oracle,8
proposed_enhanced_d8f,proposed_enhanced,8,30.0,0.4,40.0,20.0,False,vehicle.ue4.audi.tt,0.0,0.0,1.3304695923564753,21.98559335035472,8.014406649645283,3.924000000000003,0.0,3.82402117369237,3.1094316064585863,3.9240000000000004,True,COLLISION with vehicle.ue4.audi.tt,0.0,0.0,0.0,freeze,latency_comp,21460019,oracle,8
proposed_enhanced_d8f,proposed_enhanced,8,40.0,0.85,20.0,20.0,False,vehicle.ue4.audi.tt,0.0,0.0,0.0,17.223627377098477,22.776372622901523,0.0,0.0,3.882782771204341,0.0,8.3385,True,COLLISION with vehicle.ue4.audi.tt,0.0,0.0,0.0,freeze,latency_comp,21460020,oracle,8
proposed_enhanced_d8f,proposed_enhanced,8,40.0,0.85,25.0,20.0,False,vehicle.ue4.audi.tt,0.0,0.0,0.24517857213835018,24.20633336563904,15.793666634360958,8.338499999999982,0.0,3.8485046926728836,22.541146888299988,8.3385,True,COLLISION with vehicle.ue4.audi.tt,0.0,0.0,0.0,freeze,latency_comp,21460021,oracle,8
proposed_enhanced_d8f,proposed_enhanced,8,40.0,0.85,30.0,20.0,False,vehicle.ue4.audi.tt,0.0,0.0,0.6938928198789863,25.77387572337999,14.22612427662001,8.3385,0.0,3.816349087611594,7.946080631357774,8.3385,True,COLLISION with vehicle.ue4.audi.tt,0.0,0.0,0.0,freeze,latency_comp,21460022,oracle,8
proposed_enhanced_d8f,proposed_enhanced,8,40.0,0.85,35.0,20.0,False,vehicle.ue4.audi.tt,0.0,0.0,0.69386916763814,25.848662734857285,14.151337265142715,8.3385,0.0,3.817706884927589,7.945566698114817,8.3385,True,COLLISION with vehicle.ue4.audi.tt,0.0,0.0,0.0,freeze,latency_comp,21460023,oracle,8
proposed_enhanced_d8f,proposed_enhanced,8,40.0,0.85,40.0,20.0,False,vehicle.ue4.audi.tt,0.0,0.0,0.6938931631102836,25.77478913596513,14.225210864034871,8.3385,0.0,3.8163375099039962,7.946076692026421,8.3385,True,COLLISION with vehicle.ue4.audi.tt,0.0,0.0,0.0,freeze,latency_comp,21460024,oracle,8
proposed_enhanced_d8f,proposed_enhanced,8,40.0,0.4,20.0,20.0,False,vehicle.ue4.audi.tt,0.0,0.0,0.8472841476221151,26.929665666482798,13.070334333517204,3.924000000000003,0.0,3.827476498098809,5.832591076227689,3.9240000000000004,True,COLLISION with vehicle.ue4.audi.tt,0.0,0.0,0.0,freeze,latency_comp,21460025,oracle,8
proposed_enhanced_d8f,proposed_enhanced,8,40.0,0.4,25.0,20.0,False,vehicle.ue4.audi.tt,0.0,0.0,1.286049776893814,29.93020429418108,10.06979570581892,3.924000000000003,0.0,3.8252797235318075,3.893183936666893,3.9240000000000004,True,COLLISION with vehicle.ue4.audi.tt,0.0,0.0,0.0,freeze,latency_comp,21460026,oracle,8
proposed_enhanced_d8f,proposed_enhanced,8,40.0,0.4,30.0,20.0,False,vehicle.ue4.audi.tt,0.0,0.0,1.698400359240459,31.316793260326516,8.683206739673484,3.924000000000003,0.0,3.828692778436176,2.978947304336597,3.9240000000000004,True,COLLISION with vehicle.ue4.audi.tt,0.0,0.0,0.0,freeze,latency_comp,21460027,oracle,8
proposed_enhanced_d8f,proposed_enhanced,8,40.0,0.4,35.0,20.0,False,vehicle.ue4.audi.tt,0.0,0.0,1.1944773613467905,31.36589059876538,8.634109401234621,3.924000000000003,0.0,3.827260122862294,4.620048908225121,3.9240000000000004,True,COLLISION with vehicle.ue4.audi.tt,0.0,0.0,0.0,freeze,latency_comp,21460028,oracle,8
proposed_enhanced_d8f,proposed_enhanced,8,40.0,0.4,40.0,20.0,False,vehicle.ue4.audi.tt,0.0,0.0,1.6465075966473397,31.337766607631437,8.662233392368563,3.924000000000003,0.0,3.822527564228327,3.354871570519521,3.9240000000000004,True,COLLISION with vehicle.ue4.audi.tt,0.0,0.0,0.0,freeze,latency_comp,21460029,oracle,8
proposed_enhanced_d8f,proposed_enhanced,8,50.0,0.85,20.0,20.0,False,vehicle.ue4.audi.tt,0.0,0.0,0.6254226848048048,24.932297466818437,25.067702533181563,8.338499999999982,0.0,3.9922263600611405,10.250921012933931,8.3385,True,COLLISION with vehicle.ue4.audi.tt,0.0,0.0,0.0,freeze,latency_comp,21460030,oracle,8
proposed_enhanced_d8f,proposed_enhanced,8,50.0,0.85,25.0,20.0,False,vehicle.ue4.audi.tt,0.0,0.0,0.8738445736446078,33.52414076817793,16.475859231822067,8.338499999999982,0.0,3.8361545360710783,7.35060338879909,8.3385,True,COLLISION with vehicle.ue4.audi.tt,0.0,0.0,0.0,freeze,latency_comp,21460031,oracle,8
proposed_enhanced_d8f,proposed_enhanced,8,50.0,0.85,30.0,20.0,False,vehicle.ue4.audi.tt,0.0,0.0,0.23479332080233498,28.328019090150843,21.671980909849157,8.338500000000018,0.0,3.8208045849999217,29.41440454857632,8.3385,True,COLLISION with vehicle.ue4.audi.tt,0.0,0.0,0.0,freeze,latency_comp,21460032,oracle,8
proposed_enhanced_d8f,proposed_enhanced,8,50.0,0.85,35.0,20.0,False,vehicle.ue4.audi.tt,0.0,0.0,0.6344502527545771,34.636417015111846,15.363582984888158,8.3385,0.0,3.82680936475959,10.87866872900343,8.3385,True,COLLISION with vehicle.ue4.audi.tt,0.0,0.0,0.0,freeze,latency_comp,21460033,oracle,8
proposed_enhanced_d8f,proposed_enhanced,8,50.0,0.85,40.0,20.0,False,vehicle.ue4.audi.tt,0.0,0.0,0.9346161762596561,35.23984714395362,14.76015285604638,8.3385,0.0,3.846325722555087,7.3866487175168745,8.3385,True,COLLISION with vehicle.ue4.audi.tt,0.0,0.0,0.0,freeze,latency_comp,21460034,oracle,8
proposed_enhanced_d8f,proposed_enhanced,8,50.0,0.4,20.0,20.0,False,vehicle.ue4.audi.tt,0.0,0.0,0.6250680005363485,20.75157535834846,29.24842464165154,3.9239999999999853,0.0,4.193440238153922,10.256952469040067,3.9240000000000004,True,COLLISION with vehicle.ue4.audi.tt,0.0,0.0,0.0,freeze,latency_comp,21460035,oracle,8
proposed_enhanced_d8f,proposed_enhanced,8,50.0,0.4,25.0,20.0,False,vehicle.ue4.audi.tt,0.0,0.0,0.9733527292153142,32.874818668670535,17.125181331329465,3.9239999999999853,0.0,3.8297620422223915,6.594604035419896,3.9240000000000004,True,COLLISION with vehicle.ue4.audi.tt,0.0,0.0,0.0,freeze,latency_comp,21460036,oracle,8
proposed_enhanced_d8f,proposed_enhanced,8,50.0,0.4,30.0,20.0,False,vehicle.ue4.audi.tt,0.0,0.0,1.2944811136998156,37.646831213773126,12.353168786226876,3.924000000000003,0.0,3.831842692356239,4.989176723794472,3.9240000000000004,True,COLLISION with vehicle.ue4.audi.tt,0.0,0.0,0.0,freeze,latency_comp,21460037,oracle,8
proposed_enhanced_d8f,proposed_enhanced,8,50.0,0.4,35.0,20.0,False,vehicle.ue4.audi.tt,0.0,0.0,1.6734475785372707,40.265203945011855,9.734796054988147,3.924000000000003,0.0,3.8358973499953484,3.8907570748426785,3.9240000000000004,True,COLLISION with vehicle.ue4.audi.tt,0.0,0.0,0.0,freeze,latency_comp,21460038,oracle,8
proposed_enhanced_d8f,proposed_enhanced,8,50.0,0.4,40.0,20.0,False,vehicle.ue4.audi.tt,0.0,0.0,2.010411761460734,40.382722101737016,9.617277898262982,3.924000000000003,0.0,3.825947111326853,3.258314799801979,3.9240000000000004,True,COLLISION with vehicle.ue4.audi.tt,0.0,0.0,0.0,freeze,latency_comp,21460039,oracle,8
proposed_enhanced_d8f,proposed_enhanced,8,60.0,0.85,20.0,20.0,False,vehicle.ue4.audi.tt,0.0,0.0,0.4734404456634141,20.29269792179651,39.70730207820349,8.338499999999982,0.0,3.9282677652263303,16.794691266305477,8.3385,True,COLLISION with vehicle.ue4.audi.tt,0.0,0.0,0.0,freeze,latency_comp,21460040,oracle,8
proposed_enhanced_d8f,proposed_enhanced,8,60.0,0.85,25.0,20.0,False,vehicle.ue4.audi.tt,0.0,0.0,0.7293550259576411,40.291822584715774,19.708177415284222,8.338499999999982,0.0,3.8575310147428055,10.775465526881122,8.3385,True,COLLISION with vehicle.ue4.audi.tt,0.0,0.0,0.0,freeze,latency_comp,21460041,oracle,8
proposed_enhanced_d8f,proposed_enhanced,8,60.0,0.85,30.0,20.0,False,vehicle.ue4.audi.tt,0.0,0.0,1.0486823537284997,42.69196514896018,17.30803485103982,8.338499999999982,0.0,3.831476045817283,7.5070174821796645,8.3385,True,COLLISION with vehicle.ue4.audi.tt,0.0,0.0,0.0,freeze,latency_comp,21460042,oracle,8
proposed_enhanced_d8f,proposed_enhanced,8,60.0,0.85,35.0,20.0,False,vehicle.ue4.audi.tt,0.0,0.0,1.1344845616993133,43.79405839958339,16.20594160041661,8.338499999999982,0.0,3.8327372700953912,6.982962403518809,8.3385,True,COLLISION with vehicle.ue4.audi.tt,0.0,0.0,0.0,freeze,latency_comp,21460043,oracle,8
proposed_enhanced_d8f,proposed_enhanced,8,60.0,0.85,40.0,20.0,False,vehicle.ue4.audi.tt,0.0,0.0,0.5614762872172506,39.895052113498394,20.10494788650161,8.338499999999982,0.0,3.8414216297537713,14.75901027524638,8.3385,True,COLLISION with vehicle.ue4.audi.tt,0.0,0.0,0.0,freeze,latency_comp,21460044,oracle,8
proposed_enhanced_d8f,proposed_enhanced,8,60.0,0.4,20.0,20.0,False,vehicle.ue4.audi.tt,0.0,0.0,0.47344627941578377,9.920734929910836,50.079265070089164,3.924000000000021,0.0,3.9491529412833164,16.79444400415208,3.9240000000000004,True,COLLISION with vehicle.ue4.audi.tt,0.0,0.0,0.0,freeze,latency_comp,21460045,oracle,8
proposed_enhanced_d8f,proposed_enhanced,8,60.0,0.4,25.0,20.0,False,vehicle.ue4.audi.tt,0.0,0.0,0.7293443298138454,31.24292509431548,28.75707490568452,3.924000000000021,0.0,3.9366804422392336,10.775579789032683,3.9240000000000004,True,COLLISION with vehicle.ue4.audi.tt,0.0,0.0,0.0,freeze,latency_comp,21460046,oracle,8
proposed_enhanced_d8f,proposed_enhanced,8,60.0,0.4,30.0,20.0,False,vehicle.ue4.audi.tt,0.0,0.0,1.0486896109855894,38.934564377789485,21.065435622210515,3.924000000000021,0.0,3.8468244804294853,7.506969123169081,3.9240000000000004,True,COLLISION with vehicle.ue4.audi.tt,0.0,0.0,0.0,freeze,latency_comp,21460047,oracle,8
proposed_enhanced_d8f,proposed_enhanced,8,60.0,0.4,35.0,20.0,False,vehicle.ue4.audi.tt,0.0,0.0,1.3318278882553787,42.103309553252245,17.89669044674775,3.924000000000021,0.0,3.8476581017942046,5.935991683909263,3.9240000000000004,True,COLLISION with vehicle.ue4.audi.tt,0.0,0.0,0.0,freeze,latency_comp,21460048,oracle,8
proposed_enhanced_d8f,proposed_enhanced,8,60.0,0.4,40.0,20.0,False,vehicle.ue4.audi.tt,0.0,0.0,1.6196432919100126,46.39830504723322,13.601694952766776,3.924000000000021,0.0,3.845783457183269,4.901699462880124,3.9240000000000004,True,COLLISION with vehicle.ue4.audi.tt,0.0,0.0,0.0,freeze,latency_comp,21460049,oracle,8
proposed_enhanced_d16f,proposed_enhanced,16,20.0,0.85,20.0,20.0,False,vehicle.ue4.audi.tt,0.0,0.0,0.0,9.532294985705725,10.467705014294275,0.0,0.0,3.8278958532903222,0.0,8.3385,True,COLLISION with vehicle.ue4.audi.tt,0.0,0.0,0.0,freeze,latency_comp,21930000,oracle,16
proposed_enhanced_d16f,proposed_enhanced,16,20.0,0.85,25.0,20.0,False,vehicle.ue4.audi.tt,0.0,0.0,0.0,9.593168452454178,10.406831547545822,0.0,0.0,3.8288998090819057,0.0,8.3385,True,COLLISION with vehicle.ue4.audi.tt,0.0,0.0,0.0,freeze,latency_comp,21930001,oracle,16
proposed_enhanced_d16f,proposed_enhanced,16,20.0,0.85,30.0,20.0,False,vehicle.ue4.audi.tt,0.0,0.0,0.0,9.53263506038052,10.46736493961948,0.0,0.0,3.8278957963541194,0.0,8.3385,True,COLLISION with vehicle.ue4.audi.tt,0.0,0.0,0.0,freeze,latency_comp,21930002,oracle,16
proposed_enhanced_d16f,proposed_enhanced,16,20.0,0.85,35.0,20.0,False,vehicle.ue4.audi.tt,0.0,0.0,0.0,9.593302877411826,10.406697122588174,0.0,0.0,3.8289036018255675,0.0,8.3385,True,COLLISION with vehicle.ue4.audi.tt,0.0,0.0,0.0,freeze,latency_comp,21930003,oracle,16
proposed_enhanced_d16f,proposed_enhanced,16,20.0,0.85,40.0,20.0,False,vehicle.ue4.audi.tt,0.0,0.0,0.0,9.532646229705936,10.467353770294064,0.0,0.0,3.8278957678861065,0.0,8.3385,True,COLLISION with vehicle.ue4.audi.tt,0.0,0.0,0.0,freeze,latency_comp,21930004,oracle,16
proposed_enhanced_d16f,proposed_enhanced,16,20.0,0.4,20.0,20.0,False,vehicle.ue4.audi.tt,0.0,0.0,0.3540326771583062,10.452185885895112,9.547814114104888,1.5696000233888618,0.0,3.823210371370751,7.777634103692024,3.9240000000000004,True,COLLISION with vehicle.ue4.audi.tt,0.0,0.0,0.0,freeze,latency_comp,21930005,oracle,16
proposed_enhanced_d16f,proposed_enhanced,16,20.0,0.4,25.0,20.0,False,vehicle.ue4.audi.tt,0.0,0.0,0.3539817482595355,10.467169447889097,9.532830552110903,1.5696000233888618,0.0,3.8227486876388665,7.778198021455952,3.9240000000000004,True,COLLISION with vehicle.ue4.audi.tt,0.0,0.0,0.0,freeze,latency_comp,21930006,oracle,16
proposed_enhanced_d16f,proposed_enhanced,16,20.0,0.4,30.0,20.0,False,vehicle.ue4.audi.tt,0.0,0.0,0.3540326771583062,10.452223942885352,9.547776057114648,1.5696000233888618,0.0,3.823206534765179,7.777634103692024,3.9240000000000004,True,COLLISION with vehicle.ue4.audi.tt,0.0,0.0,0.0,freeze,latency_comp,21930007,oracle,16
proposed_enhanced_d16f,proposed_enhanced,16,20.0,0.4,35.0,20.0,False,vehicle.ue4.audi.tt,0.0,0.0,0.3539817482595355,10.467170219918017,9.532829780081983,1.5696000233888618,0.0,3.8227486736167786,7.778198021455952,3.9240000000000004,True,COLLISION with vehicle.ue4.audi.tt,0.0,0.0,0.0,freeze,latency_comp,21930008,oracle,16
proposed_enhanced_d16f,proposed_enhanced,16,20.0,0.4,40.0,20.0,False,vehicle.ue4.audi.tt,0.0,0.0,0.3540333677274132,10.452220064335028,9.547779935664972,1.5696000233888618,0.0,3.8232065058243574,7.7776189112361225,3.9240000000000004,True,COLLISION with vehicle.ue4.audi.tt,0.0,0.0,0.0,freeze,latency_comp,21930009,oracle,16
proposed_enhanced_d16f,proposed_enhanced,16,30.0,0.85,20.0,20.0,False,vehicle.ue4.audi.tt,0.0,0.0,0.0,14.743402592952089,15.256597407047911,0.0,0.0,3.8498935031111086,0.0,8.3385,True,COLLISION with vehicle.ue4.audi.tt,0.0,0.0,0.0,freeze,latency_comp,21930010,oracle,16
proposed_enhanced_d16f,proposed_enhanced,16,30.0,0.85,25.0,20.0,False,vehicle.ue4.audi.tt,0.0,0.0,0.0,14.734046050052468,15.265953949947532,0.0,0.0,3.8495051007859056,0.0,8.3385,True,COLLISION with vehicle.ue4.audi.tt,0.0,0.0,0.0,freeze,latency_comp,21930011,oracle,16
proposed_enhanced_d16f,proposed_enhanced,16,30.0,0.85,30.0,20.0,False,vehicle.ue4.audi.tt,0.0,0.0,0.0,14.744135159195,15.255864840805,0.0,0.0,3.8498038069769716,0.0,8.3385,True,COLLISION with vehicle.ue4.audi.tt,0.0,0.0,0.0,freeze,latency_comp,21930012,oracle,16
proposed_enhanced_d16f,proposed_enhanced,16,30.0,0.85,35.0,20.0,False,vehicle.ue4.audi.tt,0.0,0.0,0.0,14.734126701944398,15.265873298055602,0.0,0.0,3.8494972991883625,0.0,8.3385,True,COLLISION with vehicle.ue4.audi.tt,0.0,0.0,0.0,freeze,latency_comp,21930013,oracle,16
proposed_enhanced_d16f,proposed_enhanced,16,30.0,0.85,40.0,20.0,False,vehicle.ue4.audi.tt,0.0,0.0,0.0,14.744162975235279,15.255837024764721,0.0,0.0,3.8498037354954975,0.0,8.3385,True,COLLISION with vehicle.ue4.audi.tt,0.0,0.0,0.0,freeze,latency_comp,21930014,oracle,16
proposed_enhanced_d16f,proposed_enhanced,16,30.0,0.4,20.0,20.0,False,vehicle.ue4.audi.tt,0.0,0.0,0.6737408760910181,17.12385708067325,12.87614291932675,3.924000000000003,0.0,3.8315389428197357,5.396081646840718,3.9240000000000004,True,COLLISION with vehicle.ue4.audi.tt,0.0,0.0,0.0,freeze,latency_comp,21930015,oracle,16
proposed_enhanced_d16f,proposed_enhanced,16,30.0,0.4,25.0,20.0,False,vehicle.ue4.audi.tt,0.0,0.0,0.4293603567540998,17.816043131955034,12.183956868044966,3.924000000000003,0.0,3.8322769148494302,9.628668642560687,3.9240000000000004,True,COLLISION with vehicle.ue4.audi.tt,0.0,0.0,0.0,freeze,latency_comp,21930016,oracle,16
proposed_enhanced_d16f,proposed_enhanced,16,30.0,0.4,30.0,20.0,False,vehicle.ue4.audi.tt,0.0,0.0,0.9301656993590189,17.8658958698134,12.134104130186598,3.924000000000003,0.0,3.8369257820533282,4.447972246126487,3.9240000000000004,True,COLLISION with vehicle.ue4.audi.tt,0.0,0.0,0.0,freeze,latency_comp,21930017,oracle,16
proposed_enhanced_d16f,proposed_enhanced,16,30.0,0.4,35.0,20.0,False,vehicle.ue4.audi.tt,0.0,0.0,0.9291649362382562,17.91915640814363,12.080843591856373,3.924000000000003,0.0,3.837990348122807,4.4481006053515255,3.9240000000000004,True,COLLISION with vehicle.ue4.audi.tt,0.0,0.0,0.0,freeze,latency_comp,21930018,oracle,16
proposed_enhanced_d16f,proposed_enhanced,16,30.0,0.4,40.0,20.0,False,vehicle.ue4.audi.tt,0.0,0.0,0.9301666201995743,17.865894275642653,12.13410572435735,3.924000000000003,0.0,3.8369256982352624,4.447967838085203,3.9240000000000004,True,COLLISION with vehicle.ue4.audi.tt,0.0,0.0,0.0,freeze,latency_comp,21930019,oracle,16
proposed_enhanced_d16f,proposed_enhanced,16,40.0,0.85,20.0,20.0,False,vehicle.ue4.audi.tt,0.0,0.0,0.0,17.223627377098477,22.776372622901523,0.0,0.0,3.882782771204341,0.0,8.3385,True,COLLISION with vehicle.ue4.audi.tt,0.0,0.0,0.0,freeze,latency_comp,21930020,oracle,16
proposed_enhanced_d16f,proposed_enhanced,16,40.0,0.85,25.0,20.0,False,vehicle.ue4.audi.tt,0.0,0.0,0.0,19.187083172634683,20.812916827365317,0.0,0.0,3.8410962961159965,0.0,8.3385,True,COLLISION with vehicle.ue4.audi.tt,0.0,0.0,0.0,freeze,latency_comp,21930021,oracle,16
proposed_enhanced_d16f,proposed_enhanced,16,40.0,0.85,30.0,20.0,False,vehicle.ue4.audi.tt,0.0,0.0,0.29440590396716576,20.721742488538677,19.278257511461323,3.3354000497013203,0.0,3.82068426922515,18.7324823930438,8.3385,True,COLLISION with vehicle.ue4.audi.tt,0.0,0.0,0.0,freeze,latency_comp,21930022,oracle,16
proposed_enhanced_d16f,proposed_enhanced,16,40.0,0.85,35.0,20.0,False,vehicle.ue4.audi.tt,0.0,0.0,0.2944701948473345,21.15930476863485,18.84069523136515,3.3354000497013203,0.0,3.8219938600743446,18.727822615644254,8.3385,True,COLLISION with vehicle.ue4.audi.tt,0.0,0.0,0.0,freeze,latency_comp,21930023,oracle,16
proposed_enhanced_d16f,proposed_enhanced,16,40.0,0.85,40.0,20.0,False,vehicle.ue4.audi.tt,0.0,0.0,0.29440624636292095,20.72194974561984,19.27805025438016,3.3354000497013203,0.0,3.8206726801001083,18.73246055033246,8.3385,True,COLLISION with vehicle.ue4.audi.tt,0.0,0.0,0.0,freeze,latency_comp,21930024,oracle,16
proposed_enhanced_d16f,proposed_enhanced,16,40.0,0.4,20.0,20.0,False,vehicle.ue4.audi.tt,0.0,0.0,0.4485820775667415,22.945542319774592,17.054457680225408,3.9239999999999853,0.0,3.8682670712836336,11.046098964179254,3.9240000000000004,True,COLLISION with vehicle.ue4.audi.tt,0.0,0.0,0.0,freeze,latency_comp,21930025,oracle,16
proposed_enhanced_d16f,proposed_enhanced,16,40.0,0.4,25.0,20.0,False,vehicle.ue4.audi.tt,0.0,0.0,0.8988088024435028,25.091489978543162,14.908510021456838,3.924000000000003,0.0,3.8374136923438398,5.638108696971787,3.9240000000000004,True,COLLISION with vehicle.ue4.audi.tt,0.0,0.0,0.0,freeze,latency_comp,21930026,oracle,16
proposed_enhanced_d16f,proposed_enhanced,16,40.0,0.4,30.0,20.0,False,vehicle.ue4.audi.tt,0.0,0.0,1.3222449255800692,26.596886729061616,13.403113270938384,3.924000000000003,0.0,3.844804894172312,3.8860732544658276,3.9240000000000004,True,COLLISION with vehicle.ue4.audi.tt,0.0,0.0,0.0,freeze,latency_comp,21930027,oracle,16
proposed_enhanced_d16f,proposed_enhanced,16,40.0,0.4,35.0,20.0,False,vehicle.ue4.audi.tt,0.0,0.0,0.7937793748020774,25.628857676121285,14.371142323878715,3.924000000000003,0.0,3.828402404465664,6.9460644958923865,3.9240000000000004,True,COLLISION with vehicle.ue4.audi.tt,0.0,0.0,0.0,freeze,latency_comp,21930028,oracle,16
proposed_enhanced_d16f,proposed_enhanced,16,40.0,0.4,40.0,20.0,False,vehicle.ue4.audi.tt,0.0,0.0,1.246074643614233,26.29965460556815,13.700345394431851,3.924000000000003,0.0,3.841723931477797,4.433073131976089,3.9240000000000004,True,COLLISION with vehicle.ue4.audi.tt,0.0,0.0,0.0,freeze,latency_comp,21930029,oracle,16
proposed_enhanced_d16f,proposed_enhanced,16,50.0,0.85,20.0,20.0,False,vehicle.ue4.audi.tt,0.0,0.0,0.22669526399734197,15.625554544111907,34.37444545588809,3.3354000497013203,0.0,4.271869411824882,28.372362016058158,8.3385,True,COLLISION with vehicle.ue4.audi.tt,0.0,0.0,0.0,freeze,latency_comp,21930030,oracle,16
proposed_enhanced_d16f,proposed_enhanced,16,50.0,0.85,25.0,20.0,False,vehicle.ue4.audi.tt,0.0,0.0,0.4764844220198745,28.15188551266517,21.84811448733483,3.3354000497013203,0.0,3.865282874010147,13.538625552171883,8.3385,True,COLLISION with vehicle.ue4.audi.tt,0.0,0.0,0.0,freeze,latency_comp,21930031,oracle,16
proposed_enhanced_d16f,proposed_enhanced,16,50.0,0.85,30.0,20.0,False,vehicle.ue4.audi.tt,0.0,0.0,0.0,24.018738752850343,25.981261247149657,0.0,0.0,3.8575043806949636,0.0,8.3385,True,COLLISION with vehicle.ue4.audi.tt,0.0,0.0,0.0,freeze,latency_comp,21930032,oracle,16
proposed_enhanced_d16f,proposed_enhanced,16,50.0,0.85,35.0,20.0,False,vehicle.ue4.audi.tt,0.0,0.0,0.23466616973257784,25.857479652244365,24.142520347755635,3.3354000497013203,0.0,3.802851424170631,29.418464634282714,8.3385,True,COLLISION with vehicle.ue4.audi.tt,0.0,0.0,0.0,freeze,latency_comp,21930033,oracle,16
proposed_enhanced_d16f,proposed_enhanced,16,50.0,0.85,40.0,20.0,False,vehicle.ue4.audi.tt,0.0,0.0,0.5346896493823692,28.166776112230473,21.833223887769527,3.3354000497013203,0.0,3.8476985634508343,12.912897438969798,8.3385,True,COLLISION with vehicle.ue4.audi.tt,0.0,0.0,0.0,freeze,latency_comp,21930034,oracle,16
proposed_enhanced_d16f,proposed_enhanced,16,50.0,0.4,20.0,20.0,False,vehicle.ue4.audi.tt,0.0,0.0,0.22598779016200787,15.946431550118604,34.053568449881396,3.9239999999999853,0.0,4.26763365566448,28.452899401008125,3.9240000000000004,True,COLLISION with vehicle.ue4.audi.tt,0.0,0.0,0.0,freeze,latency_comp,21930035,oracle,16
proposed_enhanced_d16f,proposed_enhanced,16,50.0,0.4,25.0,20.0,False,vehicle.ue4.audi.tt,0.0,0.0,0.575670512288383,28.870440321593588,21.129559678406412,3.9239999999999853,0.0,3.8334311476073055,11.184235974815952,3.9240000000000004,True,COLLISION with vehicle.ue4.audi.tt,0.0,0.0,0.0,freeze,latency_comp,21930036,oracle,16
proposed_enhanced_d16f,proposed_enhanced,16,50.0,0.4,30.0,20.0,False,vehicle.ue4.audi.tt,0.0,0.0,0.9029391342165495,32.594881581297805,17.405118418702195,3.9239999999999853,0.0,3.8457479843346247,7.206988411871463,3.9240000000000004,True,COLLISION with vehicle.ue4.audi.tt,0.0,0.0,0.0,freeze,latency_comp,21930037,oracle,16
proposed_enhanced_d16f,proposed_enhanced,16,50.0,0.4,35.0,20.0,False,vehicle.ue4.audi.tt,0.0,0.0,1.2882905605453947,34.557419135066525,15.442580864933477,3.9239999999999853,0.0,3.8262874224642323,5.104790338072999,3.9240000000000004,True,COLLISION with vehicle.ue4.audi.tt,0.0,0.0,0.0,freeze,latency_comp,21930038,oracle,16
proposed_enhanced_d16f,proposed_enhanced,16,50.0,0.4,40.0,20.0,False,vehicle.ue4.audi.tt,0.0,0.0,1.6300219667687463,34.92920732107028,15.070792678929717,3.924000000000003,0.0,3.842780970459908,4.0624185090574425,3.9240000000000004,True,COLLISION with vehicle.ue4.audi.tt,0.0,0.0,0.0,freeze,latency_comp,21930039,oracle,16
proposed_enhanced_d16f,proposed_enhanced,16,60.0,0.85,20.0,20.0,False,vehicle.ue4.audi.tt,0.0,0.0,0.08498224524755651,6.282499518313621,53.71750048168638,8.338499999999982,0.0,3.649070621716775,50.0,8.3385,True,COLLISION with vehicle.ue4.audi.tt,0.0,0.0,0.0,freeze,latency_comp,21930040,oracle,16
proposed_enhanced_d16f,proposed_enhanced,16,60.0,0.85,25.0,20.0,False,vehicle.ue4.audi.tt,0.0,0.0,0.3293659773653853,24.870453630472838,35.12954636952716,8.338499999999982,0.0,3.944377176052327,23.867909699161363,8.3385,True,COLLISION with vehicle.ue4.audi.tt,0.0,0.0,0.0,freeze,latency_comp,21930041,oracle,16
proposed_enhanced_d16f,proposed_enhanced,16,60.0,0.85,30.0,20.0,False,vehicle.ue4.audi.tt,0.0,0.0,0.6509930728497563,34.61338470424063,25.386615295759366,8.338499999999982,0.0,3.8710478367843644,12.124558411722308,8.3385,True,COLLISION with vehicle.ue4.audi.tt,0.0,0.0,0.0,freeze,latency_comp,21930042,oracle,16
proposed_enhanced_d16f,proposed_enhanced,16,60.0,0.85,35.0,20.0,False,vehicle.ue4.audi.tt,0.0,0.0,0.7426761684340678,34.519234173894674,25.480765826105323,3.3354000497013203,0.0,3.8473113962597614,10.759767951214945,8.3385,True,COLLISION with vehicle.ue4.audi.tt,0.0,0.0,0.0,freeze,latency_comp,21930043,oracle,16
proposed_enhanced_d16f,proposed_enhanced,16,60.0,0.85,40.0,20.0,False,vehicle.ue4.audi.tt,0.0,0.0,0.1617466739408334,32.4062733456791,27.5937266543209,8.338499999999982,0.0,3.8700397112847846,50.0,8.3385,True,COLLISION with vehicle.ue4.audi.tt,0.0,0.0,0.0,freeze,latency_comp,21930044,oracle,16
proposed_enhanced_d16f,proposed_enhanced,16,60.0,0.4,20.0,20.0,False,vehicle.ue4.audi.tt,0.0,0.0,0.08498652604253443,4.908517510497688,55.09148248950231,3.924000000000021,0.0,3.633198957736103,50.0,3.9240000000000004,True,COLLISION with vehicle.ue4.audi.tt,0.0,0.0,0.0,freeze,latency_comp,21930045,oracle,16
proposed_enhanced_d16f,proposed_enhanced,16,60.0,0.4,25.0,20.0,False,vehicle.ue4.audi.tt,0.0,0.0,0.3293398832098818,23.69292484406327,36.30707515593673,3.924000000000021,0.0,3.941950472733798,23.86853858917589,3.9240000000000004,True,COLLISION with vehicle.ue4.audi.tt,0.0,0.0,0.0,freeze,latency_comp,21930046,oracle,16
proposed_enhanced_d16f,proposed_enhanced,16,60.0,0.4,30.0,20.0,False,vehicle.ue4.audi.tt,0.0,0.0,0.6509979159057065,34.85690465504034,25.143095344959658,3.924000000000021,0.0,3.8587883563492396,12.124440880867857,3.9240000000000004,True,COLLISION with vehicle.ue4.audi.tt,0.0,0.0,0.0,freeze,latency_comp,21930047,oracle,16
proposed_enhanced_d16f,proposed_enhanced,16,60.0,0.4,35.0,20.0,False,vehicle.ue4.audi.tt,0.0,0.0,0.9379485006315742,37.89574791047937,22.10425208952063,3.924000000000021,0.0,3.8641492643964512,8.47349706313866,3.9240000000000004,True,COLLISION with vehicle.ue4.audi.tt,0.0,0.0,0.0,freeze,latency_comp,21930048,oracle,16
proposed_enhanced_d16f,proposed_enhanced,16,60.0,0.4,40.0,20.0,False,vehicle.ue4.audi.tt,0.0,0.0,1.2294500151232308,41.24035097152543,18.759649028474573,3.924000000000021,0.0,3.8665482908121986,6.501331276037473,3.9240000000000004,True,COLLISION with vehicle.ue4.audi.tt,0.0,0.0,0.0,freeze,latency_comp,21930049,oracle,16
enhanced_predictive_d0f,enhanced_predictive,0,20.0,0.85,20.0,20.0,True,,0.21530107777467,10.885593445560641,0.50221593900524,20.0,0.0,8.3385,2.5582046508789062,3.889392908801973,5.462576504708151,8.3385,True,AVOIDED,0.0,0.0,0.0,freeze,latency_comp,23330000,oracle,0
enhanced_predictive_d0f,enhanced_predictive,0,20.0,0.85,25.0,20.0,True,,0.2162533646684044,10.888755969504496,0.5028584719653698,20.0,0.0,8.3385,2.557849884033203,3.8903366072683605,5.460013796355304,8.3385,True,AVOIDED,0.0,0.0,0.0,freeze,latency_comp,23330001,oracle,0
enhanced_predictive_d0f,enhanced_predictive,0,20.0,0.85,30.0,20.0,True,,0.2152972418935457,10.885593445560641,0.50221593900524,20.0,0.0,8.3385,2.5582046508789062,3.8893890729190055,5.462576504708151,8.3385,True,AVOIDED,0.0,0.0,0.0,freeze,latency_comp,23330002,oracle,0
enhanced_predictive_d0f,enhanced_predictive,0,20.0,0.85,35.0,20.0,True,,0.2162533646684044,10.888755969504496,0.5028584719653698,20.0,0.0,8.3385,2.557849884033203,3.8903366072683605,5.460013796355304,8.3385,True,AVOIDED,0.0,0.0,0.0,freeze,latency_comp,23330003,oracle,0
enhanced_predictive_d0f,enhanced_predictive,0,20.0,0.85,40.0,20.0,True,,0.2148764619256256,0.0,0.5025957240448105,20.0,0.0,8.3385,2.5577735900878906,3.888959780679712,5.462404493740978,8.3385,True,AVOIDED,0.0,0.0,0.0,freeze,latency_comp,23330004,oracle,0
enhanced_predictive_d0f,enhanced_predictive,0,20.0,0.4,20.0,20.0,True,,0.22617499072165792,3.3241366557309386,1.1546205321726486,20.0,0.0,3.924000000000003,6.129234313964844,3.900479178019479,2.383266193579067,3.9240000000000004,True,AVOIDED,0.0,0.0,0.0,freeze,latency_comp,23330005,oracle,0
enhanced_predictive_d0f,enhanced_predictive,0,20.0,0.4,25.0,20.0,True,,0.22589060622131774,3.3242103630855198,1.1541059223554937,20.0,0.0,3.924000000000003,6.128807067871094,3.900194793519139,2.3833850196249022,3.9240000000000004,True,AVOIDED,0.0,0.0,0.0,freeze,latency_comp,23330006,oracle,0
enhanced_predictive_d0f,enhanced_predictive,0,20.0,0.4,30.0,20.0,True,,0.22617499072165792,3.3241366557309386,1.1546205321726486,20.0,0.0,3.924000000000003,6.129234313964844,3.900479178019479,2.383266193579067,3.9240000000000004,True,AVOIDED,0.0,0.0,0.0,freeze,latency_comp,23330007,oracle,0
enhanced_predictive_d0f,enhanced_predictive,0,20.0,0.4,35.0,20.0,True,,0.22589060622131774,3.3242103630855198,1.1541059223554937,20.0,0.0,3.924000000000003,6.128807067871094,3.900194793519139,2.3833850196249022,3.9240000000000004,True,AVOIDED,0.0,0.0,0.0,freeze,latency_comp,23330008,oracle,0
enhanced_predictive_d0f,enhanced_predictive,0,20.0,0.4,40.0,20.0,True,,0.22617878446938056,3.3241366557309386,1.1546212236387472,20.0,0.0,3.924000000000003,6.129234313964844,3.9004829717672016,2.383264764580292,3.9240000000000004,True,AVOIDED,0.0,0.0,0.0,freeze,latency_comp,23330009,oracle,0
enhanced_predictive_d0f,enhanced_predictive,0,30.0,0.85,20.0,20.0,True,,0.4482490142761577,8.775172920364815,0.5363649016095646,30.0,0.0,8.3385,4.346763610839844,4.122553201573979,6.9185551592001575,8.3385,True,AVOIDED,0.0,0.0,0.0,freeze,latency_comp,23330010,oracle,0
enhanced_predictive_d0f,enhanced_predictive,0,30.0,0.85,25.0,20.0,True,,0.36968982288624375,0.0,0.779912875769999,30.0,0.0,8.3385,6.079578399658203,4.0437692103415985,5.305043583440441,8.3385,True,AVOIDED,0.0,0.0,0.0,freeze,latency_comp,23330011,oracle,0
enhanced_predictive_d0f,enhanced_predictive,0,30.0,0.85,30.0,20.0,True,,0.3699232719256562,9.062061467275186,0.7792487672891447,30.0,0.0,8.3385,6.080097198486328,4.044067435680054,5.305347869072875,8.3385,True,AVOIDED,0.0,0.0,0.0,freeze,latency_comp,23330012,oracle,0
enhanced_predictive_d0f,enhanced_predictive,0,30.0,0.85,35.0,20.0,True,,0.37025006969740293,9.063808936728469,0.7784639980820746,30.0,0.0,8.3385,6.079704284667969,4.044447663205551,5.305281323157405,8.3385,True,AVOIDED,0.0,0.0,0.0,freeze,latency_comp,23330013,oracle,0
enhanced_predictive_d0f,enhanced_predictive,0,30.0,0.85,40.0,20.0,True,,0.36992705430331885,9.062061467275186,0.7792492261144797,30.0,0.0,8.3385,6.080097198486328,4.044071218056367,5.305344739008538,8.3385,True,AVOIDED,0.0,0.0,0.0,freeze,latency_comp,23330014,oracle,0
enhanced_predictive_d0f,enhanced_predictive,0,30.0,0.4,20.0,20.0,True,,0.37153674755455146,4.2007117416867015,1.4363360481667833,30.0,0.0,3.924000000000003,12.284683227539062,4.0458409348523725,2.43371517620615,3.9240000000000004,True,AVOIDED,0.0,0.0,0.0,freeze,latency_comp,23330015,oracle,0
enhanced_predictive_d0f,enhanced_predictive,0,30.0,0.4,25.0,20.0,True,,1.0073055749161766,4.0639557092327,1.1524483666416514,30.0,0.0,3.924000000000003,9.165351867675781,4.6814649237391235,3.3316693273856473,3.9240000000000004,True,AVOIDED,0.0,0.0,0.0,freeze,latency_comp,23330016,oracle,0
enhanced_predictive_d0f,enhanced_predictive,0,30.0,0.4,30.0,20.0,True,,0.6356304906936039,3.50557374243105,1.67619741471883,30.0,0.0,3.924000000000003,13.675102233886719,4.309934677991425,2.387381215483162,3.9240000000000004,True,AVOIDED,0.0,0.0,0.0,freeze,latency_comp,23330017,oracle,0
enhanced_predictive_d0f,enhanced_predictive,0,30.0,0.4,35.0,20.0,True,,0.6357928535057873,3.5057601968077434,1.7290123609883672,30.0,0.0,3.924000000000003,13.67474365234375,4.310097040803608,2.3901463996959005,3.9240000000000004,True,AVOIDED,0.0,0.0,0.0,freeze,latency_comp,23330018,oracle,0
enhanced_predictive_d0f,enhanced_predictive,0,30.0,0.4,40.0,20.0,True,,0.6356380848822489,3.50557374243105,1.7308080242482524,30.0,0.0,3.924000000000003,13.675102233886719,4.30994227218007,2.390125282715792,3.9240000000000004,True,AVOIDED,0.0,0.0,0.0,freeze,latency_comp,23330019,oracle,0
enhanced_predictive_d0f,enhanced_predictive,0,40.0,0.85,20.0,20.0,False,vehicle.ue4.audi.tt,0.0,0.0,0.1501102073874885,20.694892677663113,19.305107322336887,8.338499999999982,0.0,3.8819999398502856,33.28535665424344,8.3385,True,COLLISION with vehicle.ue4.audi.tt,0.0,0.0,0.0,freeze,latency_comp,23330020,oracle,0
enhanced_predictive_d0f,enhanced_predictive,0,40.0,0.85,25.0,20.0,False,vehicle.ue4.audi.tt,0.0,8.62440697473196,0.6149612830747088,39.399104871108065,0.6008951288919321,8.3385,0.0,3.8158108518826235,8.417455933979024,8.3385,True,COLLISION with vehicle.ue4.audi.tt,0.0,0.0,0.0,freeze,latency_comp,23330021,oracle,0
enhanced_predictive_d0f,enhanced_predictive,0,40.0,0.85,30.0,20.0,True,,0.4810580141458134,7.464815042622891,1.0491368030451966,40.0,0.0,8.3385,11.604576110839844,4.155362201443634,5.008331380756813,8.3385,True,AVOIDED,0.0,0.0,0.0,freeze,latency_comp,23330022,oracle,0
enhanced_predictive_d0f,enhanced_predictive,0,40.0,0.85,35.0,20.0,True,,0.4823449403429292,7.464558147678174,1.0933288826888092,40.0,0.0,8.3385,11.604576110839844,4.15664912764075,5.042133668901332,8.3385,True,AVOIDED,0.0,0.0,0.0,freeze,latency_comp,23330023,oracle,0
enhanced_predictive_d0f,enhanced_predictive,0,40.0,0.85,40.0,20.0,True,,0.4810617902742651,7.464815042622891,1.0934367949226678,40.0,0.0,8.3385,11.604576110839844,4.155365977572086,5.042284615387712,8.3385,True,AVOIDED,0.0,0.0,0.0,freeze,latency_comp,23330024,oracle,0
enhanced_predictive_d0f,enhanced_predictive,0,40.0,0.4,20.0,20.0,False,vehicle.ue4.audi.tt,0.0,0.0,1.2518607036226785,33.08860290601171,6.911397093988291,3.924000000000003,0.0,3.820263313116803,3.9603839026224663,3.9240000000000004,True,COLLISION with vehicle.ue4.audi.tt,0.0,0.0,0.0,freeze,latency_comp,23330025,oracle,0
enhanced_predictive_d0f,enhanced_predictive,0,40.0,0.4,25.0,20.0,True,,0.959654028780565,4.035941230617559,1.6838269796147827,40.0,0.0,3.924000000000003,18.301773071289062,4.633958216078386,2.9670315408161603,3.9240000000000004,True,AVOIDED,0.0,0.0,0.0,freeze,latency_comp,23330026,oracle,0
enhanced_predictive_d0f,enhanced_predictive,0,40.0,0.4,30.0,20.0,True,,1.068782799805252,4.002095125831429,2.0880054026910475,40.0,0.0,3.924000000000003,23.160781860351562,4.743086987103073,2.4097439560587066,3.9240000000000004,True,AVOIDED,0.0,0.0,0.0,freeze,latency_comp,23330027,oracle,0
enhanced_predictive_d0f,enhanced_predictive,0,40.0,0.4,35.0,20.0,True,,1.4947955446336891,4.06738792333732,1.5397127114380706,40.0,0.0,3.924000000000003,16.109716415405273,5.169084438389189,3.4490762113198645,3.9240000000000004,True,AVOIDED,0.0,0.0,0.0,freeze,latency_comp,23330028,oracle,0
enhanced_predictive_d0f,enhanced_predictive,0,40.0,0.4,40.0,20.0,True,,1.3344178746672473,4.036013133195462,1.9882779080849502,40.0,0.0,3.924000000000003,21.239639282226562,5.008722061965068,2.692462526255323,3.9240000000000004,True,AVOIDED,0.0,0.0,0.0,freeze,latency_comp,23330029,oracle,0
enhanced_predictive_d0f,enhanced_predictive,0,50.0,0.85,20.0,20.0,False,vehicle.ue4.audi.tt,0.0,9.179577207985744,1.0283507624270962,45.69731151052262,4.302688489477385,8.3385,0.0,3.8129846952657265,6.251445427884491,8.3385,True,COLLISION with vehicle.ue4.audi.tt,0.0,0.0,0.0,freeze,latency_comp,23330030,oracle,0
enhanced_predictive_d0f,enhanced_predictive,0,50.0,0.85,25.0,20.0,True,,0.45046258479036094,8.259250118162122,1.2728104921688268,50.0,0.0,8.338500000000018,17.28561782836914,4.124538065949098,5.040610907566165,8.3385,True,AVOIDED,0.0,0.0,0.0,freeze,latency_comp,23330031,oracle,0
enhanced_predictive_d0f,enhanced_predictive,0,50.0,0.85,30.0,20.0,False,vehicle.ue4.audi.tt,0.0,0.0,0.613945021705189,38.19292828846796,11.807071711532037,8.338500000000018,0.0,3.8331226666580007,10.750528962788541,8.3385,True,COLLISION with vehicle.ue4.audi.tt,0.0,0.0,0.0,freeze,latency_comp,23330032,oracle,0
enhanced_predictive_d0f,enhanced_predictive,0,50.0,0.85,35.0,20.0,True,,1.282818156992799,9.046357090180177,1.0049640659373305,50.0,0.0,8.338500000000018,13.001171112060547,4.95712234429062,6.639201261619354,8.3385,True,AVOIDED,0.0,0.0,0.0,freeze,latency_comp,23330033,oracle,0
enhanced_predictive_d0f,enhanced_predictive,0,50.0,0.85,40.0,20.0,True,,0.8168186771658936,7.887537014781814,1.305084581052742,50.0,0.0,8.338500000000018,17.609844207763672,4.490871909313803,5.16126828009213,8.3385,True,AVOIDED,0.0,0.0,0.0,freeze,latency_comp,23330034,oracle,0
enhanced_predictive_d0f,enhanced_predictive,0,50.0,0.4,20.0,20.0,False,vehicle.ue4.audi.tt,0.0,0.0,1.0283095496803998,30.89710919269787,19.10289080730213,3.9239999999999853,0.0,3.931804011362903,6.252550149773482,3.9240000000000004,True,COLLISION with vehicle.ue4.audi.tt,0.0,0.0,0.0,freeze,latency_comp,23330035,oracle,0
enhanced_predictive_d0f,enhanced_predictive,0,50.0,0.4,25.0,20.0,False,vehicle.ue4.audi.tt,0.0,0.0,1.3757714410760646,38.284630803562635,11.715369196437361,3.924000000000003,0.0,3.8306870204546173,4.6734300445331325,3.9240000000000004,True,COLLISION with vehicle.ue4.audi.tt,0.0,0.0,0.0,freeze,latency_comp,23330036,oracle,0
enhanced_predictive_d0f,enhanced_predictive,0,50.0,0.4,30.0,20.0,True,,0.17951965028795547,4.043905941500906,1.693193044708282,50.0,0.0,3.924000000000003,23.768539428710938,3.8538238375857765,3.810387753672799,3.9240000000000004,True,AVOIDED,0.0,0.0,0.0,freeze,latency_comp,23330037,oracle,0
enhanced_predictive_d0f,enhanced_predictive,0,50.0,0.4,35.0,20.0,True,,2.0889202753311755,3.9921376942202413,2.0676783353048585,50.0,0.0,3.924000000000003,27.380136489868164,5.763090991476515,3.138659343808589,3.9240000000000004,True,AVOIDED,0.0,0.0,0.0,freeze,latency_comp,23330038,oracle,0
enhanced_predictive_d0f,enhanced_predictive,0,50.0,0.4,40.0,20.0,True,,2.0421813354331375,4.0181403790707355,2.4010143280389222,50.0,0.0,3.924000000000003,32.258137702941895,5.716485522730959,2.716103077871017,3.9240000000000004,True,AVOIDED,0.0,0.0,0.0,freeze,latency_comp,23330039,oracle,0
enhanced_predictive_d0f,enhanced_predictive,0,60.0,0.85,20.0,20.0,False,vehicle.ue4.audi.tt,0.0,0.0,0.8715222210920067,44.84740935167251,15.152590648327486,8.3385,0.0,3.8926817520277406,9.086393451542861,8.3385,True,COLLISION with vehicle.ue4.audi.tt,0.0,0.0,0.0,freeze,latency_comp,23330040,oracle,0
enhanced_predictive_d0f,enhanced_predictive,0,60.0,0.85,25.0,20.0,True,,0.5394924928235163,8.499512357079121,1.1321023594448238,60.0,0.0,8.3385,17.8830509185791,4.213796680121337,6.9582527156196,8.3385,True,AVOIDED,0.0,0.0,0.0,freeze,latency_comp,23330041,oracle,0
enhanced_predictive_d0f,enhanced_predictive,0,60.0,0.85,30.0,20.0,True,,0.9990036265194631,8.958729680127387,1.450181401363242,60.0,0.0,8.3385,23.221839904785156,4.673128729056905,5.434061926855033,8.3385,True,AVOIDED,0.0,0.0,0.0,freeze,latency_comp,23330042,oracle,0
enhanced_predictive_d0f,enhanced_predictive,0,60.0,0.85,35.0,20.0,True,,1.037472034860916,8.210602880240085,1.5297888343786956,60.0,0.0,8.3385,24.8402042388916,4.71160087264355,5.160787367370734,8.3385,True,AVOIDED,0.0,0.0,0.0,freeze,latency_comp,23330043,oracle,0
enhanced_predictive_d0f,enhanced_predictive,0,60.0,0.85,40.0,20.0,False,vehicle.ue4.audi.tt,0.0,8.76915442590436,0.9409190833451215,57.005421690817684,2.994578309182313,8.3385,0.0,3.812551458609789,8.58376355436793,8.3385,True,COLLISION with vehicle.ue4.audi.tt,0.0,0.0,0.0,freeze,latency_comp,23330044,oracle,0
enhanced_predictive_d0f,enhanced_predictive,0,60.0,0.4,20.0,20.0,False,vehicle.ue4.audi.tt,0.0,0.0,0.8715254526935651,23.42066973115253,36.57933026884747,3.924000000000021,0.0,4.306487111253795,9.086313642403866,3.9240000000000004,True,COLLISION with vehicle.ue4.audi.tt,0.0,0.0,0.0,freeze,latency_comp,23330045,oracle,0
enhanced_predictive_d0f,enhanced_predictive,0,60.0,0.4,25.0,20.0,False,vehicle.ue4.audi.tt,0.0,0.0,1.1320984504324096,38.97266202140629,21.027337978593703,3.924000000000021,0.0,3.8361552806586485,6.958298042137608,3.9240000000000004,True,COLLISION with vehicle.ue4.audi.tt,0.0,0.0,0.0,freeze,latency_comp,23330046,oracle,0
enhanced_predictive_d0f,enhanced_predictive,0,60.0,0.4,30.0,20.0,False,vehicle.ue4.audi.tt,0.0,0.0,1.450180316163522,43.5424292271081,16.4575707728919,3.924000000000021,0.0,3.8264777487467945,5.434038122471865,3.9240000000000004,True,COLLISION with vehicle.ue4.audi.tt,0.0,0.0,0.0,freeze,latency_comp,23330047,oracle,0
enhanced_predictive_d0f,enhanced_predictive,0,60.0,0.4,35.0,20.0,False,vehicle.ue4.audi.tt,0.0,0.0,1.7309820417473594,47.550827681529086,12.449172318470913,3.924000000000021,0.0,3.8217315018061844,4.564112807088881,3.9240000000000004,True,COLLISION with vehicle.ue4.audi.tt,0.0,0.0,0.0,freeze,latency_comp,23330048,oracle,0
enhanced_predictive_d0f,enhanced_predictive,0,60.0,0.4,40.0,20.0,False,vehicle.ue4.audi.tt,0.0,4.065042883689418,2.016186606957437,56.80056542842427,3.1994345715757304,3.924000000000021,0.0,3.814060065192188,3.9298737880746435,3.9240000000000004,True,COLLISION with vehicle.ue4.audi.tt,0.0,0.0,0.0,freeze,latency_comp,23330049,oracle,0
enhanced_predictive_d4f,enhanced_predictive,4,20.0,0.85,20.0,20.0,True,,0.21530107777467,10.885593445560641,0.50221593900524,20.0,0.0,8.3385,2.5582046508789062,3.889392908801973,5.462576504708151,8.3385,True,AVOIDED,0.0,0.0,0.0,freeze,latency_comp,23370000,oracle,4
enhanced_predictive_d4f,enhanced_predictive,4,20.0,0.85,25.0,20.0,True,,0.2162533646684044,10.888755969504496,0.5028584719653698,20.0,0.0,8.3385,2.557849884033203,3.8903366072683605,5.460013796355304,8.3385,True,AVOIDED,0.0,0.0,0.0,freeze,latency_comp,23370001,oracle,4
enhanced_predictive_d4f,enhanced_predictive,4,20.0,0.85,30.0,20.0,True,,0.2152972418935457,10.885593445560641,0.50221593900524,20.0,0.0,8.3385,2.5582046508789062,3.8893890729190055,5.462576504708151,8.3385,True,AVOIDED,0.0,0.0,0.0,freeze,latency_comp,23370002,oracle,4
enhanced_predictive_d4f,enhanced_predictive,4,20.0,0.85,35.0,20.0,True,,0.2162533646684044,10.888755969504496,0.5028584719653698,20.0,0.0,8.3385,2.557849884033203,3.8903366072683605,5.460013796355304,8.3385,True,AVOIDED,0.0,0.0,0.0,freeze,latency_comp,23370003,oracle,4
enhanced_predictive_d4f,enhanced_predictive,4,20.0,0.85,40.0,20.0,True,,0.21530103643251586,10.885593445560641,0.5022159368769763,20.0,0.0,8.3385,2.5582046508789062,3.889392867454668,5.46257652108908,8.3385,True,AVOIDED,0.0,0.0,0.0,freeze,latency_comp,23370004,oracle,4
enhanced_predictive_d4f,enhanced_predictive,4,20.0,0.4,20.0,20.0,True,,0.34942286037880077,3.4819146158563608,1.1546205321726486,20.0,0.0,3.924000000000003,6.006122589111328,4.023727047676622,2.383266193579067,3.9240000000000004,True,AVOIDED,0.0,0.0,0.0,freeze,latency_comp,23370005,oracle,4
enhanced_predictive_d4f,enhanced_predictive,4,20.0,0.4,25.0,20.0,True,,0.34915750185083194,3.481995486290902,1.1541059223554937,20.0,0.0,3.924000000000003,6.005695343017578,4.023461689148653,2.3833850196249022,3.9240000000000004,True,AVOIDED,0.0,0.0,0.0,freeze,latency_comp,23370006,oracle,4
enhanced_predictive_d4f,enhanced_predictive,4,20.0,0.4,30.0,20.0,True,,0.34942286037880077,3.4819146158563608,1.1546205321726486,20.0,0.0,3.924000000000003,6.006122589111328,4.023727047676622,2.383266193579067,3.9240000000000004,True,AVOIDED,0.0,0.0,0.0,freeze,latency_comp,23370007,oracle,4
enhanced_predictive_d4f,enhanced_predictive,4,20.0,0.4,35.0,20.0,True,,0.34915750185083194,3.481995486290902,1.1541059223554937,20.0,0.0,3.924000000000003,6.005695343017578,4.023461689148653,2.3833850196249022,3.9240000000000004,True,AVOIDED,0.0,0.0,0.0,freeze,latency_comp,23370008,oracle,4
enhanced_predictive_d4f,enhanced_predictive,4,20.0,0.4,40.0,20.0,True,,0.3494266549746303,3.4819146158563608,1.1546212236387472,20.0,0.0,3.924000000000003,6.006122589111328,4.023730842272451,2.383264764580292,3.9240000000000004,True,AVOIDED,0.0,0.0,0.0,freeze,latency_comp,23370009,oracle,4
enhanced_predictive_d4f,enhanced_predictive,4,30.0,0.85,20.0,20.0,False,vehicle.ue4.audi.tt,0.0,0.0,0.3602305025858375,22.94092181384575,7.059078186154248,8.3385,0.0,3.8192211049661604,10.846931890636263,8.3385,True,COLLISION with vehicle.ue4.audi.tt,0.0,0.0,0.0,freeze,latency_comp,23370010,oracle,4
enhanced_predictive_d4f,enhanced_predictive,4,30.0,0.85,25.0,20.0,True,,0.4031592536820945,7.780764372175192,0.830085204978121,30.0,0.0,8.3385,6.460865020751953,4.0774634409799155,4.984353453698729,8.3385,True,AVOIDED,0.0,0.0,0.0,freeze,latency_comp,23370011,oracle,4
enhanced_predictive_d4f,enhanced_predictive,4,30.0,0.85,30.0,20.0,True,,0.3699232719256562,9.062061467275186,0.7792487672891447,30.0,0.0,8.3385,6.080097198486328,4.044067435680054,5.305347869072875,8.3385,True,AVOIDED,0.0,0.0,0.0,freeze,latency_comp,23370012,oracle,4
enhanced_predictive_d4f,enhanced_predictive,4,30.0,0.85,35.0,20.0,True,,0.37025006969740293,9.063808936728469,0.7784639980820746,30.0,0.0,8.3385,6.079704284667969,4.044447663205551,5.305281323157405,8.3385,True,AVOIDED,0.0,0.0,0.0,freeze,latency_comp,23370013,oracle,4
enhanced_predictive_d4f,enhanced_predictive,4,30.0,0.85,40.0,20.0,True,,0.36992705430331885,9.062061467275186,0.7792492261144797,30.0,0.0,8.3385,6.080097198486328,4.044071218056367,5.305344739008538,8.3385,True,AVOIDED,0.0,0.0,0.0,freeze,latency_comp,23370014,oracle,4
enhanced_predictive_d4f,enhanced_predictive,4,30.0,0.4,20.0,20.0,True,,0.373139070716066,4.019362245863514,1.3854859055946107,30.0,0.0,3.924000000000003,11.869022369384766,4.047443258013887,2.5219207960661274,3.9240000000000004,True,AVOIDED,0.0,0.0,0.0,freeze,latency_comp,23370015,oracle,4
enhanced_predictive_d4f,enhanced_predictive,4,30.0,0.4,25.0,20.0,False,vehicle.ue4.audi.tt,0.0,4.020244240493949,0.9958098029143205,29.165185552790476,0.834814447209526,3.924000000000003,0.0,3.8094543444280373,4.011785511957171,3.9240000000000004,True,COLLISION with vehicle.ue4.audi.tt,0.0,0.0,0.0,freeze,latency_comp,23370016,oracle,4
enhanced_predictive_d4f,enhanced_predictive,4,30.0,0.4,30.0,20.0,True,,0.6076190080316559,3.7317929969010186,1.6376998921106063,30.0,0.0,3.924000000000003,13.289115905761719,4.281923195329477,2.4606369855749106,3.9240000000000004,True,AVOIDED,0.0,0.0,0.0,freeze,latency_comp,23370017,oracle,4
enhanced_predictive_d4f,enhanced_predictive,4,30.0,0.4,35.0,20.0,True,,0.6357928535057873,3.5057601968077434,1.7290123609883672,30.0,0.0,3.924000000000003,13.67474365234375,4.310097040803608,2.3901463996959005,3.9240000000000004,True,AVOIDED,0.0,0.0,0.0,freeze,latency_comp,23370018,oracle,4
enhanced_predictive_d4f,enhanced_predictive,4,30.0,0.4,40.0,20.0,True,,0.6356380848822489,3.50557374243105,1.7308080242482524,30.0,0.0,3.924000000000003,13.675102233886719,4.30994227218007,2.390125282715792,3.9240000000000004,True,AVOIDED,0.0,0.0,0.0,freeze,latency_comp,23370019,oracle,4
enhanced_predictive_d4f,enhanced_predictive,4,40.0,0.85,20.0,20.0,False,vehicle.ue4.audi.tt,0.0,8.934876766918954,0.9463604066686162,39.002340427138215,0.9976595728617823,8.338500000000018,0.0,3.813756627157435,5.218672041779499,8.3385,True,COLLISION with vehicle.ue4.audi.tt,0.0,0.0,0.0,freeze,latency_comp,23370020,oracle,4
enhanced_predictive_d4f,enhanced_predictive,4,40.0,0.85,25.0,20.0,False,vehicle.ue4.audi.tt,0.0,0.0,0.4314534600304656,28.50641204651218,11.493587953487818,8.338500000000018,0.0,3.833313468780505,12.376621174100213,8.3385,True,COLLISION with vehicle.ue4.audi.tt,0.0,0.0,0.0,freeze,latency_comp,23370021,oracle,4
enhanced_predictive_d4f,enhanced_predictive,4,40.0,0.85,30.0,20.0,True,,0.7159410634398577,9.345480061721661,0.8744985452733318,40.0,0.0,8.338500000000018,9.161537170410156,4.390020360307489,6.164842930542527,8.3385,True,AVOIDED,0.0,0.0,0.0,freeze,latency_comp,23370022,oracle,4
enhanced_predictive_d4f,enhanced_predictive,4,40.0,0.85,35.0,20.0,True,,0.7310510245419781,7.866876734938855,1.0933288826888092,40.0,0.0,8.338500000000018,11.355537414550781,4.405130418307995,5.042133668901332,8.3385,True,AVOIDED,0.0,0.0,0.0,freeze,latency_comp,23370023,oracle,4
enhanced_predictive_d4f,enhanced_predictive,4,40.0,0.85,40.0,20.0,True,,0.7296881697895987,7.866816028342706,1.0934367949226678,40.0,0.0,8.338500000000018,11.355693817138672,4.403771266000552,5.042284615387712,8.3385,True,AVOIDED,0.0,0.0,0.0,freeze,latency_comp,23370024,oracle,4
enhanced_predictive_d4f,enhanced_predictive,4,40.0,0.4,20.0,20.0,False,vehicle.ue4.audi.tt,0.0,0.0,1.046964954574268,29.402615634387985,10.597384365612015,3.924000000000003,0.0,3.824436355858704,4.717663290954602,3.9240000000000004,True,COLLISION with vehicle.ue4.audi.tt,0.0,0.0,0.0,freeze,latency_comp,23370025,oracle,4
enhanced_predictive_d4f,enhanced_predictive,4,40.0,0.4,25.0,20.0,True,,0.9471470684598442,4.068845722504335,1.4817608612526953,40.0,0.0,3.924000000000003,16.106367111206055,4.621420715165487,3.3682021659632118,3.9240000000000004,True,AVOIDED,0.0,0.0,0.0,freeze,latency_comp,23370026,oracle,4
enhanced_predictive_d4f,enhanced_predictive,4,40.0,0.4,30.0,20.0,True,,1.345832702227443,4.0677108867251865,1.8896233376098541,40.0,0.0,3.924000000000003,20.67559242248535,5.020121656306624,2.66486712172402,3.9240000000000004,True,AVOIDED,0.0,0.0,0.0,freeze,latency_comp,23370027,oracle,4
enhanced_predictive_d4f,enhanced_predictive,4,40.0,0.4,35.0,20.0,True,,1.1253670597710164,3.604705371329394,2.1708887483182764,40.0,0.0,3.924000000000003,24.207155227661133,4.7995301781779744,2.356590762637794,3.9240000000000004,True,AVOIDED,0.0,0.0,0.0,freeze,latency_comp,23370028,oracle,4
enhanced_predictive_d4f,enhanced_predictive,4,40.0,0.4,40.0,20.0,True,,1.4587747023885216,4.0032832451698575,1.8219743888460807,40.0,0.0,3.924000000000003,18.907228469848633,5.133078889686343,2.9904325390901367,3.9240000000000004,True,AVOIDED,0.0,0.0,0.0,freeze,latency_comp,23370029,oracle,4
enhanced_predictive_d4f,enhanced_predictive,4,50.0,0.85,20.0,20.0,False,vehicle.ue4.audi.tt,0.0,9.31594599350639,0.8251043737093288,45.95629399825039,4.043706001749614,8.3385,0.0,3.809823030731732,7.766762818940709,8.3385,True,COLLISION with vehicle.ue4.audi.tt,0.0,0.0,0.0,freeze,latency_comp,23370030,oracle,4
enhanced_predictive_d4f,enhanced_predictive,4,50.0,0.85,25.0,20.0,True,,0.7667900668663012,8.919969407292422,1.172875566223941,50.0,0.0,8.338500000000018,15.588506698608398,4.440865528577011,5.470597230148729,8.3385,True,AVOIDED,0.0,0.0,0.0,freeze,latency_comp,23370031,oracle,4
enhanced_predictive_d4f,enhanced_predictive,4,50.0,0.85,30.0,20.0,False,vehicle.ue4.audi.tt,0.0,0.0,0.4251128672409044,32.96494167938121,17.03505832061879,8.338499999999982,0.0,3.853127439879511,15.854709969273962,8.3385,True,COLLISION with vehicle.ue4.audi.tt,0.0,0.0,0.0,freeze,latency_comp,23370032,oracle,4
enhanced_predictive_d4f,enhanced_predictive,4,50.0,0.85,35.0,20.0,True,,0.518585667098856,9.046362227803,0.8215348332011302,50.0,0.0,8.338500000000018,11.005191802978516,4.192889854396677,8.266929885897758,8.3385,True,AVOIDED,0.0,0.0,0.0,freeze,latency_comp,23370033,oracle,4
enhanced_predictive_d4f,enhanced_predictive,4,50.0,0.85,40.0,20.0,True,,1.1207282644778358,8.60801865519043,1.1699266167697713,50.0,0.0,8.338500000000018,15.234893798828125,4.794857163887753,5.825799091023202,8.3385,True,AVOIDED,0.0,0.0,0.0,freeze,latency_comp,23370034,oracle,4
enhanced_predictive_d4f,enhanced_predictive,4,50.0,0.4,20.0,20.0,False,vehicle.ue4.audi.tt,0.0,0.0,0.8249089199307247,25.938487285660965,24.061512714339035,3.9239999999999853,0.0,3.9357549704739907,7.769280542248863,3.9240000000000004,True,COLLISION with vehicle.ue4.audi.tt,0.0,0.0,0.0,freeze,latency_comp,23370035,oracle,4
enhanced_predictive_d4f,enhanced_predictive,4,50.0,0.4,25.0,20.0,False,vehicle.ue4.audi.tt,0.0,0.0,1.1726620741646545,35.55065179781639,14.449348202183609,3.924000000000003,0.0,3.837152725295864,5.470290829535227,3.9240000000000004,True,COLLISION with vehicle.ue4.audi.tt,0.0,0.0,0.0,freeze,latency_comp,23370036,oracle,4
enhanced_predictive_d4f,enhanced_predictive,4,50.0,0.4,30.0,20.0,False,vehicle.ue4.audi.tt,0.0,0.0,1.4916298145059934,41.288130283152945,8.711869716847053,3.924000000000003,0.0,3.8237865128229553,4.321289169984538,3.9240000000000004,True,COLLISION with vehicle.ue4.audi.tt,0.0,0.0,0.0,freeze,latency_comp,23370037,oracle,4
enhanced_predictive_d4f,enhanced_predictive,4,50.0,0.4,35.0,20.0,True,,2.11897527325472,4.017900678005325,1.8680985585458059,50.0,0.0,3.924000000000003,24.589210510253906,5.793279460552541,3.4749540424911953,3.9240000000000004,True,AVOIDED,0.0,0.0,0.0,freeze,latency_comp,23370038,oracle,4
enhanced_predictive_d4f,enhanced_predictive,4,50.0,0.4,40.0,20.0,True,,2.2361017417927194,0.0,2.2030416200161556,50.0,0.0,3.924000000000003,29.30221176147461,5.9102686688925195,2.9631110768427487,3.9240000000000004,True,AVOIDED,0.0,0.0,0.0,freeze,latency_comp,23370039,oracle,4
enhanced_predictive_d4f,enhanced_predictive,4,60.0,0.85,20.0,20.0,False,vehicle.ue4.audi.tt,0.0,0.0,0.670785902381957,34.22910953234529,25.77089046765471,8.338499999999982,0.0,4.253234666754053,11.79884231501812,8.3385,True,COLLISION with vehicle.ue4.audi.tt,0.0,0.0,0.0,freeze,latency_comp,23370040,oracle,4
enhanced_predictive_d4f,enhanced_predictive,4,60.0,0.85,25.0,20.0,False,vehicle.ue4.audi.tt,0.0,0.0,0.9294034956742118,52.190497991760125,7.809502008239871,8.3385,0.0,3.824657886349898,8.455953702939368,8.3385,True,COLLISION with vehicle.ue4.audi.tt,0.0,0.0,0.0,freeze,latency_comp,23370041,oracle,4
enhanced_predictive_d4f,enhanced_predictive,4,60.0,0.85,30.0,20.0,True,,1.1608801513232265,8.853525974925764,1.2479717187943842,60.0,0.0,8.3385,19.74594497680664,4.835009061955777,6.304709176506745,8.3385,True,AVOIDED,0.0,0.0,0.0,freeze,latency_comp,23370042,oracle,4
enhanced_predictive_d4f,enhanced_predictive,4,60.0,0.85,35.0,20.0,True,,1.4372770855266843,8.498344057409467,1.5297888343786956,60.0,0.0,8.3385,24.440031051635742,5.111581272824505,5.160787367370734,8.3385,True,AVOIDED,0.0,0.0,0.0,freeze,latency_comp,23370043,oracle,4
enhanced_predictive_d4f,enhanced_predictive,4,60.0,0.85,40.0,20.0,False,vehicle.ue4.audi.tt,0.0,0.0,0.7521993952529648,45.280809773534486,14.719190226465512,8.3385,0.0,3.8190839221991464,10.877773157613753,8.3385,True,COLLISION with vehicle.ue4.audi.tt,0.0,0.0,0.0,freeze,latency_comp,23370044,oracle,4
enhanced_predictive_d4f,enhanced_predictive,4,60.0,0.4,20.0,20.0,False,vehicle.ue4.audi.tt,0.0,0.0,0.6707924490490013,16.435704488022743,43.56429551197726,3.924000000000021,0.0,3.872325855967398,11.798708468874347,3.9240000000000004,True,COLLISION with vehicle.ue4.audi.tt,0.0,0.0,0.0,freeze,latency_comp,23370045,oracle,4
enhanced_predictive_d4f,enhanced_predictive,4,60.0,0.4,25.0,20.0,False,vehicle.ue4.audi.tt,0.0,0.0,0.9293932185274408,35.322776757138996,24.677223242861004,3.924000000000021,0.0,3.8865615468931507,8.456025404959096,3.9240000000000004,True,COLLISION with vehicle.ue4.audi.tt,0.0,0.0,0.0,freeze,latency_comp,23370046,oracle,4
enhanced_predictive_d4f,enhanced_predictive,4,60.0,0.4,30.0,20.0,False,vehicle.ue4.audi.tt,0.0,0.0,1.24797716245846,41.23604889858497,18.763951101415028,3.924000000000021,0.0,3.8664679568922464,6.304676199433903,3.9240000000000004,True,COLLISION with vehicle.ue4.audi.tt,0.0,0.0,0.0,freeze,latency_comp,23370047,oracle,4
enhanced_predictive_d4f,enhanced_predictive,4,60.0,0.4,35.0,20.0,False,vehicle.ue4.audi.tt,0.0,0.0,1.5297743963589783,44.44149396304435,15.55850603695565,3.924000000000021,0.0,3.8167447150270206,5.160809466827104,3.9240000000000004,True,COLLISION with vehicle.ue4.audi.tt,0.0,0.0,0.0,freeze,latency_comp,23370048,oracle,4
enhanced_predictive_d4f,enhanced_predictive,4,60.0,0.4,40.0,20.0,False,vehicle.ue4.audi.tt,0.0,0.0,1.8161484633635292,49.7839515757192,10.2160484242808,3.924000000000021,0.0,3.826820466350778,4.362719119167426,3.9240000000000004,True,COLLISION with vehicle.ue4.audi.tt,0.0,0.0,0.0,freeze,latency_comp,23370049,oracle,4
enhanced_predictive_d8f,enhanced_predictive,8,20.0,0.85,20.0,20.0,True,,0.35420742942781125,10.049851427149354,0.50221593900524,20.0,0.0,8.3385,2.4194259643554688,4.028511616725632,5.462576504708151,8.3385,True,AVOIDED,0.0,0.0,0.0,freeze,latency_comp,23410000,oracle,8
enhanced_predictive_d8f,enhanced_predictive,8,20.0,0.85,25.0,20.0,True,,0.35518839224429843,10.053458966506732,0.5028584719653698,20.0,0.0,8.3385,2.419025421142578,4.0294925795421195,5.460013796355304,8.3385,True,AVOIDED,0.0,0.0,0.0,freeze,latency_comp,23410001,oracle,8
enhanced_predictive_d8f,enhanced_predictive,8,20.0,0.85,30.0,20.0,True,,0.35420742942781125,10.049851427149354,0.50221593900524,20.0,0.0,8.3385,2.4194259643554688,4.028511616725632,5.462576504708151,8.3385,True,AVOIDED,0.0,0.0,0.0,freeze,latency_comp,23410002,oracle,8
enhanced_predictive_d8f,enhanced_predictive,8,20.0,0.85,35.0,20.0,True,,0.35518839224429843,10.053458966506732,0.5028584719653698,20.0,0.0,8.3385,2.419025421142578,4.0294925795421195,5.460013796355304,8.3385,True,AVOIDED,0.0,0.0,0.0,freeze,latency_comp,23410003,oracle,8
enhanced_predictive_d8f,enhanced_predictive,8,20.0,0.85,40.0,20.0,True,,0.3542074161208806,10.049851427149354,0.5022159368769763,20.0,0.0,8.3385,2.4194259643554688,4.028511603418702,5.46257652108908,8.3385,True,AVOIDED,0.0,0.0,0.0,freeze,latency_comp,23410004,oracle,8
enhanced_predictive_d8f,enhanced_predictive,8,20.0,0.4,20.0,20.0,True,,0.4645745393081455,4.053191064517509,1.101925096401156,20.0,0.0,3.924000000000003,5.615013122558594,4.138734076117204,2.490761681243327,3.9240000000000004,True,AVOIDED,0.0,0.0,0.0,freeze,latency_comp,23410005,oracle,8
enhanced_predictive_d8f,enhanced_predictive,8,20.0,0.4,25.0,20.0,True,,0.4775125813635439,3.6339273224041113,1.1541059223554937,20.0,0.0,3.924000000000003,5.877143859863281,4.151767211625889,2.3833850196249022,3.9240000000000004,True,AVOIDED,0.0,0.0,0.0,freeze,latency_comp,23410006,oracle,8
enhanced_predictive_d8f,enhanced_predictive,8,20.0,0.4,30.0,20.0,True,,0.4777451760453095,3.6338236973858287,1.1546205321726486,20.0,0.0,3.924000000000003,5.877586364746094,4.152003725064738,2.383266193579067,3.9240000000000004,True,AVOIDED,0.0,0.0,0.0,freeze,latency_comp,23410007,oracle,8
enhanced_predictive_d8f,enhanced_predictive,8,20.0,0.4,35.0,20.0,True,,0.4763210451308453,0.0,1.154435047536636,20.0,0.0,3.924000000000003,5.877590179443359,4.150575714220674,2.3836807315279667,3.9240000000000004,True,AVOIDED,0.0,0.0,0.0,freeze,latency_comp,23410008,oracle,8
enhanced_predictive_d8f,enhanced_predictive,8,20.0,0.4,40.0,20.0,True,,0.47774897146565376,3.6338236973858287,1.1546212236387472,20.0,0.0,3.924000000000003,5.877586364746094,4.152007520484674,2.383264764580292,3.9240000000000004,True,AVOIDED,0.0,0.0,0.0,freeze,latency_comp,23410009,oracle,8
enhanced_predictive_d8f,enhanced_predictive,8,30.0,0.85,20.0,20.0,False,vehicle.ue4.audi.tt,0.0,0.0,0.1795806664776434,17.703643151740728,12.29635684825927,8.3385,0.0,3.8242933925860414,23.054667121802325,8.3385,True,COLLISION with vehicle.ue4.audi.tt,0.0,0.0,0.0,freeze,latency_comp,23410010,oracle,8
enhanced_predictive_d8f,enhanced_predictive,8,30.0,0.85,25.0,20.0,True,,0.5891322705905511,8.359268972132368,0.830085204978121,30.0,0.0,8.3385,6.274616241455078,4.26317734257264,4.984353453698729,8.3385,True,AVOIDED,0.0,0.0,0.0,freeze,latency_comp,23410011,oracle,8
enhanced_predictive_d8f,enhanced_predictive,8,30.0,0.85,30.0,20.0,True,,0.771353789259626,9.28572585215772,0.7792487672891447,30.0,0.0,8.3385,5.678112030029297,4.445437018394396,5.305347869072875,8.3385,True,AVOIDED,0.0,0.0,0.0,freeze,latency_comp,23410012,oracle,8
enhanced_predictive_d8f,enhanced_predictive,8,30.0,0.85,35.0,20.0,True,,0.7716749948634609,9.286883798967729,0.7784639980820746,30.0,0.0,8.3385,5.677711486816406,4.445807739774607,5.305281323157405,8.3385,True,AVOIDED,0.0,0.0,0.0,freeze,latency_comp,23410013,oracle,8
enhanced_predictive_d8f,enhanced_predictive,8,30.0,0.85,40.0,20.0,True,,0.7713575750140951,9.28572585215772,0.7792492261144797,30.0,0.0,8.3385,5.678112030029297,4.4454408041471485,5.305344739008538,8.3385,True,AVOIDED,0.0,0.0,0.0,freeze,latency_comp,23410014,oracle,8
enhanced_predictive_d8f,enhanced_predictive,8,30.0,0.4,20.0,20.0,True,,0.4833359039870393,4.199877982060579,1.1923399179215783,30.0,0.0,3.924000000000003,10.103679656982422,4.15764009128486,2.9454913281121406,3.9240000000000004,True,AVOIDED,0.0,0.0,0.0,freeze,latency_comp,23410015,oracle,8
enhanced_predictive_d8f,enhanced_predictive,8,30.0,0.4,25.0,20.0,False,vehicle.ue4.audi.tt,0.0,0.0,0.8282528930098481,22.709050733238563,7.290949266761436,3.924000000000003,0.0,3.821251629458736,4.9862327294735715,3.9240000000000004,True,COLLISION with vehicle.ue4.audi.tt,0.0,0.0,0.0,freeze,latency_comp,23410016,oracle,8
enhanced_predictive_d8f,enhanced_predictive,8,30.0,0.4,30.0,20.0,True,,1.0172535445076996,4.199970263882409,1.4776116270910808,30.0,0.0,3.924000000000003,11.224029541015625,4.691557731805521,2.7946166721676775,3.9240000000000004,True,AVOIDED,0.0,0.0,0.0,freeze,latency_comp,23410017,oracle,8
enhanced_predictive_d8f,enhanced_predictive,8,30.0,0.4,35.0,20.0,True,,0.8276891474168462,3.6240983835525187,1.7290123609883672,30.0,0.0,3.924000000000003,13.482585906982422,4.50185239429147,2.3901463996959005,3.9240000000000004,True,AVOIDED,0.0,0.0,0.0,freeze,latency_comp,23410018,oracle,8
enhanced_predictive_d8f,enhanced_predictive,8,30.0,0.4,40.0,20.0,True,,0.8275644328558709,3.623917450719677,1.7308080242482524,30.0,0.0,3.924000000000003,13.482925415039062,4.501731473874738,2.390125282715792,3.9240000000000004,True,AVOIDED,0.0,0.0,0.0,freeze,latency_comp,23410019,oracle,8
enhanced_predictive_d8f,enhanced_predictive,8,40.0,0.85,20.0,20.0,True,,0.16618968576195137,9.346962418549344,0.8465473286584715,40.0,0.0,8.3385,9.160144805908203,3.8402997060146746,5.835759219291766,8.3385,True,AVOIDED,0.0,0.0,0.0,freeze,latency_comp,23410020,oracle,8
enhanced_predictive_d8f,enhanced_predictive,8,40.0,0.85,25.0,20.0,False,vehicle.ue4.audi.tt,0.0,0.0,0.24517857213835018,24.20633336563904,15.793666634360958,8.338499999999982,0.0,3.8485046926728836,22.541146888299988,8.3385,True,COLLISION with vehicle.ue4.audi.tt,0.0,0.0,0.0,freeze,latency_comp,23410021,oracle,8
enhanced_predictive_d8f,enhanced_predictive,8,40.0,0.85,30.0,20.0,True,,0.6888124929424357,8.620038801749367,0.6938928198789863,40.0,0.0,8.3385,6.980785369873047,4.362850068830969,7.946080631357774,8.3385,True,AVOIDED,0.0,0.0,0.0,freeze,latency_comp,23410022,oracle,8
enhanced_predictive_d8f,enhanced_predictive,8,40.0,0.85,35.0,20.0,True,,0.9890671610032085,8.26230037288702,1.0933288826888092,40.0,0.0,8.338500000000018,11.097213745117188,4.663260824709886,5.042133668901332,8.3385,True,AVOIDED,0.0,0.0,0.0,freeze,latency_comp,23410023,oracle,8
enhanced_predictive_d8f,enhanced_predictive,8,40.0,0.85,40.0,20.0,True,,0.987781346154847,8.262226713972323,1.0934367949226678,40.0,0.0,8.338500000000018,11.097366333007812,4.661974957437754,5.042284615387712,8.3385,True,AVOIDED,0.0,0.0,0.0,freeze,latency_comp,23410024,oracle,8
enhanced_predictive_d8f,enhanced_predictive,8,40.0,0.4,20.0,20.0,False,vehicle.ue4.audi.tt,0.0,0.0,0.8472841476221151,26.929665666482798,13.070334333517204,3.924000000000003,0.0,3.827476498098809,5.832591076227689,3.9240000000000004,True,COLLISION with vehicle.ue4.audi.tt,0.0,0.0,0.0,freeze,latency_comp,23410025,oracle,8
enhanced_predictive_d8f,enhanced_predictive,8,40.0,0.4,25.0,20.0,False,vehicle.ue4.audi.tt,0.0,4.159319889110068,1.286049776893814,36.53804542598973,3.461954574010269,3.924000000000003,0.0,3.810335419049512,3.893183936666893,3.9240000000000004,True,COLLISION with vehicle.ue4.audi.tt,0.0,0.0,0.0,freeze,latency_comp,23410026,oracle,8
enhanced_predictive_d8f,enhanced_predictive,8,40.0,0.4,30.0,20.0,True,,1.5083076202456311,4.034562794475078,1.698400359240459,40.0,0.0,3.924000000000003,18.305103302001953,5.182611807543452,2.978947304336597,3.9240000000000004,True,AVOIDED,0.0,0.0,0.0,freeze,latency_comp,23410027,oracle,8
enhanced_predictive_d8f,enhanced_predictive,8,40.0,0.4,35.0,20.0,True,,1.1253670597710164,3.604705371329394,2.1708887483182764,40.0,0.0,3.924000000000003,24.207155227661133,4.7995301781779744,2.356590762637794,3.9240000000000004,True,AVOIDED,0.0,0.0,0.0,freeze,latency_comp,23410028,oracle,8
enhanced_predictive_d8f,enhanced_predictive,8,40.0,0.4,40.0,20.0,True,,1.729873674655031,4.156008307088312,1.6465075966473397,40.0,0.0,3.924000000000003,16.42803382873535,5.404177861952852,3.354871570519521,3.9240000000000004,True,AVOIDED,0.0,0.0,0.0,freeze,latency_comp,23410029,oracle,8
enhanced_predictive_d8f,enhanced_predictive,8,50.0,0.85,20.0,20.0,False,vehicle.ue4.audi.tt,0.0,0.0,0.6254226848048048,34.36381558545091,15.636184414549096,8.3385,0.0,3.9363965651281485,10.250921012933931,8.3385,True,COLLISION with vehicle.ue4.audi.tt,0.0,0.0,0.0,freeze,latency_comp,23410030,oracle,8
enhanced_predictive_d8f,enhanced_predictive,8,50.0,0.85,25.0,20.0,True,,0.5941312915262893,9.047179184066362,0.9734497820679839,50.0,0.0,8.338500000000018,13.000446319580078,4.26843547882411,6.59539469338905,8.3385,True,AVOIDED,0.0,0.0,0.0,freeze,latency_comp,23410031,oracle,8
enhanced_predictive_d8f,enhanced_predictive,8,50.0,0.85,30.0,20.0,True,,1.1165587925470835,9.046598564761176,1.2460909966658624,50.0,0.0,8.338500000000018,16.619525909423828,4.7908629798449045,5.1888792159519355,8.3385,True,AVOIDED,0.0,0.0,0.0,freeze,latency_comp,23410032,oracle,8
enhanced_predictive_d8f,enhanced_predictive,8,50.0,0.85,35.0,20.0,False,vehicle.ue4.audi.tt,0.0,0.0,0.6344502527545771,38.13518390205608,11.86481609794392,8.3385,0.0,3.830973761840497,10.87866872900343,8.3385,True,COLLISION with vehicle.ue4.audi.tt,0.0,0.0,0.0,freeze,latency_comp,23410033,oracle,8
enhanced_predictive_d8f,enhanced_predictive,8,50.0,0.85,40.0,20.0,True,,1.3749049097650126,9.175859808018688,0.984609701038447,50.0,0.0,8.3385,12.21954345703125,5.048961821794606,7.011545756049556,8.3385,True,AVOIDED,0.0,0.0,0.0,freeze,latency_comp,23410034,oracle,8
enhanced_predictive_d8f,enhanced_predictive,8,50.0,0.4,20.0,20.0,False,vehicle.ue4.audi.tt,0.0,0.0,0.6250680005363485,20.75157535834846,29.24842464165154,3.9239999999999853,0.0,4.193440238153922,10.256952469040067,3.9240000000000004,True,COLLISION with vehicle.ue4.audi.tt,0.0,0.0,0.0,freeze,latency_comp,23410035,oracle,8
enhanced_predictive_d8f,enhanced_predictive,8,50.0,0.4,25.0,20.0,False,vehicle.ue4.audi.tt,0.0,0.0,0.9733527292153142,32.874818668670535,17.125181331329465,3.9239999999999853,0.0,3.8297620422223915,6.594604035419896,3.9240000000000004,True,COLLISION with vehicle.ue4.audi.tt,0.0,0.0,0.0,freeze,latency_comp,23410036,oracle,8
enhanced_predictive_d8f,enhanced_predictive,8,50.0,0.4,30.0,20.0,False,vehicle.ue4.audi.tt,0.0,0.0,1.294567312074545,37.64821848683561,12.35178151316439,3.924000000000003,0.0,3.83189622628766,4.989467140984186,3.9240000000000004,True,COLLISION with vehicle.ue4.audi.tt,0.0,0.0,0.0,freeze,latency_comp,23410037,oracle,8
enhanced_predictive_d8f,enhanced_predictive,8,50.0,0.4,35.0,20.0,True,,0.1808095887698533,4.0440465955635485,1.6734475785372707,50.0,0.0,3.924000000000003,23.7681941986084,3.8551137760676744,3.8907570748426785,3.9240000000000004,True,AVOIDED,0.0,0.0,0.0,freeze,latency_comp,23410038,oracle,8
enhanced_predictive_d8f,enhanced_predictive,8,50.0,0.4,40.0,20.0,True,,2.184993769425427,4.0181403790707355,2.010411761460734,50.0,0.0,3.924000000000003,26.593353271484375,5.859297956723248,3.258314799801979,3.9240000000000004,True,AVOIDED,0.0,0.0,0.0,freeze,latency_comp,23410039,oracle,8
enhanced_predictive_d8f,enhanced_predictive,8,60.0,0.85,20.0,20.0,False,vehicle.ue4.audi.tt,0.0,0.0,0.4734404456634141,20.29269792179651,39.70730207820349,8.338499999999982,0.0,3.9282677652263303,16.794691266305477,8.3385,True,COLLISION with vehicle.ue4.audi.tt,0.0,0.0,0.0,freeze,latency_comp,23410040,oracle,8
enhanced_predictive_d8f,enhanced_predictive,8,60.0,0.85,25.0,20.0,False,vehicle.ue4.audi.tt,0.0,0.0,0.7293550259576411,43.8083360285403,16.191663971459697,8.338499999999982,0.0,3.818691889703911,10.775465526881122,8.3385,True,COLLISION with vehicle.ue4.audi.tt,0.0,0.0,0.0,freeze,latency_comp,23410041,oracle,8
enhanced_predictive_d8f,enhanced_predictive,8,60.0,0.85,30.0,20.0,True,,1.150490400053819,8.958729680127387,1.0486823537284997,60.0,0.0,8.3385,16.442508697509766,4.8246193115878535,7.5070174821796645,8.3385,True,AVOIDED,0.0,0.0,0.0,freeze,latency_comp,23410042,oracle,8
enhanced_predictive_d8f,enhanced_predictive,8,60.0,0.85,35.0,20.0,True,,1.476887071749255,8.958477758662102,1.3318323377819028,60.0,0.0,8.3385,21.086637496948242,5.150970278967487,5.935962690459567,8.3385,True,AVOIDED,0.0,0.0,0.0,freeze,latency_comp,23410043,oracle,8
enhanced_predictive_d8f,enhanced_predictive,8,60.0,0.85,40.0,20.0,True,,1.475499473880718,7.902004887078044,1.5716803726100808,60.0,0.0,8.3385,25.230512619018555,5.1495826178936355,5.0570560524231905,8.3385,True,AVOIDED,0.0,0.0,0.0,freeze,latency_comp,23410044,oracle,8
enhanced_predictive_d8f,enhanced_predictive,8,60.0,0.4,20.0,20.0,False,vehicle.ue4.audi.tt,0.0,0.0,0.47344627941578377,9.920734929910836,50.079265070089164,3.924000000000021,0.0,3.9491529412833164,16.79444400415208,3.9240000000000004,True,COLLISION with vehicle.ue4.audi.tt,0.0,0.0,0.0,freeze,latency_comp,23410045,oracle,8
enhanced_predictive_d8f,enhanced_predictive,8,60.0,0.4,25.0,20.0,False,vehicle.ue4.audi.tt,0.0,0.0,0.7293443298138454,31.24292509431548,28.75707490568452,3.924000000000021,0.0,3.9366804422392336,10.775579789032683,3.9240000000000004,True,COLLISION with vehicle.ue4.audi.tt,0.0,0.0,0.0,freeze,latency_comp,23410046,oracle,8
enhanced_predictive_d8f,enhanced_predictive,8,60.0,0.4,30.0,20.0,False,vehicle.ue4.audi.tt,0.0,0.0,1.0486257381860935,38.93080775464089,21.069192245359112,3.924000000000021,0.0,3.845730651108287,7.507403729241382,3.9240000000000004,True,COLLISION with vehicle.ue4.audi.tt,0.0,0.0,0.0,freeze,latency_comp,23410047,oracle,8
enhanced_predictive_d8f,enhanced_predictive,8,60.0,0.4,35.0,20.0,False,vehicle.ue4.audi.tt,0.0,0.0,1.3318278882553787,42.103309553252245,17.89669044674775,3.924000000000021,0.0,3.8476581017942046,5.935991683909263,3.9240000000000004,True,COLLISION with vehicle.ue4.audi.tt,0.0,0.0,0.0,freeze,latency_comp,23410048,oracle,8
enhanced_predictive_d8f,enhanced_predictive,8,60.0,0.4,40.0,20.0,False,vehicle.ue4.audi.tt,0.0,0.0,1.6196432919100126,46.39830504723322,13.601694952766776,3.924000000000021,0.0,3.845783457183269,4.901699462880124,3.9240000000000004,True,COLLISION with vehicle.ue4.audi.tt,0.0,0.0,0.0,freeze,latency_comp,23410049,oracle,8
enhanced_predictive_d16f,enhanced_predictive,16,20.0,0.85,20.0,20.0,True,,0.5105994265940046,8.553600402143323,0.6025898384262093,20.0,0.0,8.3385,2.8139610290527344,4.18468654142963,4.555396915324013,8.3385,True,AVOIDED,0.0,0.0,0.0,freeze,latency_comp,23880000,oracle,16
enhanced_predictive_d16f,enhanced_predictive,16,20.0,0.85,25.0,20.0,True,,0.35518839224429843,10.053458966506732,0.5028584719653698,20.0,0.0,8.3385,2.419025421142578,4.0294925795421195,5.460013796355304,8.3385,True,AVOIDED,0.0,0.0,0.0,freeze,latency_comp,23880001,oracle,16
enhanced_predictive_d16f,enhanced_predictive,16,20.0,0.85,30.0,20.0,True,,0.35420742942781125,10.049851427149354,0.50221593900524,20.0,0.0,8.3385,2.4194259643554688,4.028511616725632,5.462576504708151,8.3385,True,AVOIDED,0.0,0.0,0.0,freeze,latency_comp,23880002,oracle,16
enhanced_predictive_d16f,enhanced_predictive,16,20.0,0.85,35.0,20.0,True,,0.35518839224429843,10.053458966506732,0.5028584719653698,20.0,0.0,8.3385,2.419025421142578,4.0294925795421195,5.460013796355304,8.3385,True,AVOIDED,0.0,0.0,0.0,freeze,latency_comp,23880003,oracle,16
enhanced_predictive_d16f,enhanced_predictive,16,20.0,0.85,40.0,20.0,True,,0.3542074161208806,10.049851427149354,0.5022159368769763,20.0,0.0,8.3385,2.4194259643554688,4.028511603418702,5.46257652108908,8.3385,True,AVOIDED,0.0,0.0,0.0,freeze,latency_comp,23880004,oracle,16
enhanced_predictive_d16f,enhanced_predictive,16,20.0,0.4,20.0,20.0,True,,0.19117333312333118,4.33516567111852,0.7025244145417238,20.0,0.0,3.924000000000003,3.6847381591796875,3.865420417487541,3.9074616818910677,3.9240000000000004,True,AVOIDED,0.0,0.0,0.0,freeze,latency_comp,23880005,oracle,16
enhanced_predictive_d16f,enhanced_predictive,16,20.0,0.4,25.0,20.0,True,,0.7381766609112068,4.052965467912934,1.1541059223554937,20.0,0.0,3.924000000000003,5.616119384765625,4.412339754112088,2.3833850196249022,3.9240000000000004,True,AVOIDED,0.0,0.0,0.0,freeze,latency_comp,23880006,oracle,16
enhanced_predictive_d16f,enhanced_predictive,16,20.0,0.4,30.0,20.0,True,,0.7383815424436415,4.023284873461994,1.1546205321726486,20.0,0.0,3.924000000000003,5.616554260253906,4.412552362003202,2.383266193579067,3.9240000000000004,True,AVOIDED,0.0,0.0,0.0,freeze,latency_comp,23880007,oracle,16
enhanced_predictive_d16f,enhanced_predictive,16,20.0,0.4,35.0,20.0,True,,0.7381766609112068,4.052965467912934,1.1541059223554937,20.0,0.0,3.924000000000003,5.616119384765625,4.412339754112088,2.3833850196249022,3.9240000000000004,True,AVOIDED,0.0,0.0,0.0,freeze,latency_comp,23880008,oracle,16
enhanced_predictive_d16f,enhanced_predictive,16,20.0,0.4,40.0,20.0,True,,0.7383853393572108,4.023284873461994,1.1546212236387472,20.0,0.0,3.924000000000003,5.616554260253906,4.412556158916146,2.383264764580292,3.9240000000000004,True,AVOIDED,0.0,0.0,0.0,freeze,latency_comp,23880009,oracle,16
enhanced_predictive_d16f,enhanced_predictive,16,30.0,0.85,20.0,20.0,True,,0.771353789259626,9.28572585215772,0.719404429206151,30.0,0.0,8.3385,5.678112030029297,4.445437018394396,5.024120620896494,8.3385,True,AVOIDED,0.0,0.0,0.0,freeze,latency_comp,23880010,oracle,16
enhanced_predictive_d16f,enhanced_predictive,16,30.0,0.85,25.0,20.0,False,vehicle.ue4.audi.tt,0.0,0.0,0.42983653077876943,24.619409953529672,5.380590046470327,8.3385,0.0,3.8191092857152475,9.627905691984303,8.3385,True,COLLISION with vehicle.ue4.audi.tt,0.0,0.0,0.0,freeze,latency_comp,23880011,oracle,16
enhanced_predictive_d16f,enhanced_predictive,16,30.0,0.85,30.0,20.0,True,,0.7838805053305693,9.064167107935729,0.8292035355852461,30.0,0.0,8.3385,6.079296112060547,4.4579600555257,4.984520522013013,8.3385,True,AVOIDED,0.0,0.0,0.0,freeze,latency_comp,23880012,oracle,16
enhanced_predictive_d16f,enhanced_predictive,16,30.0,0.85,35.0,20.0,True,,0.7716749948634609,9.286883798967729,0.7784639980820746,30.0,0.0,8.3385,5.677711486816406,4.445807739774607,5.305281323157405,8.3385,True,AVOIDED,0.0,0.0,0.0,freeze,latency_comp,23880013,oracle,16
enhanced_predictive_d16f,enhanced_predictive,16,30.0,0.85,40.0,20.0,True,,0.7713575750140951,9.28572585215772,0.7792492261144797,30.0,0.0,8.3385,5.678112030029297,4.4454408041471485,5.305344739008538,8.3385,True,AVOIDED,0.0,0.0,0.0,freeze,latency_comp,23880014,oracle,16
enhanced_predictive_d16f,enhanced_predictive,16,30.0,0.4,20.0,20.0,False,vehicle.ue4.audi.tt,0.0,0.0,0.8120113258684468,24.067722484877585,5.932277515122414,3.924000000000003,0.0,3.8201213724634795,4.409670633924368,3.9240000000000004,True,COLLISION with vehicle.ue4.audi.tt,0.0,0.0,0.0,freeze,latency_comp,23880015,oracle,16
enhanced_predictive_d16f,enhanced_predictive,16,30.0,0.4,25.0,20.0,True,,1.4318759384761695,4.200585579679198,1.4057434289020372,30.0,0.0,3.924000000000003,11.222709655761719,5.1061801257739905,2.6343271883700456,3.9240000000000004,True,AVOIDED,0.0,0.0,0.0,freeze,latency_comp,23880016,oracle,16
enhanced_predictive_d16f,enhanced_predictive,16,30.0,0.4,30.0,20.0,True,,0.49459602892345167,4.019328439075744,1.0780897491770234,30.0,0.0,3.924000000000003,8.437442779541016,4.168900216221273,3.8304971695820225,3.9240000000000004,True,AVOIDED,0.0,0.0,0.0,freeze,latency_comp,23880017,oracle,16
enhanced_predictive_d16f,enhanced_predictive,16,30.0,0.4,35.0,20.0,True,,1.1988138770252315,4.153087149358757,1.679098298351473,30.0,0.0,3.924000000000003,12.697162628173828,4.8731180643230525,2.4617877026903052,3.9240000000000004,True,AVOIDED,0.0,0.0,0.0,freeze,latency_comp,23880018,oracle,16
enhanced_predictive_d16f,enhanced_predictive,16,30.0,0.4,40.0,20.0,True,,1.2160721239414176,3.8694858274953203,1.7308080242482524,30.0,0.0,3.924000000000003,13.093971252441406,4.890239126950657,2.390125282715792,3.9240000000000004,True,AVOIDED,0.0,0.0,0.0,freeze,latency_comp,23880019,oracle,16
enhanced_predictive_d16f,enhanced_predictive,16,40.0,0.85,20.0,20.0,False,vehicle.ue4.audi.tt,0.0,0.0,0.4479305315206853,28.557259056703444,11.442740943296554,8.3385,0.0,3.832944638735049,11.059799092056371,8.3385,True,COLLISION with vehicle.ue4.audi.tt,0.0,0.0,0.0,freeze,latency_comp,23880020,oracle,16
enhanced_predictive_d16f,enhanced_predictive,16,40.0,0.85,25.0,20.0,True,,0.9799066056536025,8.77617176925895,0.8991452628076241,40.0,0.0,8.3385,9.451107025146484,4.653963108244605,5.636421396027225,8.3385,True,AVOIDED,0.0,0.0,0.0,freeze,latency_comp,23880021,oracle,16
enhanced_predictive_d16f,enhanced_predictive,16,40.0,0.85,30.0,20.0,False,vehicle.ue4.audi.tt,0.0,0.0,0.29440590396716576,24.859565967567896,15.140434032432102,8.338500000000018,0.0,3.835089259621381,18.7324823930438,8.3385,True,COLLISION with vehicle.ue4.audi.tt,0.0,0.0,0.0,freeze,latency_comp,23880022,oracle,16
enhanced_predictive_d16f,enhanced_predictive,16,40.0,0.85,35.0,20.0,True,,1.1458006150362676,9.344340765998357,0.7937568453871874,40.0,0.0,8.338500000000018,7.628486633300781,4.819910415128394,6.945692636908872,8.3385,True,AVOIDED,0.0,0.0,0.0,freeze,latency_comp,23880023,oracle,16
enhanced_predictive_d16f,enhanced_predictive,16,40.0,0.85,40.0,20.0,True,,1.2484405773672318,8.773316840525796,1.0934367949226678,40.0,0.0,8.338500000000018,10.836494445800781,4.9224931438261965,5.042284615387712,8.3385,True,AVOIDED,0.0,0.0,0.0,freeze,latency_comp,23880024,oracle,16
enhanced_predictive_d16f,enhanced_predictive,16,40.0,0.4,20.0,20.0,False,vehicle.ue4.audi.tt,0.0,0.0,0.4485820775667415,22.945542319774592,17.054457680225408,3.9239999999999853,0.0,3.8682670712836336,11.046098964179254,3.9240000000000004,True,COLLISION with vehicle.ue4.audi.tt,0.0,0.0,0.0,freeze,latency_comp,23880025,oracle,16
enhanced_predictive_d16f,enhanced_predictive,16,40.0,0.4,25.0,20.0,False,vehicle.ue4.audi.tt,0.0,0.0,0.8988088024435028,28.50580256289262,11.49419743710738,3.924000000000003,0.0,3.8307150483962316,5.638108696971787,3.9240000000000004,True,COLLISION with vehicle.ue4.audi.tt,0.0,0.0,0.0,freeze,latency_comp,23880026,oracle,16
enhanced_predictive_d16f,enhanced_predictive,16,40.0,0.4,30.0,20.0,True,,0.26636532903428867,4.034516490261225,1.3222449255800692,40.0,0.0,3.924000000000003,15.132305145263672,3.9406695163321097,3.8860732544658276,3.9240000000000004,True,AVOIDED,0.0,0.0,0.0,freeze,latency_comp,23880027,oracle,16
enhanced_predictive_d16f,enhanced_predictive,16,40.0,0.4,35.0,20.0,True,,2.00480543770093,4.002407803138755,1.8045492596776411,40.0,0.0,3.924000000000003,18.911272048950195,5.679109624998751,2.8826592093752494,3.9240000000000004,True,AVOIDED,0.0,0.0,0.0,freeze,latency_comp,23880028,oracle,16
enhanced_predictive_d16f,enhanced_predictive,16,40.0,0.4,40.0,20.0,True,,1.64304823394676,3.799908264194977,2.1993049084978975,40.0,0.0,3.924000000000003,23.690143585205078,5.317352421244581,2.390267627810517,3.9240000000000004,True,AVOIDED,0.0,0.0,0.0,freeze,latency_comp,23880029,oracle,16
enhanced_predictive_d16f,enhanced_predictive,16,50.0,0.85,20.0,20.0,False,vehicle.ue4.audi.tt,0.0,0.0,0.22669526399734197,18.23021464079987,31.76978535920013,8.338499999999982,0.0,4.29983192577234,28.372362016058158,8.3385,True,COLLISION with vehicle.ue4.audi.tt,0.0,0.0,0.0,freeze,latency_comp,23880030,oracle,16
enhanced_predictive_d16f,enhanced_predictive,16,50.0,0.85,25.0,20.0,False,vehicle.ue4.audi.tt,0.0,0.0,0.5756097698597218,36.718258658396195,13.281741341603809,8.3385,0.0,3.832971008826563,11.188376339011723,8.3385,True,COLLISION with vehicle.ue4.audi.tt,0.0,0.0,0.0,freeze,latency_comp,23880031,oracle,16
enhanced_predictive_d16f,enhanced_predictive,16,50.0,0.85,30.0,20.0,True,,1.0831341329588016,8.919709671414221,0.9034928112280036,50.0,0.0,8.3385,11.82137680053711,4.757259180088472,7.205789205409057,8.3385,True,AVOIDED,0.0,0.0,0.0,freeze,latency_comp,23880032,oracle,16
enhanced_predictive_d16f,enhanced_predictive,16,50.0,0.85,35.0,20.0,True,,2.1411869091916804,8.730799062998171,1.287696236859537,50.0,0.0,8.338500000000018,16.283580780029297,5.815315668014811,5.105128235560364,8.3385,True,AVOIDED,0.0,0.0,0.0,freeze,latency_comp,23880033,oracle,16
enhanced_predictive_d16f,enhanced_predictive,16,50.0,0.85,40.0,20.0,False,vehicle.ue4.audi.tt,0.0,0.0,0.5846741824425923,36.77734539476536,13.22265460523464,8.3385,0.0,3.835110783749579,11.808645163810843,8.3385,True,COLLISION with vehicle.ue4.audi.tt,0.0,0.0,0.0,freeze,latency_comp,23880034,oracle,16
enhanced_predictive_d16f,enhanced_predictive,16,50.0,0.4,20.0,20.0,False,vehicle.ue4.audi.tt,0.0,0.0,0.22598779016200787,15.946431550118604,34.053568449881396,3.9239999999999853,0.0,4.26763365566448,28.452899401008125,3.9240000000000004,True,COLLISION with vehicle.ue4.audi.tt,0.0,0.0,0.0,freeze,latency_comp,23880035,oracle,16
enhanced_predictive_d16f,enhanced_predictive,16,50.0,0.4,25.0,20.0,False,vehicle.ue4.audi.tt,0.0,0.0,0.575670512288383,28.870440321593588,21.129559678406412,3.9239999999999853,0.0,3.8334311476073055,11.184235974815952,3.9240000000000004,True,COLLISION with vehicle.ue4.audi.tt,0.0,0.0,0.0,freeze,latency_comp,23880036,oracle,16
enhanced_predictive_d16f,enhanced_predictive,16,50.0,0.4,30.0,20.0,False,vehicle.ue4.audi.tt,0.0,0.0,0.9029391342165495,32.594881581297805,17.405118418702195,3.9239999999999853,0.0,3.8457479843346247,7.206988411871463,3.9240000000000004,True,COLLISION with vehicle.ue4.audi.tt,0.0,0.0,0.0,freeze,latency_comp,23880037,oracle,16
enhanced_predictive_d16f,enhanced_predictive,16,50.0,0.4,35.0,20.0,False,vehicle.ue4.audi.tt,0.0,0.0,1.2882905605453947,37.7262822732514,12.273717726748602,3.924000000000003,0.0,3.835812492658644,5.104790338072999,3.9240000000000004,True,COLLISION with vehicle.ue4.audi.tt,0.0,0.0,0.0,freeze,latency_comp,23880038,oracle,16
enhanced_predictive_d16f,enhanced_predictive,16,50.0,0.4,40.0,20.0,False,vehicle.ue4.audi.tt,0.0,4.1671041312116905,1.6300219667687463,45.75720703939409,4.242792960605914,3.924000000000003,0.0,3.8108990693041855,4.0624185090574425,3.9240000000000004,True,COLLISION with vehicle.ue4.audi.tt,0.0,0.0,0.0,freeze,latency_comp,23880039,oracle,16
enhanced_predictive_d16f,enhanced_predictive,16,60.0,0.85,20.0,20.0,False,vehicle.ue4.audi.tt,0.0,0.0,0.08498224524755651,6.282499518313621,53.71750048168638,8.338499999999982,0.0,3.649070621716775,50.0,8.3385,True,COLLISION with vehicle.ue4.audi.tt,0.0,0.0,0.0,freeze,latency_comp,23880040,oracle,16
enhanced_predictive_d16f,enhanced_predictive,16,60.0,0.85,25.0,20.0,False,vehicle.ue4.audi.tt,0.0,0.0,0.3293659773653853,27.842668916206676,32.15733108379332,8.338499999999982,0.0,4.0020821846106065,23.867909699161363,8.3385,True,COLLISION with vehicle.ue4.audi.tt,0.0,0.0,0.0,freeze,latency_comp,23880041,oracle,16
enhanced_predictive_d16f,enhanced_predictive,16,60.0,0.85,30.0,20.0,False,vehicle.ue4.audi.tt,0.0,0.0,0.6509930728497563,42.24855336155689,17.75144663844311,8.338499999999982,0.0,3.822305789071537,12.124558411722308,8.3385,True,COLLISION with vehicle.ue4.audi.tt,0.0,0.0,0.0,freeze,latency_comp,23880042,oracle,16
enhanced_predictive_d16f,enhanced_predictive,16,60.0,0.85,35.0,20.0,False,vehicle.ue4.audi.tt,0.0,8.76913431101188,0.9379522518531722,57.0014225015811,2.9985774984189004,8.3385,0.0,3.812478426232046,8.473441355964228,8.3385,True,COLLISION with vehicle.ue4.audi.tt,0.0,0.0,0.0,freeze,latency_comp,23880043,oracle,16
enhanced_predictive_d16f,enhanced_predictive,16,60.0,0.85,40.0,20.0,True,,2.079208394404139,8.958729680127387,1.2294530598371693,60.0,0.0,8.3385,18.82678985595703,5.75333343606331,6.501361689741338,8.3385,True,AVOIDED,0.0,0.0,0.0,freeze,latency_comp,23880044,oracle,16
enhanced_predictive_d16f,enhanced_predictive,16,60.0,0.4,20.0,20.0,False,vehicle.ue4.audi.tt,0.0,0.0,0.08498652604253443,4.908517510497688,55.09148248950231,3.924000000000021,0.0,3.633198957736103,50.0,3.9240000000000004,True,COLLISION with vehicle.ue4.audi.tt,0.0,0.0,0.0,freeze,latency_comp,23880045,oracle,16
enhanced_predictive_d16f,enhanced_predictive,16,60.0,0.4,25.0,20.0,False,vehicle.ue4.audi.tt,0.0,0.0,0.3293398832098818,23.69292484406327,36.30707515593673,3.924000000000021,0.0,3.941950472733798,23.86853858917589,3.9240000000000004,True,COLLISION with vehicle.ue4.audi.tt,0.0,0.0,0.0,freeze,latency_comp,23880046,oracle,16
enhanced_predictive_d16f,enhanced_predictive,16,60.0,0.4,30.0,20.0,False,vehicle.ue4.audi.tt,0.0,0.0,0.6509979159057065,34.85690465504034,25.143095344959658,3.924000000000021,0.0,3.8587883563492396,12.124440880867857,3.9240000000000004,True,COLLISION with vehicle.ue4.audi.tt,0.0,0.0,0.0,freeze,latency_comp,23880047,oracle,16
enhanced_predictive_d16f,enhanced_predictive,16,60.0,0.4,35.0,20.0,False,vehicle.ue4.audi.tt,0.0,0.0,0.9379485006315742,37.89574791047937,22.10425208952063,3.924000000000021,0.0,3.8641492643964512,8.47349706313866,3.9240000000000004,True,COLLISION with vehicle.ue4.audi.tt,0.0,0.0,0.0,freeze,latency_comp,23880048,oracle,16
enhanced_predictive_d16f,enhanced_predictive,16,60.0,0.4,40.0,20.0,False,vehicle.ue4.audi.tt,0.0,0.0,1.2294500151232308,41.24035097152543,18.759649028474573,3.924000000000021,0.0,3.8665482908121986,6.501331276037473,3.9240000000000004,True,COLLISION with vehicle.ue4.audi.tt,0.0,0.0,0.0,freeze,latency_comp,23880049,oracle,16
enhanced_inflation_d0f,enhanced_inflation,0,20.0,0.85,20.0,20.0,True,,0.21530107777467,10.885593445560641,0.50221593900524,20.0,0.0,8.3385,2.5582046508789062,3.889392908801973,5.462576504708151,8.3385,True,AVOIDED,0.0,0.0,0.0,freeze,latency_comp,22260000,oracle,0
enhanced_inflation_d0f,enhanced_inflation,0,20.0,0.85,25.0,20.0,True,,0.2162533646684044,10.888755969504496,0.5028584719653698,20.0,0.0,8.3385,2.557849884033203,3.8903366072683605,5.460013796355304,8.3385,True,AVOIDED,0.0,0.0,0.0,freeze,latency_comp,22260001,oracle,0
enhanced_inflation_d0f,enhanced_inflation,0,20.0,0.85,30.0,20.0,True,,0.2152972418935457,10.885593445560641,0.50221593900524,20.0,0.0,8.3385,2.5582046508789062,3.8893890729190055,5.462576504708151,8.3385,True,AVOIDED,0.0,0.0,0.0,freeze,latency_comp,22260002,oracle,0
enhanced_inflation_d0f,enhanced_inflation,0,20.0,0.85,35.0,20.0,True,,0.2162533646684044,10.888755969504496,0.5028584719653698,20.0,0.0,8.3385,2.557849884033203,3.8903366072683605,5.460013796355304,8.3385,True,AVOIDED,0.0,0.0,0.0,freeze,latency_comp,22260003,oracle,0
enhanced_inflation_d0f,enhanced_inflation,0,20.0,0.85,40.0,20.0,True,,0.2148764619256256,0.0,0.5025957240448105,20.0,0.0,8.3385,2.5577735900878906,3.888959780679712,5.462404493740978,8.3385,True,AVOIDED,0.0,0.0,0.0,freeze,latency_comp,22260004,oracle,0
enhanced_inflation_d0f,enhanced_inflation,0,20.0,0.4,20.0,20.0,True,,0.19165903359714376,2.240088159719567,1.2815922464845977,20.0,0.0,3.924000000000003,7.540660858154297,3.8659099259528653,1.9460208794180442,3.9240000000000004,True,AVOIDED,0.0,0.0,0.0,freeze,latency_comp,22260005,oracle,0
enhanced_inflation_d0f,enhanced_inflation,0,20.0,0.4,25.0,20.0,True,,0.22589060622131774,3.3242103630855198,1.1541059223554937,20.0,0.0,3.924000000000003,6.128807067871094,3.900194793519139,2.3833850196249022,3.9240000000000004,True,AVOIDED,0.0,0.0,0.0,freeze,latency_comp,22260006,oracle,0
enhanced_inflation_d0f,enhanced_inflation,0,20.0,0.4,30.0,20.0,True,,0.22617499072165792,3.3241366557309386,1.1546205321726486,20.0,0.0,3.924000000000003,6.129234313964844,3.900479178019479,2.383266193579067,3.9240000000000004,True,AVOIDED,0.0,0.0,0.0,freeze,latency_comp,22260007,oracle,0
enhanced_inflation_d0f,enhanced_inflation,0,20.0,0.4,35.0,20.0,True,,0.22589060622131774,3.3242103630855198,1.1541059223554937,20.0,0.0,3.924000000000003,6.128807067871094,3.900194793519139,2.3833850196249022,3.9240000000000004,True,AVOIDED,0.0,0.0,0.0,freeze,latency_comp,22260008,oracle,0
enhanced_inflation_d0f,enhanced_inflation,0,20.0,0.4,40.0,20.0,True,,0.22617878446938056,3.3241366557309386,1.1546212236387472,20.0,0.0,3.924000000000003,6.129234313964844,3.9004829717672016,2.383264764580292,3.9240000000000004,True,AVOIDED,0.0,0.0,0.0,freeze,latency_comp,22260009,oracle,0
enhanced_inflation_d0f,enhanced_inflation,0,30.0,0.85,20.0,20.0,True,,0.9285922056882336,9.061660503776745,0.5363649016095646,30.0,0.0,8.3385,3.86578369140625,4.602664089612208,6.9185551592001575,8.3385,True,AVOIDED,0.0,0.0,0.0,freeze,latency_comp,22260010,oracle,0
enhanced_inflation_d0f,enhanced_inflation,0,30.0,0.85,25.0,20.0,True,,0.3702462741230823,9.063808936728469,0.7784635386846538,30.0,0.0,8.3385,6.079704284667969,4.044443867631996,5.305284457571184,8.3385,True,AVOIDED,0.0,0.0,0.0,freeze,latency_comp,22260011,oracle,0
enhanced_inflation_d0f,enhanced_inflation,0,30.0,0.85,30.0,20.0,True,,0.3699232719256562,9.062061467275186,0.7792487672891447,30.0,0.0,8.3385,6.080097198486328,4.044067435680054,5.305347869072875,8.3385,True,AVOIDED,0.0,0.0,0.0,freeze,latency_comp,22260012,oracle,0
enhanced_inflation_d0f,enhanced_inflation,0,30.0,0.85,35.0,20.0,True,,0.37025006969740293,9.063808936728469,0.7784639980820746,30.0,0.0,8.3385,6.079704284667969,4.044447663205551,5.305281323157405,8.3385,True,AVOIDED,0.0,0.0,0.0,freeze,latency_comp,22260013,oracle,0
enhanced_inflation_d0f,enhanced_inflation,0,30.0,0.85,40.0,20.0,True,,0.36992705430331885,9.062061467275186,0.7792492261144797,30.0,0.0,8.3385,6.080097198486328,4.044071218056367,5.305344739008538,8.3385,True,AVOIDED,0.0,0.0,0.0,freeze,latency_comp,22260014,oracle,0
enhanced_inflation_d0f,enhanced_inflation,0,30.0,0.4,20.0,20.0,True,,3.3330810557766055,4.153430070938013,1.587975167140971,30.0,0.0,3.924000000000003,10.561279296875,7.007385243074427,2.2036449020803137,3.9240000000000004,True,AVOIDED,0.0,0.0,0.0,freeze,latency_comp,22260015,oracle,0
enhanced_inflation_d0f,enhanced_inflation,0,30.0,0.4,25.0,20.0,True,,0.33740804490351817,2.131787628687384,1.994496008691889,30.0,0.0,3.924000000000003,17.69695472717285,4.011712232201339,1.7903399584157411,3.9240000000000004,True,AVOIDED,0.0,0.0,0.0,freeze,latency_comp,22260016,oracle,0
enhanced_inflation_d0f,enhanced_inflation,0,30.0,0.4,30.0,20.0,True,,0.4320669250201794,2.8436644114982346,1.7834199439166747,30.0,0.0,3.924000000000003,15.119865417480469,4.1063711123180004,2.190070308726083,3.9240000000000004,True,AVOIDED,0.0,0.0,0.0,freeze,latency_comp,22260017,oracle,0
enhanced_inflation_d0f,enhanced_inflation,0,30.0,0.4,35.0,20.0,True,,0.6357928535057873,3.5057601968077434,1.7290123609883672,30.0,0.0,3.924000000000003,13.67474365234375,4.310097040803608,2.3901463996959005,3.9240000000000004,True,AVOIDED,0.0,0.0,0.0,freeze,latency_comp,22260018,oracle,0
enhanced_inflation_d0f,enhanced_inflation,0,30.0,0.4,40.0,20.0,True,,0.6356380848822489,3.50557374243105,1.7308080242482524,30.0,0.0,3.924000000000003,13.675102233886719,4.30994227218007,2.390125282715792,3.9240000000000004,True,AVOIDED,0.0,0.0,0.0,freeze,latency_comp,22260019,oracle,0
enhanced_inflation_d0f,enhanced_inflation,0,40.0,0.85,20.0,20.0,True,,1.584086000874021,7.464809576588896,1.1941426934838106,40.0,0.0,8.3385,11.604576110839844,5.258390188171842,4.128394804549383,8.3385,True,AVOIDED,0.0,0.0,0.0,freeze,latency_comp,22260020,oracle,0
enhanced_inflation_d0f,enhanced_inflation,0,40.0,0.85,25.0,20.0,False,vehicle.ue4.audi.tt,0.0,8.62440697473196,0.6149612830747088,39.399104871108065,0.6008951288919321,8.3385,0.0,3.8158108518826235,8.417455933979024,8.3385,True,COLLISION with vehicle.ue4.audi.tt,0.0,0.0,0.0,freeze,latency_comp,22260021,oracle,0
enhanced_inflation_d0f,enhanced_inflation,0,40.0,0.85,30.0,20.0,True,,0.4810580141458134,7.464815042622891,1.0491368030451966,40.0,0.0,8.3385,11.604576110839844,4.155362201443634,5.008331380756813,8.3385,True,AVOIDED,0.0,0.0,0.0,freeze,latency_comp,22260022,oracle,0
enhanced_inflation_d0f,enhanced_inflation,0,40.0,0.85,35.0,20.0,True,,0.4823449403429292,7.464558147678174,1.0933288826888092,40.0,0.0,8.3385,11.604576110839844,4.15664912764075,5.042133668901332,8.3385,True,AVOIDED,0.0,0.0,0.0,freeze,latency_comp,22260023,oracle,0
enhanced_inflation_d0f,enhanced_inflation,0,40.0,0.85,40.0,20.0,True,,0.4810617902742651,7.464815042622891,1.0934367949226678,40.0,0.0,8.3385,11.604576110839844,4.155365977572086,5.042284615387712,8.3385,True,AVOIDED,0.0,0.0,0.0,freeze,latency_comp,22260024,oracle,0
enhanced_inflation_d0f,enhanced_inflation,0,40.0,0.4,20.0,20.0,False,vehicle.ue4.audi.tt,0.0,0.0,1.2518607036226785,33.08860290601171,6.911397093988291,3.924000000000003,0.0,3.820263313116803,3.9603839026224663,3.9240000000000004,True,COLLISION with vehicle.ue4.audi.tt,0.0,0.0,0.0,freeze,latency_comp,22260025,oracle,0
enhanced_inflation_d0f,enhanced_inflation,0,40.0,0.4,25.0,20.0,True,,4.130536818002728,4.035941230617559,1.6838269796147827,40.0,0.0,3.924000000000003,15.12923812866211,7.804841005300549,2.9670315408161603,3.9240000000000004,True,AVOIDED,0.0,0.0,0.0,freeze,latency_comp,22260026,oracle,0
enhanced_inflation_d0f,enhanced_inflation,0,40.0,0.4,30.0,20.0,True,,2.9844360988564222,4.034562794475078,2.0880054026910475,40.0,0.0,3.924000000000003,21.243698120117188,6.658740286154243,2.4097439560587066,3.9240000000000004,True,AVOIDED,0.0,0.0,0.0,freeze,latency_comp,22260027,oracle,0
enhanced_inflation_d0f,enhanced_inflation,0,40.0,0.4,35.0,20.0,True,,0.7600806506031264,2.595711676676734,2.504839103690792,40.0,0.0,3.924000000000003,28.43724822998047,4.434384837900947,2.027960880440718,3.9240000000000004,True,AVOIDED,0.0,0.0,0.0,freeze,latency_comp,22260028,oracle,0
enhanced_inflation_d0f,enhanced_inflation,0,40.0,0.4,40.0,20.0,True,,1.3344178746672473,4.036013133195462,1.9882779080849502,40.0,0.0,3.924000000000003,21.239639282226562,5.008722061965068,2.692462526255323,3.9240000000000004,True,AVOIDED,0.0,0.0,0.0,freeze,latency_comp,22260029,oracle,0
enhanced_inflation_d0f,enhanced_inflation,0,50.0,0.85,20.0,20.0,True,,1.7727113384601543,8.919714666192307,1.0283507624270962,50.0,0.0,8.3385,11.821372985839844,5.446836335271098,6.251445427884491,8.3385,True,AVOIDED,0.0,0.0,0.0,freeze,latency_comp,22260030,oracle,0
enhanced_inflation_d0f,enhanced_inflation,0,50.0,0.85,25.0,20.0,True,,2.1589768875105975,8.608548992918063,1.3761703297458985,50.0,0.0,8.338500000000018,16.95621681213379,5.833109466894895,4.67326940838413,8.3385,True,AVOIDED,0.0,0.0,0.0,freeze,latency_comp,22260031,oracle,0
enhanced_inflation_d0f,enhanced_inflation,0,50.0,0.85,30.0,20.0,False,vehicle.ue4.audi.tt,0.0,0.0,0.613945021705189,38.19292828846796,11.807071711532037,8.338500000000018,0.0,3.8331226666580007,10.750528962788541,8.3385,True,COLLISION with vehicle.ue4.audi.tt,0.0,0.0,0.0,freeze,latency_comp,22260032,oracle,0
enhanced_inflation_d0f,enhanced_inflation,0,50.0,0.85,35.0,20.0,True,,1.6683920912194266,8.730799062998171,1.0049640659373305,50.0,0.0,8.338500000000018,12.61529541015625,5.342520871702925,6.639201261619354,8.3385,True,AVOIDED,0.0,0.0,0.0,freeze,latency_comp,22260033,oracle,0
enhanced_inflation_d0f,enhanced_inflation,0,50.0,0.85,40.0,20.0,True,,0.8748479036584431,7.297420110531277,1.3507387427231656,50.0,0.0,8.338500000000018,18.241971969604492,4.549152090956264,4.970826623211005,8.3385,True,AVOIDED,0.0,0.0,0.0,freeze,latency_comp,22260034,oracle,0
enhanced_inflation_d0f,enhanced_inflation,0,50.0,0.4,20.0,20.0,False,vehicle.ue4.audi.tt,0.0,0.0,1.0283095496803998,30.89710919269787,19.10289080730213,3.9239999999999853,0.0,3.931804011362903,6.252550149773482,3.9240000000000004,True,COLLISION with vehicle.ue4.audi.tt,0.0,0.0,0.0,freeze,latency_comp,22260035,oracle,0
enhanced_inflation_d0f,enhanced_inflation,0,50.0,0.4,25.0,20.0,False,vehicle.ue4.audi.tt,0.0,0.0,1.3758346436684956,38.277805660868836,11.722194339131166,3.924000000000003,0.0,3.8306275281397872,4.67320867168864,3.9240000000000004,True,COLLISION with vehicle.ue4.audi.tt,0.0,0.0,0.0,freeze,latency_comp,22260036,oracle,0
enhanced_inflation_d0f,enhanced_inflation,0,50.0,0.4,30.0,20.0,True,,0.17951965028795547,4.043905941500906,1.693193044708282,50.0,0.0,3.924000000000003,23.768539428710938,3.8538238375857765,3.810387753672799,3.9240000000000004,True,AVOIDED,0.0,0.0,0.0,freeze,latency_comp,22260037,oracle,0
enhanced_inflation_d0f,enhanced_inflation,0,50.0,0.4,35.0,20.0,True,,5.699263376312867,4.044045055502585,2.0676783353048585,50.0,0.0,3.924000000000003,23.768198013305664,9.373567563610688,3.138659343808589,3.9240000000000004,True,AVOIDED,0.0,0.0,0.0,freeze,latency_comp,22260038,oracle,0
enhanced_inflation_d0f,enhanced_inflation,0,50.0,0.4,40.0,20.0,True,,4.244797846871999,3.966937611604709,2.4010143280389222,50.0,0.0,3.924000000000003,30.054532051086426,7.918968553853675,2.716103077871017,3.9240000000000004,True,AVOIDED,0.0,0.0,0.0,freeze,latency_comp,22260039,oracle,0
enhanced_inflation_d0f,enhanced_inflation,0,60.0,0.85,20.0,20.0,False,vehicle.ue4.audi.tt,0.0,0.0,0.8715222210920067,44.84740935167251,15.152590648327486,8.3385,0.0,3.8926817520277406,9.086393451542861,8.3385,True,COLLISION with vehicle.ue4.audi.tt,0.0,0.0,0.0,freeze,latency_comp,22260040,oracle,0
enhanced_inflation_d0f,enhanced_inflation,0,60.0,0.85,25.0,20.0,True,,2.471798617560008,8.751973120160681,1.1321023594448238,60.0,0.0,8.3385,15.948846817016602,6.145927400464707,6.9582527156196,8.3385,True,AVOIDED,0.0,0.0,0.0,freeze,latency_comp,22260041,oracle,0
enhanced_inflation_d0f,enhanced_inflation,0,60.0,0.85,30.0,20.0,True,,2.6972662168385044,8.650021740450322,1.450181401363242,60.0,0.0,8.3385,21.522132873535156,6.371319174150076,5.434061926855033,8.3385,True,AVOIDED,0.0,0.0,0.0,freeze,latency_comp,22260042,oracle,0
enhanced_inflation_d0f,enhanced_inflation,0,60.0,0.85,35.0,20.0,True,,1.0035529124958913,6.230288945621052,1.7309784479218406,60.0,0.0,8.3385,28.18797492980957,4.677857099793712,4.564096871698413,8.3385,True,AVOIDED,0.0,0.0,0.0,freeze,latency_comp,22260043,oracle,0
enhanced_inflation_d0f,enhanced_inflation,0,60.0,0.85,40.0,20.0,False,vehicle.ue4.audi.tt,0.0,8.76915442590436,0.9409190833451215,57.005421690817684,2.994578309182313,8.3385,0.0,3.812551458609789,8.58376355436793,8.3385,True,COLLISION with vehicle.ue4.audi.tt,0.0,0.0,0.0,freeze,latency_comp,22260044,oracle,0
enhanced_inflation_d0f,enhanced_inflation,0,60.0,0.4,20.0,20.0,False,vehicle.ue4.audi.tt,0.0,0.0,0.8715254526935651,23.42066973115253,36.57933026884747,3.924000000000021,0.0,4.306487111253795,9.086313642403866,3.9240000000000004,True,COLLISION with vehicle.ue4.audi.tt,0.0,0.0,0.0,freeze,latency_comp,22260045,oracle,0
enhanced_inflation_d0f,enhanced_inflation,0,60.0,0.4,25.0,20.0,False,vehicle.ue4.audi.tt,0.0,0.0,1.1320984504324096,38.97266202140629,21.027337978593703,3.924000000000021,0.0,3.8361552806586485,6.958298042137608,3.9240000000000004,True,COLLISION with vehicle.ue4.audi.tt,0.0,0.0,0.0,freeze,latency_comp,22260046,oracle,0
enhanced_inflation_d0f,enhanced_inflation,0,60.0,0.4,30.0,20.0,False,vehicle.ue4.audi.tt,0.0,0.0,1.450180316163522,43.5424292271081,16.4575707728919,3.924000000000021,0.0,3.8264777487467945,5.434038122471865,3.9240000000000004,True,COLLISION with vehicle.ue4.audi.tt,0.0,0.0,0.0,freeze,latency_comp,22260047,oracle,0
enhanced_inflation_d0f,enhanced_inflation,0,60.0,0.4,35.0,20.0,False,vehicle.ue4.audi.tt,0.0,0.0,1.7309820417473594,47.550827681529086,12.449172318470913,3.924000000000021,0.0,3.8217315018061844,4.564112807088881,3.9240000000000004,True,COLLISION with vehicle.ue4.audi.tt,0.0,0.0,0.0,freeze,latency_comp,22260048,oracle,0
enhanced_inflation_d0f,enhanced_inflation,0,60.0,0.4,40.0,20.0,False,vehicle.ue4.audi.tt,0.0,4.065042883689418,2.016186606957437,56.80056542842427,3.1994345715757304,3.924000000000021,0.0,3.814060065192188,3.9298737880746435,3.9240000000000004,True,COLLISION with vehicle.ue4.audi.tt,0.0,0.0,0.0,freeze,latency_comp,22260049,oracle,0
enhanced_inflation_d4f,enhanced_inflation,4,20.0,0.85,20.0,20.0,True,,0.6616217172308634,7.715919499805398,0.654076818597187,20.0,0.0,8.3385,2.938518524169922,4.335796391656514,4.207768634090469,8.3385,True,AVOIDED,0.0,0.0,0.0,freeze,latency_comp,22300000,oracle,4
enhanced_inflation_d4f,enhanced_inflation,4,20.0,0.85,25.0,20.0,True,,0.6622296001404848,7.717040935212127,0.6542250437424406,20.0,0.0,8.3385,2.9381484985351562,4.336404336630337,4.207234812098754,8.3385,True,AVOIDED,0.0,0.0,0.0,freeze,latency_comp,22300001,oracle,4
enhanced_inflation_d4f,enhanced_inflation,4,20.0,0.85,30.0,20.0,True,,0.6616217172308634,7.715919499805398,0.654076818597187,20.0,0.0,8.3385,2.938518524169922,4.335796391656514,4.207768634090469,8.3385,True,AVOIDED,0.0,0.0,0.0,freeze,latency_comp,22300002,oracle,4
enhanced_inflation_d4f,enhanced_inflation,4,20.0,0.85,35.0,20.0,True,,0.6622296001404848,7.717040935212127,0.6542250437424406,20.0,0.0,8.3385,2.9381484985351562,4.336404336630337,4.207234812098754,8.3385,True,AVOIDED,0.0,0.0,0.0,freeze,latency_comp,22300003,oracle,4
enhanced_inflation_d4f,enhanced_inflation,4,20.0,0.85,40.0,20.0,True,,0.661621704868657,7.715919499805398,0.6540768166189536,20.0,0.0,8.3385,2.938518524169922,4.335796379293925,4.207768642703071,8.3385,True,AVOIDED,0.0,0.0,0.0,freeze,latency_comp,22300004,oracle,4
enhanced_inflation_d4f,enhanced_inflation,4,20.0,0.4,20.0,20.0,True,,0.6919694631676796,2.9565216942976984,1.2308577604441655,20.0,0.0,3.924000000000003,6.489017486572266,4.3662165866697675,2.10555102117186,3.9240000000000004,True,AVOIDED,0.0,0.0,0.0,freeze,latency_comp,22300005,oracle,4
enhanced_inflation_d4f,enhanced_inflation,4,20.0,0.4,25.0,20.0,True,,0.6912721959902735,2.9563365018678165,1.3014862613939513,20.0,0.0,3.924000000000003,6.489463806152344,4.365523048397799,2.108547001027451,3.9240000000000004,True,AVOIDED,0.0,0.0,0.0,freeze,latency_comp,22300006,oracle,4
enhanced_inflation_d4f,enhanced_inflation,4,20.0,0.4,30.0,20.0,True,,0.6919694631676796,2.9565216942976984,1.3016392630747873,20.0,0.0,3.924000000000003,6.489017486572266,4.3662165866697675,2.1084393473439094,3.9240000000000004,True,AVOIDED,0.0,0.0,0.0,freeze,latency_comp,22300007,oracle,4
enhanced_inflation_d4f,enhanced_inflation,4,20.0,0.4,35.0,20.0,True,,0.6912721959902735,2.9563365018678165,1.3014862613939513,20.0,0.0,3.924000000000003,6.489463806152344,4.365523048397799,2.108547001027451,3.9240000000000004,True,AVOIDED,0.0,0.0,0.0,freeze,latency_comp,22300008,oracle,4
enhanced_inflation_d4f,enhanced_inflation,4,20.0,0.4,40.0,20.0,True,,0.6919732598257129,2.9565216942976984,1.3016399530448863,20.0,0.0,3.924000000000003,6.489017486572266,4.3662203833273505,2.1084382284174454,3.9240000000000004,True,AVOIDED,0.0,0.0,0.0,freeze,latency_comp,22300009,oracle,4
enhanced_inflation_d4f,enhanced_inflation,4,30.0,0.85,20.0,20.0,False,vehicle.ue4.audi.tt,0.0,0.0,0.3602305025858375,22.94092181384575,7.059078186154248,8.3385,0.0,3.8192211049661604,10.846931890636263,8.3385,True,COLLISION with vehicle.ue4.audi.tt,0.0,0.0,0.0,freeze,latency_comp,22300010,oracle,4
enhanced_inflation_d4f,enhanced_inflation,4,30.0,0.85,25.0,20.0,True,,0.8739785662553716,5.478221908875266,0.9968238849737138,30.0,0.0,8.3385,7.644313812255859,4.548282753553193,4.011684722312797,8.3385,True,AVOIDED,0.0,0.0,0.0,freeze,latency_comp,22300011,oracle,4
enhanced_inflation_d4f,enhanced_inflation,4,30.0,0.85,30.0,20.0,True,,1.0429483182057817,7.326864744829772,0.9291649362382562,30.0,0.0,8.3385,6.647365570068359,4.717031595028011,4.4481006053515255,8.3385,True,AVOIDED,0.0,0.0,0.0,freeze,latency_comp,22300012,oracle,4
enhanced_inflation_d4f,enhanced_inflation,4,30.0,0.85,35.0,20.0,True,,1.0430047499336599,7.3267804917314345,0.9301661597792984,30.0,0.0,8.3385,6.647632598876953,4.717087935328776,4.447970042104755,8.3385,True,AVOIDED,0.0,0.0,0.0,freeze,latency_comp,22300013,oracle,4
enhanced_inflation_d4f,enhanced_inflation,4,30.0,0.85,40.0,20.0,True,,1.0429521058622955,7.326864744829772,0.9291653952427389,30.0,0.0,8.3385,6.647365570068359,4.717035382682789,4.448098403892649,8.3385,True,AVOIDED,0.0,0.0,0.0,freeze,latency_comp,22300014,oracle,4
enhanced_inflation_d4f,enhanced_inflation,4,30.0,0.4,20.0,20.0,True,,3.8017492698807054,4.019314353082018,1.3854859055946107,30.0,0.0,3.924000000000003,8.437431335449219,7.476053457178526,2.5219207960661274,3.9240000000000004,True,AVOIDED,0.0,0.0,0.0,freeze,latency_comp,22300015,oracle,4
enhanced_inflation_d4f,enhanced_inflation,4,30.0,0.4,25.0,20.0,True,,1.0527750815433858,2.396891531295351,1.9477829809583933,30.0,0.0,3.924000000000003,16.56711769104004,4.72693837126976,1.8359494264271143,3.9240000000000004,True,AVOIDED,0.0,0.0,0.0,freeze,latency_comp,22300016,oracle,4
enhanced_inflation_d4f,enhanced_inflation,4,30.0,0.4,30.0,20.0,True,,1.4031662323481537,4.063097615948565,1.6376998921106063,30.0,0.0,3.924000000000003,12.49261474609375,5.077333290485936,2.4606369855749106,3.9240000000000004,True,AVOIDED,0.0,0.0,0.0,freeze,latency_comp,22300017,oracle,4
enhanced_inflation_d4f,enhanced_inflation,4,30.0,0.4,35.0,20.0,True,,1.3164392733942405,3.213713878363754,1.8790881101812562,30.0,0.0,3.924000000000003,14.234371185302734,4.9907434606920615,2.199763126006485,3.9240000000000004,True,AVOIDED,0.0,0.0,0.0,freeze,latency_comp,22300018,oracle,4
enhanced_inflation_d4f,enhanced_inflation,4,30.0,0.4,40.0,20.0,True,,1.3170110380406799,3.213854366619495,1.8771736272315795,30.0,0.0,3.924000000000003,14.233795166015625,4.991315225338501,2.1997181914105113,3.9240000000000004,True,AVOIDED,0.0,0.0,0.0,freeze,latency_comp,22300019,oracle,4
enhanced_inflation_d4f,enhanced_inflation,4,40.0,0.85,20.0,20.0,True,,2.970366091264597,8.622524981953863,1.0462383641244073,40.0,0.0,8.338500000000018,8.56216812133789,6.644403460026763,4.719482259463617,8.3385,True,AVOIDED,0.0,0.0,0.0,freeze,latency_comp,22300020,oracle,4
enhanced_inflation_d4f,enhanced_inflation,4,40.0,0.85,25.0,20.0,True,,1.1579053297860904,4.962681339912711,1.3326174360579717,40.0,0.0,8.3385,14.24002456665039,4.831961878401726,3.7478233633172,8.3385,True,AVOIDED,0.0,0.0,0.0,freeze,latency_comp,22300021,oracle,4
enhanced_inflation_d4f,enhanced_inflation,4,40.0,0.85,30.0,20.0,True,,2.248039322762688,0.0,0.8749943923219492,40.0,0.0,8.338500000000018,7.62823486328125,5.922171971400087,6.164584045370552,8.3385,True,AVOIDED,0.0,0.0,0.0,freeze,latency_comp,22300022,oracle,4
enhanced_inflation_d4f,enhanced_inflation,4,40.0,0.85,35.0,20.0,True,,1.280468939599018,5.898601963496202,1.2930710338523435,40.0,0.0,8.3385,13.01339340209961,4.954552075237723,4.263175741034527,8.3385,True,AVOIDED,0.0,0.0,0.0,freeze,latency_comp,22300023,oracle,4
enhanced_inflation_d4f,enhanced_inflation,4,40.0,0.85,40.0,20.0,True,,1.5840897854753786,7.464809576588896,1.1933169971182431,40.0,0.0,8.3385,11.604576110839844,5.2583939727732,4.620174970565136,8.3385,True,AVOIDED,0.0,0.0,0.0,freeze,latency_comp,22300024,oracle,4
enhanced_inflation_d4f,enhanced_inflation,4,40.0,0.4,20.0,20.0,False,vehicle.ue4.audi.tt,0.0,0.0,1.046964954574268,29.402615634387985,10.597384365612015,3.924000000000003,0.0,3.824436355858704,4.717663290954602,3.9240000000000004,True,COLLISION with vehicle.ue4.audi.tt,0.0,0.0,0.0,freeze,latency_comp,22300025,oracle,4
enhanced_inflation_d4f,enhanced_inflation,4,40.0,0.4,25.0,20.0,True,,1.923572692009925,4.035939632811593,1.4817608612526953,40.0,0.0,3.924000000000003,15.129240036010742,5.597876879307746,3.3682021659632118,3.9240000000000004,True,AVOIDED,0.0,0.0,0.0,freeze,latency_comp,22300026,oracle,4
enhanced_inflation_d4f,enhanced_inflation,4,40.0,0.4,30.0,20.0,True,,5.587665659022781,4.15510036686093,1.8896233376098541,40.0,0.0,3.924000000000003,16.431520462036133,9.261969846320602,2.66486712172402,3.9240000000000004,True,AVOIDED,0.0,0.0,0.0,freeze,latency_comp,22300027,oracle,4
enhanced_inflation_d4f,enhanced_inflation,4,40.0,0.4,35.0,20.0,True,,2.0801872095159446,3.229764137425636,2.357910519355944,40.0,0.0,3.924000000000003,25.45960807800293,5.754357992016542,2.157569704258466,3.9240000000000004,True,AVOIDED,0.0,0.0,0.0,freeze,latency_comp,22300028,oracle,4
enhanced_inflation_d4f,enhanced_inflation,4,40.0,0.4,40.0,20.0,True,,1.5738708510088033,2.4531859299879026,2.6482418641281957,40.0,0.0,3.924000000000003,29.279006958007812,5.24815985493519,1.944155505409186,3.9240000000000004,True,AVOIDED,0.0,0.0,0.0,freeze,latency_comp,22300029,oracle,4
enhanced_inflation_d4f,enhanced_inflation,4,50.0,0.85,20.0,20.0,False,vehicle.ue4.audi.tt,0.0,9.31594599350639,0.8251043737093288,45.95629399825039,4.043706001749614,8.3385,0.0,3.809823030731732,7.766762818940709,8.3385,True,COLLISION with vehicle.ue4.audi.tt,0.0,0.0,0.0,freeze,latency_comp,22300030,oracle,4
enhanced_inflation_d4f,enhanced_inflation,4,50.0,0.85,25.0,20.0,True,,3.739007131288763,8.731593519471708,1.172875566223941,50.0,0.0,8.338500000000018,12.614583969116211,7.413135869164724,5.470597230148729,8.3385,True,AVOIDED,0.0,0.0,0.0,freeze,latency_comp,22300031,oracle,4
enhanced_inflation_d4f,enhanced_inflation,4,50.0,0.85,30.0,20.0,True,,3.2548578171975944,7.556610402705241,1.4925308352355482,50.0,0.0,8.3385,17.9307918548584,6.928986618868902,4.320983467061621,8.3385,True,AVOIDED,0.0,0.0,0.0,freeze,latency_comp,22300032,oracle,4
enhanced_inflation_d4f,enhanced_inflation,4,50.0,0.85,35.0,20.0,True,,0.518585667098856,9.046362227803,0.8215348332011302,50.0,0.0,8.338500000000018,11.005191802978516,4.192889854396677,8.266929885897758,8.3385,True,AVOIDED,0.0,0.0,0.0,freeze,latency_comp,22300033,oracle,4
enhanced_inflation_d4f,enhanced_inflation,4,50.0,0.85,40.0,20.0,True,,2.586871206309267,8.919709671414221,1.1699266167697713,50.0,0.0,8.338500000000018,13.767547607421875,6.26099617335152,5.825799091023202,8.3385,True,AVOIDED,0.0,0.0,0.0,freeze,latency_comp,22300034,oracle,4
enhanced_inflation_d4f,enhanced_inflation,4,50.0,0.4,20.0,20.0,False,vehicle.ue4.audi.tt,0.0,0.0,0.8249089199307247,25.938487285660965,24.061512714339035,3.9239999999999853,0.0,3.9357549704739907,7.769280542248863,3.9240000000000004,True,COLLISION with vehicle.ue4.audi.tt,0.0,0.0,0.0,freeze,latency_comp,22300035,oracle,4
enhanced_inflation_d4f,enhanced_inflation,4,50.0,0.4,25.0,20.0,False,vehicle.ue4.audi.tt,0.0,0.0,1.1726620741646545,35.55065179781639,14.449348202183609,3.924000000000003,0.0,3.837152725295864,5.470290829535227,3.9240000000000004,True,COLLISION with vehicle.ue4.audi.tt,0.0,0.0,0.0,freeze,latency_comp,22300036,oracle,4
enhanced_inflation_d4f,enhanced_inflation,4,50.0,0.4,30.0,20.0,False,vehicle.ue4.audi.tt,0.0,0.0,1.4916298145059934,41.288130283152945,8.711869716847053,3.924000000000003,0.0,3.8237865128229553,4.321289169984538,3.9240000000000004,True,COLLISION with vehicle.ue4.audi.tt,0.0,0.0,0.0,freeze,latency_comp,22300037,oracle,4
enhanced_inflation_d4f,enhanced_inflation,4,50.0,0.4,35.0,20.0,True,,2.939437434637745,4.044046082209764,1.8680985585458059,50.0,0.0,3.924000000000003,23.768192291259766,6.613741621935566,3.4749540424911953,3.9240000000000004,True,AVOIDED,0.0,0.0,0.0,freeze,latency_comp,22300038,oracle,4
enhanced_inflation_d4f,enhanced_inflation,4,50.0,0.4,40.0,20.0,True,,6.545753432531477,4.070687939021004,2.2030793383321985,50.0,0.0,3.924000000000003,24.992088317871094,10.220057619829298,2.96301843113483,3.9240000000000004,True,AVOIDED,0.0,0.0,0.0,freeze,latency_comp,22300039,oracle,4
enhanced_inflation_d4f,enhanced_inflation,4,60.0,0.85,20.0,20.0,False,vehicle.ue4.audi.tt,0.0,0.0,0.670785902381957,34.22910953234529,25.77089046765471,8.338499999999982,0.0,4.253234666754053,11.79884231501812,8.3385,True,COLLISION with vehicle.ue4.audi.tt,0.0,0.0,0.0,freeze,latency_comp,22300040,oracle,4
enhanced_inflation_d4f,enhanced_inflation,4,60.0,0.85,25.0,20.0,False,vehicle.ue4.audi.tt,0.0,0.0,0.9294034956742118,52.190497991760125,7.809502008239871,8.3385,0.0,3.824657886349898,8.455953702939368,8.3385,True,COLLISION with vehicle.ue4.audi.tt,0.0,0.0,0.0,freeze,latency_comp,22300041,oracle,4
enhanced_inflation_d4f,enhanced_inflation,4,60.0,0.85,30.0,20.0,True,,3.9770153148184404,8.650021740450322,1.2479717187943842,60.0,0.0,8.3385,16.927886962890625,7.651068153136185,6.304709176506745,8.3385,True,AVOIDED,0.0,0.0,0.0,freeze,latency_comp,22300042,oracle,4
enhanced_inflation_d4f,enhanced_inflation,4,60.0,0.85,35.0,20.0,True,,4.788895583614593,8.958733179136386,1.5297888343786956,60.0,0.0,8.3385,21.0865421295166,8.46302054293757,5.160787367370734,8.3385,True,AVOIDED,0.0,0.0,0.0,freeze,latency_comp,22300043,oracle,4
enhanced_inflation_d4f,enhanced_inflation,4,60.0,0.85,40.0,20.0,True,,2.309161285147437,6.095498877370125,1.8161531859753226,60.0,0.0,8.3385,28.53818702697754,5.983293940222562,4.362733724548147,8.3385,True,AVOIDED,0.0,0.0,0.0,freeze,latency_comp,22300044,oracle,4
enhanced_inflation_d4f,enhanced_inflation,4,60.0,0.4,20.0,20.0,False,vehicle.ue4.audi.tt,0.0,0.0,0.6707924490490013,16.435704488022743,43.56429551197726,3.924000000000021,0.0,3.872325855967398,11.798708468874347,3.9240000000000004,True,COLLISION with vehicle.ue4.audi.tt,0.0,0.0,0.0,freeze,latency_comp,22300045,oracle,4
enhanced_inflation_d4f,enhanced_inflation,4,60.0,0.4,25.0,20.0,False,vehicle.ue4.audi.tt,0.0,0.0,0.9293932185274408,35.322776757138996,24.677223242861004,3.924000000000021,0.0,3.8865615468931507,8.456025404959096,3.9240000000000004,True,COLLISION with vehicle.ue4.audi.tt,0.0,0.0,0.0,freeze,latency_comp,22300046,oracle,4
enhanced_inflation_d4f,enhanced_inflation,4,60.0,0.4,30.0,20.0,False,vehicle.ue4.audi.tt,0.0,0.0,1.24797716245846,41.23604889858497,18.763951101415028,3.924000000000021,0.0,3.8664679568922464,6.304676199433903,3.9240000000000004,True,COLLISION with vehicle.ue4.audi.tt,0.0,0.0,0.0,freeze,latency_comp,22300047,oracle,4
enhanced_inflation_d4f,enhanced_inflation,4,60.0,0.4,35.0,20.0,False,vehicle.ue4.audi.tt,0.0,0.0,1.5297743963589783,44.44149396304435,15.55850603695565,3.924000000000021,0.0,3.8167447150270206,5.160809466827104,3.9240000000000004,True,COLLISION with vehicle.ue4.audi.tt,0.0,0.0,0.0,freeze,latency_comp,22300048,oracle,4
enhanced_inflation_d4f,enhanced_inflation,4,60.0,0.4,40.0,20.0,False,vehicle.ue4.audi.tt,0.0,0.0,1.8161484633635292,49.7839515757192,10.2160484242808,3.924000000000021,0.0,3.826820466350778,4.362719119167426,3.9240000000000004,True,COLLISION with vehicle.ue4.audi.tt,0.0,0.0,0.0,freeze,latency_comp,22300049,oracle,4
enhanced_inflation_d8f,enhanced_inflation,8,20.0,0.85,20.0,20.0,True,,0.8925956384408007,3.6581973885329186,0.9545433866387882,20.0,0.0,3.335400049701338,4.359897613525391,4.566781725229037,2.8831644300408477,8.3385,True,AVOIDED,0.0,0.0,0.0,freeze,latency_comp,22340000,oracle,8
enhanced_inflation_d8f,enhanced_inflation,8,20.0,0.85,25.0,20.0,True,,1.6115864995825708,8.55497857488385,0.8022905179052541,20.0,0.0,8.3385,2.813610076904297,5.285677319804408,3.4210672257925845,8.3385,True,AVOIDED,0.0,0.0,0.0,freeze,latency_comp,22340001,oracle,8
enhanced_inflation_d8f,enhanced_inflation,8,20.0,0.85,30.0,20.0,True,,1.6112763102811378,8.554031033423133,0.8023217647540748,20.0,0.0,8.3385,2.8138351440429688,5.28536710830864,3.4211163365062074,8.3385,True,AVOIDED,0.0,0.0,0.0,freeze,latency_comp,22340002,oracle,8
enhanced_inflation_d8f,enhanced_inflation,8,20.0,0.85,35.0,20.0,True,,1.6115864995825708,8.55497857488385,0.8022905179052541,20.0,0.0,8.3385,2.813610076904297,5.285677319804408,3.4210672257925845,8.3385,True,AVOIDED,0.0,0.0,0.0,freeze,latency_comp,22340003,oracle,8
enhanced_inflation_d8f,enhanced_inflation,8,20.0,0.85,40.0,20.0,True,,1.611276300143122,8.554031033423133,0.8023217629200029,20.0,0.0,8.3385,2.8138351440429688,5.285367098170172,3.421116341619741,8.3385,True,AVOIDED,0.0,0.0,0.0,freeze,latency_comp,22340004,oracle,8
enhanced_inflation_d8f,enhanced_inflation,8,20.0,0.4,20.0,20.0,True,,2.4508972870758665,1.58326658621119,1.8152685877819272,20.0,0.0,1.569600023388863,9.411548614501953,6.125201474373688,1.1901676638781573,3.9240000000000004,True,AVOIDED,0.0,0.0,0.0,freeze,latency_comp,22340005,oracle,8
enhanced_inflation_d8f,enhanced_inflation,8,20.0,0.4,25.0,20.0,True,,1.3609085131122374,3.072943146613079,1.401498861700792,20.0,0.0,3.924000000000003,6.369998931884766,5.035212700410058,1.958208671025261,3.9240000000000004,True,AVOIDED,0.0,0.0,0.0,freeze,latency_comp,22340006,oracle,8
enhanced_inflation_d8f,enhanced_inflation,8,20.0,0.4,30.0,20.0,True,,1.3613812927694129,3.0730580099720046,1.4013532184306354,20.0,0.0,3.924000000000003,6.369617462158203,5.035685480067234,1.9581792033635952,3.9240000000000004,True,AVOIDED,0.0,0.0,0.0,freeze,latency_comp,22340007,oracle,8
enhanced_inflation_d8f,enhanced_inflation,8,20.0,0.4,35.0,20.0,True,,1.3609085131122374,3.072943146613079,1.401498861700792,20.0,0.0,3.924000000000003,6.369998931884766,5.035212700410058,1.958208671025261,3.9240000000000004,True,AVOIDED,0.0,0.0,0.0,freeze,latency_comp,22340008,oracle,8
enhanced_inflation_d8f,enhanced_inflation,8,20.0,0.4,40.0,20.0,True,,1.3613850924930047,3.0730580099720046,1.401353908408255,20.0,0.0,3.924000000000003,6.369617462158203,5.035689279790826,1.958178238153716,3.9240000000000004,True,AVOIDED,0.0,0.0,0.0,freeze,latency_comp,22340009,oracle,8
enhanced_inflation_d8f,enhanced_inflation,8,30.0,0.85,20.0,20.0,True,,3.4136447024552936,6.226390715138064,1.19331188447078,30.0,0.0,8.3385,7.170940399169922,7.087689627473416,2.9455558936373873,8.3385,True,AVOIDED,0.0,0.0,0.0,freeze,latency_comp,22340010,oracle,8
enhanced_inflation_d8f,enhanced_inflation,8,30.0,0.85,25.0,20.0,True,,2.0537615620942207,9.76787998644107,0.830085204978121,30.0,0.0,8.3385,4.808479309082031,5.728065749392042,4.984353453698729,8.3385,True,AVOIDED,0.0,0.0,0.0,freeze,latency_comp,22340011,oracle,8
enhanced_inflation_d8f,enhanced_inflation,8,30.0,0.85,30.0,20.0,True,,2.1061578343550362,6.893633391036738,1.0792316661948105,30.0,0.0,8.3385,6.824333190917969,5.780462021652857,3.8305394063196974,8.3385,True,AVOIDED,0.0,0.0,0.0,freeze,latency_comp,22340012,oracle,8
enhanced_inflation_d8f,enhanced_inflation,8,30.0,0.85,35.0,20.0,True,,2.106452286561784,6.89435445378616,1.0780902087796207,30.0,0.0,8.3385,6.823963165283203,5.780756473859605,3.830495535000176,8.3385,True,AVOIDED,0.0,0.0,0.0,freeze,latency_comp,22340013,oracle,8
enhanced_inflation_d8f,enhanced_inflation,8,30.0,0.85,40.0,20.0,True,,2.1060898749155754,0.0,1.080141019858086,30.0,0.0,8.3385,6.8235931396484375,5.7803940622133965,3.830243421464017,8.3385,True,AVOIDED,0.0,0.0,0.0,freeze,latency_comp,22340014,oracle,8
enhanced_inflation_d8f,enhanced_inflation,8,30.0,0.4,20.0,20.0,True,,2.1477762395815283,4.019319987467662,1.1923399179215783,30.0,0.0,3.924000000000003,8.437454223632812,5.822080426879349,2.9454913281121406,3.9240000000000004,True,AVOIDED,0.0,0.0,0.0,freeze,latency_comp,22340015,oracle,8
enhanced_inflation_d8f,enhanced_inflation,8,30.0,0.4,25.0,20.0,True,,5.629649222537802,4.063800188931558,1.7634932546768312,30.0,0.0,3.924000000000003,10.332540512084961,9.303812324911997,2.0448580607753737,3.9240000000000004,True,AVOIDED,0.0,0.0,0.0,freeze,latency_comp,22340016,oracle,8
enhanced_inflation_d8f,enhanced_inflation,8,30.0,0.4,30.0,20.0,True,,1.1096050757629117,1.827360569112686,2.272839853389827,30.0,0.0,3.924000000000003,19.40618133544922,4.783909263060733,1.6272004012880659,3.9240000000000004,True,AVOIDED,0.0,0.0,0.0,freeze,latency_comp,22340017,oracle,8
enhanced_inflation_d8f,enhanced_inflation,8,30.0,0.4,35.0,20.0,True,,1.9130889490825433,2.7884486336874006,2.0790636504245215,30.0,0.0,3.924000000000003,15.292070388793945,5.587259701277062,1.9881488384870496,3.9240000000000004,True,AVOIDED,0.0,0.0,0.0,freeze,latency_comp,22340018,oracle,8
enhanced_inflation_d8f,enhanced_inflation,8,30.0,0.4,40.0,20.0,True,,2.143710869120679,3.21386157147653,1.9770552984121057,30.0,0.0,3.924000000000003,14.23377799987793,5.8180150564185,2.088566232210166,3.9240000000000004,True,AVOIDED,0.0,0.0,0.0,freeze,latency_comp,22340019,oracle,8
enhanced_inflation_d8f,enhanced_inflation,8,40.0,0.85,20.0,20.0,True,,2.3453838267867475,8.624209983511147,0.8465473286584715,40.0,0.0,8.3385,6.979534149169922,6.019463024587915,5.835759219291766,8.3385,True,AVOIDED,0.0,0.0,0.0,freeze,latency_comp,22340020,oracle,8
enhanced_inflation_d8f,enhanced_inflation,8,40.0,0.85,25.0,20.0,True,,4.550622090009542,8.935119531414186,1.2865258889063935,40.0,0.0,8.3385,10.29388427734375,8.224926277307363,3.8924566399874774,8.3385,True,AVOIDED,0.0,0.0,0.0,freeze,latency_comp,22340021,oracle,8
enhanced_inflation_d8f,enhanced_inflation,8,40.0,0.85,30.0,20.0,True,,0.6888124929424357,8.620038801749367,0.6938928198789863,40.0,0.0,8.3385,6.980785369873047,4.362850068830969,7.946080631357774,8.3385,True,AVOIDED,0.0,0.0,0.0,freeze,latency_comp,22340022,oracle,8
enhanced_inflation_d8f,enhanced_inflation,8,40.0,0.85,35.0,20.0,True,,3.166804742096807,8.62019186819272,1.193207636385998,40.0,0.0,8.338500000000018,10.021751403808594,6.840849643677021,4.620051729500684,8.3385,True,AVOIDED,0.0,0.0,0.0,freeze,latency_comp,22340023,oracle,8
enhanced_inflation_d8f,enhanced_inflation,8,40.0,0.85,40.0,20.0,True,,2.6072094518878384,6.082340275457549,1.3930959880353544,40.0,0.0,8.3385,12.788764953613281,6.281513639185659,3.957559777004735,8.3385,True,AVOIDED,0.0,0.0,0.0,freeze,latency_comp,22340024,oracle,8
enhanced_inflation_d8f,enhanced_inflation,8,40.0,0.4,20.0,20.0,False,vehicle.ue4.audi.tt,0.0,0.0,0.8472841476221151,26.929665666482798,13.070334333517204,3.924000000000003,0.0,3.827476498098809,5.832591076227689,3.9240000000000004,True,COLLISION with vehicle.ue4.audi.tt,0.0,0.0,0.0,freeze,latency_comp,22340025,oracle,8
enhanced_inflation_d8f,enhanced_inflation,8,40.0,0.4,25.0,20.0,False,vehicle.ue4.audi.tt,0.0,4.159319889110068,1.286049776893814,36.53804542598973,3.461954574010269,3.924000000000003,0.0,3.810335419049512,3.893183936666893,3.9240000000000004,True,COLLISION with vehicle.ue4.audi.tt,0.0,0.0,0.0,freeze,latency_comp,22340026,oracle,8
enhanced_inflation_d8f,enhanced_inflation,8,40.0,0.4,30.0,20.0,True,,4.6794121430875375,4.034562794475078,1.698400359240459,40.0,0.0,3.924000000000003,15.132183074951172,8.353716330385359,2.978947304336597,3.9240000000000004,True,AVOIDED,0.0,0.0,0.0,freeze,latency_comp,22340027,oracle,8
enhanced_inflation_d8f,enhanced_inflation,8,40.0,0.4,35.0,20.0,True,,6.419093806339362,4.0023535917629784,2.1708887483182764,40.0,0.0,3.924000000000003,18.91131019592285,10.093397993637183,2.356590762637794,3.9240000000000004,True,AVOIDED,0.0,0.0,0.0,freeze,latency_comp,22340028,oracle,8
enhanced_inflation_d8f,enhanced_inflation,8,40.0,0.4,40.0,20.0,True,,2.7410498046280907,2.7530785698042726,2.6081721251680943,40.0,0.0,3.924000000000003,27.55955696105957,6.415353991925912,1.980905443036364,3.9240000000000004,True,AVOIDED,0.0,0.0,0.0,freeze,latency_comp,22340029,oracle,8
enhanced_inflation_d8f,enhanced_inflation,8,50.0,0.85,20.0,20.0,False,vehicle.ue4.audi.tt,0.0,0.0,0.6254226848048048,34.36381558545091,15.636184414549096,8.3385,0.0,3.9363965651281485,10.250921012933931,8.3385,True,COLLISION with vehicle.ue4.audi.tt,0.0,0.0,0.0,freeze,latency_comp,22340030,oracle,8
enhanced_inflation_d8f,enhanced_inflation,8,50.0,0.85,25.0,20.0,True,,2.588636803307595,9.047179184066362,0.9734497820679839,50.0,0.0,8.338500000000018,11.00455093383789,6.262940990605416,6.59539469338905,8.3385,True,AVOIDED,0.0,0.0,0.0,freeze,latency_comp,22340031,oracle,8
enhanced_inflation_d8f,enhanced_inflation,8,50.0,0.85,30.0,20.0,True,,5.034645516933896,0.0,1.2952209823620837,50.0,0.0,8.3385,13.38833236694336,8.708778099017009,4.988960595417487,8.3385,True,AVOIDED,0.0,0.0,0.0,freeze,latency_comp,22340032,oracle,8
enhanced_inflation_d8f,enhanced_inflation,8,50.0,0.85,35.0,20.0,True,,3.093834897960443,5.542700171856182,1.6726272807790314,50.0,0.0,8.3385,20.852294921875,6.767914077657421,3.8909334424714057,8.3385,True,AVOIDED,0.0,0.0,0.0,freeze,latency_comp,22340033,oracle,8
enhanced_inflation_d8f,enhanced_inflation,8,50.0,0.85,40.0,20.0,True,,2.588396008305919,9.04660370265828,0.984609701038447,50.0,0.0,8.3385,11.005111694335938,6.26270019560374,7.011545756049556,8.3385,True,AVOIDED,0.0,0.0,0.0,freeze,latency_comp,22340034,oracle,8
enhanced_inflation_d8f,enhanced_inflation,8,50.0,0.4,20.0,20.0,False,vehicle.ue4.audi.tt,0.0,0.0,0.6250680005363485,20.75157535834846,29.24842464165154,3.9239999999999853,0.0,4.193440238153922,10.256952469040067,3.9240000000000004,True,COLLISION with vehicle.ue4.audi.tt,0.0,0.0,0.0,freeze,latency_comp,22340035,oracle,8
enhanced_inflation_d8f,enhanced_inflation,8,50.0,0.4,25.0,20.0,False,vehicle.ue4.audi.tt,0.0,0.0,0.9733527292153142,32.874818668670535,17.125181331329465,3.9239999999999853,0.0,3.8297620422223915,6.594604035419896,3.9240000000000004,True,COLLISION with vehicle.ue4.audi.tt,0.0,0.0,0.0,freeze,latency_comp,22340036,oracle,8
enhanced_inflation_d8f,enhanced_inflation,8,50.0,0.4,30.0,20.0,False,vehicle.ue4.audi.tt,0.0,0.0,1.2944811136998156,37.646831213773126,12.353168786226876,3.924000000000003,0.0,3.831842692356239,4.989176723794472,3.9240000000000004,True,COLLISION with vehicle.ue4.audi.tt,0.0,0.0,0.0,freeze,latency_comp,22340037,oracle,8
enhanced_inflation_d8f,enhanced_inflation,8,50.0,0.4,35.0,20.0,True,,0.17976618372469044,0.0,1.6733771959564663,50.0,0.0,3.924000000000003,23.76820945739746,3.8540703710225115,3.8909184826129186,3.9240000000000004,True,AVOIDED,0.0,0.0,0.0,freeze,latency_comp,22340038,oracle,8
enhanced_inflation_d8f,enhanced_inflation,8,50.0,0.4,40.0,20.0,True,,5.01044558605248,4.044261702267722,2.010411761460734,50.0,0.0,3.924000000000003,23.766891479492188,8.684749773350301,3.258314799801979,3.9240000000000004,True,AVOIDED,0.0,0.0,0.0,freeze,latency_comp,22340039,oracle,8
enhanced_inflation_d8f,enhanced_inflation,8,60.0,0.85,20.0,20.0,False,vehicle.ue4.audi.tt,0.0,0.0,0.4734404456634141,20.29269792179651,39.70730207820349,8.338499999999982,0.0,3.9282677652263303,16.794691266305477,8.3385,True,COLLISION with vehicle.ue4.audi.tt,0.0,0.0,0.0,freeze,latency_comp,22340040,oracle,8
enhanced_inflation_d8f,enhanced_inflation,8,60.0,0.85,25.0,20.0,False,vehicle.ue4.audi.tt,0.0,0.0,0.7293550259576411,43.8083360285403,16.191663971459697,8.338499999999982,0.0,3.818691889703911,10.775465526881122,8.3385,True,COLLISION with vehicle.ue4.audi.tt,0.0,0.0,0.0,freeze,latency_comp,22340041,oracle,8
enhanced_inflation_d8f,enhanced_inflation,8,60.0,0.85,30.0,20.0,True,,1.640901328909293,0.0,1.0486232907239337,60.0,0.0,8.3385,15.950523376464844,5.3150340173085215,7.507448489865494,8.3385,True,AVOIDED,0.0,0.0,0.0,freeze,latency_comp,22340042,oracle,8
enhanced_inflation_d8f,enhanced_inflation,8,60.0,0.85,35.0,20.0,True,,5.149971777782881,8.853522557615674,1.3318323377819028,60.0,0.0,8.3385,17.41145896911621,8.824100508601234,5.935962690459567,8.3385,True,AVOIDED,0.0,0.0,0.0,freeze,latency_comp,22340043,oracle,8
enhanced_inflation_d8f,enhanced_inflation,8,60.0,0.85,40.0,20.0,True,,6.887357871066975,8.750764436743168,1.6196329521656048,60.0,0.0,8.3385,20.644346237182617,10.56148663712592,4.901718378198033,8.3385,True,AVOIDED,0.0,0.0,0.0,freeze,latency_comp,22340044,oracle,8
enhanced_inflation_d8f,enhanced_inflation,8,60.0,0.4,20.0,20.0,False,vehicle.ue4.audi.tt,0.0,0.0,0.47344627941578377,9.920734929910836,50.079265070089164,3.924000000000021,0.0,3.9491529412833164,16.79444400415208,3.9240000000000004,True,COLLISION with vehicle.ue4.audi.tt,0.0,0.0,0.0,freeze,latency_comp,22340045,oracle,8
enhanced_inflation_d8f,enhanced_inflation,8,60.0,0.4,25.0,20.0,False,vehicle.ue4.audi.tt,0.0,0.0,0.7293443298138454,31.24292509431548,28.75707490568452,3.924000000000021,0.0,3.9366804422392336,10.775579789032683,3.9240000000000004,True,COLLISION with vehicle.ue4.audi.tt,0.0,0.0,0.0,freeze,latency_comp,22340046,oracle,8
enhanced_inflation_d8f,enhanced_inflation,8,60.0,0.4,30.0,20.0,False,vehicle.ue4.audi.tt,0.0,0.0,1.0486896109855894,38.934564377789485,21.065435622210515,3.924000000000021,0.0,3.8468244804294853,7.506969123169081,3.9240000000000004,True,COLLISION with vehicle.ue4.audi.tt,0.0,0.0,0.0,freeze,latency_comp,22340047,oracle,8
enhanced_inflation_d8f,enhanced_inflation,8,60.0,0.4,35.0,20.0,False,vehicle.ue4.audi.tt,0.0,0.0,1.3318278882553787,42.103309553252245,17.89669044674775,3.924000000000021,0.0,3.8476581017942046,5.935991683909263,3.9240000000000004,True,COLLISION with vehicle.ue4.audi.tt,0.0,0.0,0.0,freeze,latency_comp,22340048,oracle,8
enhanced_inflation_d8f,enhanced_inflation,8,60.0,0.4,40.0,20.0,False,vehicle.ue4.audi.tt,0.0,0.0,1.6196432919100126,46.39830504723322,13.601694952766776,3.924000000000021,0.0,3.845783457183269,4.901699462880124,3.9240000000000004,True,COLLISION with vehicle.ue4.audi.tt,0.0,0.0,0.0,freeze,latency_comp,22340049,oracle,8
enhanced_inflation_d16f,enhanced_inflation,16,20.0,0.85,20.0,20.0,True,,4.47208142179837,3.6585807400389343,1.4025862596432688,20.0,0.0,3.335400049701338,4.358638763427734,8.14626357857813,1.678214713100533,8.3385,True,AVOIDED,0.0,0.0,0.0,freeze,latency_comp,22810000,oracle,16
enhanced_inflation_d16f,enhanced_inflation,16,20.0,0.85,25.0,20.0,True,,2.5293208968477137,6.097503271038719,1.054418638949511,20.0,0.0,8.3385,3.27288818359375,6.203430712825901,2.6097937610700295,8.3385,True,AVOIDED,0.0,0.0,0.0,freeze,latency_comp,22810001,oracle,16
enhanced_inflation_d16f,enhanced_inflation,16,20.0,0.85,30.0,20.0,True,,2.529846704271252,6.0991375757353365,1.054685097433114,20.0,0.0,8.3385,3.2719802856445312,6.203956478274931,2.6092955167299676,8.3385,True,AVOIDED,0.0,0.0,0.0,freeze,latency_comp,22810002,oracle,16
enhanced_inflation_d16f,enhanced_inflation,16,20.0,0.85,35.0,20.0,True,,2.5293208968477137,6.097503271038719,1.054418638949511,20.0,0.0,8.3385,3.27288818359375,6.203430712825901,2.6097937610700295,8.3385,True,AVOIDED,0.0,0.0,0.0,freeze,latency_comp,22810003,oracle,16
enhanced_inflation_d16f,enhanced_inflation,16,20.0,0.85,40.0,20.0,True,,2.5298466956366816,6.0991375757353365,1.0546850957934237,20.0,0.0,8.3385,3.2719802856445312,6.20395646964008,2.6092955192710714,8.3385,True,AVOIDED,0.0,0.0,0.0,freeze,latency_comp,22810004,oracle,16
enhanced_inflation_d16f,enhanced_inflation,16,20.0,0.4,20.0,20.0,True,,5.0127206233875174,4.053629438296208,1.5413536398452015,20.0,0.0,3.924000000000003,4.919776916503906,8.68689132368715,1.4658897649471834,3.9240000000000004,True,AVOIDED,0.0,0.0,0.0,freeze,latency_comp,22810005,oracle,16
enhanced_inflation_d16f,enhanced_inflation,16,20.0,0.4,25.0,20.0,True,,3.1015234879822398,3.4822666675168295,1.6553240782619025,20.0,0.0,3.924000000000003,6.005584716796875,6.775827675280061,1.6623177996053524,3.9240000000000004,True,AVOIDED,0.0,0.0,0.0,freeze,latency_comp,22810006,oracle,16
enhanced_inflation_d16f,enhanced_inflation,16,20.0,0.4,30.0,20.0,True,,2.8933118253995467,2.9564188067501043,1.70111732044131,20.0,0.0,3.924000000000003,6.489322662353516,6.567558843874967,1.6132508844125635,3.9240000000000004,True,AVOIDED,0.0,0.0,0.0,freeze,latency_comp,22810007,oracle,16
enhanced_inflation_d16f,enhanced_inflation,16,20.0,0.4,35.0,20.0,True,,2.8937218422648403,2.9567206305305738,1.7012787876573134,20.0,0.0,3.924000000000003,6.488578796386719,6.567968850746188,1.6131248288348863,3.9240000000000004,True,AVOIDED,0.0,0.0,0.0,freeze,latency_comp,22810008,oracle,16
enhanced_inflation_d16f,enhanced_inflation,16,20.0,0.4,40.0,20.0,True,,2.8933156294316724,2.9564188067501043,1.7011180106755963,20.0,0.0,3.924000000000003,6.489322662353516,6.567562647906953,1.6132502291784772,3.9240000000000004,True,AVOIDED,0.0,0.0,0.0,freeze,latency_comp,22810009,oracle,16
enhanced_inflation_d16f,enhanced_inflation,16,30.0,0.85,20.0,20.0,True,,3.164353607335329,9.518908671994051,0.8127066160321467,30.0,0.0,8.3385,4.110576629638672,6.838402370983325,4.409754395272241,8.3385,True,AVOIDED,0.0,0.0,0.0,freeze,latency_comp,22810010,oracle,16
enhanced_inflation_d16f,enhanced_inflation,16,30.0,0.85,25.0,20.0,True,,5.829226923322647,6.8960126414071015,1.4070341755595919,30.0,0.0,8.3385,6.823406219482422,9.503531110620468,2.6342938909589932,8.3385,True,AVOIDED,0.0,0.0,0.0,freeze,latency_comp,22810011,oracle,16
enhanced_inflation_d16f,enhanced_inflation,16,30.0,0.85,30.0,20.0,True,,3.0508888895393893,9.76428740487976,1.0792316661948105,30.0,0.0,8.3385,5.878993988037109,6.72519307683721,3.8305394063196974,8.3385,True,AVOIDED,0.0,0.0,0.0,freeze,latency_comp,22810012,oracle,16
enhanced_inflation_d16f,enhanced_inflation,16,30.0,0.85,35.0,20.0,True,,4.174889876880708,6.8960126414071015,1.3304691317218504,30.0,0.0,8.3385,6.823402404785156,7.849194064178529,3.109432683938595,8.3385,True,AVOIDED,0.0,0.0,0.0,freeze,latency_comp,22810013,oracle,16
enhanced_inflation_d16f,enhanced_inflation,16,30.0,0.85,40.0,20.0,True,,4.174669350704502,6.895581435898052,1.3290677069420185,30.0,0.0,8.3385,6.82330322265625,7.848973538002323,3.109480837930959,8.3385,True,AVOIDED,0.0,0.0,0.0,freeze,latency_comp,22810014,oracle,16
enhanced_inflation_d16f,enhanced_inflation,16,30.0,0.4,20.0,20.0,False,vehicle.ue4.audi.tt,0.0,0.0,0.8120113258684468,24.067722484877585,5.932277515122414,3.924000000000003,0.0,3.8201213724634795,4.409670633924368,3.9240000000000004,True,COLLISION with vehicle.ue4.audi.tt,0.0,0.0,0.0,freeze,latency_comp,22810015,oracle,16
enhanced_inflation_d16f,enhanced_inflation,16,30.0,0.4,25.0,20.0,True,,4.216556046670191,4.020204781985354,1.4057434289020372,30.0,0.0,3.924000000000003,8.436271667480469,7.890860233968012,2.6343271883700456,3.9240000000000004,True,AVOIDED,0.0,0.0,0.0,freeze,latency_comp,22810016,oracle,16
enhanced_inflation_d16f,enhanced_inflation,16,30.0,0.4,30.0,20.0,True,,6.806386683708748,4.199970263882409,2.0206040010966415,30.0,0.0,3.924000000000003,11.224029541015625,10.48069087100657,1.8709625350698789,3.9240000000000004,True,AVOIDED,0.0,0.0,0.0,freeze,latency_comp,22810017,oracle,16
enhanced_inflation_d16f,enhanced_inflation,16,30.0,0.4,35.0,20.0,True,,1.599003129159855,1.5827155450796822,2.6019210466507285,30.0,0.0,1.5696000233888796,21.398435592651367,5.273307316457676,1.4742425472533118,3.9240000000000004,True,AVOIDED,0.0,0.0,0.0,freeze,latency_comp,22810018,oracle,16
enhanced_inflation_d16f,enhanced_inflation,16,30.0,0.4,40.0,20.0,True,,3.814227098694042,2.7263175410654434,2.3313543705152346,30.0,0.0,3.924000000000003,15.458707809448242,7.488531285991863,1.7743961582739487,3.9240000000000004,True,AVOIDED,0.0,0.0,0.0,freeze,latency_comp,22810019,oracle,16
enhanced_inflation_d16f,enhanced_inflation,16,40.0,0.85,20.0,20.0,False,vehicle.ue4.audi.tt,0.0,0.0,0.44805404745516264,28.469885024768914,11.530114975231088,8.338500000000018,0.0,3.8297980049896965,11.050570262418255,8.3385,True,COLLISION with vehicle.ue4.audi.tt,0.0,0.0,0.0,freeze,latency_comp,22810020,oracle,16
enhanced_inflation_d16f,enhanced_inflation,16,40.0,0.85,25.0,20.0,True,,3.449792539272053,8.62440697473196,0.8991452628076241,40.0,0.0,8.3385,6.979396820068359,7.123875566970714,5.636421396027225,8.3385,True,AVOIDED,0.0,0.0,0.0,freeze,latency_comp,22810021,oracle,16
enhanced_inflation_d16f,enhanced_inflation,16,40.0,0.85,30.0,20.0,True,,5.656051605932268,9.09643948569203,1.3222190227549229,40.0,0.0,8.3385,9.738937377929688,9.33011563071602,3.8864745050999163,8.3385,True,AVOIDED,0.0,0.0,0.0,freeze,latency_comp,22810022,oracle,16
enhanced_inflation_d16f,enhanced_inflation,16,40.0,0.85,35.0,20.0,True,,2.5181397599329234,3.428129384623754,1.7634709155285364,40.0,0.0,3.335400049701338,17.847028732299805,6.192443947230744,2.9634959887150827,8.3385,True,AVOIDED,0.0,0.0,0.0,freeze,latency_comp,22810023,oracle,16
enhanced_inflation_d16f,enhanced_inflation,16,40.0,0.85,40.0,20.0,True,,4.002979874066623,9.101734629295652,1.24584886202916,40.0,0.0,8.3385,9.737083435058594,7.677173436090598,4.4332659348626,8.3385,True,AVOIDED,0.0,0.0,0.0,freeze,latency_comp,22810024,oracle,16
enhanced_inflation_d16f,enhanced_inflation,16,40.0,0.4,20.0,20.0,False,vehicle.ue4.audi.tt,0.0,0.0,0.4485820775667415,22.945542319774592,17.054457680225408,3.9239999999999853,0.0,3.8682670712836336,11.046098964179254,3.9240000000000004,True,COLLISION with vehicle.ue4.audi.tt,0.0,0.0,0.0,freeze,latency_comp,22810025,oracle,16
enhanced_inflation_d16f,enhanced_inflation,16,40.0,0.4,25.0,20.0,False,vehicle.ue4.audi.tt,0.0,0.0,0.8988088024435028,28.50580256289262,11.49419743710738,3.924000000000003,0.0,3.8307150483962316,5.638108696971787,3.9240000000000004,True,COLLISION with vehicle.ue4.audi.tt,0.0,0.0,0.0,freeze,latency_comp,22810026,oracle,16
enhanced_inflation_d16f,enhanced_inflation,16,40.0,0.4,30.0,20.0,True,,0.26636532903428867,4.034516490261225,1.3222449255800692,40.0,0.0,3.924000000000003,15.132305145263672,3.9406695163321097,3.8860732544658276,3.9240000000000004,True,AVOIDED,0.0,0.0,0.0,freeze,latency_comp,22810027,oracle,16
enhanced_inflation_d16f,enhanced_inflation,16,40.0,0.4,35.0,20.0,True,,5.782247440025602,4.034495733544858,1.8045492596776411,40.0,0.0,3.924000000000003,15.132467269897461,9.456551627323423,2.8826592093752494,3.9240000000000004,True,AVOIDED,0.0,0.0,0.0,freeze,latency_comp,22810028,oracle,16
enhanced_inflation_d16f,enhanced_inflation,16,40.0,0.4,40.0,20.0,True,,7.886413816699205,4.156348039697005,2.248243971546914,40.0,0.0,3.924000000000003,17.99664306640625,11.560718003997026,2.336518949569007,3.9240000000000004,True,AVOIDED,0.0,0.0,0.0,freeze,latency_comp,22810029,oracle,16
enhanced_inflation_d16f,enhanced_inflation,16,50.0,0.85,20.0,20.0,False,vehicle.ue4.audi.tt,0.0,0.0,0.22669526399734197,18.23021464079987,31.76978535920013,8.338499999999982,0.0,4.29983192577234,28.372362016058158,8.3385,True,COLLISION with vehicle.ue4.audi.tt,0.0,0.0,0.0,freeze,latency_comp,22810030,oracle,16
enhanced_inflation_d16f,enhanced_inflation,16,50.0,0.85,25.0,20.0,False,vehicle.ue4.audi.tt,0.0,0.0,0.5756097698597218,36.718258658396195,13.281741341603809,8.3385,0.0,3.832971008826563,11.188376339011723,8.3385,True,COLLISION with vehicle.ue4.audi.tt,0.0,0.0,0.0,freeze,latency_comp,22810031,oracle,16
enhanced_inflation_d16f,enhanced_inflation,16,50.0,0.85,30.0,20.0,True,,1.8986484855400647,9.046608840561218,0.9034928112280036,50.0,0.0,8.3385,11.005111694335938,5.572952672837886,7.205789205409057,8.3385,True,AVOIDED,0.0,0.0,0.0,freeze,latency_comp,22810032,oracle,16
enhanced_inflation_d16f,enhanced_inflation,16,50.0,0.85,35.0,20.0,True,,5.808210291977893,8.730799062998171,1.287696236859537,50.0,0.0,8.338500000000018,12.61529541015625,9.482339008303454,5.105128235560364,8.3385,True,AVOIDED,0.0,0.0,0.0,freeze,latency_comp,22810033,oracle,16
enhanced_inflation_d16f,enhanced_inflation,16,50.0,0.85,40.0,20.0,True,,7.665743759830361,8.919714666192307,1.629453097257783,50.0,0.0,8.338500000000018,15.589212417602539,11.33986867221518,4.062621545114568,8.3385,True,AVOIDED,0.0,0.0,0.0,freeze,latency_comp,22810034,oracle,16
enhanced_inflation_d16f,enhanced_inflation,16,50.0,0.4,20.0,20.0,False,vehicle.ue4.audi.tt,0.0,0.0,0.22598779016200787,15.946431550118604,34.053568449881396,3.9239999999999853,0.0,4.26763365566448,28.452899401008125,3.9240000000000004,True,COLLISION with vehicle.ue4.audi.tt,0.0,0.0,0.0,freeze,latency_comp,22810035,oracle,16
enhanced_inflation_d16f,enhanced_inflation,16,50.0,0.4,25.0,20.0,False,vehicle.ue4.audi.tt,0.0,0.0,0.575670512288383,28.870440321593588,21.129559678406412,3.9239999999999853,0.0,3.8334311476073055,11.184235974815952,3.9240000000000004,True,COLLISION with vehicle.ue4.audi.tt,0.0,0.0,0.0,freeze,latency_comp,22810036,oracle,16
enhanced_inflation_d16f,enhanced_inflation,16,50.0,0.4,30.0,20.0,False,vehicle.ue4.audi.tt,0.0,0.0,0.9029391342165495,32.594881581297805,17.405118418702195,3.9239999999999853,0.0,3.8457479843346247,7.206988411871463,3.9240000000000004,True,COLLISION with vehicle.ue4.audi.tt,0.0,0.0,0.0,freeze,latency_comp,22810037,oracle,16
enhanced_inflation_d16f,enhanced_inflation,16,50.0,0.4,35.0,20.0,False,vehicle.ue4.audi.tt,0.0,0.0,1.2882905605453947,37.7262822732514,12.273717726748602,3.924000000000003,0.0,3.835812492658644,5.104790338072999,3.9240000000000004,True,COLLISION with vehicle.ue4.audi.tt,0.0,0.0,0.0,freeze,latency_comp,22810038,oracle,16
enhanced_inflation_d16f,enhanced_inflation,16,50.0,0.4,40.0,20.0,False,vehicle.ue4.audi.tt,0.0,4.1671041312116905,1.6300219667687463,45.75720703939409,4.242792960605914,3.924000000000003,0.0,3.8108990693041855,4.0624185090574425,3.9240000000000004,True,COLLISION with vehicle.ue4.audi.tt,0.0,0.0,0.0,freeze,latency_comp,22810039,oracle,16
enhanced_inflation_d16f,enhanced_inflation,16,60.0,0.85,20.0,20.0,False,vehicle.ue4.audi.tt,0.0,0.0,0.08498224524755651,6.282499518313621,53.71750048168638,8.338499999999982,0.0,3.649070621716775,50.0,8.3385,True,COLLISION with vehicle.ue4.audi.tt,0.0,0.0,0.0,freeze,latency_comp,22810040,oracle,16
enhanced_inflation_d16f,enhanced_inflation,16,60.0,0.85,25.0,20.0,False,vehicle.ue4.audi.tt,0.0,0.0,0.3293659773653853,27.842668916206676,32.15733108379332,8.338499999999982,0.0,4.0020821846106065,23.867909699161363,8.3385,True,COLLISION with vehicle.ue4.audi.tt,0.0,0.0,0.0,freeze,latency_comp,22810041,oracle,16
enhanced_inflation_d16f,enhanced_inflation,16,60.0,0.85,30.0,20.0,False,vehicle.ue4.audi.tt,0.0,0.0,0.6509930728497563,42.24855336155689,17.75144663844311,8.338499999999982,0.0,3.822305789071537,12.124558411722308,8.3385,True,COLLISION with vehicle.ue4.audi.tt,0.0,0.0,0.0,freeze,latency_comp,22810042,oracle,16
enhanced_inflation_d16f,enhanced_inflation,16,60.0,0.85,35.0,20.0,False,vehicle.ue4.audi.tt,0.0,8.76913431101188,0.9379522518531722,57.0014225015811,2.9985774984189004,8.3385,0.0,3.812478426232046,8.473441355964228,8.3385,True,COLLISION with vehicle.ue4.audi.tt,0.0,0.0,0.0,freeze,latency_comp,22810043,oracle,16
enhanced_inflation_d16f,enhanced_inflation,16,60.0,0.85,40.0,20.0,True,,4.953977723555187,8.750737729277866,1.2294530598371693,60.0,0.0,8.3385,15.950565338134766,8.628087402036332,6.501361689741338,8.3385,True,AVOIDED,0.0,0.0,0.0,freeze,latency_comp,22810044,oracle,16
enhanced_inflation_d16f,enhanced_inflation,16,60.0,0.4,20.0,20.0,False,vehicle.ue4.audi.tt,0.0,0.0,0.08498652604253443,4.908517510497688,55.09148248950231,3.924000000000021,0.0,3.633198957736103,50.0,3.9240000000000004,True,COLLISION with vehicle.ue4.audi.tt,0.0,0.0,0.0,freeze,latency_comp,22810045,oracle,16
enhanced_inflation_d16f,enhanced_inflation,16,60.0,0.4,25.0,20.0,False,vehicle.ue4.audi.tt,0.0,0.0,0.3293398832098818,23.69292484406327,36.30707515593673,3.924000000000021,0.0,3.941950472733798,23.86853858917589,3.9240000000000004,True,COLLISION with vehicle.ue4.audi.tt,0.0,0.0,0.0,freeze,latency_comp,22810046,oracle,16
enhanced_inflation_d16f,enhanced_inflation,16,60.0,0.4,30.0,20.0,False,vehicle.ue4.audi.tt,0.0,0.0,0.6509979159057065,34.85690465504034,25.143095344959658,3.924000000000021,0.0,3.8587883563492396,12.124440880867857,3.9240000000000004,True,COLLISION with vehicle.ue4.audi.tt,0.0,0.0,0.0,freeze,latency_comp,22810047,oracle,16
enhanced_inflation_d16f,enhanced_inflation,16,60.0,0.4,35.0,20.0,False,vehicle.ue4.audi.tt,0.0,0.0,0.9379485006315742,37.89574791047937,22.10425208952063,3.924000000000021,0.0,3.8641492643964512,8.47349706313866,3.9240000000000004,True,COLLISION with vehicle.ue4.audi.tt,0.0,0.0,0.0,freeze,latency_comp,22810048,oracle,16
enhanced_inflation_d16f,enhanced_inflation,16,60.0,0.4,40.0,20.0,False,vehicle.ue4.audi.tt,0.0,0.0,1.2294500151232308,41.24035097152543,18.759649028474573,3.924000000000021,0.0,3.8665482908121986,6.501331276037473,3.9240000000000004,True,COLLISION with vehicle.ue4.audi.tt,0.0,0.0,0.0,freeze,latency_comp,22810049,oracle,16
proposed_d0f,proposed,0,20.0,0.85,20.0,20.0,True,,3.9212336866446513,3.65837067446903,1.3394593668191859,20.0,0.0,3.335400049701338,4.358844757080078,7.595415864059919,1.8043026374285156,8.3385,True,AVOIDED,0.0,0.0,0.0,freeze,latency_comp,12210000,oracle,0
proposed_d0f,proposed,0,20.0,0.85,25.0,20.0,True,,4.195510218845238,3.657861365625391,1.5551013235364857,20.0,0.0,3.335400049701338,4.360408782958984,7.869696242314734,1.7694600564205454,8.3385,True,AVOIDED,0.0,0.0,0.0,freeze,latency_comp,12210001,oracle,0
proposed_d0f,proposed,0,20.0,0.85,30.0,20.0,True,,4.195523935893825,3.6579558658285976,1.555066672630608,20.0,0.0,3.335400049701338,4.360206604003906,7.869709915739904,1.7694374691448977,8.3385,True,AVOIDED,0.0,0.0,0.0,freeze,latency_comp,12210002,oracle,0
proposed_d0f,proposed,0,20.0,0.85,35.0,20.0,True,,4.195510218845238,3.657861365625391,1.5551013235364857,20.0,0.0,3.335400049701338,4.360408782958984,7.869696242314734,1.7694600564205454,8.3385,True,AVOIDED,0.0,0.0,0.0,freeze,latency_comp,12210003,oracle,0
proposed_d0f,proposed,0,20.0,0.85,40.0,20.0,True,,4.195523929089964,3.6579558658285976,1.5550666712901509,20.0,0.0,3.335400049701338,4.360206604003906,7.869709908935939,1.7694374700495903,8.3385,True,AVOIDED,0.0,0.0,0.0,freeze,latency_comp,12210004,oracle,0
proposed_d0f,proposed,0,20.0,0.4,20.0,20.0,True,,3.218485726803898,0.0,1.3392987098874618,20.0,0.0,3.924000000000003,5.060676574707031,6.892789914101719,1.8043532859114022,3.9240000000000004,True,AVOIDED,0.0,0.0,0.0,freeze,latency_comp,12210005,oracle,0
proposed_d0f,proposed,0,20.0,0.4,25.0,20.0,True,,3.048637322277454,0.0,1.7547304082145698,20.0,0.0,3.924000000000003,6.6084442138671875,6.722941509575275,1.5679218645772697,3.9240000000000004,True,AVOIDED,0.0,0.0,0.0,freeze,latency_comp,12210006,oracle,0
proposed_d0f,proposed,0,20.0,0.4,30.0,20.0,True,,3.0504246821256995,2.864544209449814,1.7552582695695933,20.0,0.0,3.924000000000003,6.607891082763672,6.7247288694235205,1.5675922931020374,3.9240000000000004,True,AVOIDED,0.0,0.0,0.0,freeze,latency_comp,12210007,oracle,0
proposed_d0f,proposed,0,20.0,0.4,35.0,20.0,True,,3.0510869704970087,2.8649918075643197,1.7555189743116142,20.0,0.0,3.924000000000003,6.606849670410156,6.72539115779483,1.567409144788136,3.9240000000000004,True,AVOIDED,0.0,0.0,0.0,freeze,latency_comp,12210008,oracle,0
proposed_d0f,proposed,0,20.0,0.4,40.0,20.0,True,,3.0504284864370392,2.864544209449814,1.7552589614681762,20.0,0.0,3.924000000000003,6.607891082763672,6.72473267373486,1.567591674573954,3.9240000000000004,True,AVOIDED,0.0,0.0,0.0,freeze,latency_comp,12210009,oracle,0
proposed_d0f,proposed,0,30.0,0.85,20.0,20.0,True,,3.9326650882441907,3.501718372541213,1.589240310269733,30.0,0.0,3.335400049701338,9.961448669433594,7.606969275542012,2.203696841912894,8.3385,True,AVOIDED,0.0,0.0,0.0,freeze,latency_comp,12210010,oracle,0
proposed_d0f,proposed,0,30.0,0.85,25.0,20.0,True,,1.4732212832962626,4.331886701944831,1.1535649608842213,30.0,0.0,8.3385,8.699321746826172,5.147472094913993,3.3316057713605907,8.3385,True,AVOIDED,0.0,0.0,0.0,freeze,latency_comp,12210011,oracle,0
proposed_d0f,proposed,0,30.0,0.85,30.0,20.0,True,,3.1056197352822723,3.501718372541213,1.5791092051880642,30.0,0.0,3.335400049701338,9.961444854736328,6.779923922580093,2.6176888670134737,8.3385,True,AVOIDED,0.0,0.0,0.0,freeze,latency_comp,12210012,oracle,0
proposed_d0f,proposed,0,30.0,0.85,35.0,20.0,True,,3.106171173581699,3.5020199028370245,1.5775132192311272,30.0,0.0,3.335400049701338,9.960845947265625,6.78047536087952,2.6176375743156006,8.3385,True,AVOIDED,0.0,0.0,0.0,freeze,latency_comp,12210013,oracle,0
proposed_d0f,proposed,0,30.0,0.85,40.0,20.0,True,,3.105623532213931,3.501718372541213,1.5791096647943068,30.0,0.0,3.335400049701338,9.961444854736328,6.779927719511752,2.6176881040457913,8.3385,True,AVOIDED,0.0,0.0,0.0,freeze,latency_comp,12210014,oracle,0
proposed_d0f,proposed,0,30.0,0.4,20.0,20.0,True,,3.3330810557766055,4.153430070938013,1.587975167140971,30.0,0.0,3.924000000000003,10.561279296875,7.007385243074427,2.2036449020803137,3.9240000000000004,True,AVOIDED,0.0,0.0,0.0,freeze,latency_comp,12210015,oracle,0
proposed_d0f,proposed,0,30.0,0.4,25.0,20.0,True,,1.735646644075321,4.020213237314848,1.1524483666416514,30.0,0.0,3.924000000000003,8.436286926269531,5.409950831373142,3.3316693273856473,3.9240000000000004,True,AVOIDED,0.0,0.0,0.0,freeze,latency_comp,12210016,oracle,0
proposed_d0f,proposed,0,30.0,0.4,30.0,20.0,True,,2.8515099356190996,4.2007117416867015,1.7492078572231318,30.0,0.0,3.924000000000003,12.284679412841797,6.525814122916921,2.252335098594417,3.9240000000000004,True,AVOIDED,0.0,0.0,0.0,freeze,latency_comp,12210017,oracle,0
proposed_d0f,proposed,0,30.0,0.4,35.0,20.0,True,,2.651828845430469,4.154089000255718,1.7290123609883672,30.0,0.0,3.924000000000003,11.65677261352539,6.32613303272829,2.3901463996959005,3.9240000000000004,True,AVOIDED,0.0,0.0,0.0,freeze,latency_comp,12210018,oracle,0
proposed_d0f,proposed,0,30.0,0.4,40.0,20.0,True,,2.651711591415202,4.153947568581715,1.7308080242482524,30.0,0.0,3.924000000000003,11.657157897949219,6.326015778713023,2.390125282715792,3.9240000000000004,True,AVOIDED,0.0,0.0,0.0,freeze,latency_comp,12210019,oracle,0
proposed_d0f,proposed,0,40.0,0.85,20.0,20.0,True,,1.4112985349541418,6.547570622823611,1.2511492783422866,40.0,0.0,8.3385,12.330005645751953,5.0853593058364766,3.961490876976411,8.3385,True,AVOIDED,0.0,0.0,0.0,freeze,latency_comp,12210020,oracle,0
proposed_d0f,proposed,0,40.0,0.85,25.0,20.0,True,,1.4176998844259536,3.76538043473354,1.5806811107489096,40.0,0.0,8.3385,16.740442276000977,5.091802032137474,3.1546168343696994,8.3385,True,AVOIDED,0.0,0.0,0.0,freeze,latency_comp,12210021,oracle,0
proposed_d0f,proposed,0,40.0,0.85,30.0,20.0,True,,0.7296843913079281,7.866816028342706,1.0491368030451966,40.0,0.0,8.338500000000018,11.355693817138672,4.403767487520606,5.008331380756813,8.3385,True,AVOIDED,0.0,0.0,0.0,freeze,latency_comp,12210022,oracle,0
proposed_d0f,proposed,0,40.0,0.85,35.0,20.0,True,,1.5823564393882137,4.037112762822045,1.5394874871753652,40.0,0.0,8.3385,16.023054122924805,5.256443362897178,3.448934301588219,8.3385,True,AVOIDED,0.0,0.0,0.0,freeze,latency_comp,12210023,oracle,0
proposed_d0f,proposed,0,40.0,0.85,40.0,20.0,True,,1.5812645941922856,4.037136743979588,1.5928784294129137,40.0,0.0,8.3385,16.023218154907227,5.255408709153902,3.4611625695600736,8.3385,True,AVOIDED,0.0,0.0,0.0,freeze,latency_comp,12210024,oracle,0
proposed_d0f,proposed,0,40.0,0.4,20.0,20.0,False,vehicle.ue4.audi.tt,0.0,0.0,1.2518607036226785,33.08860290601171,6.911397093988291,3.924000000000003,0.0,3.820263313116803,3.9603839026224663,3.9240000000000004,True,COLLISION with vehicle.ue4.audi.tt,0.0,0.0,0.0,freeze,latency_comp,12210025,oracle,0
proposed_d0f,proposed,0,40.0,0.4,25.0,20.0,True,,0.6542422750209926,4.102078217773488,1.6838269796147827,40.0,0.0,3.924000000000003,18.60747528076172,4.32840932348464,2.9670315408161603,3.9240000000000004,True,AVOIDED,0.0,0.0,0.0,freeze,latency_comp,12210026,oracle,0
proposed_d0f,proposed,0,40.0,0.4,30.0,20.0,False,vehicle.ue4.audi.tt,0.0,0.0,1.0489616162358588,30.837447775246815,9.162552224753187,3.924000000000003,0.0,3.8341723577329065,5.00778443697093,3.9240000000000004,True,COLLISION with vehicle.ue4.audi.tt,0.0,0.0,0.0,freeze,latency_comp,12210027,oracle,0
proposed_d0f,proposed,0,40.0,0.4,35.0,20.0,False,vehicle.ue4.audi.tt,0.0,0.0,1.5397127114380706,35.940346526438475,4.059653473561529,3.924000000000003,0.0,3.813987723645099,3.4490762113198645,3.9240000000000004,True,COLLISION with vehicle.ue4.audi.tt,0.0,0.0,0.0,freeze,latency_comp,12210028,oracle,0
proposed_d0f,proposed,0,40.0,0.4,40.0,20.0,False,vehicle.ue4.audi.tt,0.0,4.068938290684394,1.7466100848713002,38.76105602077197,1.2389439792280303,3.924000000000003,0.0,3.8095854684620067,3.162570608903506,3.9240000000000004,True,COLLISION with vehicle.ue4.audi.tt,0.0,0.0,0.0,freeze,latency_comp,12210029,oracle,0
proposed_d0f,proposed,0,50.0,0.85,20.0,20.0,False,vehicle.ue4.audi.tt,0.0,0.0,1.0283507624270962,40.21925492040715,9.780745079592844,8.3385,0.0,3.821803534183559,6.251445427884491,8.3385,True,COLLISION with vehicle.ue4.audi.tt,0.0,0.0,0.0,freeze,latency_comp,12210030,oracle,0
proposed_d0f,proposed,0,50.0,0.85,25.0,20.0,True,,0.25844992026364544,6.805111960610857,1.3761703297458985,50.0,0.0,8.338500000000018,18.85797691345215,3.932616992230024,4.67326940838413,8.3385,True,AVOIDED,0.0,0.0,0.0,freeze,latency_comp,12210031,oracle,0
proposed_d0f,proposed,0,50.0,0.85,30.0,20.0,True,,0.9371726112655354,5.192653004512637,1.5915557582378868,50.0,0.0,8.338500000000018,21.630722045898438,4.611259613541595,4.0496133296805565,8.3385,True,AVOIDED,0.0,0.0,0.0,freeze,latency_comp,12210032,oracle,0
proposed_d0f,proposed,0,50.0,0.85,35.0,20.0,False,vehicle.ue4.audi.tt,0.0,0.0,1.0049640659373305,41.66213717885746,8.337862821142533,8.338500000000018,0.0,3.819370655569132,6.639201261619354,8.3385,True,COLLISION with vehicle.ue4.audi.tt,0.0,0.0,0.0,freeze,latency_comp,12210033,oracle,0
proposed_d0f,proposed,0,50.0,0.85,40.0,20.0,False,vehicle.ue4.audi.tt,0.0,6.6319939582979135,1.3507387427231656,46.86250154596955,3.1374984540304514,8.338500000000018,0.0,3.8094106452592396,4.970826623211005,8.3385,True,COLLISION with vehicle.ue4.audi.tt,0.0,0.0,0.0,freeze,latency_comp,12210034,oracle,0
proposed_d0f,proposed,0,50.0,0.4,20.0,20.0,False,vehicle.ue4.audi.tt,0.0,0.0,1.0283095496803998,30.89710919269787,19.10289080730213,3.9239999999999853,0.0,3.931804011362903,6.252550149773482,3.9240000000000004,True,COLLISION with vehicle.ue4.audi.tt,0.0,0.0,0.0,freeze,latency_comp,12210035,oracle,0
proposed_d0f,proposed,0,50.0,0.4,25.0,20.0,False,vehicle.ue4.audi.tt,0.0,0.0,1.3758346436684956,38.277805660868836,11.722194339131166,3.924000000000003,0.0,3.8306275281397872,4.67320867168864,3.9240000000000004,True,COLLISION with vehicle.ue4.audi.tt,0.0,0.0,0.0,freeze,latency_comp,12210036,oracle,0
proposed_d0f,proposed,0,50.0,0.4,30.0,20.0,False,vehicle.ue4.audi.tt,0.0,0.0,1.693193044708282,40.26723433992974,9.732765660070253,3.924000000000003,0.0,3.8350195311308455,3.810387753672799,3.9240000000000004,True,COLLISION with vehicle.ue4.audi.tt,0.0,0.0,0.0,freeze,latency_comp,12210037,oracle,0
proposed_d0f,proposed,0,50.0,0.4,35.0,20.0,False,vehicle.ue4.audi.tt,0.0,0.0,1.8680985585458059,41.21555843884309,8.784441561156912,3.924000000000003,0.0,3.8246420651867927,3.4749540424911953,3.9240000000000004,True,COLLISION with vehicle.ue4.audi.tt,0.0,0.0,0.0,freeze,latency_comp,12210038,oracle,0
proposed_d0f,proposed,0,50.0,0.4,40.0,20.0,False,vehicle.ue4.audi.tt,0.0,0.0,1.35124442383934,38.60190136028814,11.398098639711865,3.924000000000003,0.0,3.835937206855776,4.970579322990501,3.9240000000000004,True,COLLISION with vehicle.ue4.audi.tt,0.0,0.0,0.0,freeze,latency_comp,12210039,oracle,0
proposed_d0f,proposed,0,60.0,0.85,20.0,20.0,False,vehicle.ue4.audi.tt,0.0,0.0,0.8715222210920067,39.745355904858265,20.254644095141735,8.3385,0.0,4.090407565210569,9.086393451542861,8.3385,True,COLLISION with vehicle.ue4.audi.tt,0.0,0.0,0.0,freeze,latency_comp,12210040,oracle,0
proposed_d0f,proposed,0,60.0,0.85,25.0,20.0,False,vehicle.ue4.audi.tt,0.0,0.0,1.1321023594448238,49.762324418348584,10.23767558165142,8.3385,0.0,3.8275239741220806,6.9582527156196,8.3385,True,COLLISION with vehicle.ue4.audi.tt,0.0,0.0,0.0,freeze,latency_comp,12210041,oracle,0
proposed_d0f,proposed,0,60.0,0.85,30.0,20.0,False,vehicle.ue4.audi.tt,0.0,0.0,1.450181401363242,51.995715916305194,8.004284083694804,8.3385,0.0,3.830084185564274,5.434061926855033,8.3385,True,COLLISION with vehicle.ue4.audi.tt,0.0,0.0,0.0,freeze,latency_comp,12210042,oracle,0
proposed_d0f,proposed,0,60.0,0.85,35.0,20.0,False,vehicle.ue4.audi.tt,0.0,0.0,1.5804397157617378,53.002357827449174,6.997642172550825,8.3385,0.0,3.821282385916836,4.996850708416284,8.3385,True,COLLISION with vehicle.ue4.audi.tt,0.0,0.0,0.0,freeze,latency_comp,12210043,oracle,0
proposed_d0f,proposed,0,60.0,0.85,40.0,20.0,False,vehicle.ue4.audi.tt,0.0,0.0,0.9409190833451215,48.93927517079479,11.060724829205212,8.3385,0.0,3.8329056144586673,8.58376355436793,8.3385,True,COLLISION with vehicle.ue4.audi.tt,0.0,0.0,0.0,freeze,latency_comp,12210044,oracle,0
proposed_d0f,proposed,0,60.0,0.4,20.0,20.0,False,vehicle.ue4.audi.tt,0.0,0.0,0.8715254526935651,23.42066973115253,36.57933026884747,3.924000000000021,0.0,4.306487111253795,9.086313642403866,3.9240000000000004,True,COLLISION with vehicle.ue4.audi.tt,0.0,0.0,0.0,freeze,latency_comp,12210045,oracle,0
proposed_d0f,proposed,0,60.0,0.4,25.0,20.0,False,vehicle.ue4.audi.tt,0.0,0.0,1.1320984504324096,38.97266202140629,21.027337978593703,3.924000000000021,0.0,3.8361552806586485,6.958298042137608,3.9240000000000004,True,COLLISION with vehicle.ue4.audi.tt,0.0,0.0,0.0,freeze,latency_comp,12210046,oracle,0
proposed_d0f,proposed,0,60.0,0.4,30.0,20.0,False,vehicle.ue4.audi.tt,0.0,0.0,1.450180316163522,43.5424292271081,16.4575707728919,3.924000000000021,0.0,3.8264777487467945,5.434038122471865,3.9240000000000004,True,COLLISION with vehicle.ue4.audi.tt,0.0,0.0,0.0,freeze,latency_comp,12210047,oracle,0
proposed_d0f,proposed,0,60.0,0.4,35.0,20.0,False,vehicle.ue4.audi.tt,0.0,0.0,1.7309820417473594,45.117463337036234,14.882536662963764,3.924000000000003,0.0,3.842477448719962,4.564112807088881,3.9240000000000004,True,COLLISION with vehicle.ue4.audi.tt,0.0,0.0,0.0,freeze,latency_comp,12210048,oracle,0
proposed_d0f,proposed,0,60.0,0.4,40.0,20.0,False,vehicle.ue4.audi.tt,0.0,0.0,1.9655379048670716,45.622667065866615,14.377332934133383,3.924000000000003,0.0,3.8292173463962382,4.029359424110933,3.9240000000000004,True,COLLISION with vehicle.ue4.audi.tt,0.0,0.0,0.0,freeze,latency_comp,12210049,oracle,0
proposed_d4f,proposed,4,20.0,0.85,20.0,20.0,True,,2.8197950277680324,3.6582446467056164,1.230964686391843,20.0,0.0,3.335400049701338,4.359035491943359,6.493977226081519,2.1056815446437582,8.3385,True,AVOIDED,0.0,0.0,0.0,freeze,latency_comp,12250000,oracle,4
proposed_d4f,proposed,4,20.0,0.85,25.0,20.0,True,,3.094465319605292,3.658165883762774,1.3548854287098249,20.0,0.0,3.335400049701338,4.360008239746094,6.768651278773532,2.0309369092529024,8.3385,True,AVOIDED,0.0,0.0,0.0,freeze,latency_comp,12250001,oracle,4
proposed_d4f,proposed,4,20.0,0.85,30.0,20.0,True,,3.0936656136835836,3.6574361751269278,1.3546014050473771,20.0,0.0,3.335400049701338,4.360797882080078,6.76785161844697,2.0312117774734317,8.3385,True,AVOIDED,0.0,0.0,0.0,freeze,latency_comp,12250002,oracle,4
proposed_d4f,proposed,4,20.0,0.85,35.0,20.0,True,,3.094465319605292,3.658165883762774,1.3548854287098249,20.0,0.0,3.335400049701338,4.360008239746094,6.768651278773532,2.0309369092529024,8.3385,True,AVOIDED,0.0,0.0,0.0,freeze,latency_comp,12250003,oracle,4
proposed_d4f,proposed,4,20.0,0.85,40.0,20.0,True,,3.093665605769635,3.6574361751269278,1.3546014036009977,20.0,0.0,3.335400049701338,4.360797882080078,6.767851610532875,2.03121177878378,8.3385,True,AVOIDED,0.0,0.0,0.0,freeze,latency_comp,12250004,oracle,4
proposed_d4f,proposed,4,20.0,0.4,20.0,20.0,True,,3.012929944710498,4.05267545203367,1.2308577604441655,20.0,0.0,3.924000000000003,4.165851593017578,6.687100745714805,2.10555102117186,3.9240000000000004,True,AVOIDED,0.0,0.0,0.0,freeze,latency_comp,12250005,oracle,4
proposed_d4f,proposed,4,20.0,0.4,25.0,20.0,True,,2.6790803058127226,3.6339532295821435,1.555066672630608,20.0,0.0,3.924000000000003,5.8773956298828125,6.353338703174949,1.7694374691448977,3.9240000000000004,True,AVOIDED,0.0,0.0,0.0,freeze,latency_comp,12250006,oracle,4
proposed_d4f,proposed,4,20.0,0.4,30.0,20.0,True,,2.6791534878356194,3.6338910529754447,1.5551013235364857,20.0,0.0,3.924000000000003,5.877601623535156,6.35340816847399,1.7694600564205454,3.9240000000000004,True,AVOIDED,0.0,0.0,0.0,freeze,latency_comp,12250007,oracle,4
proposed_d4f,proposed,4,20.0,0.4,35.0,20.0,True,,2.6790803058127226,3.6339532295821435,1.555066672630608,20.0,0.0,3.924000000000003,5.8773956298828125,6.353338703174949,1.7694374691448977,3.9240000000000004,True,AVOIDED,0.0,0.0,0.0,freeze,latency_comp,12250008,oracle,4
proposed_d4f,proposed,4,20.0,0.4,40.0,20.0,True,,2.679157291388327,3.6338910529754447,1.5551020153361288,20.0,0.0,3.924000000000003,5.877601623535156,6.353411972026506,1.769459268433238,3.9240000000000004,True,AVOIDED,0.0,0.0,0.0,freeze,latency_comp,12250009,oracle,4
proposed_d4f,proposed,4,30.0,0.85,20.0,20.0,True,,2.2786862925824156,3.5017205108711247,1.386586777033567,30.0,0.0,3.335400049701338,9.961441040039062,5.952990479880237,2.5219791753638003,8.3385,True,AVOIDED,0.0,0.0,0.0,freeze,latency_comp,12250010,oracle,4
proposed_d4f,proposed,4,30.0,0.85,25.0,20.0,True,,0.8739785662553716,5.478221908875266,0.9968238849737138,30.0,0.0,8.3385,7.644313812255859,4.548282753553193,4.011684722312797,8.3385,True,AVOIDED,0.0,0.0,0.0,freeze,latency_comp,12250011,oracle,4
proposed_d4f,proposed,4,30.0,0.85,30.0,20.0,True,,1.4519134982662774,3.501718372541213,1.379147874817109,30.0,0.0,3.335400049701338,9.961444854736328,5.126217685564098,2.9973121995519163,8.3385,True,AVOIDED,0.0,0.0,0.0,freeze,latency_comp,12250012,oracle,4
proposed_d4f,proposed,4,30.0,0.85,35.0,20.0,True,,1.4523908694130965,3.5019685748641662,1.3777267891960814,30.0,0.0,3.335400049701338,9.960929870605469,5.1266950567109175,2.997258042350015,8.3385,True,AVOIDED,0.0,0.0,0.0,freeze,latency_comp,12250013,oracle,4
proposed_d4f,proposed,4,30.0,0.85,40.0,20.0,True,,1.451917288575161,3.501718372541213,1.37914833428774,30.0,0.0,3.335400049701338,9.961444854736328,5.126221475872982,2.997311199448075,8.3385,True,AVOIDED,0.0,0.0,0.0,freeze,latency_comp,12250014,oracle,4
proposed_d4f,proposed,4,30.0,0.4,20.0,20.0,True,,1.9064896349808818,4.0628730741844175,1.3854859055946107,30.0,0.0,3.924000000000003,10.333919525146484,5.58066047481574,2.5219207960661274,3.9240000000000004,True,AVOIDED,0.0,0.0,0.0,freeze,latency_comp,12250015,oracle,4
proposed_d4f,proposed,4,30.0,0.4,25.0,20.0,False,vehicle.ue4.audi.tt,0.0,0.0,0.9947320763297294,28.356457701698297,1.6435422983017052,3.924000000000003,0.0,3.8165390720666266,4.013022251794743,3.9240000000000004,True,COLLISION with vehicle.ue4.audi.tt,0.0,0.0,0.0,freeze,latency_comp,12250016,oracle,4
proposed_d4f,proposed,4,30.0,0.4,30.0,20.0,True,,1.6143028481175934,4.020041319272348,1.6065167973331076,30.0,0.0,3.924000000000003,11.86789321899414,5.288607035415414,2.536841004354411,3.9240000000000004,True,AVOIDED,0.0,0.0,0.0,freeze,latency_comp,12250017,oracle,4
proposed_d4f,proposed,4,30.0,0.4,35.0,20.0,True,,1.4318759384761695,4.200585579679198,1.5290434514754159,30.0,0.0,3.924000000000003,11.222709655761719,5.1061801257739905,2.7027740850486635,3.9240000000000004,True,AVOIDED,0.0,0.0,0.0,freeze,latency_comp,12250018,oracle,4
proposed_d4f,proposed,4,30.0,0.4,40.0,20.0,True,,1.4319704235926656,4.2007117416867015,1.5306365453005986,30.0,0.0,3.924000000000003,11.222957611083984,5.106274610890487,2.7027411662969474,3.9240000000000004,True,AVOIDED,0.0,0.0,0.0,freeze,latency_comp,12250019,oracle,4
proposed_d4f,proposed,4,40.0,0.85,20.0,20.0,False,vehicle.ue4.audi.tt,0.0,7.678197637368214,1.0462383641244073,36.77051650272742,3.2294834972725854,8.3385,0.0,3.8036852333555773,4.719482259463617,8.3385,True,COLLISION with vehicle.ue4.audi.tt,0.0,0.0,0.0,freeze,latency_comp,12250020,oracle,4
proposed_d4f,proposed,4,40.0,0.85,25.0,20.0,True,,0.8280070080298447,4.460423141848081,1.3842434728800794,40.0,0.0,8.3385,15.12289047241211,4.5021320515047325,3.61134080118464,8.3385,True,AVOIDED,0.0,0.0,0.0,freeze,latency_comp,12250021,oracle,4
proposed_d4f,proposed,4,40.0,0.85,30.0,20.0,False,vehicle.ue4.audi.tt,0.0,0.0,0.8744985452733318,33.212481445345354,6.787518554654646,8.338500000000018,0.0,3.821404023969327,6.164842930542527,8.3385,True,COLLISION with vehicle.ue4.audi.tt,0.0,0.0,0.0,freeze,latency_comp,12250022,oracle,4
proposed_d4f,proposed,4,40.0,0.85,35.0,20.0,True,,0.6146643778400014,4.635618013604658,1.3702009551277832,40.0,0.0,8.3385,14.78390884399414,4.288968565137822,3.95599612425383,8.3385,True,AVOIDED,0.0,0.0,0.0,freeze,latency_comp,12250023,oracle,4
proposed_d4f,proposed,4,40.0,0.85,40.0,20.0,True,,0.6131345522320499,4.635478896436476,1.3930959880353544,40.0,0.0,8.3385,14.78424072265625,4.287438739529871,3.957559777004735,8.3385,True,AVOIDED,0.0,0.0,0.0,freeze,latency_comp,12250024,oracle,4
proposed_d4f,proposed,4,40.0,0.4,20.0,20.0,False,vehicle.ue4.audi.tt,0.0,0.0,1.0458952371880255,29.385131002146114,10.614868997853886,3.924000000000003,0.0,3.823472787576154,4.718960093593316,3.9240000000000004,True,COLLISION with vehicle.ue4.audi.tt,0.0,0.0,0.0,freeze,latency_comp,12250025,oracle,4
proposed_d4f,proposed,4,40.0,0.4,25.0,20.0,False,vehicle.ue4.audi.tt,0.0,0.0,1.4817608612526953,33.496190833817025,6.503809166182974,3.924000000000003,0.0,3.8196483064313367,3.3682021659632118,3.9240000000000004,True,COLLISION with vehicle.ue4.audi.tt,0.0,0.0,0.0,freeze,latency_comp,12250026,oracle,4
proposed_d4f,proposed,4,40.0,0.4,30.0,20.0,False,vehicle.ue4.audi.tt,0.0,0.0,0.8741254791468105,27.636276486771663,12.363723513228335,3.924000000000003,0.0,3.8311351026307916,6.16441549612598,3.9240000000000004,True,COLLISION with vehicle.ue4.audi.tt,0.0,0.0,0.0,freeze,latency_comp,12250027,oracle,4
proposed_d4f,proposed,4,40.0,0.4,35.0,20.0,False,vehicle.ue4.audi.tt,0.0,0.0,1.3705769838972317,31.745422314419418,8.254577685580582,3.924000000000003,0.0,3.8216153753580056,3.9561096411572114,3.9240000000000004,True,COLLISION with vehicle.ue4.audi.tt,0.0,0.0,0.0,freeze,latency_comp,12250028,oracle,4
proposed_d4f,proposed,4,40.0,0.4,40.0,20.0,False,vehicle.ue4.audi.tt,0.0,0.0,1.5463949261776495,32.25903259171354,7.740967408286459,3.924000000000003,0.0,3.823460470242649,3.5720722233306628,3.9240000000000004,True,COLLISION with vehicle.ue4.audi.tt,0.0,0.0,0.0,freeze,latency_comp,12250029,oracle,4
proposed_d4f,proposed,4,50.0,0.85,20.0,20.0,False,vehicle.ue4.audi.tt,0.0,0.0,0.8250487382053066,31.510731522240206,18.489268477759794,8.338500000000018,0.0,4.010257058397982,7.767327701286809,8.3385,True,COLLISION with vehicle.ue4.audi.tt,0.0,0.0,0.0,freeze,latency_comp,12250030,oracle,4
proposed_d4f,proposed,4,50.0,0.85,25.0,20.0,False,vehicle.ue4.audi.tt,0.0,0.0,1.172875566223941,38.869373097457014,11.130626902542986,8.338500000000018,0.0,3.828368308325337,5.470597230148729,8.3385,True,COLLISION with vehicle.ue4.audi.tt,0.0,0.0,0.0,freeze,latency_comp,12250031,oracle,4
proposed_d4f,proposed,4,50.0,0.85,30.0,20.0,False,vehicle.ue4.audi.tt,0.0,0.0,1.3938131348881604,42.22311703625819,7.776882963741814,8.3385,0.0,3.8221496733091644,4.631069195172389,8.3385,True,COLLISION with vehicle.ue4.audi.tt,0.0,0.0,0.0,freeze,latency_comp,12250032,oracle,4
proposed_d4f,proposed,4,50.0,0.85,35.0,20.0,False,vehicle.ue4.audi.tt,0.0,0.0,0.8215348332011302,36.0676760314794,13.932323968520597,8.338500000000018,0.0,3.8285394445624052,8.266929885897758,8.3385,True,COLLISION with vehicle.ue4.audi.tt,0.0,0.0,0.0,freeze,latency_comp,12250033,oracle,4
proposed_d4f,proposed,4,50.0,0.85,40.0,20.0,False,vehicle.ue4.audi.tt,0.0,0.0,1.1699266167697713,38.848271876800695,11.151728123199309,8.338500000000018,0.0,3.8290336512912857,5.825799091023202,8.3385,True,COLLISION with vehicle.ue4.audi.tt,0.0,0.0,0.0,freeze,latency_comp,12250034,oracle,4
proposed_d4f,proposed,4,50.0,0.4,20.0,20.0,False,vehicle.ue4.audi.tt,0.0,0.0,0.8249089199307247,25.938487285660965,24.061512714339035,3.9239999999999853,0.0,3.9357549704739907,7.769280542248863,3.9240000000000004,True,COLLISION with vehicle.ue4.audi.tt,0.0,0.0,0.0,freeze,latency_comp,12250035,oracle,4
proposed_d4f,proposed,4,50.0,0.4,25.0,20.0,False,vehicle.ue4.audi.tt,0.0,0.0,1.1726620741646545,35.55065179781639,14.449348202183609,3.924000000000003,0.0,3.837152725295864,5.470290829535227,3.9240000000000004,True,COLLISION with vehicle.ue4.audi.tt,0.0,0.0,0.0,freeze,latency_comp,12250036,oracle,4
proposed_d4f,proposed,4,50.0,0.4,30.0,20.0,False,vehicle.ue4.audi.tt,0.0,0.0,1.4916298145059934,37.152048129656144,12.847951870343854,3.924000000000003,0.0,3.823754700904094,4.321289169984538,3.9240000000000004,True,COLLISION with vehicle.ue4.audi.tt,0.0,0.0,0.0,freeze,latency_comp,12250037,oracle,4
proposed_d4f,proposed,4,50.0,0.4,35.0,20.0,False,vehicle.ue4.audi.tt,0.0,0.0,1.6734475785372707,38.370225879116454,11.629774120883548,3.924000000000003,0.0,3.838470847586491,3.8907570748426785,3.9240000000000004,True,COLLISION with vehicle.ue4.audi.tt,0.0,0.0,0.0,freeze,latency_comp,12250038,oracle,4
proposed_d4f,proposed,4,50.0,0.4,40.0,20.0,False,vehicle.ue4.audi.tt,0.0,0.0,1.1704361336975697,35.3277473579904,14.672252642009605,3.924000000000003,0.0,3.8323338158779263,5.825437850539036,3.9240000000000004,True,COLLISION with vehicle.ue4.audi.tt,0.0,0.0,0.0,freeze,latency_comp,12250039,oracle,4
proposed_d4f,proposed,4,60.0,0.85,20.0,20.0,False,vehicle.ue4.audi.tt,0.0,0.0,0.670785902381957,33.77176684184995,26.22823315815005,8.338499999999982,0.0,4.2309648970959435,11.79884231501812,8.3385,True,COLLISION with vehicle.ue4.audi.tt,0.0,0.0,0.0,freeze,latency_comp,12250040,oracle,4
proposed_d4f,proposed,4,60.0,0.85,25.0,20.0,False,vehicle.ue4.audi.tt,0.0,0.0,0.9294034956742118,43.303799512764584,16.69620048723542,8.338499999999982,0.0,3.84426002882108,8.455953702939368,8.3385,True,COLLISION with vehicle.ue4.audi.tt,0.0,0.0,0.0,freeze,latency_comp,12250041,oracle,4
proposed_d4f,proposed,4,60.0,0.85,30.0,20.0,False,vehicle.ue4.audi.tt,0.0,0.0,1.2479717187943842,46.44554600695238,13.554453993047623,8.3385,0.0,3.8401745738844095,6.304709176506745,8.3385,True,COLLISION with vehicle.ue4.audi.tt,0.0,0.0,0.0,freeze,latency_comp,12250042,oracle,4
proposed_d4f,proposed,4,60.0,0.85,35.0,20.0,False,vehicle.ue4.audi.tt,0.0,0.0,1.3821133427084775,46.832353152130125,13.167646847869873,8.3385,0.0,3.842190524473333,5.720745705395655,8.3385,True,COLLISION with vehicle.ue4.audi.tt,0.0,0.0,0.0,freeze,latency_comp,12250043,oracle,4
proposed_d4f,proposed,4,60.0,0.85,40.0,20.0,False,vehicle.ue4.audi.tt,0.0,0.0,0.7521993952529648,43.49193166266309,16.50806833733691,8.338499999999982,0.0,3.84872374429728,10.877773157613753,8.3385,True,COLLISION with vehicle.ue4.audi.tt,0.0,0.0,0.0,freeze,latency_comp,12250044,oracle,4
proposed_d4f,proposed,4,60.0,0.4,20.0,20.0,False,vehicle.ue4.audi.tt,0.0,0.0,0.6707924490490013,16.435704488022743,43.56429551197726,3.924000000000021,0.0,3.872325855967398,11.798708468874347,3.9240000000000004,True,COLLISION with vehicle.ue4.audi.tt,0.0,0.0,0.0,freeze,latency_comp,12250045,oracle,4
proposed_d4f,proposed,4,60.0,0.4,25.0,20.0,False,vehicle.ue4.audi.tt,0.0,0.0,0.9293932185274408,35.322776757138996,24.677223242861004,3.924000000000021,0.0,3.8865615468931507,8.456025404959096,3.9240000000000004,True,COLLISION with vehicle.ue4.audi.tt,0.0,0.0,0.0,freeze,latency_comp,12250046,oracle,4
proposed_d4f,proposed,4,60.0,0.4,30.0,20.0,False,vehicle.ue4.audi.tt,0.0,0.0,1.2479159461258456,41.24615156528577,18.753848434714232,3.924000000000021,0.0,3.8665718529972826,6.304981388184807,3.9240000000000004,True,COLLISION with vehicle.ue4.audi.tt,0.0,0.0,0.0,freeze,latency_comp,12250047,oracle,4
proposed_d4f,proposed,4,60.0,0.4,35.0,20.0,False,vehicle.ue4.audi.tt,0.0,0.0,1.5297743963589783,42.01732767928364,17.982672320716365,3.9239999999999853,0.0,3.8150739790212245,5.160809466827104,3.9240000000000004,True,COLLISION with vehicle.ue4.audi.tt,0.0,0.0,0.0,freeze,latency_comp,12250048,oracle,4
proposed_d4f,proposed,4,60.0,0.4,40.0,20.0,False,vehicle.ue4.audi.tt,0.0,0.0,1.768107696524567,43.424158484925535,16.575841515074465,3.9239999999999853,0.0,3.8504281609808295,4.485554165264905,3.9240000000000004,True,COLLISION with vehicle.ue4.audi.tt,0.0,0.0,0.0,freeze,latency_comp,12250049,oracle,4
proposed_d8f,proposed,8,20.0,0.85,20.0,20.0,True,,1.719482972579268,3.659027209484476,1.1019022778215308,20.0,0.0,3.335400049701338,4.3580169677734375,5.3936651856443,2.4905924229170484,8.3385,True,AVOIDED,0.0,0.0,0.0,freeze,latency_comp,12290000,oracle,8
proposed_d8f,proposed,8,20.0,0.85,25.0,20.0,True,,1.9931857548109528,3.6578508659042104,1.1546205321726486,20.0,0.0,3.335400049701338,4.360359191894531,5.667371842750573,2.383266193579067,8.3385,True,AVOIDED,0.0,0.0,0.0,freeze,latency_comp,12290001,oracle,8
proposed_d8f,proposed,8,20.0,0.85,30.0,20.0,True,,1.9930491736277816,3.6579978674862454,1.1541059223554937,20.0,0.0,3.335400049701338,4.359958648681641,5.667231339117221,2.3833850196249022,8.3385,True,AVOIDED,0.0,0.0,0.0,freeze,latency_comp,12290002,oracle,8
proposed_d8f,proposed,8,20.0,0.85,35.0,20.0,True,,1.9931857548109528,3.6578508659042104,1.1546205321726486,20.0,0.0,3.335400049701338,4.360359191894531,5.667371842750573,2.383266193579067,8.3385,True,AVOIDED,0.0,0.0,0.0,freeze,latency_comp,12290003,oracle,8
proposed_d8f,proposed,8,20.0,0.85,40.0,20.0,True,,1.9930491641890669,3.6579978674862454,1.1541059207856839,20.0,0.0,3.335400049701338,4.359958648681641,5.667231329678354,2.383385021628045,8.3385,True,AVOIDED,0.0,0.0,0.0,freeze,latency_comp,12290004,oracle,8
proposed_d8f,proposed,8,20.0,0.4,20.0,20.0,True,,1.9117314242704522,4.052424138509177,1.101925096401156,20.0,0.0,3.924000000000003,4.166118621826172,5.585902270201584,2.490761681243327,3.9240000000000004,True,AVOIDED,0.0,0.0,0.0,freeze,latency_comp,12290005,oracle,8
proposed_d8f,proposed,8,20.0,0.4,25.0,20.0,True,,2.108594122851523,4.118206694204445,1.3546014050473771,20.0,0.0,3.924000000000003,5.346508026123047,5.782898310149344,2.0312117774734317,3.9240000000000004,True,AVOIDED,0.0,0.0,0.0,freeze,latency_comp,12290006,oracle,8
proposed_d8f,proposed,8,20.0,0.4,30.0,20.0,True,,2.1095310562847764,4.119005380587255,1.3548854287098249,20.0,0.0,3.924000000000003,5.3456573486328125,5.7838352435825975,2.0309369092529024,3.9240000000000004,True,AVOIDED,0.0,0.0,0.0,freeze,latency_comp,12290007,oracle,8
proposed_d8f,proposed,8,20.0,0.4,35.0,20.0,True,,2.108594122851523,4.118206694204445,1.3546014050473771,20.0,0.0,3.924000000000003,5.346508026123047,5.782898310149344,2.0312117774734317,3.9240000000000004,True,AVOIDED,0.0,0.0,0.0,freeze,latency_comp,12290008,oracle,8
proposed_d8f,proposed,8,20.0,0.4,40.0,20.0,True,,2.1095348584422426,4.119005380587255,1.3548861203824984,20.0,0.0,3.924000000000003,5.3456573486328125,5.783839045740064,2.0309358712801564,3.9240000000000004,True,AVOIDED,0.0,0.0,0.0,freeze,latency_comp,12290009,oracle,8
proposed_d8f,proposed,8,30.0,0.85,20.0,20.0,True,,0.7279240310714759,3.5300063466736593,1.19331188447078,30.0,0.0,8.3385,9.85879135131836,4.402056717657821,2.9455558936373873,8.3385,True,AVOIDED,0.0,0.0,0.0,freeze,latency_comp,12290010,oracle,8
proposed_d8f,proposed,8,30.0,0.85,25.0,20.0,False,vehicle.ue4.audi.tt,0.0,0.0,0.830085204978121,26.069480557535364,3.9305194424646355,8.3385,0.0,3.8069628768898665,4.984353453698729,8.3385,True,COLLISION with vehicle.ue4.audi.tt,0.0,0.0,0.0,freeze,latency_comp,12290011,oracle,8
proposed_d8f,proposed,8,30.0,0.85,30.0,20.0,True,,0.64845521698465,4.011624083735937,1.1791666726187273,30.0,0.0,8.3385,9.110931396484375,4.32258410165729,3.5057084517887698,8.3385,True,AVOIDED,0.0,0.0,0.0,freeze,latency_comp,12290012,oracle,8
proposed_d8f,proposed,8,30.0,0.85,35.0,20.0,True,,0.6488075949553407,4.0116549545799565,1.1779613658463144,30.0,0.0,8.3385,9.110485076904297,4.322936516387709,3.505647659319184,8.3385,True,AVOIDED,0.0,0.0,0.0,freeze,latency_comp,12290013,oracle,8
proposed_d8f,proposed,8,30.0,0.85,40.0,20.0,True,,0.6484590018936096,4.011624083735937,1.1791671319160235,30.0,0.0,8.3385,9.110931396484375,4.32258788656502,3.5057070839961653,8.3385,True,AVOIDED,0.0,0.0,0.0,freeze,latency_comp,12290014,oracle,8
proposed_d8f,proposed,8,30.0,0.4,20.0,20.0,True,,0.4833359039870393,4.199877982060579,1.1923399179215783,30.0,0.0,3.924000000000003,10.103679656982422,4.15764009128486,2.9454913281121406,3.9240000000000004,True,AVOIDED,0.0,0.0,0.0,freeze,latency_comp,12290015,oracle,8
proposed_d8f,proposed,8,30.0,0.4,25.0,20.0,False,vehicle.ue4.audi.tt,0.0,0.0,0.8292035355852461,22.750310714471556,7.2496892855284445,3.924000000000003,0.0,3.822226024274242,4.984520522013013,3.9240000000000004,True,COLLISION with vehicle.ue4.audi.tt,0.0,0.0,0.0,freeze,latency_comp,12290016,oracle,8
proposed_d8f,proposed,8,30.0,0.4,30.0,20.0,True,,0.38727321637041623,4.063791549263835,1.4305514384787175,30.0,0.0,3.924000000000003,11.44143295288086,4.061440230724977,2.8918608828177597,3.9240000000000004,True,AVOIDED,0.0,0.0,0.0,freeze,latency_comp,12290017,oracle,8
proposed_d8f,proposed,8,30.0,0.4,35.0,20.0,True,,0.21583579477355652,0.0,1.3276454149985701,30.0,0.0,3.924000000000003,10.783771514892578,3.8901399820713776,3.1103400424483487,3.9240000000000004,True,AVOIDED,0.0,0.0,0.0,freeze,latency_comp,12290018,oracle,8
proposed_d8f,proposed,8,30.0,0.4,40.0,20.0,True,,0.21848896069058554,4.020044137482368,1.3304695923564753,30.0,0.0,3.924000000000003,10.782726287841797,3.8927931479884066,3.1094316064585863,3.9240000000000004,True,AVOIDED,0.0,0.0,0.0,freeze,latency_comp,12290019,oracle,8
proposed_d8f,proposed,8,40.0,0.85,20.0,20.0,False,vehicle.ue4.audi.tt,0.0,0.0,0.8465473286584715,28.5862523630654,11.413747636934598,8.3385,0.0,3.831999959948252,5.835759219291766,8.3385,True,COLLISION with vehicle.ue4.audi.tt,0.0,0.0,0.0,freeze,latency_comp,12290020,oracle,8
proposed_d8f,proposed,8,40.0,0.85,25.0,20.0,False,vehicle.ue4.audi.tt,0.0,0.0,1.1890828802723903,33.52747175263684,6.4725282473631545,8.3385,0.0,3.8194651536285273,4.220317462383706,8.3385,True,COLLISION with vehicle.ue4.audi.tt,0.0,0.0,0.0,freeze,latency_comp,12290021,oracle,8
proposed_d8f,proposed,8,40.0,0.85,30.0,20.0,False,vehicle.ue4.audi.tt,0.0,0.0,0.6938928198789863,27.430712857681947,12.569287142318053,8.3385,0.0,3.8317829754227617,7.946080631357774,8.3385,True,COLLISION with vehicle.ue4.audi.tt,0.0,0.0,0.0,freeze,latency_comp,12290022,oracle,8
proposed_d8f,proposed,8,40.0,0.85,35.0,20.0,False,vehicle.ue4.audi.tt,0.0,0.0,1.193207636385998,32.909810817766406,7.090189182233595,8.3385,0.0,3.8225190569759544,4.620051729500684,8.3385,True,COLLISION with vehicle.ue4.audi.tt,0.0,0.0,0.0,freeze,latency_comp,12290023,oracle,8
proposed_d8f,proposed,8,40.0,0.85,40.0,20.0,False,vehicle.ue4.audi.tt,0.0,0.0,1.1933169971182431,32.89002424487905,7.109975755120952,8.3385,0.0,3.821031300286942,4.620174970565136,8.3385,True,COLLISION with vehicle.ue4.audi.tt,0.0,0.0,0.0,freeze,latency_comp,12290024,oracle,8
proposed_d8f,proposed,8,40.0,0.4,20.0,20.0,False,vehicle.ue4.audi.tt,0.0,0.0,0.8472841476221151,26.929665666482798,13.070334333517204,3.924000000000003,0.0,3.827476498098809,5.832591076227689,3.9240000000000004,True,COLLISION with vehicle.ue4.audi.tt,0.0,0.0,0.0,freeze,latency_comp,12290025,oracle,8
proposed_d8f,proposed,8,40.0,0.4,25.0,20.0,False,vehicle.ue4.audi.tt,0.0,0.0,1.286049776893814,30.694344527329847,9.305655472670153,3.924000000000003,0.0,3.832640829158245,3.893183936666893,3.9240000000000004,True,COLLISION with vehicle.ue4.audi.tt,0.0,0.0,0.0,freeze,latency_comp,12290026,oracle,8
proposed_d8f,proposed,8,40.0,0.4,30.0,20.0,False,vehicle.ue4.audi.tt,0.0,0.0,0.6938688232698693,25.832179276565434,14.167820723434568,3.924000000000003,0.0,3.8425591423123353,7.945570645581175,3.9240000000000004,True,COLLISION with vehicle.ue4.audi.tt,0.0,0.0,0.0,freeze,latency_comp,12290027,oracle,8
proposed_d8f,proposed,8,40.0,0.4,35.0,20.0,False,vehicle.ue4.audi.tt,0.0,0.0,1.1933166528837025,29.12585524378854,10.87414475621146,3.924000000000003,0.0,3.8296626467600965,4.620176304937403,3.9240000000000004,True,COLLISION with vehicle.ue4.audi.tt,0.0,0.0,0.0,freeze,latency_comp,12290028,oracle,8
proposed_d8f,proposed,8,40.0,0.4,40.0,20.0,False,vehicle.ue4.audi.tt,0.0,0.0,1.3461880711306573,29.924488993501384,10.075511006498617,3.924000000000003,0.0,3.827050479675491,4.103385744321906,3.9240000000000004,True,COLLISION with vehicle.ue4.audi.tt,0.0,0.0,0.0,freeze,latency_comp,12290029,oracle,8
proposed_d8f,proposed,8,50.0,0.85,20.0,20.0,False,vehicle.ue4.audi.tt,0.0,0.0,0.6254226848048048,21.928009054924193,28.071990945075807,8.338499999999982,0.0,4.217360929370586,10.250921012933931,8.3385,True,COLLISION with vehicle.ue4.audi.tt,0.0,0.0,0.0,freeze,latency_comp,12290030,oracle,8
proposed_d8f,proposed,8,50.0,0.85,25.0,20.0,False,vehicle.ue4.audi.tt,0.0,0.0,0.9734497820679839,34.65726673668365,15.342733263316346,8.338500000000018,0.0,3.8372726200274565,6.59539469338905,8.3385,True,COLLISION with vehicle.ue4.audi.tt,0.0,0.0,0.0,freeze,latency_comp,12290031,oracle,8
proposed_d8f,proposed,8,50.0,0.85,30.0,20.0,False,vehicle.ue4.audi.tt,0.0,0.0,1.1969512072172945,37.58622885935149,12.413771140648503,8.338500000000018,0.0,3.8308320141366132,5.405628791044833,8.3385,True,COLLISION with vehicle.ue4.audi.tt,0.0,0.0,0.0,freeze,latency_comp,12290032,oracle,8
proposed_d8f,proposed,8,50.0,0.85,35.0,20.0,False,vehicle.ue4.audi.tt,0.0,0.0,0.634383337622358,32.375044097602704,17.624955902397296,8.338500000000018,0.0,3.8543193308606853,10.879921012736217,8.3385,True,COLLISION with vehicle.ue4.audi.tt,0.0,0.0,0.0,freeze,latency_comp,12290033,oracle,8
proposed_d8f,proposed,8,50.0,0.85,40.0,20.0,False,vehicle.ue4.audi.tt,0.0,0.0,0.984609701038447,34.62278901188474,15.377210988115257,8.3385,0.0,3.837655312445065,7.011545756049556,8.3385,True,COLLISION with vehicle.ue4.audi.tt,0.0,0.0,0.0,freeze,latency_comp,12290034,oracle,8
proposed_d8f,proposed,8,50.0,0.4,20.0,20.0,False,vehicle.ue4.audi.tt,0.0,0.0,0.6250680005363485,20.75157535834846,29.24842464165154,3.9239999999999853,0.0,4.193440238153922,10.256952469040067,3.9240000000000004,True,COLLISION with vehicle.ue4.audi.tt,0.0,0.0,0.0,freeze,latency_comp,12290035,oracle,8
proposed_d8f,proposed,8,50.0,0.4,25.0,20.0,False,vehicle.ue4.audi.tt,0.0,0.0,0.9733527292153142,32.874818668670535,17.125181331329465,3.9239999999999853,0.0,3.8297620422223915,6.594604035419896,3.9240000000000004,True,COLLISION with vehicle.ue4.audi.tt,0.0,0.0,0.0,freeze,latency_comp,12290036,oracle,8
proposed_d8f,proposed,8,50.0,0.4,30.0,20.0,False,vehicle.ue4.audi.tt,0.0,0.0,1.294567312074545,34.836292141822696,15.163707858177304,3.924000000000003,0.0,3.825080603171921,4.989467140984186,3.9240000000000004,True,COLLISION with vehicle.ue4.audi.tt,0.0,0.0,0.0,freeze,latency_comp,12290037,oracle,8
proposed_d8f,proposed,8,50.0,0.4,35.0,20.0,False,vehicle.ue4.audi.tt,0.0,0.0,1.4800545674889642,35.55246139319708,14.447538606802926,3.924000000000003,0.0,3.830474664151438,4.417386788847071,3.9240000000000004,True,COLLISION with vehicle.ue4.audi.tt,0.0,0.0,0.0,freeze,latency_comp,12290038,oracle,8
proposed_d8f,proposed,8,50.0,0.4,40.0,20.0,False,vehicle.ue4.audi.tt,0.0,0.0,0.9849192753949823,32.87770468214602,17.122295317853986,3.9239999999999853,0.0,3.828514368257357,7.011049355920836,3.9240000000000004,True,COLLISION with vehicle.ue4.audi.tt,0.0,0.0,0.0,freeze,latency_comp,12290039,oracle,8
proposed_d8f,proposed,8,60.0,0.85,20.0,20.0,False,vehicle.ue4.audi.tt,0.0,0.0,0.4734404456634141,21.31069921382359,38.68930078617641,8.338499999999982,0.0,3.896220305145594,16.794691266305477,8.3385,True,COLLISION with vehicle.ue4.audi.tt,0.0,0.0,0.0,freeze,latency_comp,12290040,oracle,8
proposed_d8f,proposed,8,60.0,0.85,25.0,20.0,False,vehicle.ue4.audi.tt,0.0,0.0,0.7293550259576411,36.707357685823055,23.29264231417694,8.338499999999982,0.0,3.873072667990506,10.775465526881122,8.3385,True,COLLISION with vehicle.ue4.audi.tt,0.0,0.0,0.0,freeze,latency_comp,12290041,oracle,8
proposed_d8f,proposed,8,60.0,0.85,30.0,20.0,False,vehicle.ue4.audi.tt,0.0,0.0,1.0486823537284997,39.98586561251719,20.014134387482816,8.338499999999982,0.0,3.823614978019579,7.5070174821796645,8.3385,True,COLLISION with vehicle.ue4.audi.tt,0.0,0.0,0.0,freeze,latency_comp,12290042,oracle,8
proposed_d8f,proposed,8,60.0,0.85,35.0,20.0,False,vehicle.ue4.audi.tt,0.0,0.0,1.1845467375829604,40.855301160797495,19.14469883920251,8.338499999999982,0.0,3.8242886669186595,6.687393073815277,8.3385,True,COLLISION with vehicle.ue4.audi.tt,0.0,0.0,0.0,freeze,latency_comp,12290043,oracle,8
proposed_d8f,proposed,8,60.0,0.85,40.0,20.0,False,vehicle.ue4.audi.tt,0.0,0.0,0.5614762872172506,37.647463413737846,22.352536586262154,8.338499999999982,0.0,3.8341763465709233,14.75901027524638,8.3385,True,COLLISION with vehicle.ue4.audi.tt,0.0,0.0,0.0,freeze,latency_comp,12290044,oracle,8
proposed_d8f,proposed,8,60.0,0.4,20.0,20.0,False,vehicle.ue4.audi.tt,0.0,0.0,0.47344627941578377,9.920734929910836,50.079265070089164,3.924000000000021,0.0,3.9491529412833164,16.79444400415208,3.9240000000000004,True,COLLISION with vehicle.ue4.audi.tt,0.0,0.0,0.0,freeze,latency_comp,12290045,oracle,8
proposed_d8f,proposed,8,60.0,0.4,25.0,20.0,False,vehicle.ue4.audi.tt,0.0,0.0,0.7293443298138454,31.24292509431548,28.75707490568452,3.924000000000021,0.0,3.9366804422392336,10.775579789032683,3.9240000000000004,True,COLLISION with vehicle.ue4.audi.tt,0.0,0.0,0.0,freeze,latency_comp,12290046,oracle,8
proposed_d8f,proposed,8,60.0,0.4,30.0,20.0,False,vehicle.ue4.audi.tt,0.0,0.0,1.0486896109855894,38.934564377789485,21.065435622210515,3.924000000000021,0.0,3.8468244804294853,7.506969123169081,3.9240000000000004,True,COLLISION with vehicle.ue4.audi.tt,0.0,0.0,0.0,freeze,latency_comp,12290047,oracle,8
proposed_d8f,proposed,8,60.0,0.4,35.0,20.0,False,vehicle.ue4.audi.tt,0.0,0.0,1.3318278882553787,40.19948183163285,19.800518168367145,3.9239999999999853,0.0,3.8422527531172577,5.935991683909263,3.9240000000000004,True,COLLISION with vehicle.ue4.audi.tt,0.0,0.0,0.0,freeze,latency_comp,12290048,oracle,8
proposed_d8f,proposed,8,60.0,0.4,40.0,20.0,False,vehicle.ue4.audi.tt,0.0,0.0,1.57168495355974,40.96398584526412,19.036014154735877,3.9239999999999853,0.0,3.826472058998693,5.057031201539497,3.9240000000000004,True,COLLISION with vehicle.ue4.audi.tt,0.0,0.0,0.0,freeze,latency_comp,12290049,oracle,8
proposed_d16f,proposed,16,20.0,0.85,20.0,20.0,False,vehicle.ue4.audi.tt,0.0,0.0,0.7025054100472324,17.191086146708535,2.8089138532914646,8.3385,0.0,3.8039843309061148,3.907562494996117,8.3385,True,COLLISION with vehicle.ue4.audi.tt,0.0,0.0,0.0,freeze,latency_comp,12760000,oracle,16
proposed_d16f,proposed,16,20.0,0.85,25.0,20.0,False,vehicle.ue4.audi.tt,0.0,0.0,0.7543054709655203,17.988056395346003,2.011943604653996,8.3385,0.0,3.8080691877083646,3.6487255012595154,8.3385,True,COLLISION with vehicle.ue4.audi.tt,0.0,0.0,0.0,freeze,latency_comp,12760001,oracle,16
proposed_d16f,proposed,16,20.0,0.85,30.0,20.0,False,vehicle.ue4.audi.tt,0.0,0.0,0.7542676314233697,17.988557429662652,2.011442570337349,8.3385,0.0,3.807302090253151,3.648870419825737,8.3385,True,COLLISION with vehicle.ue4.audi.tt,0.0,0.0,0.0,freeze,latency_comp,12760002,oracle,16
proposed_d16f,proposed,16,20.0,0.85,35.0,20.0,False,vehicle.ue4.audi.tt,0.0,0.0,0.7543054709655203,17.98805575000557,2.01194424999443,8.3385,0.0,3.8080691877083646,3.6487255012595154,8.3385,True,COLLISION with vehicle.ue4.audi.tt,0.0,0.0,0.0,freeze,latency_comp,12760003,oracle,16
proposed_d16f,proposed,16,20.0,0.85,40.0,20.0,False,vehicle.ue4.audi.tt,0.0,0.0,0.7542676295399836,17.988549486170882,2.0114505138291165,8.3385,0.0,3.807302076171278,3.6488704258461184,8.3385,True,COLLISION with vehicle.ue4.audi.tt,0.0,0.0,0.0,freeze,latency_comp,12760004,oracle,16
proposed_d16f,proposed,16,20.0,0.4,20.0,20.0,False,vehicle.ue4.audi.tt,0.0,0.0,0.7025244145417238,16.307985729576338,3.692014270423664,3.924000000000003,0.0,3.815180759611617,3.9074616818910677,3.9240000000000004,True,COLLISION with vehicle.ue4.audi.tt,0.0,0.0,0.0,freeze,latency_comp,12760005,oracle,16
proposed_d16f,proposed,16,20.0,0.4,25.0,20.0,False,vehicle.ue4.audi.tt,0.0,4.466244490357724,0.9545433866387882,18.942348121307802,1.0576518786921987,3.924000000000003,0.0,3.807942034652253,2.8831644300408477,3.9240000000000004,True,COLLISION with vehicle.ue4.audi.tt,0.0,0.0,0.0,freeze,latency_comp,12760006,oracle,16
proposed_d16f,proposed,16,20.0,0.4,30.0,20.0,False,vehicle.ue4.audi.tt,0.0,4.466377548477145,0.954521540650474,18.944932949406187,1.0550670505938116,3.924000000000003,0.0,3.8086367111159656,2.883286592751476,3.9240000000000004,True,COLLISION with vehicle.ue4.audi.tt,0.0,0.0,0.0,freeze,latency_comp,12760007,oracle,16
proposed_d16f,proposed,16,20.0,0.4,35.0,20.0,False,vehicle.ue4.audi.tt,0.0,4.466244490357724,0.9545433866387882,18.94236326388175,1.057636736118252,3.924000000000003,0.0,3.807942006460563,2.8831644300408477,3.9240000000000004,True,COLLISION with vehicle.ue4.audi.tt,0.0,0.0,0.0,freeze,latency_comp,12760008,oracle,16
proposed_d16f,proposed,16,20.0,0.4,40.0,20.0,False,vehicle.ue4.audi.tt,0.0,4.466377548477145,0.9545222319727912,18.94492439466242,1.0550756053375818,3.924000000000003,0.0,3.8086366965607743,2.883284501753749,3.9240000000000004,True,COLLISION with vehicle.ue4.audi.tt,0.0,0.0,0.0,freeze,latency_comp,12760009,oracle,16
proposed_d16f,proposed,16,30.0,0.85,20.0,20.0,False,vehicle.ue4.audi.tt,0.0,0.0,0.8127066160321467,21.68169750052762,8.318302499472383,8.3385,0.0,3.819253106427049,4.409754395272241,8.3385,True,COLLISION with vehicle.ue4.audi.tt,0.0,0.0,0.0,freeze,latency_comp,12760010,oracle,16
proposed_d16f,proposed,16,30.0,0.85,25.0,20.0,False,vehicle.ue4.audi.tt,0.0,0.0,0.42983653077876943,17.7500958217118,12.249904178288201,3.335400049701338,0.0,3.8396049813703765,9.627905691984303,8.3385,True,COLLISION with vehicle.ue4.audi.tt,0.0,0.0,0.0,freeze,latency_comp,12760011,oracle,16
proposed_d16f,proposed,16,30.0,0.85,30.0,20.0,False,vehicle.ue4.audi.tt,0.0,0.0,0.7799113009993229,20.560832860363032,9.439167139636968,3.335400049701338,0.0,3.8267058205528626,5.305106906901853,8.3385,True,COLLISION with vehicle.ue4.audi.tt,0.0,0.0,0.0,freeze,latency_comp,12760012,oracle,16
proposed_d16f,proposed,16,30.0,0.85,35.0,20.0,False,vehicle.ue4.audi.tt,0.0,0.0,0.7784639980820746,20.576054590654554,9.423945409345446,3.335400049701338,0.0,3.827805168672174,5.305281323157405,8.3385,True,COLLISION with vehicle.ue4.audi.tt,0.0,0.0,0.0,freeze,latency_comp,12760013,oracle,16
proposed_d16f,proposed,16,30.0,0.85,40.0,20.0,False,vehicle.ue4.audi.tt,0.0,0.0,0.7792492261144797,20.57708716344589,9.422912836554111,3.335400049701338,0.0,3.8277087731242783,5.305344739008538,8.3385,True,COLLISION with vehicle.ue4.audi.tt,0.0,0.0,0.0,freeze,latency_comp,12760014,oracle,16
proposed_d16f,proposed,16,30.0,0.4,20.0,20.0,False,vehicle.ue4.audi.tt,0.0,0.0,0.8120113258684468,21.125790118644055,8.874209881355947,3.924000000000003,0.0,3.831479504314204,4.409670633924368,3.9240000000000004,True,COLLISION with vehicle.ue4.audi.tt,0.0,0.0,0.0,freeze,latency_comp,12760015,oracle,16
proposed_d16f,proposed,16,30.0,0.4,25.0,20.0,False,vehicle.ue4.audi.tt,0.0,0.0,0.4293603567540998,18.29867186817644,11.70132813182356,3.924000000000003,0.0,3.838193863499034,9.628668642560687,3.9240000000000004,True,COLLISION with vehicle.ue4.audi.tt,0.0,0.0,0.0,freeze,latency_comp,12760016,oracle,16
proposed_d16f,proposed,16,30.0,0.4,30.0,20.0,False,vehicle.ue4.audi.tt,0.0,0.0,1.0302313962618914,21.10324008291623,8.896759917083768,3.924000000000003,0.0,3.829048098758968,4.015808648551574,3.9240000000000004,True,COLLISION with vehicle.ue4.audi.tt,0.0,0.0,0.0,freeze,latency_comp,12760017,oracle,16
proposed_d16f,proposed,16,30.0,0.4,35.0,20.0,False,vehicle.ue4.audi.tt,0.0,0.0,0.9291649362382562,20.198121122852108,9.801878877147892,3.924000000000003,0.0,3.8262620511940435,4.4481006053515255,3.9240000000000004,True,COLLISION with vehicle.ue4.audi.tt,0.0,0.0,0.0,freeze,latency_comp,12760018,oracle,16
proposed_d16f,proposed,16,30.0,0.4,40.0,20.0,False,vehicle.ue4.audi.tt,0.0,0.0,0.9301666201995743,20.197512500504683,9.802487499495317,3.924000000000003,0.0,3.8263109001891165,4.447967838085203,3.9240000000000004,True,COLLISION with vehicle.ue4.audi.tt,0.0,0.0,0.0,freeze,latency_comp,12760019,oracle,16
proposed_d16f,proposed,16,40.0,0.85,20.0,20.0,False,vehicle.ue4.audi.tt,0.0,0.0,0.4479305315206853,22.121244863911297,17.878755136088703,3.3354000497013203,0.0,3.86778060263917,11.059799092056371,8.3385,True,COLLISION with vehicle.ue4.audi.tt,0.0,0.0,0.0,freeze,latency_comp,12760020,oracle,16
proposed_d16f,proposed,16,40.0,0.85,25.0,20.0,False,vehicle.ue4.audi.tt,0.0,0.0,0.8035819020026682,25.768519226669838,14.231480773330164,3.335400049701338,0.0,3.818707820916497,6.339541424609583,8.3385,True,COLLISION with vehicle.ue4.audi.tt,0.0,0.0,0.0,freeze,latency_comp,12760021,oracle,16
proposed_d16f,proposed,16,40.0,0.85,30.0,20.0,False,vehicle.ue4.audi.tt,0.0,0.0,0.29440590396716576,20.721742488538677,19.278257511461323,3.3354000497013203,0.0,3.82068426922515,18.7324823930438,8.3385,True,COLLISION with vehicle.ue4.audi.tt,0.0,0.0,0.0,freeze,latency_comp,12760022,oracle,16
proposed_d16f,proposed,16,40.0,0.85,35.0,20.0,False,vehicle.ue4.audi.tt,0.0,0.0,0.7937568453871874,25.388451854763964,14.611548145236034,3.335400049701338,0.0,3.840861234226475,6.945692636908872,8.3385,True,COLLISION with vehicle.ue4.audi.tt,0.0,0.0,0.0,freeze,latency_comp,12760023,oracle,16
proposed_d16f,proposed,16,40.0,0.85,40.0,20.0,False,vehicle.ue4.audi.tt,0.0,0.0,0.7937797187618392,25.38850068655906,14.611499313440941,3.335400049701338,0.0,3.8394840632551372,6.9460614815887265,8.3385,True,COLLISION with vehicle.ue4.audi.tt,0.0,0.0,0.0,freeze,latency_comp,12760024,oracle,16
proposed_d16f,proposed,16,40.0,0.4,20.0,20.0,False,vehicle.ue4.audi.tt,0.0,0.0,0.4485820775667415,22.945542319774592,17.054457680225408,3.9239999999999853,0.0,3.8682670712836336,11.046098964179254,3.9240000000000004,True,COLLISION with vehicle.ue4.audi.tt,0.0,0.0,0.0,freeze,latency_comp,12760025,oracle,16
proposed_d16f,proposed,16,40.0,0.4,25.0,20.0,False,vehicle.ue4.audi.tt,0.0,0.0,0.8988088024435028,25.24079626663028,14.75920373336972,3.924000000000003,0.0,3.836703036802241,5.638108696971787,3.9240000000000004,True,COLLISION with vehicle.ue4.audi.tt,0.0,0.0,0.0,freeze,latency_comp,12760026,oracle,16
proposed_d16f,proposed,16,40.0,0.4,30.0,20.0,False,vehicle.ue4.audi.tt,0.0,0.0,0.29471956520401066,22.252145615800845,17.747854384199155,3.9239999999999853,0.0,3.8437497669720186,18.732247770013192,3.9240000000000004,True,COLLISION with vehicle.ue4.audi.tt,0.0,0.0,0.0,freeze,latency_comp,12760027,oracle,16
proposed_d16f,proposed,16,40.0,0.4,35.0,20.0,False,vehicle.ue4.audi.tt,0.0,0.0,0.7937793748020774,24.526123859633802,15.473876140366198,3.9239999999999853,0.0,3.831459288243913,6.9460644958923865,3.9240000000000004,True,COLLISION with vehicle.ue4.audi.tt,0.0,0.0,0.0,freeze,latency_comp,12760028,oracle,16
proposed_d16f,proposed,16,40.0,0.4,40.0,20.0,False,vehicle.ue4.audi.tt,0.0,0.0,0.9457789845228716,25.3987797869755,14.6012202130245,3.924000000000003,0.0,3.848903323086091,5.840900809148068,3.9240000000000004,True,COLLISION with vehicle.ue4.audi.tt,0.0,0.0,0.0,freeze,latency_comp,12760029,oracle,16
proposed_d16f,proposed,16,50.0,0.85,20.0,20.0,False,vehicle.ue4.audi.tt,0.0,0.0,0.22669526399734197,15.625554544111907,34.37444545588809,3.3354000497013203,0.0,4.271869411824882,28.372362016058158,8.3385,True,COLLISION with vehicle.ue4.audi.tt,0.0,0.0,0.0,freeze,latency_comp,12760030,oracle,16
proposed_d16f,proposed,16,50.0,0.85,25.0,20.0,False,vehicle.ue4.audi.tt,0.0,0.0,0.5756097698597218,28.494242971336515,21.505757028663485,3.3354000497013203,0.0,3.8406807587076135,11.188376339011723,8.3385,True,COLLISION with vehicle.ue4.audi.tt,0.0,0.0,0.0,freeze,latency_comp,12760031,oracle,16
proposed_d16f,proposed,16,50.0,0.85,30.0,20.0,False,vehicle.ue4.audi.tt,0.0,0.0,0.8064010699937431,30.094440057995833,19.905559942004167,3.3354000497013203,0.0,3.8123766665086376,8.100156675696082,8.3385,True,COLLISION with vehicle.ue4.audi.tt,0.0,0.0,0.0,freeze,latency_comp,12760032,oracle,16
proposed_d16f,proposed,16,50.0,0.85,35.0,20.0,False,vehicle.ue4.audi.tt,0.0,0.0,0.23466616973257784,25.857479652244365,24.142520347755635,3.3354000497013203,0.0,3.802851424170631,29.418464634282714,8.3385,True,COLLISION with vehicle.ue4.audi.tt,0.0,0.0,0.0,freeze,latency_comp,12760033,oracle,16
proposed_d16f,proposed,16,50.0,0.85,40.0,20.0,False,vehicle.ue4.audi.tt,0.0,0.0,0.5846741824425923,28.422764075582815,21.577235924417185,3.3354000497013203,0.0,3.840706808265543,11.808645163810843,8.3385,True,COLLISION with vehicle.ue4.audi.tt,0.0,0.0,0.0,freeze,latency_comp,12760034,oracle,16
proposed_d16f,proposed,16,50.0,0.4,20.0,20.0,False,vehicle.ue4.audi.tt,0.0,0.0,0.22598779016200787,15.946431550118604,34.053568449881396,3.9239999999999853,0.0,4.26763365566448,28.452899401008125,3.9240000000000004,True,COLLISION with vehicle.ue4.audi.tt,0.0,0.0,0.0,freeze,latency_comp,12760035,oracle,16
proposed_d16f,proposed,16,50.0,0.4,25.0,20.0,False,vehicle.ue4.audi.tt,0.0,0.0,0.575670512288383,28.870440321593588,21.129559678406412,3.9239999999999853,0.0,3.8334311476073055,11.184235974815952,3.9240000000000004,True,COLLISION with vehicle.ue4.audi.tt,0.0,0.0,0.0,freeze,latency_comp,12760036,oracle,16
proposed_d16f,proposed,16,50.0,0.4,30.0,20.0,False,vehicle.ue4.audi.tt,0.0,0.0,0.9029391342165495,30.472206347872007,19.527793652127993,3.9239999999999853,0.0,3.8276170908189093,7.206988411871463,3.9240000000000004,True,COLLISION with vehicle.ue4.audi.tt,0.0,0.0,0.0,freeze,latency_comp,12760037,oracle,16
proposed_d16f,proposed,16,50.0,0.4,35.0,20.0,False,vehicle.ue4.audi.tt,0.0,0.0,1.0988323703480087,30.7410273997428,19.2589726002572,3.9239999999999853,0.0,3.839717435129366,6.037226949055633,3.9240000000000004,True,COLLISION with vehicle.ue4.audi.tt,0.0,0.0,0.0,freeze,latency_comp,12760038,oracle,16
proposed_d16f,proposed,16,50.0,0.4,40.0,20.0,False,vehicle.ue4.audi.tt,0.0,0.0,0.5848504286887476,28.876066041290628,21.123933958709372,3.9239999999999853,0.0,3.832020670106426,11.807799368793892,3.9240000000000004,True,COLLISION with vehicle.ue4.audi.tt,0.0,0.0,0.0,freeze,latency_comp,12760039,oracle,16
proposed_d16f,proposed,16,60.0,0.85,20.0,20.0,False,vehicle.ue4.audi.tt,0.0,0.0,0.08498224524755651,5.550056917257088,54.44994308274291,8.338499999999982,0.0,3.637203558343781,50.0,8.3385,True,COLLISION with vehicle.ue4.audi.tt,0.0,0.0,0.0,freeze,latency_comp,12760040,oracle,16
proposed_d16f,proposed,16,60.0,0.85,25.0,20.0,False,vehicle.ue4.audi.tt,0.0,0.0,0.3293659773653853,23.3125429206141,36.6874570793859,3.3354000497013203,0.0,3.923786307615227,23.867909699161363,8.3385,True,COLLISION with vehicle.ue4.audi.tt,0.0,0.0,0.0,freeze,latency_comp,12760041,oracle,16
proposed_d16f,proposed,16,60.0,0.85,30.0,20.0,False,vehicle.ue4.audi.tt,0.0,0.0,0.6509307870569748,34.141715948095865,25.858284051904132,3.3354000497013203,0.0,3.8715288657689366,12.125696959151202,8.3385,True,COLLISION with vehicle.ue4.audi.tt,0.0,0.0,0.0,freeze,latency_comp,12760042,oracle,16
proposed_d16f,proposed,16,60.0,0.85,35.0,20.0,False,vehicle.ue4.audi.tt,0.0,0.0,0.7918797772341574,34.71493736747963,25.285062632520372,3.3354000497013203,0.0,3.7901926174334744,10.079858932357185,8.3385,True,COLLISION with vehicle.ue4.audi.tt,0.0,0.0,0.0,freeze,latency_comp,12760043,oracle,16
proposed_d16f,proposed,16,60.0,0.85,40.0,20.0,False,vehicle.ue4.audi.tt,0.0,0.0,0.1617466739408334,31.133738024833033,28.866261975166967,8.338499999999982,0.0,3.897706939441644,50.0,8.3385,True,COLLISION with vehicle.ue4.audi.tt,0.0,0.0,0.0,freeze,latency_comp,12760044,oracle,16
proposed_d16f,proposed,16,60.0,0.4,20.0,20.0,False,vehicle.ue4.audi.tt,0.0,0.0,0.08498652604253443,4.908517510497688,55.09148248950231,3.924000000000021,0.0,3.633198957736103,50.0,3.9240000000000004,True,COLLISION with vehicle.ue4.audi.tt,0.0,0.0,0.0,freeze,latency_comp,12760045,oracle,16
proposed_d16f,proposed,16,60.0,0.4,25.0,20.0,False,vehicle.ue4.audi.tt,0.0,0.0,0.3293398832098818,23.69292484406327,36.30707515593673,3.924000000000021,0.0,3.941950472733798,23.86853858917589,3.9240000000000004,True,COLLISION with vehicle.ue4.audi.tt,0.0,0.0,0.0,freeze,latency_comp,12760046,oracle,16
proposed_d16f,proposed,16,60.0,0.4,30.0,20.0,False,vehicle.ue4.audi.tt,0.0,0.0,0.6509979159057065,34.85690465504034,25.143095344959658,3.924000000000021,0.0,3.8587883563492396,12.124440880867857,3.9240000000000004,True,COLLISION with vehicle.ue4.audi.tt,0.0,0.0,0.0,freeze,latency_comp,12760047,oracle,16
proposed_d16f,proposed,16,60.0,0.4,35.0,20.0,False,vehicle.ue4.audi.tt,0.0,0.0,0.9379485006315742,36.59722255620004,23.40277744379996,3.9239999999999853,0.0,3.8762338770562006,8.47349706313866,3.9240000000000004,True,COLLISION with vehicle.ue4.audi.tt,0.0,0.0,0.0,freeze,latency_comp,12760048,oracle,16
proposed_d16f,proposed,16,60.0,0.4,40.0,20.0,False,vehicle.ue4.audi.tt,0.0,0.0,1.181853437384919,36.72218454572186,23.277815454278137,3.9239999999999853,0.0,3.819165463719918,6.77556747729692,3.9240000000000004,True,COLLISION with vehicle.ue4.audi.tt,0.0,0.0,0.0,freeze,latency_comp,12760049,oracle,16
