label,controller,delay_frames,ego_speed_kmh,mu,trigger_d,dart_speed_kmh,avoided,collision_with,s_clearance,a_b_mfdd,t_c_warn,dv_speed_var,collision_speed_kmh,peak_decel,brake_distance,min_dist,a_req_at_brake,a_max,is_conflict,result_txt,noise_sigma_m,noise_sigma_vr,dropout_p,dropout_mode,test_mode,seed,comp_source,comp_L_frames
baseline_pred_d0f,baseline,0,20.0,0.85,20.0,20.0,True,,3.9212336866446513,3.65837067446903,1.3394593668191859,20.0,0.0,3.335400049701338,4.358844757080078,7.595415864059919,1.8043026374285156,8.3385,True,AVOIDED,0.0,0.0,0.0,freeze,latency_comp_all,17020000,oracle,0
baseline_pred_d0f,baseline,0,20.0,0.85,25.0,20.0,True,,4.195510218845238,3.657861365625391,1.5551013235364857,20.0,0.0,3.335400049701338,4.360408782958984,7.869696242314734,1.7694600564205454,8.3385,True,AVOIDED,0.0,0.0,0.0,freeze,latency_comp_all,17020001,oracle,0
baseline_pred_d0f,baseline,0,20.0,0.85,30.0,20.0,True,,4.195523935893825,3.6579558658285976,1.555066672630608,20.0,0.0,3.335400049701338,4.360206604003906,7.869709915739904,1.7694374691448977,8.3385,True,AVOIDED,0.0,0.0,0.0,freeze,latency_comp_all,17020002,oracle,0
baseline_pred_d0f,baseline,0,20.0,0.85,35.0,20.0,True,,4.195510218845238,3.657861365625391,1.5551013235364857,20.0,0.0,3.335400049701338,4.360408782958984,7.869696242314734,1.7694600564205454,8.3385,True,AVOIDED,0.0,0.0,0.0,freeze,latency_comp_all,17020003,oracle,0
baseline_pred_d0f,baseline,0,20.0,0.85,40.0,20.0,True,,4.195523929089964,3.6579558658285976,1.5550666712901509,20.0,0.0,3.335400049701338,4.360206604003906,7.869709908935939,1.7694374700495903,8.3385,True,AVOIDED,0.0,0.0,0.0,freeze,latency_comp_all,17020004,oracle,0
baseline_pred_d0f,baseline,0,20.0,0.4,20.0,20.0,True,,0.647919945814917,2.1984337156554634,1.3386192833366588,20.0,0.0,3.924000000000003,7.634922027587891,4.322224133112738,1.8044232680391243,3.9240000000000004,True,AVOIDED,0.0,0.0,0.0,freeze,latency_comp_all,17020005,oracle,0
baseline_pred_d0f,baseline,0,20.0,0.4,25.0,20.0,True,,0.6614408025436234,2.073211922957024,1.555066672630608,20.0,0.0,3.924000000000003,7.896842956542969,4.335744989841444,1.7694374691448977,3.9240000000000004,True,AVOIDED,0.0,0.0,0.0,freeze,latency_comp_all,17020006,oracle,0
baseline_pred_d0f,baseline,0,20.0,0.4,30.0,20.0,True,,0.6926630127907663,0.0,1.5992328736277137,20.0,0.0,3.924000000000003,8.139595031738281,4.366967200088587,1.7147128804519758,3.9240000000000004,True,AVOIDED,0.0,0.0,0.0,freeze,latency_comp_all,17020007,oracle,0
baseline_pred_d0f,baseline,0,20.0,0.4,35.0,20.0,True,,0.6614408025436234,2.073211922957024,1.555066672630608,20.0,0.0,3.924000000000003,7.896842956542969,4.335744989841444,1.7694374691448977,3.9240000000000004,True,AVOIDED,0.0,0.0,0.0,freeze,latency_comp_all,17020008,oracle,0
baseline_pred_d0f,baseline,0,20.0,0.4,40.0,20.0,True,,0.661712090292303,2.073176507422098,1.5551020153361288,20.0,0.0,3.924000000000003,7.897087097167969,4.336016277590124,1.769459268433238,3.9240000000000004,True,AVOIDED,0.0,0.0,0.0,freeze,latency_comp_all,17020009,oracle,0
baseline_pred_d0f,baseline,0,30.0,0.85,20.0,20.0,True,,3.9326650882441907,3.501718372541213,1.589240310269733,30.0,0.0,3.335400049701338,9.961448669433594,7.606969275542012,2.203696841912894,8.3385,True,AVOIDED,0.0,0.0,0.0,freeze,latency_comp_all,17020010,oracle,0
baseline_pred_d0f,baseline,0,30.0,0.85,25.0,20.0,True,,1.4712002298284679,0.0,1.1512772106208735,30.0,0.0,8.3385,8.699848175048828,5.145504417126289,3.332585274441278,8.3385,True,AVOIDED,0.0,0.0,0.0,freeze,latency_comp_all,17020011,oracle,0
baseline_pred_d0f,baseline,0,30.0,0.85,30.0,20.0,True,,3.1056197352822723,3.501718372541213,1.5791092051880642,30.0,0.0,3.335400049701338,9.961444854736328,6.779923922580093,2.6176888670134737,8.3385,True,AVOIDED,0.0,0.0,0.0,freeze,latency_comp_all,17020012,oracle,0
baseline_pred_d0f,baseline,0,30.0,0.85,35.0,20.0,True,,3.106171173581699,3.5020199028370245,1.5775132192311272,30.0,0.0,3.335400049701338,9.960845947265625,6.78047536087952,2.6176375743156006,8.3385,True,AVOIDED,0.0,0.0,0.0,freeze,latency_comp_all,17020013,oracle,0
baseline_pred_d0f,baseline,0,30.0,0.85,40.0,20.0,True,,3.105623532213931,3.501718372541213,1.5791096647943068,30.0,0.0,3.335400049701338,9.961444854736328,6.779927719511752,2.6176881040457913,8.3385,True,AVOIDED,0.0,0.0,0.0,freeze,latency_comp_all,17020014,oracle,0
baseline_pred_d0f,baseline,0,30.0,0.4,20.0,20.0,False,vehicle.ue4.audi.tt,0.0,0.0,1.587975167140971,24.63102898449902,5.3689710155009776,3.924000000000003,0.0,3.8101861042736167,2.2036449020803137,3.9240000000000004,True,COLLISION with vehicle.ue4.audi.tt,0.0,0.0,0.0,freeze,latency_comp_all,17020015,oracle,0
baseline_pred_d0f,baseline,0,30.0,0.4,25.0,20.0,False,vehicle.ue4.audi.tt,0.0,0.0,1.1524483666416514,22.288339529190758,7.711660470809241,3.924000000000003,0.0,3.8208499496696113,3.3316693273856473,3.9240000000000004,True,COLLISION with vehicle.ue4.audi.tt,0.0,0.0,0.0,freeze,latency_comp_all,17020016,oracle,0
baseline_pred_d0f,baseline,0,30.0,0.4,30.0,20.0,False,vehicle.ue4.audi.tt,0.0,0.0,1.577512759407205,23.982823794189297,6.017176205810702,3.924000000000003,0.0,3.8216422586400993,2.617638337913078,3.9240000000000004,True,COLLISION with vehicle.ue4.audi.tt,0.0,0.0,0.0,freeze,latency_comp_all,17020017,oracle,0
baseline_pred_d0f,baseline,0,30.0,0.4,35.0,20.0,False,vehicle.ue4.audi.tt,0.0,0.0,1.5791092051880642,23.978427517408754,6.021572482591248,3.924000000000003,0.0,3.8213329125157935,2.6176888670134737,3.9240000000000004,True,COLLISION with vehicle.ue4.audi.tt,0.0,0.0,0.0,freeze,latency_comp_all,17020018,oracle,0
baseline_pred_d0f,baseline,0,30.0,0.4,40.0,20.0,False,vehicle.ue4.audi.tt,0.0,0.0,1.5775136790550224,23.982817306347748,6.01718269365225,3.924000000000003,0.0,3.8216383795034,2.6176368107185692,3.9240000000000004,True,COLLISION with vehicle.ue4.audi.tt,0.0,0.0,0.0,freeze,latency_comp_all,17020019,oracle,0
baseline_pred_d0f,baseline,0,40.0,0.85,20.0,20.0,True,,1.4112985349541418,6.547570622823611,1.2511492783422866,40.0,0.0,8.3385,12.330005645751953,5.0853593058364766,3.961490876976411,8.3385,True,AVOIDED,0.0,0.0,0.0,freeze,latency_comp_all,17020020,oracle,0
baseline_pred_d0f,baseline,0,40.0,0.85,25.0,20.0,True,,1.4176998844259536,3.76538043473354,1.5806811107489096,40.0,0.0,8.3385,16.740442276000977,5.091802032137474,3.1546168343696994,8.3385,True,AVOIDED,0.0,0.0,0.0,freeze,latency_comp_all,17020021,oracle,0
baseline_pred_d0f,baseline,0,40.0,0.85,30.0,20.0,True,,0.7296843913079281,7.866816028342706,1.0491368030451966,40.0,0.0,8.338500000000018,11.355693817138672,4.403767487520606,5.008331380756813,8.3385,True,AVOIDED,0.0,0.0,0.0,freeze,latency_comp_all,17020022,oracle,0
baseline_pred_d0f,baseline,0,40.0,0.85,35.0,20.0,True,,1.5823564393882137,4.037112762822045,1.5394874871753652,40.0,0.0,8.3385,16.023054122924805,5.256443362897178,3.448934301588219,8.3385,True,AVOIDED,0.0,0.0,0.0,freeze,latency_comp_all,17020023,oracle,0
baseline_pred_d0f,baseline,0,40.0,0.85,40.0,20.0,True,,1.5812645941922856,4.037136743979588,1.5928784294129137,40.0,0.0,8.3385,16.023218154907227,5.255408709153902,3.4611625695600736,8.3385,True,AVOIDED,0.0,0.0,0.0,freeze,latency_comp_all,17020024,oracle,0
baseline_pred_d0f,baseline,0,40.0,0.4,20.0,20.0,False,vehicle.ue4.audi.tt,0.0,0.0,1.2518607036226785,27.323642004419558,12.676357995580442,3.924000000000003,0.0,3.8320153175838416,3.9603839026224663,3.9240000000000004,True,COLLISION with vehicle.ue4.audi.tt,0.0,0.0,0.0,freeze,latency_comp_all,17020025,oracle,0
baseline_pred_d0f,baseline,0,40.0,0.4,25.0,20.0,False,vehicle.ue4.audi.tt,0.0,0.0,1.5801827437600193,28.080560056676703,11.919439943323296,3.924000000000003,0.0,3.829948472986753,3.155015665986659,3.9240000000000004,True,COLLISION with vehicle.ue4.audi.tt,0.0,0.0,0.0,freeze,latency_comp_all,17020026,oracle,0
baseline_pred_d0f,baseline,0,40.0,0.4,30.0,20.0,False,vehicle.ue4.audi.tt,0.0,0.0,1.0489616162358588,26.38455681638669,13.615443183613309,3.924000000000003,0.0,3.842866675429067,5.00778443697093,3.9240000000000004,True,COLLISION with vehicle.ue4.audi.tt,0.0,0.0,0.0,freeze,latency_comp_all,17020027,oracle,0
baseline_pred_d0f,baseline,0,40.0,0.4,35.0,20.0,False,vehicle.ue4.audi.tt,0.0,0.0,1.5397127114380706,27.992722190578665,12.007277809421335,3.924000000000003,0.0,3.8311647454694677,3.4490762113198645,3.9240000000000004,True,COLLISION with vehicle.ue4.audi.tt,0.0,0.0,0.0,freeze,latency_comp_all,17020028,oracle,0
baseline_pred_d0f,baseline,0,40.0,0.4,40.0,20.0,False,vehicle.ue4.audi.tt,0.0,0.0,1.5926932086954897,27.938197183866908,12.061802816133092,3.924000000000003,0.0,3.830557253990921,3.461103302230078,3.9240000000000004,True,COLLISION with vehicle.ue4.audi.tt,0.0,0.0,0.0,freeze,latency_comp_all,17020029,oracle,0
baseline_pred_d0f,baseline,0,50.0,0.85,20.0,20.0,False,vehicle.ue4.audi.tt,0.0,0.0,1.0283507624270962,40.06249266681665,9.937507333183348,8.3385,0.0,3.8466471779714833,6.251445427884491,8.3385,True,COLLISION with vehicle.ue4.audi.tt,0.0,0.0,0.0,freeze,latency_comp_all,17020030,oracle,0
baseline_pred_d0f,baseline,0,50.0,0.85,25.0,20.0,True,,0.25844992026364544,6.805111960610857,1.3761703297458985,50.0,0.0,8.338500000000018,18.85797691345215,3.932616992230024,4.67326940838413,8.3385,True,AVOIDED,0.0,0.0,0.0,freeze,latency_comp_all,17020031,oracle,0
baseline_pred_d0f,baseline,0,50.0,0.85,30.0,20.0,True,,0.9371726112655354,5.192653004512637,1.5915557582378868,50.0,0.0,8.338500000000018,21.630722045898438,4.611259613541595,4.0496133296805565,8.3385,True,AVOIDED,0.0,0.0,0.0,freeze,latency_comp_all,17020032,oracle,0
baseline_pred_d0f,baseline,0,50.0,0.85,35.0,20.0,False,vehicle.ue4.audi.tt,0.0,0.0,1.0049640659373305,40.414044211306376,9.585955788693623,8.338500000000018,0.0,3.8209855844889145,6.639201261619354,8.3385,True,COLLISION with vehicle.ue4.audi.tt,0.0,0.0,0.0,freeze,latency_comp_all,17020033,oracle,0
baseline_pred_d0f,baseline,0,50.0,0.85,40.0,20.0,False,vehicle.ue4.audi.tt,0.0,6.6319939582979135,1.3507387427231656,46.86250154596955,3.1374984540304514,8.338500000000018,0.0,3.8094106452592396,4.970826623211005,8.3385,True,COLLISION with vehicle.ue4.audi.tt,0.0,0.0,0.0,freeze,latency_comp_all,17020034,oracle,0
baseline_pred_d0f,baseline,0,50.0,0.4,20.0,20.0,False,vehicle.ue4.audi.tt,0.0,0.0,1.0283319502056603,23.89720574898938,26.10279425101062,3.9239999999999853,0.0,4.073780934913608,6.252701120937561,3.9240000000000004,True,COLLISION with vehicle.ue4.audi.tt,0.0,0.0,0.0,freeze,latency_comp_all,17020035,oracle,0
baseline_pred_d0f,baseline,0,50.0,0.4,25.0,20.0,False,vehicle.ue4.audi.tt,0.0,0.0,1.3758346436684956,32.092390915243925,17.907609084756075,3.9239999999999853,0.0,3.839655211212979,4.67320867168864,3.9240000000000004,True,COLLISION with vehicle.ue4.audi.tt,0.0,0.0,0.0,freeze,latency_comp_all,17020036,oracle,0
baseline_pred_d0f,baseline,0,50.0,0.4,30.0,20.0,False,vehicle.ue4.audi.tt,0.0,0.0,1.5906147719509276,32.989133996371834,17.010866003628163,3.9239999999999853,0.0,3.8246105087974716,4.049862616492112,3.9240000000000004,True,COLLISION with vehicle.ue4.audi.tt,0.0,0.0,0.0,freeze,latency_comp_all,17020037,oracle,0
baseline_pred_d0f,baseline,0,50.0,0.4,35.0,20.0,False,vehicle.ue4.audi.tt,0.0,0.0,1.0052796221372668,30.609216356394715,19.390783643605285,3.9239999999999853,0.0,3.8199346028442625,6.638729057848494,3.9240000000000004,True,COLLISION with vehicle.ue4.audi.tt,0.0,0.0,0.0,freeze,latency_comp_all,17020038,oracle,0
baseline_pred_d0f,baseline,0,50.0,0.4,40.0,20.0,False,vehicle.ue4.audi.tt,0.0,0.0,1.35124442383934,32.06781511003177,17.932184889968227,3.9239999999999853,0.0,3.849526025675441,4.970579322990501,3.9240000000000004,True,COLLISION with vehicle.ue4.audi.tt,0.0,0.0,0.0,freeze,latency_comp_all,17020039,oracle,0
baseline_pred_d0f,baseline,0,60.0,0.85,20.0,20.0,False,vehicle.ue4.audi.tt,0.0,0.0,0.8715222210920067,34.252382805151434,25.747617194848566,8.338499999999982,0.0,4.272007439648291,9.086393451542861,8.3385,True,COLLISION with vehicle.ue4.audi.tt,0.0,0.0,0.0,freeze,latency_comp_all,17020040,oracle,0
baseline_pred_d0f,baseline,0,60.0,0.85,25.0,20.0,False,vehicle.ue4.audi.tt,0.0,0.0,1.1321023594448238,45.742719216938966,14.257280783061033,8.3385,0.0,3.8409955591786735,6.9582527156196,8.3385,True,COLLISION with vehicle.ue4.audi.tt,0.0,0.0,0.0,freeze,latency_comp_all,17020041,oracle,0
baseline_pred_d0f,baseline,0,60.0,0.85,30.0,20.0,False,vehicle.ue4.audi.tt,0.0,0.0,1.450181401363242,49.330977715363765,10.669022284636236,8.3385,0.0,3.82948897945292,5.434061926855033,8.3385,True,COLLISION with vehicle.ue4.audi.tt,0.0,0.0,0.0,freeze,latency_comp_all,17020042,oracle,0
baseline_pred_d0f,baseline,0,60.0,0.85,35.0,20.0,False,vehicle.ue4.audi.tt,0.0,0.0,1.5804397157617378,51.01975107703288,8.980248922967121,8.3385,0.0,3.821494920383225,4.996850708416284,8.3385,True,COLLISION with vehicle.ue4.audi.tt,0.0,0.0,0.0,freeze,latency_comp_all,17020043,oracle,0
baseline_pred_d0f,baseline,0,60.0,0.85,40.0,20.0,False,vehicle.ue4.audi.tt,0.0,0.0,0.9408560332472106,43.011409076391345,16.988590923608655,8.338499999999982,0.0,3.8242940651251875,8.58434763622424,8.3385,True,COLLISION with vehicle.ue4.audi.tt,0.0,0.0,0.0,freeze,latency_comp_all,17020044,oracle,0
baseline_pred_d0f,baseline,0,60.0,0.4,20.0,20.0,False,vehicle.ue4.audi.tt,0.0,0.0,0.8715254526935651,14.693154287502807,45.30684571249719,3.9239999999999853,0.0,3.8891209749824207,9.086313642403866,3.9240000000000004,True,COLLISION with vehicle.ue4.audi.tt,0.0,0.0,0.0,freeze,latency_comp_all,17020045,oracle,0
baseline_pred_d0f,baseline,0,60.0,0.4,25.0,20.0,False,vehicle.ue4.audi.tt,0.0,0.0,1.1320984504324096,33.32021871866009,26.679781281339913,3.9239999999999853,0.0,3.8894141158943203,6.958298042137608,3.9240000000000004,True,COLLISION with vehicle.ue4.audi.tt,0.0,0.0,0.0,freeze,latency_comp_all,17020046,oracle,0
baseline_pred_d0f,baseline,0,60.0,0.4,30.0,20.0,False,vehicle.ue4.audi.tt,0.0,0.0,1.450180316163522,36.89459013397051,23.105409866029493,3.9239999999999853,0.0,3.845574930724103,5.434038122471865,3.9240000000000004,True,COLLISION with vehicle.ue4.audi.tt,0.0,0.0,0.0,freeze,latency_comp_all,17020047,oracle,0
baseline_pred_d0f,baseline,0,60.0,0.4,35.0,20.0,False,vehicle.ue4.audi.tt,0.0,0.0,1.5804284649540075,37.95967651334732,22.040323486652678,3.9239999999999853,0.0,3.8606193455659343,4.99687544150238,3.9240000000000004,True,COLLISION with vehicle.ue4.audi.tt,0.0,0.0,0.0,freeze,latency_comp_all,17020048,oracle,0
baseline_pred_d0f,baseline,0,60.0,0.4,40.0,20.0,False,vehicle.ue4.audi.tt,0.0,0.0,0.9408603919301279,35.03440289076265,24.965597109237354,3.9239999999999853,0.0,3.813394073099331,8.584295929699023,3.9240000000000004,True,COLLISION with vehicle.ue4.audi.tt,0.0,0.0,0.0,freeze,latency_comp_all,17020049,oracle,0
baseline_pred_d4f,baseline,4,20.0,0.85,20.0,20.0,True,,2.8197950277680324,3.6582446467056164,1.230964686391843,20.0,0.0,3.335400049701338,4.359035491943359,6.493977226081519,2.1056815446437582,8.3385,True,AVOIDED,0.0,0.0,0.0,freeze,latency_comp_all,17060000,oracle,4
baseline_pred_d4f,baseline,4,20.0,0.85,25.0,20.0,True,,4.195510218845238,3.657861365625391,1.5551013235364857,20.0,0.0,3.335400049701338,4.360408782958984,7.869696242314734,1.7694600564205454,8.3385,True,AVOIDED,0.0,0.0,0.0,freeze,latency_comp_all,17060001,oracle,4
baseline_pred_d4f,baseline,4,20.0,0.85,30.0,20.0,True,,4.195523935893825,3.6579558658285976,1.555066672630608,20.0,0.0,3.335400049701338,4.360206604003906,7.869709915739904,1.7694374691448977,8.3385,True,AVOIDED,0.0,0.0,0.0,freeze,latency_comp_all,17060002,oracle,4
baseline_pred_d4f,baseline,4,20.0,0.85,35.0,20.0,True,,4.195510218845238,3.657861365625391,1.5551013235364857,20.0,0.0,3.335400049701338,4.360408782958984,7.869696242314734,1.7694600564205454,8.3385,True,AVOIDED,0.0,0.0,0.0,freeze,latency_comp_all,17060003,oracle,4
baseline_pred_d4f,baseline,4,20.0,0.85,40.0,20.0,True,,4.195523929089964,3.6579558658285976,1.5550666712901509,20.0,0.0,3.335400049701338,4.360206604003906,7.869709908935939,1.7694374700495903,8.3385,True,AVOIDED,0.0,0.0,0.0,freeze,latency_comp_all,17060004,oracle,4
baseline_pred_d4f,baseline,4,20.0,0.4,20.0,20.0,True,,0.6919694631676796,2.9565216942976984,1.2308577604441655,20.0,0.0,3.924000000000003,6.489017486572266,4.3662165866697675,2.10555102117186,3.9240000000000004,True,AVOIDED,0.0,0.0,0.0,freeze,latency_comp_all,17060005,oracle,4
baseline_pred_d4f,baseline,4,20.0,0.4,25.0,20.0,True,,0.9216709262814939,2.1983673449828323,1.555066672630608,20.0,0.0,3.924000000000003,7.63629150390625,4.595975113579315,1.7694374691448977,3.9240000000000004,True,AVOIDED,0.0,0.0,0.0,freeze,latency_comp_all,17060006,oracle,4
baseline_pred_d4f,baseline,4,20.0,0.4,30.0,20.0,True,,0.9219022050128425,2.198329420683422,1.5551013235364857,20.0,0.0,3.924000000000003,7.636528015136719,4.5962063923106635,1.7694600564205454,3.9240000000000004,True,AVOIDED,0.0,0.0,0.0,freeze,latency_comp_all,17060007,oracle,4
baseline_pred_d4f,baseline,4,20.0,0.4,35.0,20.0,True,,0.9205912370709024,0.0,1.5541723331491573,20.0,0.0,3.924000000000003,7.636074066162109,4.5948954243687234,1.7697497746379935,3.9240000000000004,True,AVOIDED,0.0,0.0,0.0,freeze,latency_comp_all,17060008,oracle,4
baseline_pred_d4f,baseline,4,20.0,0.4,40.0,20.0,True,,0.9219060028338983,2.198329420683422,1.5551020153361288,20.0,0.0,3.924000000000003,7.636528015136719,4.596210190131719,1.769459268433238,3.9240000000000004,True,AVOIDED,0.0,0.0,0.0,freeze,latency_comp_all,17060009,oracle,4
baseline_pred_d4f,baseline,4,30.0,0.85,20.0,20.0,True,,2.279538675641435,0.0,1.3875511653878079,30.0,0.0,3.335400049701338,9.959835052490234,5.953842862939256,2.5216766474005783,8.3385,True,AVOIDED,0.0,0.0,0.0,freeze,latency_comp_all,17060010,oracle,4
baseline_pred_d4f,baseline,4,30.0,0.85,25.0,20.0,True,,1.8696550941911285,7.3267804917314345,0.9968238849737138,30.0,0.0,8.3385,6.647632598876953,5.543738249255196,4.011684722312797,8.3385,True,AVOIDED,0.0,0.0,0.0,freeze,latency_comp_all,17060011,oracle,4
baseline_pred_d4f,baseline,4,30.0,0.85,30.0,20.0,True,,3.9326650882441907,3.501718372541213,1.6393316973192364,30.0,0.0,3.335400049701338,9.961448669433594,7.606969275542012,2.460686269872566,8.3385,True,AVOIDED,0.0,0.0,0.0,freeze,latency_comp_all,17060012,oracle,4
baseline_pred_d4f,baseline,4,30.0,0.85,35.0,20.0,True,,3.106171173581699,3.5020199028370245,1.5775132192311272,30.0,0.0,3.335400049701338,9.960845947265625,6.78047536087952,2.6176375743156006,8.3385,True,AVOIDED,0.0,0.0,0.0,freeze,latency_comp_all,17060013,oracle,4
baseline_pred_d4f,baseline,4,30.0,0.85,40.0,20.0,True,,3.105623532213931,3.501718372541213,1.5791096647943068,30.0,0.0,3.335400049701338,9.961444854736328,6.779927719511752,2.6176881040457913,8.3385,True,AVOIDED,0.0,0.0,0.0,freeze,latency_comp_all,17060014,oracle,4
baseline_pred_d4f,baseline,4,30.0,0.4,20.0,20.0,False,vehicle.ue4.audi.tt,0.0,0.0,1.3854859055946107,24.50810150041328,5.491898499586721,3.924000000000003,0.0,3.8171223629845965,2.5219207960661274,3.9240000000000004,True,COLLISION with vehicle.ue4.audi.tt,0.0,0.0,0.0,freeze,latency_comp_all,17060015,oracle,4
baseline_pred_d4f,baseline,4,30.0,0.4,25.0,20.0,False,vehicle.ue4.audi.tt,0.0,0.0,0.9958098029143205,21.80700891104327,8.192991088956733,3.924000000000003,0.0,3.8254856481623594,4.011785511957171,3.9240000000000004,True,COLLISION with vehicle.ue4.audi.tt,0.0,0.0,0.0,freeze,latency_comp_all,17060016,oracle,4
baseline_pred_d4f,baseline,4,30.0,0.4,30.0,20.0,False,vehicle.ue4.audi.tt,0.0,0.0,1.6376998921106063,24.95991994932866,5.040080050671339,3.924000000000003,0.0,3.816237837058517,2.4606369855749106,3.9240000000000004,True,COLLISION with vehicle.ue4.audi.tt,0.0,0.0,0.0,freeze,latency_comp_all,17060017,oracle,4
baseline_pred_d4f,baseline,4,30.0,0.4,35.0,20.0,False,vehicle.ue4.audi.tt,0.0,0.0,1.5791092051880642,24.58678294670803,5.413217053291969,3.924000000000003,0.0,3.813947430426126,2.6176888670134737,3.9240000000000004,True,COLLISION with vehicle.ue4.audi.tt,0.0,0.0,0.0,freeze,latency_comp_all,17060018,oracle,4
baseline_pred_d4f,baseline,4,30.0,0.4,40.0,20.0,False,vehicle.ue4.audi.tt,0.0,0.0,1.5775136790550224,24.589217468863623,5.410782531136375,3.924000000000003,0.0,3.814266368035635,2.6176368107185692,3.9240000000000004,True,COLLISION with vehicle.ue4.audi.tt,0.0,0.0,0.0,freeze,latency_comp_all,17060019,oracle,4
baseline_pred_d4f,baseline,4,40.0,0.85,20.0,20.0,True,,1.239444829836617,8.934876766918954,1.0462383641244073,40.0,0.0,8.338500000000018,10.294078826904297,4.913749017134438,4.719482259463617,8.3385,True,AVOIDED,0.0,0.0,0.0,freeze,latency_comp_all,17060020,oracle,4
baseline_pred_d4f,baseline,4,40.0,0.85,25.0,20.0,True,,1.9308646589289973,4.460315807455593,1.4822595319623142,40.0,0.0,8.3385,15.122913360595703,5.604943898963306,3.3677160838951803,8.3385,True,AVOIDED,0.0,0.0,0.0,freeze,latency_comp_all,17060021,oracle,4
baseline_pred_d4f,baseline,4,40.0,0.85,30.0,20.0,True,,0.7159410634398577,9.345480061721661,0.8744985452733318,40.0,0.0,8.338500000000018,9.161537170410156,4.390020360307489,6.164842930542527,8.3385,True,AVOIDED,0.0,0.0,0.0,freeze,latency_comp_all,17060022,oracle,4
baseline_pred_d4f,baseline,4,40.0,0.85,35.0,20.0,True,,1.7478398707624256,5.373255127190396,1.3702009551277832,40.0,0.0,8.3385,13.649539947509766,5.421884856761623,3.95599612425383,8.3385,True,AVOIDED,0.0,0.0,0.0,freeze,latency_comp_all,17060023,oracle,4
baseline_pred_d4f,baseline,4,40.0,0.85,40.0,20.0,True,,2.0091727089414784,4.226991445620165,1.5928784294129137,40.0,0.0,8.3385,15.595037460327148,5.683476896239299,3.4611625695600736,8.3385,True,AVOIDED,0.0,0.0,0.0,freeze,latency_comp_all,17060024,oracle,4
baseline_pred_d4f,baseline,4,40.0,0.4,20.0,20.0,False,vehicle.ue4.audi.tt,0.0,0.0,1.046964954574268,26.641992106687553,13.358007893312449,3.924000000000003,0.0,3.8384067831071094,4.717663290954602,3.9240000000000004,True,COLLISION with vehicle.ue4.audi.tt,0.0,0.0,0.0,freeze,latency_comp_all,17060025,oracle,4
baseline_pred_d4f,baseline,4,40.0,0.4,25.0,20.0,False,vehicle.ue4.audi.tt,0.0,0.0,1.4817608612526953,28.38072791861231,11.61927208138769,3.924000000000003,0.0,3.8314113711946987,3.3682021659632118,3.9240000000000004,True,COLLISION with vehicle.ue4.audi.tt,0.0,0.0,0.0,freeze,latency_comp_all,17060026,oracle,4
baseline_pred_d4f,baseline,4,40.0,0.4,30.0,20.0,False,vehicle.ue4.audi.tt,0.0,0.0,0.8741254791468105,25.652634467125452,14.34736553287455,3.924000000000003,0.0,3.844747773055291,6.16441549612598,3.9240000000000004,True,COLLISION with vehicle.ue4.audi.tt,0.0,0.0,0.0,freeze,latency_comp_all,17060027,oracle,4
baseline_pred_d4f,baseline,4,40.0,0.4,35.0,20.0,False,vehicle.ue4.audi.tt,0.0,0.0,1.3705769838972317,27.09084413903782,12.90915586096218,3.924000000000003,0.0,3.8175712490556926,3.9561096411572114,3.9240000000000004,True,COLLISION with vehicle.ue4.audi.tt,0.0,0.0,0.0,freeze,latency_comp_all,17060028,oracle,4
baseline_pred_d4f,baseline,4,40.0,0.4,40.0,20.0,False,vehicle.ue4.audi.tt,0.0,0.0,1.594436312557572,28.350542156578392,11.64945784342161,3.924000000000003,0.0,3.833471543584239,3.46100536173418,3.9240000000000004,True,COLLISION with vehicle.ue4.audi.tt,0.0,0.0,0.0,freeze,latency_comp_all,17060029,oracle,4
baseline_pred_d4f,baseline,4,50.0,0.85,20.0,20.0,False,vehicle.ue4.audi.tt,0.0,0.0,0.8251043737093288,36.73334792375575,13.266652076244247,8.3385,0.0,3.879051113711097,7.766762818940709,8.3385,True,COLLISION with vehicle.ue4.audi.tt,0.0,0.0,0.0,freeze,latency_comp_all,17060030,oracle,4
baseline_pred_d4f,baseline,4,50.0,0.85,25.0,20.0,False,vehicle.ue4.audi.tt,0.0,8.746629259207603,1.172875566223941,47.916326693064356,2.0836733069356455,8.338500000000018,0.0,3.80985481103038,5.470597230148729,8.3385,True,COLLISION with vehicle.ue4.audi.tt,0.0,0.0,0.0,freeze,latency_comp_all,17060031,oracle,4
baseline_pred_d4f,baseline,4,50.0,0.85,30.0,20.0,True,,1.1594832265753467,5.998569314439178,1.4925308352355482,50.0,0.0,8.3385,20.027677536010742,4.833593134469502,4.320983467061621,8.3385,True,AVOIDED,0.0,0.0,0.0,freeze,latency_comp_all,17060032,oracle,4
baseline_pred_d4f,baseline,4,50.0,0.85,35.0,20.0,False,vehicle.ue4.audi.tt,0.0,0.0,0.8215348332011302,40.51477425707224,9.485225742927758,8.338500000000018,0.0,3.827782960567656,8.266929885897758,8.3385,True,COLLISION with vehicle.ue4.audi.tt,0.0,0.0,0.0,freeze,latency_comp_all,17060033,oracle,4
baseline_pred_d4f,baseline,4,50.0,0.85,40.0,20.0,False,vehicle.ue4.audi.tt,0.0,9.46008929147059,1.1699266167697713,45.035122696515806,4.964877303484191,8.338500000000018,0.0,3.8138081560484416,5.825799091023202,8.3385,True,COLLISION with vehicle.ue4.audi.tt,0.0,0.0,0.0,freeze,latency_comp_all,17060034,oracle,4
baseline_pred_d4f,baseline,4,50.0,0.4,20.0,20.0,False,vehicle.ue4.audi.tt,0.0,0.0,0.8249089199307247,22.556489411539015,27.443510588460985,3.9239999999999853,0.0,4.019489039908445,7.769280542248863,3.9240000000000004,True,COLLISION with vehicle.ue4.audi.tt,0.0,0.0,0.0,freeze,latency_comp_all,17060035,oracle,4
baseline_pred_d4f,baseline,4,50.0,0.4,25.0,20.0,False,vehicle.ue4.audi.tt,0.0,0.0,1.1726620741646545,31.3494022147153,18.6505977852847,3.9239999999999853,0.0,3.8354377891544216,5.470290829535227,3.9240000000000004,True,COLLISION with vehicle.ue4.audi.tt,0.0,0.0,0.0,freeze,latency_comp_all,17060036,oracle,4
baseline_pred_d4f,baseline,4,50.0,0.4,30.0,20.0,False,vehicle.ue4.audi.tt,0.0,0.0,1.4916298145059934,33.121064200882564,16.878935799117436,3.9239999999999853,0.0,3.851055378968994,4.321289169984538,3.9240000000000004,True,COLLISION with vehicle.ue4.audi.tt,0.0,0.0,0.0,freeze,latency_comp_all,17060037,oracle,4
baseline_pred_d4f,baseline,4,50.0,0.4,35.0,20.0,False,vehicle.ue4.audi.tt,0.0,0.0,0.8216245336028773,30.326619006887274,19.673380993112726,3.9239999999999853,0.0,3.848446136721435,8.266586513745024,3.9240000000000004,True,COLLISION with vehicle.ue4.audi.tt,0.0,0.0,0.0,freeze,latency_comp_all,17060038,oracle,4
baseline_pred_d4f,baseline,4,50.0,0.4,40.0,20.0,False,vehicle.ue4.audi.tt,0.0,0.0,1.1704361336975697,31.40482165764133,18.59517834235867,3.9239999999999853,0.0,3.834730123903925,5.825437850539036,3.9240000000000004,True,COLLISION with vehicle.ue4.audi.tt,0.0,0.0,0.0,freeze,latency_comp_all,17060039,oracle,4
baseline_pred_d4f,baseline,4,60.0,0.85,20.0,20.0,False,vehicle.ue4.audi.tt,0.0,0.0,0.670785902381957,31.46678464197421,28.53321535802579,8.338499999999982,0.0,4.371273939009009,11.79884231501812,8.3385,True,COLLISION with vehicle.ue4.audi.tt,0.0,0.0,0.0,freeze,latency_comp_all,17060040,oracle,4
baseline_pred_d4f,baseline,4,60.0,0.85,25.0,20.0,False,vehicle.ue4.audi.tt,0.0,0.0,0.9294034956742118,43.303799512764584,16.69620048723542,8.338499999999982,0.0,3.84426002882108,8.455953702939368,8.3385,True,COLLISION with vehicle.ue4.audi.tt,0.0,0.0,0.0,freeze,latency_comp_all,17060041,oracle,4
baseline_pred_d4f,baseline,4,60.0,0.85,30.0,20.0,False,vehicle.ue4.audi.tt,0.0,0.0,1.2479717187943842,47.935166137719676,12.064833862280324,8.3385,0.0,3.8329998028720906,6.304709176506745,8.3385,True,COLLISION with vehicle.ue4.audi.tt,0.0,0.0,0.0,freeze,latency_comp_all,17060042,oracle,4
baseline_pred_d4f,baseline,4,60.0,0.85,35.0,20.0,False,vehicle.ue4.audi.tt,0.0,0.0,1.5297888343786956,52.230931604867834,7.769068395132167,8.3385,0.0,3.824347928483483,5.160787367370734,8.3385,True,COLLISION with vehicle.ue4.audi.tt,0.0,0.0,0.0,freeze,latency_comp_all,17060043,oracle,4
baseline_pred_d4f,baseline,4,60.0,0.85,40.0,20.0,False,vehicle.ue4.audi.tt,0.0,0.0,0.7521993952529648,43.49193166266309,16.50806833733691,8.338499999999982,0.0,3.84872374429728,10.877773157613753,8.3385,True,COLLISION with vehicle.ue4.audi.tt,0.0,0.0,0.0,freeze,latency_comp_all,17060044,oracle,4
baseline_pred_d4f,baseline,4,60.0,0.4,20.0,20.0,False,vehicle.ue4.audi.tt,0.0,0.0,0.6707924490490013,16.992605457003812,43.00739454299619,3.924000000000021,0.0,3.820319227412485,11.798708468874347,3.9240000000000004,True,COLLISION with vehicle.ue4.audi.tt,0.0,0.0,0.0,freeze,latency_comp_all,17060045,oracle,4
baseline_pred_d4f,baseline,4,60.0,0.4,25.0,20.0,False,vehicle.ue4.audi.tt,0.0,0.0,0.9293932185274408,30.70454204689462,29.29545795310538,3.9239999999999853,0.0,3.940587759735565,8.456025404959096,3.9240000000000004,True,COLLISION with vehicle.ue4.audi.tt,0.0,0.0,0.0,freeze,latency_comp_all,17060046,oracle,4
baseline_pred_d4f,baseline,4,60.0,0.4,30.0,20.0,False,vehicle.ue4.audi.tt,0.0,0.0,1.2479159461258456,36.037922542049145,23.96207745795086,3.9239999999999853,0.0,3.8253307102712415,6.304981388184807,3.9240000000000004,True,COLLISION with vehicle.ue4.audi.tt,0.0,0.0,0.0,freeze,latency_comp_all,17060047,oracle,4
baseline_pred_d4f,baseline,4,60.0,0.4,35.0,20.0,False,vehicle.ue4.audi.tt,0.0,0.0,1.5297743963589783,36.906882255589466,23.093117744410538,3.9239999999999853,0.0,3.8348670480465867,5.160809466827104,3.9240000000000004,True,COLLISION with vehicle.ue4.audi.tt,0.0,0.0,0.0,freeze,latency_comp_all,17060048,oracle,4
baseline_pred_d4f,baseline,4,60.0,0.4,40.0,20.0,False,vehicle.ue4.audi.tt,0.0,0.0,0.7522046308202278,34.73456002480554,25.26543997519446,3.924000000000021,0.0,3.8294455319265457,10.877695585767759,3.9240000000000004,True,COLLISION with vehicle.ue4.audi.tt,0.0,0.0,0.0,freeze,latency_comp_all,17060049,oracle,4
baseline_pred_d8f,baseline,8,20.0,0.85,20.0,20.0,True,,2.2735649050012956,4.571683687705787,1.1019022778215308,20.0,0.0,8.3385,3.803497314453125,5.947610319498949,2.4905924229170484,8.3385,True,AVOIDED,0.0,0.0,0.0,freeze,latency_comp_all,17100000,oracle,8
baseline_pred_d8f,baseline,8,20.0,0.85,25.0,20.0,True,,4.195510218845238,3.657861365625391,1.5551013235364857,20.0,0.0,3.335400049701338,4.360408782958984,7.869696242314734,1.7694600564205454,8.3385,True,AVOIDED,0.0,0.0,0.0,freeze,latency_comp_all,17100001,oracle,8
baseline_pred_d8f,baseline,8,20.0,0.85,30.0,20.0,True,,4.195523935893825,3.6579558658285976,1.555066672630608,20.0,0.0,3.335400049701338,4.360206604003906,7.869709915739904,1.7694374691448977,8.3385,True,AVOIDED,0.0,0.0,0.0,freeze,latency_comp_all,17100002,oracle,8
baseline_pred_d8f,baseline,8,20.0,0.85,35.0,20.0,True,,4.195510218845238,3.657861365625391,1.5551013235364857,20.0,0.0,3.335400049701338,4.360408782958984,7.869696242314734,1.7694600564205454,8.3385,True,AVOIDED,0.0,0.0,0.0,freeze,latency_comp_all,17100003,oracle,8
baseline_pred_d8f,baseline,8,20.0,0.85,40.0,20.0,True,,4.19439397718325,0.0,1.5541723318087624,20.0,0.0,3.335400049701338,4.359962463378906,7.868579916136594,1.769749775543271,8.3385,True,AVOIDED,0.0,0.0,0.0,freeze,latency_comp_all,17100004,oracle,8
baseline_pred_d8f,baseline,8,20.0,0.4,20.0,20.0,True,,0.600096018473919,4.260591994487027,1.101925096401156,20.0,0.0,3.924000000000003,5.479278564453125,4.27440020577174,2.490761681243327,3.9240000000000004,True,AVOIDED,0.0,0.0,0.0,freeze,latency_comp_all,17100005,oracle,8
baseline_pred_d8f,baseline,8,20.0,0.4,25.0,20.0,True,,1.1110150643526229,2.29333917226189,1.555066672630608,20.0,0.0,3.924000000000003,7.446735382080078,4.785319251650444,1.7694374691448977,3.9240000000000004,True,AVOIDED,0.0,0.0,0.0,freeze,latency_comp_all,17100006,oracle,8
baseline_pred_d8f,baseline,8,20.0,0.4,30.0,20.0,True,,1.1112216506401387,2.293299964027216,1.5551013235364857,20.0,0.0,3.924000000000003,7.446968078613281,4.78552583793796,1.7694600564205454,3.9240000000000004,True,AVOIDED,0.0,0.0,0.0,freeze,latency_comp_all,17100007,oracle,8
baseline_pred_d8f,baseline,8,20.0,0.4,35.0,20.0,True,,1.1110150643526229,2.29333917226189,1.555066672630608,20.0,0.0,3.924000000000003,7.446735382080078,4.785319251650444,1.7694374691448977,3.9240000000000004,True,AVOIDED,0.0,0.0,0.0,freeze,latency_comp_all,17100008,oracle,8
baseline_pred_d8f,baseline,8,20.0,0.4,40.0,20.0,True,,1.1112254493296563,2.293299964027216,1.5551020153361288,20.0,0.0,3.924000000000003,7.446968078613281,4.785529636627477,1.769459268433238,3.9240000000000004,True,AVOIDED,0.0,0.0,0.0,freeze,latency_comp_all,17100009,oracle,8
baseline_pred_d8f,baseline,8,30.0,0.85,20.0,20.0,True,,3.4136447024552936,6.226390715138064,1.19331188447078,30.0,0.0,8.3385,7.170940399169922,7.087689627473416,2.9455558936373873,8.3385,True,AVOIDED,0.0,0.0,0.0,freeze,latency_comp_all,17100010,oracle,8
baseline_pred_d8f,baseline,8,30.0,0.85,25.0,20.0,True,,4.760244463523357,3.5019685748641662,1.626046258391874,30.0,0.0,3.335400049701338,9.960933685302734,8.434548650821178,2.2342402050071524,8.3385,True,AVOIDED,0.0,0.0,0.0,freeze,latency_comp_all,17100011,oracle,8
baseline_pred_d8f,baseline,8,30.0,0.85,30.0,20.0,True,,2.2786862925824156,3.5017205108711247,1.4791212987571938,30.0,0.0,3.335400049701338,9.961441040039062,5.952990479880237,2.7946686697157936,8.3385,True,AVOIDED,0.0,0.0,0.0,freeze,latency_comp_all,17100012,oracle,8
baseline_pred_d8f,baseline,8,30.0,0.85,35.0,20.0,True,,3.106171173581699,3.5020199028370245,1.5775132192311272,30.0,0.0,3.335400049701338,9.960845947265625,6.78047536087952,2.6176375743156006,8.3385,True,AVOIDED,0.0,0.0,0.0,freeze,latency_comp_all,17100013,oracle,8
baseline_pred_d8f,baseline,8,30.0,0.85,40.0,20.0,True,,3.1062866383819205,0.0,1.5805540985019995,30.0,0.0,3.335400049701338,9.959957122802734,6.780590825679742,2.617394662854313,8.3385,True,AVOIDED,0.0,0.0,0.0,freeze,latency_comp_all,17100014,oracle,8
baseline_pred_d8f,baseline,8,30.0,0.4,20.0,20.0,False,vehicle.ue4.audi.tt,0.0,0.0,1.1923399179215783,24.272744841152452,5.727255158847547,3.924000000000003,0.0,3.818646535009388,2.9454913281121406,3.9240000000000004,True,COLLISION with vehicle.ue4.audi.tt,0.0,0.0,0.0,freeze,latency_comp_all,17100015,oracle,8
baseline_pred_d8f,baseline,8,30.0,0.4,25.0,20.0,False,vehicle.ue4.audi.tt,0.0,0.0,1.6274573187082737,26.710807375727377,3.2891926242726237,3.924000000000003,0.0,3.813596403276015,2.2342903514798165,3.9240000000000004,True,COLLISION with vehicle.ue4.audi.tt,0.0,0.0,0.0,freeze,latency_comp_all,17100016,oracle,8
baseline_pred_d8f,baseline,8,30.0,0.4,30.0,20.0,False,vehicle.ue4.audi.tt,0.0,0.0,1.4776116270910808,24.177281410753583,5.822718589246417,3.924000000000003,0.0,3.812697105940488,2.7946166721676775,3.9240000000000004,True,COLLISION with vehicle.ue4.audi.tt,0.0,0.0,0.0,freeze,latency_comp_all,17100017,oracle,8
baseline_pred_d8f,baseline,8,30.0,0.4,35.0,20.0,False,vehicle.ue4.audi.tt,0.0,0.0,1.5791092051880642,24.764634161805134,5.235365838194866,3.924000000000003,0.0,3.8184369422822457,2.6176888670134737,3.9240000000000004,True,COLLISION with vehicle.ue4.audi.tt,0.0,0.0,0.0,freeze,latency_comp_all,17100018,oracle,8
baseline_pred_d8f,baseline,8,30.0,0.4,40.0,20.0,False,vehicle.ue4.audi.tt,0.0,0.0,1.5775136790550224,24.765505059434954,5.234494940565046,3.924000000000003,0.0,3.8186516016596324,2.6176368107185692,3.9240000000000004,True,COLLISION with vehicle.ue4.audi.tt,0.0,0.0,0.0,freeze,latency_comp_all,17100019,oracle,8
baseline_pred_d8f,baseline,8,40.0,0.85,20.0,20.0,True,,0.7638535630036083,8.622524981953863,0.8465473286584715,40.0,0.0,8.3385,8.562164306640625,4.4378911069189515,5.835759219291766,8.3385,True,AVOIDED,0.0,0.0,0.0,freeze,latency_comp_all,17100020,oracle,8
baseline_pred_d8f,baseline,8,40.0,0.85,25.0,20.0,True,,2.7519987348065857,6.8354749695683,1.2865258889063935,40.0,0.0,8.3385,12.093338012695312,6.426074135848318,3.8924566399874774,8.3385,True,AVOIDED,0.0,0.0,0.0,freeze,latency_comp_all,17100021,oracle,8
baseline_pred_d8f,baseline,8,40.0,0.85,30.0,20.0,True,,2.68459884667884,4.037139941488787,1.6033658521693523,40.0,0.0,8.3385,16.023208618164062,6.3587429210410145,3.1649205406594416,8.3385,True,AVOIDED,0.0,0.0,0.0,freeze,latency_comp_all,17100022,oracle,8
baseline_pred_d8f,baseline,8,40.0,0.85,35.0,20.0,True,,1.8338849432465825,7.8668828056499995,1.193207636385998,40.0,0.0,8.338500000000018,11.355537414550781,5.507964236751486,4.620051729500684,8.3385,True,AVOIDED,0.0,0.0,0.0,freeze,latency_comp_all,17100023,oracle,8
baseline_pred_d8f,baseline,8,40.0,0.85,40.0,20.0,True,,2.5640980559336954,4.228353700083695,1.6462307025251872,40.0,0.0,8.3385,15.592340469360352,6.2384022432315165,3.354985750605996,8.3385,True,AVOIDED,0.0,0.0,0.0,freeze,latency_comp_all,17100024,oracle,8
baseline_pred_d8f,baseline,8,40.0,0.4,20.0,20.0,False,vehicle.ue4.audi.tt,0.0,0.0,0.8472841476221151,25.676739959134448,14.323260040865552,3.924000000000003,0.0,3.8438457711741396,5.832591076227689,3.9240000000000004,True,COLLISION with vehicle.ue4.audi.tt,0.0,0.0,0.0,freeze,latency_comp_all,17100025,oracle,8
baseline_pred_d8f,baseline,8,40.0,0.4,25.0,20.0,False,vehicle.ue4.audi.tt,0.0,0.0,1.286049776893814,27.936326241556742,12.063673758443258,3.924000000000003,0.0,3.833112997742813,3.893183936666893,3.9240000000000004,True,COLLISION with vehicle.ue4.audi.tt,0.0,0.0,0.0,freeze,latency_comp_all,17100026,oracle,8
baseline_pred_d8f,baseline,8,40.0,0.4,30.0,20.0,False,vehicle.ue4.audi.tt,0.0,0.0,1.6034764163951771,28.80437827254691,11.19562172745309,3.924000000000003,0.0,3.8312508965438683,3.1646759324289655,3.9240000000000004,True,COLLISION with vehicle.ue4.audi.tt,0.0,0.0,0.0,freeze,latency_comp_all,17100027,oracle,8
baseline_pred_d8f,baseline,8,40.0,0.4,35.0,20.0,False,vehicle.ue4.audi.tt,0.0,0.0,1.1933166528837025,26.524774582620143,13.475225417379857,3.924000000000003,0.0,3.8206190028710987,4.620176304937403,3.9240000000000004,True,COLLISION with vehicle.ue4.audi.tt,0.0,0.0,0.0,freeze,latency_comp_all,17100028,oracle,8
baseline_pred_d8f,baseline,8,40.0,0.4,40.0,20.0,False,vehicle.ue4.audi.tt,0.0,0.0,1.6465075966473397,28.625830658664363,11.374169341335637,3.924000000000003,0.0,3.823176464767159,3.354871570519521,3.9240000000000004,True,COLLISION with vehicle.ue4.audi.tt,0.0,0.0,0.0,freeze,latency_comp_all,17100029,oracle,8
baseline_pred_d8f,baseline,8,50.0,0.85,20.0,20.0,False,vehicle.ue4.audi.tt,0.0,0.0,0.6254226848048048,32.10022688332805,17.899773116671955,8.3385,0.0,4.017060117361211,10.250921012933931,8.3385,True,COLLISION with vehicle.ue4.audi.tt,0.0,0.0,0.0,freeze,latency_comp_all,17100030,oracle,8
baseline_pred_d8f,baseline,8,50.0,0.85,25.0,20.0,False,vehicle.ue4.audi.tt,0.0,0.0,0.9734497820679839,43.80323638946107,6.196763610538929,8.338500000000018,0.0,3.8200137084461443,6.59539469338905,8.3385,True,COLLISION with vehicle.ue4.audi.tt,0.0,0.0,0.0,freeze,latency_comp_all,17100031,oracle,8
baseline_pred_d8f,baseline,8,50.0,0.85,30.0,20.0,True,,1.1399067987639002,8.259006023785775,1.295288732419779,50.0,0.0,8.338500000000018,17.286380767822266,4.814031842046855,4.988701780716477,8.3385,True,AVOIDED,0.0,0.0,0.0,freeze,latency_comp_all,17100032,oracle,8
baseline_pred_d8f,baseline,8,50.0,0.85,35.0,20.0,True,,1.7141107403383575,5.542698243189674,1.5758119421237908,50.0,0.0,8.338500000000018,20.852293014526367,5.388189965706754,4.1378708028256215,8.3385,True,AVOIDED,0.0,0.0,0.0,freeze,latency_comp_all,17100033,oracle,8
baseline_pred_d8f,baseline,8,50.0,0.85,40.0,20.0,False,vehicle.ue4.audi.tt,0.0,0.0,0.984609701038447,43.82926212875213,6.170737871247873,8.3385,0.0,3.8221443305629452,7.011545756049556,8.3385,True,COLLISION with vehicle.ue4.audi.tt,0.0,0.0,0.0,freeze,latency_comp_all,17100034,oracle,8
baseline_pred_d8f,baseline,8,50.0,0.4,20.0,20.0,False,vehicle.ue4.audi.tt,0.0,0.0,0.6250680005363485,19.942964714641732,30.057035285358268,3.9239999999999853,0.0,4.173316980283263,10.256952469040067,3.9240000000000004,True,COLLISION with vehicle.ue4.audi.tt,0.0,0.0,0.0,freeze,latency_comp_all,17100035,oracle,8
baseline_pred_d8f,baseline,8,50.0,0.4,25.0,20.0,False,vehicle.ue4.audi.tt,0.0,0.0,0.9733527292153142,30.63941500110995,19.36058499889005,3.9239999999999853,0.0,3.8184299467598373,6.594604035419896,3.9240000000000004,True,COLLISION with vehicle.ue4.audi.tt,0.0,0.0,0.0,freeze,latency_comp_all,17100036,oracle,8
baseline_pred_d8f,baseline,8,50.0,0.4,30.0,20.0,False,vehicle.ue4.audi.tt,0.0,0.0,1.2944811136998156,32.40008581662282,17.599914183377184,3.9239999999999853,0.0,3.8543884028472366,4.989176723794472,3.9240000000000004,True,COLLISION with vehicle.ue4.audi.tt,0.0,0.0,0.0,freeze,latency_comp_all,17100037,oracle,8
baseline_pred_d8f,baseline,8,50.0,0.4,35.0,20.0,False,vehicle.ue4.audi.tt,0.0,0.0,1.5765832402274387,33.06074404109462,16.939255958905374,3.9239999999999853,0.0,3.815854446254589,4.137663218255716,3.9240000000000004,True,COLLISION with vehicle.ue4.audi.tt,0.0,0.0,0.0,freeze,latency_comp_all,17100038,oracle,8
baseline_pred_d8f,baseline,8,50.0,0.4,40.0,20.0,False,vehicle.ue4.audi.tt,0.0,0.0,0.9849192753949823,30.709273521160856,19.290726478839144,3.9239999999999853,0.0,3.8171301604528733,7.011049355920836,3.9240000000000004,True,COLLISION with vehicle.ue4.audi.tt,0.0,0.0,0.0,freeze,latency_comp_all,17100039,oracle,8
baseline_pred_d8f,baseline,8,60.0,0.85,20.0,20.0,False,vehicle.ue4.audi.tt,0.0,0.0,0.47338688606775575,20.316961965819083,39.68303803418092,8.338499999999982,0.0,3.9283751087685146,16.796681072205388,8.3385,True,COLLISION with vehicle.ue4.audi.tt,0.0,0.0,0.0,freeze,latency_comp_all,17100040,oracle,8
baseline_pred_d8f,baseline,8,60.0,0.85,25.0,20.0,False,vehicle.ue4.audi.tt,0.0,0.0,0.7293550259576411,41.41120708534869,18.588792914651304,8.338499999999982,0.0,3.8736817006387865,10.775465526881122,8.3385,True,COLLISION with vehicle.ue4.audi.tt,0.0,0.0,0.0,freeze,latency_comp_all,17100041,oracle,8
baseline_pred_d8f,baseline,8,60.0,0.85,30.0,20.0,False,vehicle.ue4.audi.tt,0.0,0.0,1.0486823537284997,45.795638460913295,14.204361539086705,8.3385,0.0,3.8313556435816114,7.5070174821796645,8.3385,True,COLLISION with vehicle.ue4.audi.tt,0.0,0.0,0.0,freeze,latency_comp_all,17100042,oracle,8
baseline_pred_d8f,baseline,8,60.0,0.85,35.0,20.0,False,vehicle.ue4.audi.tt,0.0,0.0,1.3318323377819028,50.12695409694929,9.873045903050713,8.3385,0.0,3.825866575568356,5.935962690459567,8.3385,True,COLLISION with vehicle.ue4.audi.tt,0.0,0.0,0.0,freeze,latency_comp_all,17100043,oracle,8
baseline_pred_d8f,baseline,8,60.0,0.85,40.0,20.0,False,vehicle.ue4.audi.tt,0.0,6.9851676037028305,1.5716803726100808,54.255589207233356,5.744410792766645,8.3385,0.0,3.821383835733584,5.0570560524231905,8.3385,True,COLLISION with vehicle.ue4.audi.tt,0.0,0.0,0.0,freeze,latency_comp_all,17100044,oracle,8
baseline_pred_d8f,baseline,8,60.0,0.4,20.0,20.0,False,vehicle.ue4.audi.tt,0.0,0.0,0.47344627941578377,9.920734929910836,50.079265070089164,3.924000000000021,0.0,3.9491529412833164,16.79444400415208,3.9240000000000004,True,COLLISION with vehicle.ue4.audi.tt,0.0,0.0,0.0,freeze,latency_comp_all,17100045,oracle,8
baseline_pred_d8f,baseline,8,60.0,0.4,25.0,20.0,False,vehicle.ue4.audi.tt,0.0,0.0,0.7293443298138454,29.800814743530648,30.199185256469352,3.924000000000021,0.0,3.890846492470364,10.775579789032683,3.9240000000000004,True,COLLISION with vehicle.ue4.audi.tt,0.0,0.0,0.0,freeze,latency_comp_all,17100046,oracle,8
baseline_pred_d8f,baseline,8,60.0,0.4,30.0,20.0,False,vehicle.ue4.audi.tt,0.0,0.0,1.0486896109855894,35.2496773787408,24.7503226212592,3.9239999999999853,0.0,3.8605811907111467,7.506969123169081,3.9240000000000004,True,COLLISION with vehicle.ue4.audi.tt,0.0,0.0,0.0,freeze,latency_comp_all,17100047,oracle,8
baseline_pred_d8f,baseline,8,60.0,0.4,35.0,20.0,False,vehicle.ue4.audi.tt,0.0,0.0,1.3318278882553787,37.30460515807217,22.69539484192783,3.9239999999999853,0.0,3.8646316899948436,5.935991683909263,3.9240000000000004,True,COLLISION with vehicle.ue4.audi.tt,0.0,0.0,0.0,freeze,latency_comp_all,17100048,oracle,8
baseline_pred_d8f,baseline,8,60.0,0.4,40.0,20.0,False,vehicle.ue4.audi.tt,0.0,0.0,1.57168495355974,38.14593760735477,21.854062392645233,3.9239999999999853,0.0,3.860536744053051,5.057031201539497,3.9240000000000004,True,COLLISION with vehicle.ue4.audi.tt,0.0,0.0,0.0,freeze,latency_comp_all,17100049,oracle,8
baseline_pred_d16f,baseline,16,20.0,0.85,20.0,20.0,True,,5.5739463797794695,3.659027209484476,1.541347623146833,20.0,0.0,3.335400049701338,4.358020782470703,9.248128526948452,1.4658119732599475,8.3385,True,AVOIDED,0.0,0.0,0.0,freeze,latency_comp_all,17570000,oracle,16
baseline_pred_d16f,baseline,16,20.0,0.85,25.0,20.0,True,,4.745803927019738,3.6574571698683926,1.6549263862015928,20.0,0.0,3.335400049701338,4.36077880859375,8.419986127934763,1.6625775880845157,8.3385,True,AVOIDED,0.0,0.0,0.0,freeze,latency_comp_all,17570001,oracle,16
baseline_pred_d16f,baseline,16,20.0,0.85,30.0,20.0,True,,4.195523935893825,3.6579558658285976,1.555066672630608,20.0,0.0,3.335400049701338,4.360206604003906,7.869709915739904,1.7694374691448977,8.3385,True,AVOIDED,0.0,0.0,0.0,freeze,latency_comp_all,17570002,oracle,16
baseline_pred_d16f,baseline,16,20.0,0.85,35.0,20.0,True,,4.195510218845238,3.657861365625391,1.5551013235364857,20.0,0.0,3.335400049701338,4.360408782958984,7.869696242314734,1.7694600564205454,8.3385,True,AVOIDED,0.0,0.0,0.0,freeze,latency_comp_all,17570003,oracle,16
baseline_pred_d16f,baseline,16,20.0,0.85,40.0,20.0,True,,4.195523929089964,3.6579558658285976,1.5550666712901509,20.0,0.0,3.335400049701338,4.360206604003906,7.869709908935939,1.7694374700495903,8.3385,True,AVOIDED,0.0,0.0,0.0,freeze,latency_comp_all,17570004,oracle,16
baseline_pred_d16f,baseline,16,20.0,0.4,20.0,20.0,True,,1.9549568044822783,2.0345519747596907,1.5413536398452015,20.0,0.0,3.924000000000003,7.979274749755859,5.629200066738505,1.4658897649471834,3.9240000000000004,True,AVOIDED,0.0,0.0,0.0,freeze,latency_comp_all,17570005,oracle,16
baseline_pred_d16f,baseline,16,20.0,0.4,25.0,20.0,True,,1.8573895014952235,2.402735340550045,1.6553240782619025,20.0,0.0,3.924000000000003,7.250560760498047,5.531693688793045,1.6623177996053524,3.9240000000000004,True,AVOIDED,0.0,0.0,0.0,freeze,latency_comp_all,17570006,oracle,16
baseline_pred_d16f,baseline,16,20.0,0.4,30.0,20.0,True,,1.7851792140535334,0.0,1.5992328736277137,20.0,0.0,3.924000000000003,7.0459136962890625,5.459437663904691,1.7147128804519758,3.9240000000000004,True,AVOIDED,0.0,0.0,0.0,freeze,latency_comp_all,17570007,oracle,16
baseline_pred_d16f,baseline,16,20.0,0.4,35.0,20.0,True,,1.7256093218551056,2.6901879845322636,1.555066672630608,20.0,0.0,3.924000000000003,6.831554412841797,5.399776248616108,1.7694374691448977,3.9240000000000004,True,AVOIDED,0.0,0.0,0.0,freeze,latency_comp_all,17570008,oracle,16
baseline_pred_d16f,baseline,16,20.0,0.4,40.0,20.0,True,,1.7257511339105296,2.690142551425039,1.5551020153361288,20.0,0.0,3.924000000000003,6.831779479980469,5.399921990254094,1.769459268433238,3.9240000000000004,True,AVOIDED,0.0,0.0,0.0,freeze,latency_comp_all,17570009,oracle,16
baseline_pred_d16f,baseline,16,30.0,0.85,20.0,20.0,True,,2.46627565467141,9.765734099006124,0.8127066160321467,30.0,0.0,8.3385,4.809074401855469,6.140579841969231,4.409754395272241,8.3385,True,AVOIDED,0.0,0.0,0.0,freeze,latency_comp_all,17570010,oracle,16
baseline_pred_d16f,baseline,16,30.0,0.85,25.0,20.0,True,,5.3210776842595,5.940487388481189,1.4070341755595919,30.0,0.0,8.3385,7.331707000732422,8.995339934855403,2.6342938909589932,8.3385,True,AVOIDED,0.0,0.0,0.0,freeze,latency_comp_all,17570011,oracle,16
baseline_pred_d16f,baseline,16,30.0,0.85,30.0,20.0,True,,2.8499270858692416,9.06211875067163,1.0792316661948105,30.0,0.0,8.3385,6.080070495605469,6.524067297097938,3.8305394063196974,8.3385,True,AVOIDED,0.0,0.0,0.0,freeze,latency_comp_all,17570012,oracle,16
baseline_pred_d16f,baseline,16,30.0,0.85,35.0,20.0,True,,3.9331278689987883,3.5019685748641662,1.6773860016072013,30.0,0.0,3.335400049701338,9.960929870605469,7.607432056296609,2.4617391700378297,8.3385,True,AVOIDED,0.0,0.0,0.0,freeze,latency_comp_all,17570013,oracle,16
baseline_pred_d16f,baseline,16,30.0,0.85,40.0,20.0,True,,4.153008471804074,4.1567930990739566,1.5791096647943068,30.0,0.0,8.3385,8.913578033447266,7.827312659101895,2.6176881040457913,8.3385,True,AVOIDED,0.0,0.0,0.0,freeze,latency_comp_all,17570014,oracle,16
baseline_pred_d16f,baseline,16,30.0,0.4,20.0,20.0,False,vehicle.ue4.audi.tt,0.0,0.0,0.8120113258684468,22.12931029361907,7.8706897063809285,3.924000000000003,0.0,3.828025387339788,4.409670633924368,3.9240000000000004,True,COLLISION with vehicle.ue4.audi.tt,0.0,0.0,0.0,freeze,latency_comp_all,17570015,oracle,16
baseline_pred_d16f,baseline,16,30.0,0.4,25.0,20.0,True,,0.3715627623167519,4.200696355670288,1.4057434289020372,30.0,0.0,3.924000000000003,12.284442901611328,4.045866949614573,2.6343271883700456,3.9240000000000004,True,AVOIDED,0.0,0.0,0.0,freeze,latency_comp_all,17570016,oracle,16
baseline_pred_d16f,baseline,16,30.0,0.4,30.0,20.0,False,vehicle.ue4.audi.tt,0.0,0.0,1.08014886818863,22.546067478399117,7.453932521600882,3.924000000000003,0.0,3.823649419490689,3.8302108841153215,3.9240000000000004,True,COLLISION with vehicle.ue4.audi.tt,0.0,0.0,0.0,freeze,latency_comp_all,17570017,oracle,16
baseline_pred_d16f,baseline,16,30.0,0.4,35.0,20.0,False,vehicle.ue4.audi.tt,0.0,3.4350374539126682,1.679098298351473,27.992743483285423,2.007256516714575,3.924000000000003,0.0,3.815270910158147,2.4617877026903052,3.9240000000000004,True,COLLISION with vehicle.ue4.audi.tt,0.0,0.0,0.0,freeze,latency_comp_all,17570018,oracle,16
baseline_pred_d16f,baseline,16,30.0,0.4,40.0,20.0,False,vehicle.ue4.audi.tt,0.0,0.0,1.5775136790550224,26.890909453145863,3.1090905468541363,3.924000000000003,0.0,3.8081480489688815,2.6176368107185692,3.9240000000000004,True,COLLISION with vehicle.ue4.audi.tt,0.0,0.0,0.0,freeze,latency_comp_all,17570019,oracle,16
baseline_pred_d16f,baseline,16,40.0,0.85,20.0,20.0,False,vehicle.ue4.audi.tt,0.0,0.0,0.4479305315206853,28.557259056703444,11.442740943296554,8.3385,0.0,3.832944638735049,11.059799092056371,8.3385,True,COLLISION with vehicle.ue4.audi.tt,0.0,0.0,0.0,freeze,latency_comp_all,17570020,oracle,16
baseline_pred_d16f,baseline,16,40.0,0.85,25.0,20.0,True,,1.5699668993987865,8.937383357914683,0.8991452628076241,40.0,0.0,8.3385,8.860454559326172,5.244271086696608,5.636421396027225,8.3385,True,AVOIDED,0.0,0.0,0.0,freeze,latency_comp_all,17570021,oracle,16
baseline_pred_d16f,baseline,16,40.0,0.85,30.0,20.0,True,,4.039723073190603,7.866816028342706,1.3222190227549229,40.0,0.0,8.3385,11.355690002441406,7.713806047410493,3.8864745050999163,8.3385,True,AVOIDED,0.0,0.0,0.0,freeze,latency_comp_all,17570022,oracle,16
baseline_pred_d16f,baseline,16,40.0,0.85,35.0,20.0,True,,4.098045195648623,4.743917471190199,1.6265785727659885,40.0,0.0,8.3385,14.609800338745117,7.772128214330818,3.238373857662045,8.3385,True,AVOIDED,0.0,0.0,0.0,freeze,latency_comp_all,17570023,oracle,16
baseline_pred_d16f,baseline,16,40.0,0.85,40.0,20.0,True,,2.9058161397651965,8.777463895123969,1.24584886202916,40.0,0.0,8.3385,10.834671020507812,6.57989540337848,4.4332659348626,8.3385,True,AVOIDED,0.0,0.0,0.0,freeze,latency_comp_all,17570024,oracle,16
baseline_pred_d16f,baseline,16,40.0,0.4,20.0,20.0,False,vehicle.ue4.audi.tt,0.0,0.0,0.4485820775667415,22.945542319774592,17.054457680225408,3.9239999999999853,0.0,3.8682670712836336,11.046098964179254,3.9240000000000004,True,COLLISION with vehicle.ue4.audi.tt,0.0,0.0,0.0,freeze,latency_comp_all,17570025,oracle,16
baseline_pred_d16f,baseline,16,40.0,0.4,25.0,20.0,False,vehicle.ue4.audi.tt,0.0,0.0,0.8980727880115977,26.743302957513357,13.256697042486644,3.924000000000003,0.0,3.8263474178259247,5.638259413904866,3.9240000000000004,True,COLLISION with vehicle.ue4.audi.tt,0.0,0.0,0.0,freeze,latency_comp_all,17570026,oracle,16
baseline_pred_d16f,baseline,16,40.0,0.4,30.0,20.0,False,vehicle.ue4.audi.tt,0.0,0.0,1.3222449255800692,28.68105863974094,11.318941360259059,3.924000000000003,0.0,3.8292575997822587,3.8860732544658276,3.9240000000000004,True,COLLISION with vehicle.ue4.audi.tt,0.0,0.0,0.0,freeze,latency_comp_all,17570027,oracle,16
baseline_pred_d16f,baseline,16,40.0,0.4,35.0,20.0,False,vehicle.ue4.audi.tt,0.0,0.0,1.6267476343112406,29.80539295185782,10.19460704814218,3.924000000000003,0.0,3.8293824976749447,3.2385114341449674,3.9240000000000004,True,COLLISION with vehicle.ue4.audi.tt,0.0,0.0,0.0,freeze,latency_comp_all,17570028,oracle,16
baseline_pred_d16f,baseline,16,40.0,0.4,40.0,20.0,False,vehicle.ue4.audi.tt,0.0,0.0,1.246074643614233,27.518351143981743,12.481648856018257,3.924000000000003,0.0,3.8315209566942325,4.433073131976089,3.9240000000000004,True,COLLISION with vehicle.ue4.audi.tt,0.0,0.0,0.0,freeze,latency_comp_all,17570029,oracle,16
baseline_pred_d16f,baseline,16,50.0,0.85,20.0,20.0,False,vehicle.ue4.audi.tt,0.0,0.0,0.22669526399734197,18.23021464079987,31.76978535920013,8.338499999999982,0.0,4.29983192577234,28.372362016058158,8.3385,True,COLLISION with vehicle.ue4.audi.tt,0.0,0.0,0.0,freeze,latency_comp_all,17570030,oracle,16
baseline_pred_d16f,baseline,16,50.0,0.85,25.0,20.0,False,vehicle.ue4.audi.tt,0.0,0.0,0.5756097698597218,36.718258658396195,13.281741341603809,8.3385,0.0,3.832971008826563,11.188376339011723,8.3385,True,COLLISION with vehicle.ue4.audi.tt,0.0,0.0,0.0,freeze,latency_comp_all,17570031,oracle,16
baseline_pred_d16f,baseline,16,50.0,0.85,30.0,20.0,False,vehicle.ue4.audi.tt,0.0,0.0,0.9034928112280036,43.96405161349887,6.035948386501136,8.3385,0.0,3.8228309645578094,7.205789205409057,8.3385,True,COLLISION with vehicle.ue4.audi.tt,0.0,0.0,0.0,freeze,latency_comp_all,17570032,oracle,16
baseline_pred_d16f,baseline,16,50.0,0.85,35.0,20.0,True,,2.1411869091916804,8.730799062998171,1.287696236859537,50.0,0.0,8.338500000000018,16.283580780029297,5.815315668014811,5.105128235560364,8.3385,True,AVOIDED,0.0,0.0,0.0,freeze,latency_comp_all,17570033,oracle,16
baseline_pred_d16f,baseline,16,50.0,0.85,40.0,20.0,True,,3.2286916258807397,5.998573832376515,1.629453097257783,50.0,0.0,8.338500000000018,20.02766990661621,6.902801411040556,4.062621545114568,8.3385,True,AVOIDED,0.0,0.0,0.0,freeze,latency_comp_all,17570034,oracle,16
baseline_pred_d16f,baseline,16,50.0,0.4,20.0,20.0,False,vehicle.ue4.audi.tt,0.0,0.0,0.22598779016200787,15.946431550118604,34.053568449881396,3.9239999999999853,0.0,4.26763365566448,28.452899401008125,3.9240000000000004,True,COLLISION with vehicle.ue4.audi.tt,0.0,0.0,0.0,freeze,latency_comp_all,17570035,oracle,16
baseline_pred_d16f,baseline,16,50.0,0.4,25.0,20.0,False,vehicle.ue4.audi.tt,0.0,0.0,0.575670512288383,28.870440321593588,21.129559678406412,3.9239999999999853,0.0,3.8334311476073055,11.184235974815952,3.9240000000000004,True,COLLISION with vehicle.ue4.audi.tt,0.0,0.0,0.0,freeze,latency_comp_all,17570036,oracle,16
baseline_pred_d16f,baseline,16,50.0,0.4,30.0,20.0,False,vehicle.ue4.audi.tt,0.0,0.0,0.9029391342165495,30.768130605229196,19.231869394770804,3.9239999999999853,0.0,3.8167835292834096,7.206988411871463,3.9240000000000004,True,COLLISION with vehicle.ue4.audi.tt,0.0,0.0,0.0,freeze,latency_comp_all,17570037,oracle,16
baseline_pred_d16f,baseline,16,50.0,0.4,35.0,20.0,False,vehicle.ue4.audi.tt,0.0,0.0,1.2882905605453947,32.047458300644266,17.952541699355734,3.9239999999999853,0.0,3.8353778917966603,5.104790338072999,3.9240000000000004,True,COLLISION with vehicle.ue4.audi.tt,0.0,0.0,0.0,freeze,latency_comp_all,17570038,oracle,16
baseline_pred_d16f,baseline,16,50.0,0.4,40.0,20.0,False,vehicle.ue4.audi.tt,0.0,0.0,1.5818972193466212,33.99344917146781,16.00655082853219,3.9239999999999853,0.0,3.8548743343880347,4.191146467655407,3.9240000000000004,True,COLLISION with vehicle.ue4.audi.tt,0.0,0.0,0.0,freeze,latency_comp_all,17570039,oracle,16
baseline_pred_d16f,baseline,16,60.0,0.85,20.0,20.0,False,vehicle.ue4.audi.tt,0.0,0.0,0.08498224524755651,6.282499518313621,53.71750048168638,8.338499999999982,0.0,3.649070621716775,50.0,8.3385,True,COLLISION with vehicle.ue4.audi.tt,0.0,0.0,0.0,freeze,latency_comp_all,17570040,oracle,16
baseline_pred_d16f,baseline,16,60.0,0.85,25.0,20.0,False,vehicle.ue4.audi.tt,0.0,0.0,0.3293659773653853,27.842668916206676,32.15733108379332,8.338499999999982,0.0,4.0020821846106065,23.867909699161363,8.3385,True,COLLISION with vehicle.ue4.audi.tt,0.0,0.0,0.0,freeze,latency_comp_all,17570041,oracle,16
baseline_pred_d16f,baseline,16,60.0,0.85,30.0,20.0,False,vehicle.ue4.audi.tt,0.0,0.0,0.6509930728497563,41.888427849065764,18.11157215093424,8.338499999999982,0.0,3.8339738679258906,12.124558411722308,8.3385,True,COLLISION with vehicle.ue4.audi.tt,0.0,0.0,0.0,freeze,latency_comp_all,17570042,oracle,16
baseline_pred_d16f,baseline,16,60.0,0.85,35.0,20.0,False,vehicle.ue4.audi.tt,0.0,0.0,0.9379522518531722,46.35114856977271,13.648851430227287,8.3385,0.0,3.843183738355917,8.473441355964228,8.3385,True,COLLISION with vehicle.ue4.audi.tt,0.0,0.0,0.0,freeze,latency_comp_all,17570043,oracle,16
baseline_pred_d16f,baseline,16,60.0,0.85,40.0,20.0,False,vehicle.ue4.audi.tt,0.0,0.0,1.2294530598371693,51.78324393706338,8.21675606293662,8.3385,0.0,3.82967628033007,6.501361689741338,8.3385,True,COLLISION with vehicle.ue4.audi.tt,0.0,0.0,0.0,freeze,latency_comp_all,17570044,oracle,16
baseline_pred_d16f,baseline,16,60.0,0.4,20.0,20.0,False,vehicle.ue4.audi.tt,0.0,0.0,0.08498652604253443,4.908517510497688,55.09148248950231,3.924000000000021,0.0,3.633198957736103,50.0,3.9240000000000004,True,COLLISION with vehicle.ue4.audi.tt,0.0,0.0,0.0,freeze,latency_comp_all,17570045,oracle,16
baseline_pred_d16f,baseline,16,60.0,0.4,25.0,20.0,False,vehicle.ue4.audi.tt,0.0,0.0,0.3293398832098818,23.69292484406327,36.30707515593673,3.924000000000021,0.0,3.941950472733798,23.86853858917589,3.9240000000000004,True,COLLISION with vehicle.ue4.audi.tt,0.0,0.0,0.0,freeze,latency_comp_all,17570046,oracle,16
baseline_pred_d16f,baseline,16,60.0,0.4,30.0,20.0,False,vehicle.ue4.audi.tt,0.0,0.0,0.6509979159057065,33.83368695005872,26.166313049941277,3.924000000000021,0.0,3.856406460047703,12.124440880867857,3.9240000000000004,True,COLLISION with vehicle.ue4.audi.tt,0.0,0.0,0.0,freeze,latency_comp_all,17570047,oracle,16
baseline_pred_d16f,baseline,16,60.0,0.4,35.0,20.0,False,vehicle.ue4.audi.tt,0.0,0.0,0.9379485006315742,35.98022947197785,24.019770528022153,3.9239999999999853,0.0,3.829098209493596,8.47349706313866,3.9240000000000004,True,COLLISION with vehicle.ue4.audi.tt,0.0,0.0,0.0,freeze,latency_comp_all,17570048,oracle,16
baseline_pred_d16f,baseline,16,60.0,0.4,40.0,20.0,False,vehicle.ue4.audi.tt,0.0,0.0,1.2294500151232308,36.42747419301793,23.572525806982068,3.9239999999999853,0.0,3.8218372348381764,6.501331276037473,3.9240000000000004,True,COLLISION with vehicle.ue4.audi.tt,0.0,0.0,0.0,freeze,latency_comp_all,17570049,oracle,16
proposed_pred_d0f,proposed,0,20.0,0.85,20.0,20.0,True,,3.9212336866446513,3.65837067446903,1.3394593668191859,20.0,0.0,3.335400049701338,4.358844757080078,7.595415864059919,1.8043026374285156,8.3385,True,AVOIDED,0.0,0.0,0.0,freeze,latency_comp_all,17430000,oracle,0
proposed_pred_d0f,proposed,0,20.0,0.85,25.0,20.0,True,,4.469481742222847,0.0,1.5992328736277137,20.0,0.0,3.335400049701338,4.360076904296875,8.143663912374613,1.7147128804519758,8.3385,True,AVOIDED,0.0,0.0,0.0,freeze,latency_comp_all,17430001,oracle,0
proposed_pred_d0f,proposed,0,20.0,0.85,30.0,20.0,True,,4.195523935893825,3.6579558658285976,1.555066672630608,20.0,0.0,3.335400049701338,4.360206604003906,7.869709915739904,1.7694374691448977,8.3385,True,AVOIDED,0.0,0.0,0.0,freeze,latency_comp_all,17430002,oracle,0
proposed_pred_d0f,proposed,0,20.0,0.85,35.0,20.0,True,,4.195510218845238,3.657861365625391,1.5551013235364857,20.0,0.0,3.335400049701338,4.360408782958984,7.869696242314734,1.7694600564205454,8.3385,True,AVOIDED,0.0,0.0,0.0,freeze,latency_comp_all,17430003,oracle,0
proposed_pred_d0f,proposed,0,20.0,0.85,40.0,20.0,True,,4.195523929089964,3.6579558658285976,1.5550666712901509,20.0,0.0,3.335400049701338,4.360206604003906,7.869709908935939,1.7694374700495903,8.3385,True,AVOIDED,0.0,0.0,0.0,freeze,latency_comp_all,17430004,oracle,0
proposed_pred_d0f,proposed,0,20.0,0.4,20.0,20.0,True,,3.2186599995222407,4.18864382576048,1.3386192833366588,20.0,0.0,3.924000000000003,5.0617828369140625,6.892964186820062,1.8044232680391243,3.9240000000000004,True,AVOIDED,0.0,0.0,0.0,freeze,latency_comp_all,17430005,oracle,0
proposed_pred_d0f,proposed,0,20.0,0.4,25.0,20.0,True,,3.0510869704970087,2.8649918075643197,1.7555189743116142,20.0,0.0,3.924000000000003,6.606849670410156,6.72539115779483,1.567409144788136,3.9240000000000004,True,AVOIDED,0.0,0.0,0.0,freeze,latency_comp_all,17430006,oracle,0
proposed_pred_d0f,proposed,0,20.0,0.4,30.0,20.0,True,,3.0504246821256995,2.864544209449814,1.7552582695695933,20.0,0.0,3.924000000000003,6.607891082763672,6.7247288694235205,1.5675922931020374,3.9240000000000004,True,AVOIDED,0.0,0.0,0.0,freeze,latency_comp_all,17430007,oracle,0
proposed_pred_d0f,proposed,0,20.0,0.4,35.0,20.0,True,,3.0510869704970087,2.8649918075643197,1.7555189743116142,20.0,0.0,3.924000000000003,6.606849670410156,6.72539115779483,1.567409144788136,3.9240000000000004,True,AVOIDED,0.0,0.0,0.0,freeze,latency_comp_all,17430008,oracle,0
proposed_pred_d0f,proposed,0,20.0,0.4,40.0,20.0,True,,3.0504284864370392,2.864544209449814,1.7552589614681762,20.0,0.0,3.924000000000003,6.607891082763672,6.72473267373486,1.567591674573954,3.9240000000000004,True,AVOIDED,0.0,0.0,0.0,freeze,latency_comp_all,17430009,oracle,0
proposed_pred_d0f,proposed,0,30.0,0.85,20.0,20.0,True,,3.9326650882441907,3.501718372541213,1.589240310269733,30.0,0.0,3.335400049701338,9.961448669433594,7.606969275542012,2.203696841912894,8.3385,True,AVOIDED,0.0,0.0,0.0,freeze,latency_comp_all,17430010,oracle,0
proposed_pred_d0f,proposed,0,30.0,0.85,25.0,20.0,True,,1.4732212832962626,4.331886701944831,1.1535649608842213,30.0,0.0,8.3385,8.699321746826172,5.147472094913993,3.3316057713605907,8.3385,True,AVOIDED,0.0,0.0,0.0,freeze,latency_comp_all,17430011,oracle,0
proposed_pred_d0f,proposed,0,30.0,0.85,30.0,20.0,True,,3.1056197352822723,3.501718372541213,1.5791092051880642,30.0,0.0,3.335400049701338,9.961444854736328,6.779923922580093,2.6176888670134737,8.3385,True,AVOIDED,0.0,0.0,0.0,freeze,latency_comp_all,17430012,oracle,0
proposed_pred_d0f,proposed,0,30.0,0.85,35.0,20.0,True,,3.106171173581699,3.5020199028370245,1.5775132192311272,30.0,0.0,3.335400049701338,9.960845947265625,6.78047536087952,2.6176375743156006,8.3385,True,AVOIDED,0.0,0.0,0.0,freeze,latency_comp_all,17430013,oracle,0
proposed_pred_d0f,proposed,0,30.0,0.85,40.0,20.0,True,,3.105623532213931,3.501718372541213,1.5791096647943068,30.0,0.0,3.335400049701338,9.961444854736328,6.779927719511752,2.6176881040457913,8.3385,True,AVOIDED,0.0,0.0,0.0,freeze,latency_comp_all,17430014,oracle,0
proposed_pred_d0f,proposed,0,30.0,0.4,20.0,20.0,True,,3.3334530919884253,0.0,1.5903499887590462,30.0,0.0,3.924000000000003,10.560249328613281,7.007757279286246,2.203402549548498,3.9240000000000004,True,AVOIDED,0.0,0.0,0.0,freeze,latency_comp_all,17430015,oracle,0
proposed_pred_d0f,proposed,0,30.0,0.4,25.0,20.0,True,,1.735646644075321,4.020213237314848,1.1524483666416514,30.0,0.0,3.924000000000003,8.436286926269531,5.409950831373142,3.3316693273856473,3.9240000000000004,True,AVOIDED,0.0,0.0,0.0,freeze,latency_comp_all,17430016,oracle,0
proposed_pred_d0f,proposed,0,30.0,0.4,30.0,20.0,True,,2.8515099356190996,4.2007117416867015,1.7492078572231318,30.0,0.0,3.924000000000003,12.284679412841797,6.525814122916921,2.252335098594417,3.9240000000000004,True,AVOIDED,0.0,0.0,0.0,freeze,latency_comp_all,17430017,oracle,0
proposed_pred_d0f,proposed,0,30.0,0.4,35.0,20.0,True,,2.651828845430469,4.154089000255718,1.7290123609883672,30.0,0.0,3.924000000000003,11.65677261352539,6.32613303272829,2.3901463996959005,3.9240000000000004,True,AVOIDED,0.0,0.0,0.0,freeze,latency_comp_all,17430018,oracle,0
proposed_pred_d0f,proposed,0,30.0,0.4,40.0,20.0,True,,2.6491520829799287,0.0,1.727200613029766,30.0,0.0,3.924000000000003,11.658279418945312,6.32345627027775,2.390730948600757,3.9240000000000004,True,AVOIDED,0.0,0.0,0.0,freeze,latency_comp_all,17430019,oracle,0
proposed_pred_d0f,proposed,0,40.0,0.85,20.0,20.0,True,,1.4093803324905396,0.0,1.2505830757781342,40.0,0.0,8.3385,12.331451416015625,5.0834413092864885,3.9614705764313505,8.3385,True,AVOIDED,0.0,0.0,0.0,freeze,latency_comp_all,17430020,oracle,0
proposed_pred_d0f,proposed,0,40.0,0.85,25.0,20.0,True,,1.4176998844259536,3.76538043473354,1.5806811107489096,40.0,0.0,8.3385,16.740442276000977,5.091802032137474,3.1546168343696994,8.3385,True,AVOIDED,0.0,0.0,0.0,freeze,latency_comp_all,17430021,oracle,0
proposed_pred_d0f,proposed,0,40.0,0.85,30.0,20.0,True,,0.7296843913079281,7.866816028342706,1.0491368030451966,40.0,0.0,8.338500000000018,11.355693817138672,4.403767487520606,5.008331380756813,8.3385,True,AVOIDED,0.0,0.0,0.0,freeze,latency_comp_all,17430022,oracle,0
proposed_pred_d0f,proposed,0,40.0,0.85,35.0,20.0,True,,1.5820098511081886,0.0,1.5410986946479213,40.0,0.0,8.3385,16.022586822509766,5.256123425596394,3.448831759899851,8.3385,True,AVOIDED,0.0,0.0,0.0,freeze,latency_comp_all,17430023,oracle,0
proposed_pred_d0f,proposed,0,40.0,0.85,40.0,20.0,True,,1.5812645941922856,4.037136743979588,1.5928784294129137,40.0,0.0,8.3385,16.023218154907227,5.255408709153902,3.4611625695600736,8.3385,True,AVOIDED,0.0,0.0,0.0,freeze,latency_comp_all,17430024,oracle,0
proposed_pred_d0f,proposed,0,40.0,0.4,20.0,20.0,False,vehicle.ue4.audi.tt,0.0,0.0,1.2518607036226785,33.08860290601171,6.911397093988291,3.924000000000003,0.0,3.820263313116803,3.9603839026224663,3.9240000000000004,True,COLLISION with vehicle.ue4.audi.tt,0.0,0.0,0.0,freeze,latency_comp_all,17430025,oracle,0
proposed_pred_d0f,proposed,0,40.0,0.4,25.0,20.0,True,,0.6542422750209926,4.102078217773488,1.6838269796147827,40.0,0.0,3.924000000000003,18.60747528076172,4.32840932348464,2.9670315408161603,3.9240000000000004,True,AVOIDED,0.0,0.0,0.0,freeze,latency_comp_all,17430026,oracle,0
proposed_pred_d0f,proposed,0,40.0,0.4,30.0,20.0,False,vehicle.ue4.audi.tt,0.0,0.0,1.0489616162358588,30.837447775246815,9.162552224753187,3.924000000000003,0.0,3.8341723577329065,5.00778443697093,3.9240000000000004,True,COLLISION with vehicle.ue4.audi.tt,0.0,0.0,0.0,freeze,latency_comp_all,17430027,oracle,0
proposed_pred_d0f,proposed,0,40.0,0.4,35.0,20.0,False,vehicle.ue4.audi.tt,0.0,0.0,1.5397127114380706,35.940346526438475,4.059653473561529,3.924000000000003,0.0,3.813987723645099,3.4490762113198645,3.9240000000000004,True,COLLISION with vehicle.ue4.audi.tt,0.0,0.0,0.0,freeze,latency_comp_all,17430028,oracle,0
proposed_pred_d0f,proposed,0,40.0,0.4,40.0,20.0,False,vehicle.ue4.audi.tt,0.0,4.068938290684394,1.7466100848713002,38.76105602077197,1.2389439792280303,3.924000000000003,0.0,3.8095854684620067,3.162570608903506,3.9240000000000004,True,COLLISION with vehicle.ue4.audi.tt,0.0,0.0,0.0,freeze,latency_comp_all,17430029,oracle,0
proposed_pred_d0f,proposed,0,50.0,0.85,20.0,20.0,False,vehicle.ue4.audi.tt,0.0,0.0,1.0283507624270962,40.21925492040715,9.780745079592844,8.3385,0.0,3.821803534183559,6.251445427884491,8.3385,True,COLLISION with vehicle.ue4.audi.tt,0.0,0.0,0.0,freeze,latency_comp_all,17430030,oracle,0
proposed_pred_d0f,proposed,0,50.0,0.85,25.0,20.0,True,,0.25844992026364544,6.805111960610857,1.3761703297458985,50.0,0.0,8.338500000000018,18.85797691345215,3.932616992230024,4.67326940838413,8.3385,True,AVOIDED,0.0,0.0,0.0,freeze,latency_comp_all,17430031,oracle,0
proposed_pred_d0f,proposed,0,50.0,0.85,30.0,20.0,True,,0.9371726112655354,5.192653004512637,1.5915557582378868,50.0,0.0,8.338500000000018,21.630722045898438,4.611259613541595,4.0496133296805565,8.3385,True,AVOIDED,0.0,0.0,0.0,freeze,latency_comp_all,17430032,oracle,0
proposed_pred_d0f,proposed,0,50.0,0.85,35.0,20.0,False,vehicle.ue4.audi.tt,0.0,0.0,1.0049640659373305,41.66213717885746,8.337862821142533,8.338500000000018,0.0,3.819370655569132,6.639201261619354,8.3385,True,COLLISION with vehicle.ue4.audi.tt,0.0,0.0,0.0,freeze,latency_comp_all,17430033,oracle,0
proposed_pred_d0f,proposed,0,50.0,0.85,40.0,20.0,False,vehicle.ue4.audi.tt,0.0,6.6319939582979135,1.3507387427231656,46.86250154596955,3.1374984540304514,8.338500000000018,0.0,3.8094106452592396,4.970826623211005,8.3385,True,COLLISION with vehicle.ue4.audi.tt,0.0,0.0,0.0,freeze,latency_comp_all,17430034,oracle,0
proposed_pred_d0f,proposed,0,50.0,0.4,20.0,20.0,False,vehicle.ue4.audi.tt,0.0,0.0,1.0283095496803998,30.89710919269787,19.10289080730213,3.9239999999999853,0.0,3.931804011362903,6.252550149773482,3.9240000000000004,True,COLLISION with vehicle.ue4.audi.tt,0.0,0.0,0.0,freeze,latency_comp_all,17430035,oracle,0
proposed_pred_d0f,proposed,0,50.0,0.4,25.0,20.0,False,vehicle.ue4.audi.tt,0.0,0.0,1.3758346436684956,38.277805660868836,11.722194339131166,3.924000000000003,0.0,3.8306275281397872,4.67320867168864,3.9240000000000004,True,COLLISION with vehicle.ue4.audi.tt,0.0,0.0,0.0,freeze,latency_comp_all,17430036,oracle,0
proposed_pred_d0f,proposed,0,50.0,0.4,30.0,20.0,False,vehicle.ue4.audi.tt,0.0,0.0,1.693193044708282,40.26723433992974,9.732765660070253,3.924000000000003,0.0,3.8350195311308455,3.810387753672799,3.9240000000000004,True,COLLISION with vehicle.ue4.audi.tt,0.0,0.0,0.0,freeze,latency_comp_all,17430037,oracle,0
proposed_pred_d0f,proposed,0,50.0,0.4,35.0,20.0,False,vehicle.ue4.audi.tt,0.0,0.0,1.8680985585458059,41.21555843884309,8.784441561156912,3.924000000000003,0.0,3.8246420651867927,3.4749540424911953,3.9240000000000004,True,COLLISION with vehicle.ue4.audi.tt,0.0,0.0,0.0,freeze,latency_comp_all,17430038,oracle,0
proposed_pred_d0f,proposed,0,50.0,0.4,40.0,20.0,False,vehicle.ue4.audi.tt,0.0,0.0,1.35124442383934,38.60190136028814,11.398098639711865,3.924000000000003,0.0,3.835937206855776,4.970579322990501,3.9240000000000004,True,COLLISION with vehicle.ue4.audi.tt,0.0,0.0,0.0,freeze,latency_comp_all,17430039,oracle,0
proposed_pred_d0f,proposed,0,60.0,0.85,20.0,20.0,False,vehicle.ue4.audi.tt,0.0,0.0,0.8715222210920067,39.745355904858265,20.254644095141735,8.3385,0.0,4.090407565210569,9.086393451542861,8.3385,True,COLLISION with vehicle.ue4.audi.tt,0.0,0.0,0.0,freeze,latency_comp_all,17430040,oracle,0
proposed_pred_d0f,proposed,0,60.0,0.85,25.0,20.0,False,vehicle.ue4.audi.tt,0.0,0.0,1.1321023594448238,49.762324418348584,10.23767558165142,8.3385,0.0,3.8275239741220806,6.9582527156196,8.3385,True,COLLISION with vehicle.ue4.audi.tt,0.0,0.0,0.0,freeze,latency_comp_all,17430041,oracle,0
proposed_pred_d0f,proposed,0,60.0,0.85,30.0,20.0,False,vehicle.ue4.audi.tt,0.0,0.0,1.450181401363242,51.995715916305194,8.004284083694804,8.3385,0.0,3.830084185564274,5.434061926855033,8.3385,True,COLLISION with vehicle.ue4.audi.tt,0.0,0.0,0.0,freeze,latency_comp_all,17430042,oracle,0
proposed_pred_d0f,proposed,0,60.0,0.85,35.0,20.0,False,vehicle.ue4.audi.tt,0.0,0.0,1.5804397157617378,53.002357827449174,6.997642172550825,8.3385,0.0,3.821282385916836,4.996850708416284,8.3385,True,COLLISION with vehicle.ue4.audi.tt,0.0,0.0,0.0,freeze,latency_comp_all,17430043,oracle,0
proposed_pred_d0f,proposed,0,60.0,0.85,40.0,20.0,False,vehicle.ue4.audi.tt,0.0,0.0,0.9409190833451215,48.93927517079479,11.060724829205212,8.3385,0.0,3.8329056144586673,8.58376355436793,8.3385,True,COLLISION with vehicle.ue4.audi.tt,0.0,0.0,0.0,freeze,latency_comp_all,17430044,oracle,0
proposed_pred_d0f,proposed,0,60.0,0.4,20.0,20.0,False,vehicle.ue4.audi.tt,0.0,0.0,0.8714700832851422,23.370021167833713,36.62997883216629,3.924000000000021,0.0,4.306114914048388,9.08691488075759,3.9240000000000004,True,COLLISION with vehicle.ue4.audi.tt,0.0,0.0,0.0,freeze,latency_comp_all,17430045,oracle,0
proposed_pred_d0f,proposed,0,60.0,0.4,25.0,20.0,False,vehicle.ue4.audi.tt,0.0,0.0,1.1320984504324096,38.97266202140629,21.027337978593703,3.924000000000021,0.0,3.8361552806586485,6.958298042137608,3.9240000000000004,True,COLLISION with vehicle.ue4.audi.tt,0.0,0.0,0.0,freeze,latency_comp_all,17430046,oracle,0
proposed_pred_d0f,proposed,0,60.0,0.4,30.0,20.0,False,vehicle.ue4.audi.tt,0.0,0.0,1.450180316163522,43.5424292271081,16.4575707728919,3.924000000000021,0.0,3.8264777487467945,5.434038122471865,3.9240000000000004,True,COLLISION with vehicle.ue4.audi.tt,0.0,0.0,0.0,freeze,latency_comp_all,17430047,oracle,0
proposed_pred_d0f,proposed,0,60.0,0.4,35.0,20.0,False,vehicle.ue4.audi.tt,0.0,0.0,1.7309820417473594,45.117463337036234,14.882536662963764,3.924000000000003,0.0,3.842477448719962,4.564112807088881,3.9240000000000004,True,COLLISION with vehicle.ue4.audi.tt,0.0,0.0,0.0,freeze,latency_comp_all,17430048,oracle,0
proposed_pred_d0f,proposed,0,60.0,0.4,40.0,20.0,False,vehicle.ue4.audi.tt,0.0,0.0,1.9655379048670716,45.622667065866615,14.377332934133383,3.924000000000003,0.0,3.8292173463962382,4.029359424110933,3.9240000000000004,True,COLLISION with vehicle.ue4.audi.tt,0.0,0.0,0.0,freeze,latency_comp_all,17430049,oracle,0
proposed_pred_d4f,proposed,4,20.0,0.85,20.0,20.0,True,,2.8197950277680324,3.6582446467056164,1.230964686391843,20.0,0.0,3.335400049701338,4.359035491943359,6.493977226081519,2.1056815446437582,8.3385,True,AVOIDED,0.0,0.0,0.0,freeze,latency_comp_all,17470000,oracle,4
proposed_pred_d4f,proposed,4,20.0,0.85,25.0,20.0,True,,4.19448644326978,0.0,1.5541879324875887,20.0,0.0,3.335400049701338,4.359966278076172,7.868672430112442,1.7697327555937725,8.3385,True,AVOIDED,0.0,0.0,0.0,freeze,latency_comp_all,17470001,oracle,4
proposed_pred_d4f,proposed,4,20.0,0.85,30.0,20.0,True,,4.195523935893825,3.6579558658285976,1.555066672630608,20.0,0.0,3.335400049701338,4.360206604003906,7.869709915739904,1.7694374691448977,8.3385,True,AVOIDED,0.0,0.0,0.0,freeze,latency_comp_all,17470002,oracle,4
proposed_pred_d4f,proposed,4,20.0,0.85,35.0,20.0,True,,4.195510218845238,3.657861365625391,1.5551013235364857,20.0,0.0,3.335400049701338,4.360408782958984,7.869696242314734,1.7694600564205454,8.3385,True,AVOIDED,0.0,0.0,0.0,freeze,latency_comp_all,17470003,oracle,4
proposed_pred_d4f,proposed,4,20.0,0.85,40.0,20.0,True,,4.195523929089964,3.6579558658285976,1.5550666712901509,20.0,0.0,3.335400049701338,4.360206604003906,7.869709908935939,1.7694374700495903,8.3385,True,AVOIDED,0.0,0.0,0.0,freeze,latency_comp_all,17470004,oracle,4
proposed_pred_d4f,proposed,4,20.0,0.4,20.0,20.0,True,,3.493763157678875,4.33516567111852,1.2308577604441655,20.0,0.0,3.924000000000003,3.684741973876953,7.1680140047864995,2.10555102117186,3.9240000000000004,True,AVOIDED,0.0,0.0,0.0,freeze,latency_comp_all,17470005,oracle,4
proposed_pred_d4f,proposed,4,20.0,0.4,25.0,20.0,True,,3.529451401654576,3.324696046198108,1.7555189743116142,20.0,0.0,3.924000000000003,6.12823486328125,7.203755588952397,1.567409144788136,3.9240000000000004,True,AVOIDED,0.0,0.0,0.0,freeze,latency_comp_all,17470006,oracle,4
proposed_pred_d4f,proposed,4,20.0,0.4,30.0,20.0,True,,3.527172947499019,0.0,1.7547455627692963,20.0,0.0,3.924000000000003,6.1297454833984375,7.20147713479684,1.5679097403123017,3.9240000000000004,True,AVOIDED,0.0,0.0,0.0,freeze,latency_comp_all,17470007,oracle,4
proposed_pred_d4f,proposed,4,20.0,0.4,35.0,20.0,True,,3.529451401654576,3.324696046198108,1.7555189743116142,20.0,0.0,3.924000000000003,6.12823486328125,7.203755588952397,1.567409144788136,3.9240000000000004,True,AVOIDED,0.0,0.0,0.0,freeze,latency_comp_all,17470008,oracle,4
proposed_pred_d4f,proposed,4,20.0,0.4,40.0,20.0,True,,3.528819352553896,3.3241366557309386,1.7552589614681762,20.0,0.0,3.924000000000003,6.1292266845703125,7.203123539851717,1.567591674573954,3.9240000000000004,True,AVOIDED,0.0,0.0,0.0,freeze,latency_comp_all,17470009,oracle,4
proposed_pred_d4f,proposed,4,30.0,0.85,20.0,20.0,True,,2.2786862925824156,3.5017205108711247,1.386586777033567,30.0,0.0,3.335400049701338,9.961441040039062,5.952990479880237,2.5219791753638003,8.3385,True,AVOIDED,0.0,0.0,0.0,freeze,latency_comp_all,17470010,oracle,4
proposed_pred_d4f,proposed,4,30.0,0.85,25.0,20.0,True,,1.8696550941911285,7.3267804917314345,0.9968238849737138,30.0,0.0,8.3385,6.647632598876953,5.543738249255196,4.011684722312797,8.3385,True,AVOIDED,0.0,0.0,0.0,freeze,latency_comp_all,17470011,oracle,4
proposed_pred_d4f,proposed,4,30.0,0.85,30.0,20.0,True,,3.9326650882441907,3.501718372541213,1.6393316973192364,30.0,0.0,3.335400049701338,9.961448669433594,7.606969275542012,2.460686269872566,8.3385,True,AVOIDED,0.0,0.0,0.0,freeze,latency_comp_all,17470012,oracle,4
proposed_pred_d4f,proposed,4,30.0,0.85,35.0,20.0,True,,3.106171173581699,3.5020199028370245,1.5775132192311272,30.0,0.0,3.335400049701338,9.960845947265625,6.78047536087952,2.6176375743156006,8.3385,True,AVOIDED,0.0,0.0,0.0,freeze,latency_comp_all,17470013,oracle,4
proposed_pred_d4f,proposed,4,30.0,0.85,40.0,20.0,True,,3.105623532213931,3.501718372541213,1.5791096647943068,30.0,0.0,3.335400049701338,9.961444854736328,6.779927719511752,2.6176881040457913,8.3385,True,AVOIDED,0.0,0.0,0.0,freeze,latency_comp_all,17470014,oracle,4
proposed_pred_d4f,proposed,4,30.0,0.4,20.0,20.0,True,,3.0730584452483827,4.06309473705094,1.3854859055946107,30.0,0.0,3.924000000000003,9.166522979736328,6.747225387357612,2.5219207960661274,3.9240000000000004,True,AVOIDED,0.0,0.0,0.0,freeze,latency_comp_all,17470015,oracle,4
proposed_pred_d4f,proposed,4,30.0,0.4,25.0,20.0,True,,4.092422210436272,0.0,1.7619286468233686,30.0,0.0,3.924000000000003,11.869035720825195,7.766726397734093,2.045337629805635,3.9240000000000004,True,AVOIDED,0.0,0.0,0.0,freeze,latency_comp_all,17470016,oracle,4
proposed_pred_d4f,proposed,4,30.0,0.4,30.0,20.0,True,,2.8878723510949307,4.107615750540278,1.6376998921106063,30.0,0.0,3.924000000000003,11.006736755371094,6.5620393147245615,2.4606369855749106,3.9240000000000004,True,AVOIDED,0.0,0.0,0.0,freeze,latency_comp_all,17470017,oracle,4
proposed_pred_d4f,proposed,4,30.0,0.4,35.0,20.0,True,,3.0830051515082886,0.0,1.727191019588679,30.0,0.0,3.924000000000003,11.224040985107422,6.75730933880611,2.390744180198156,3.9240000000000004,True,AVOIDED,0.0,0.0,0.0,freeze,latency_comp_all,17470018,oracle,4
proposed_pred_d4f,proposed,4,30.0,0.4,40.0,20.0,True,,3.0831381307264145,0.0,1.727200613029766,30.0,0.0,3.924000000000003,11.224029541015625,6.757442318024236,2.390730948600757,3.9240000000000004,True,AVOIDED,0.0,0.0,0.0,freeze,latency_comp_all,17470019,oracle,4
proposed_pred_d4f,proposed,4,40.0,0.85,20.0,20.0,True,,1.239444829836617,8.934876766918954,1.0462383641244073,40.0,0.0,8.338500000000018,10.294078826904297,4.913749017134438,4.719482259463617,8.3385,True,AVOIDED,0.0,0.0,0.0,freeze,latency_comp_all,17470020,oracle,4
proposed_pred_d4f,proposed,4,40.0,0.85,25.0,20.0,True,,1.9308646589289973,4.460315807455593,1.4822595319623142,40.0,0.0,8.3385,15.122913360595703,5.604943898963306,3.3677160838951803,8.3385,True,AVOIDED,0.0,0.0,0.0,freeze,latency_comp_all,17470021,oracle,4
proposed_pred_d4f,proposed,4,40.0,0.85,30.0,20.0,True,,0.7159410634398577,9.345480061721661,0.8744985452733318,40.0,0.0,8.338500000000018,9.161537170410156,4.390020360307489,6.164842930542527,8.3385,True,AVOIDED,0.0,0.0,0.0,freeze,latency_comp_all,17470022,oracle,4
proposed_pred_d4f,proposed,4,40.0,0.85,35.0,20.0,True,,1.7478398707624256,5.373255127190396,1.3702009551277832,40.0,0.0,8.3385,13.649539947509766,5.421884856761623,3.95599612425383,8.3385,True,AVOIDED,0.0,0.0,0.0,freeze,latency_comp_all,17470023,oracle,4
proposed_pred_d4f,proposed,4,40.0,0.85,40.0,20.0,True,,2.0091727089414784,4.226991445620165,1.5928784294129137,40.0,0.0,8.3385,15.595037460327148,5.683476896239299,3.4611625695600736,8.3385,True,AVOIDED,0.0,0.0,0.0,freeze,latency_comp_all,17470024,oracle,4
proposed_pred_d4f,proposed,4,40.0,0.4,20.0,20.0,False,vehicle.ue4.audi.tt,0.0,0.0,1.046964954574268,29.402615634387985,10.597384365612015,3.924000000000003,0.0,3.824436355858704,4.717663290954602,3.9240000000000004,True,COLLISION with vehicle.ue4.audi.tt,0.0,0.0,0.0,freeze,latency_comp_all,17470025,oracle,4
proposed_pred_d4f,proposed,4,40.0,0.4,25.0,20.0,True,,0.3093549799288313,4.0356440604727295,1.4817608612526953,40.0,0.0,3.924000000000003,16.744810104370117,3.9836591672266524,3.3682021659632118,3.9240000000000004,True,AVOIDED,0.0,0.0,0.0,freeze,latency_comp_all,17470026,oracle,4
proposed_pred_d4f,proposed,4,40.0,0.4,30.0,20.0,True,,1.4587671109731026,4.0032832451698575,1.749692356781646,40.0,0.0,3.924000000000003,18.907228469848633,5.133071298270924,2.892996477377951,3.9240000000000004,True,AVOIDED,0.0,0.0,0.0,freeze,latency_comp_all,17470027,oracle,4
proposed_pred_d4f,proposed,4,40.0,0.4,35.0,20.0,False,vehicle.ue4.audi.tt,0.0,0.0,1.3705769838972317,35.98454310847115,4.015456891528852,3.924000000000003,0.0,3.8113082484049414,3.9561096411572114,3.9240000000000004,True,COLLISION with vehicle.ue4.audi.tt,0.0,0.0,0.0,freeze,latency_comp_all,17470028,oracle,4
proposed_pred_d4f,proposed,4,40.0,0.4,40.0,20.0,True,,0.6022383768483461,4.067423625311012,1.777402769030649,40.0,0.0,3.924000000000003,19.212139129638672,4.276527325936528,3.07536408261185,3.9240000000000004,True,AVOIDED,0.0,0.0,0.0,freeze,latency_comp_all,17470029,oracle,4
proposed_pred_d4f,proposed,4,50.0,0.85,20.0,20.0,False,vehicle.ue4.audi.tt,0.0,0.0,0.8251043737093288,40.651938869953305,9.348061130046693,8.3385,0.0,3.848713601808183,7.766762818940709,8.3385,True,COLLISION with vehicle.ue4.audi.tt,0.0,0.0,0.0,freeze,latency_comp_all,17470030,oracle,4
proposed_pred_d4f,proposed,4,50.0,0.85,25.0,20.0,False,vehicle.ue4.audi.tt,0.0,8.746629259207603,1.172875566223941,47.916326693064356,2.0836733069356455,8.338500000000018,0.0,3.80985481103038,5.470597230148729,8.3385,True,COLLISION with vehicle.ue4.audi.tt,0.0,0.0,0.0,freeze,latency_comp_all,17470031,oracle,4
proposed_pred_d4f,proposed,4,50.0,0.85,30.0,20.0,True,,1.1594832265753467,5.998569314439178,1.4925308352355482,50.0,0.0,8.3385,20.027677536010742,4.833593134469502,4.320983467061621,8.3385,True,AVOIDED,0.0,0.0,0.0,freeze,latency_comp_all,17470032,oracle,4
proposed_pred_d4f,proposed,4,50.0,0.85,35.0,20.0,False,vehicle.ue4.audi.tt,0.0,0.0,0.8215348332011302,43.05976422334199,6.940235776658004,8.338500000000018,0.0,3.8238057898494087,8.266929885897758,8.3385,True,COLLISION with vehicle.ue4.audi.tt,0.0,0.0,0.0,freeze,latency_comp_all,17470033,oracle,4
proposed_pred_d4f,proposed,4,50.0,0.85,40.0,20.0,False,vehicle.ue4.audi.tt,0.0,9.46008929147059,1.1699266167697713,45.035122696515806,4.964877303484191,8.338500000000018,0.0,3.8138081560484416,5.825799091023202,8.3385,True,COLLISION with vehicle.ue4.audi.tt,0.0,0.0,0.0,freeze,latency_comp_all,17470034,oracle,4
proposed_pred_d4f,proposed,4,50.0,0.4,20.0,20.0,False,vehicle.ue4.audi.tt,0.0,0.0,0.8249089199307247,25.938487285660965,24.061512714339035,3.9239999999999853,0.0,3.9357549704739907,7.769280542248863,3.9240000000000004,True,COLLISION with vehicle.ue4.audi.tt,0.0,0.0,0.0,freeze,latency_comp_all,17470035,oracle,4
proposed_pred_d4f,proposed,4,50.0,0.4,25.0,20.0,False,vehicle.ue4.audi.tt,0.0,0.0,1.17259878719301,35.576665634521824,14.423334365478176,3.924000000000003,0.0,3.8374821957489664,5.470593019884087,3.9240000000000004,True,COLLISION with vehicle.ue4.audi.tt,0.0,0.0,0.0,freeze,latency_comp_all,17470036,oracle,4
proposed_pred_d4f,proposed,4,50.0,0.4,30.0,20.0,False,vehicle.ue4.audi.tt,0.0,0.0,1.4916298145059934,39.49342090982412,10.506579090175881,3.924000000000003,0.0,3.8271796457293994,4.321289169984538,3.9240000000000004,True,COLLISION with vehicle.ue4.audi.tt,0.0,0.0,0.0,freeze,latency_comp_all,17470037,oracle,4
proposed_pred_d4f,proposed,4,50.0,0.4,35.0,20.0,False,vehicle.ue4.audi.tt,0.0,0.0,1.8680285222064206,41.87340128300775,8.126598716992248,3.924000000000003,0.0,3.8270243507444315,3.4750821575795254,3.9240000000000004,True,COLLISION with vehicle.ue4.audi.tt,0.0,0.0,0.0,freeze,latency_comp_all,17470038,oracle,4
proposed_pred_d4f,proposed,4,50.0,0.4,40.0,20.0,False,vehicle.ue4.audi.tt,0.0,0.0,1.1703434642736987,35.327491329505946,14.67250867049405,3.924000000000003,0.0,3.8323476188442274,5.825799996022104,3.9240000000000004,True,COLLISION with vehicle.ue4.audi.tt,0.0,0.0,0.0,freeze,latency_comp_all,17470039,oracle,4
proposed_pred_d4f,proposed,4,60.0,0.85,20.0,20.0,False,vehicle.ue4.audi.tt,0.0,0.0,0.670785902381957,34.22910953234529,25.77089046765471,8.338499999999982,0.0,4.253234666754053,11.79884231501812,8.3385,True,COLLISION with vehicle.ue4.audi.tt,0.0,0.0,0.0,freeze,latency_comp_all,17470040,oracle,4
proposed_pred_d4f,proposed,4,60.0,0.85,25.0,20.0,False,vehicle.ue4.audi.tt,0.0,0.0,0.9294034956742118,47.49426191324155,12.505738086758448,8.3385,0.0,3.8292163592676753,8.455953702939368,8.3385,True,COLLISION with vehicle.ue4.audi.tt,0.0,0.0,0.0,freeze,latency_comp_all,17470041,oracle,4
proposed_pred_d4f,proposed,4,60.0,0.85,30.0,20.0,False,vehicle.ue4.audi.tt,0.0,0.0,1.2479108673895651,52.915625178196116,7.084374821803885,8.3385,0.0,3.818780709184646,6.305013759971081,8.3385,True,COLLISION with vehicle.ue4.audi.tt,0.0,0.0,0.0,freeze,latency_comp_all,17470042,oracle,4
proposed_pred_d4f,proposed,4,60.0,0.85,35.0,20.0,False,vehicle.ue4.audi.tt,0.0,7.503055999785418,1.5297888343786956,55.47634857200412,4.5236514279958815,8.3385,0.0,3.818286130386111,5.160787367370734,8.3385,True,COLLISION with vehicle.ue4.audi.tt,0.0,0.0,0.0,freeze,latency_comp_all,17470043,oracle,4
proposed_pred_d4f,proposed,4,60.0,0.85,40.0,20.0,False,vehicle.ue4.audi.tt,0.0,0.0,0.7521993952529648,45.280809773534486,14.719190226465512,8.3385,0.0,3.8190839221991464,10.877773157613753,8.3385,True,COLLISION with vehicle.ue4.audi.tt,0.0,0.0,0.0,freeze,latency_comp_all,17470044,oracle,4
proposed_pred_d4f,proposed,4,60.0,0.4,20.0,20.0,False,vehicle.ue4.audi.tt,0.0,0.0,0.6707924490490013,16.435704488022743,43.56429551197726,3.924000000000021,0.0,3.872325855967398,11.798708468874347,3.9240000000000004,True,COLLISION with vehicle.ue4.audi.tt,0.0,0.0,0.0,freeze,latency_comp_all,17470045,oracle,4
proposed_pred_d4f,proposed,4,60.0,0.4,25.0,20.0,False,vehicle.ue4.audi.tt,0.0,0.0,0.9293932185274408,35.322776757138996,24.677223242861004,3.924000000000021,0.0,3.8865615468931507,8.456025404959096,3.9240000000000004,True,COLLISION with vehicle.ue4.audi.tt,0.0,0.0,0.0,freeze,latency_comp_all,17470046,oracle,4
proposed_pred_d4f,proposed,4,60.0,0.4,30.0,20.0,False,vehicle.ue4.audi.tt,0.0,0.0,1.24797716245846,41.23604889858497,18.763951101415028,3.924000000000021,0.0,3.8664679568922464,6.304676199433903,3.9240000000000004,True,COLLISION with vehicle.ue4.audi.tt,0.0,0.0,0.0,freeze,latency_comp_all,17470047,oracle,4
proposed_pred_d4f,proposed,4,60.0,0.4,35.0,20.0,False,vehicle.ue4.audi.tt,0.0,0.0,1.5297743963589783,44.36523927217199,15.634760727828006,3.924000000000021,0.0,3.848083488867111,5.160809466827104,3.9240000000000004,True,COLLISION with vehicle.ue4.audi.tt,0.0,0.0,0.0,freeze,latency_comp_all,17470048,oracle,4
proposed_pred_d4f,proposed,4,60.0,0.4,40.0,20.0,False,vehicle.ue4.audi.tt,0.0,0.0,1.8161484633635292,45.611065867989964,14.38893413201004,3.924000000000003,0.0,3.837194758894515,4.362719119167426,3.9240000000000004,True,COLLISION with vehicle.ue4.audi.tt,0.0,0.0,0.0,freeze,latency_comp_all,17470049,oracle,4
proposed_pred_d8f,proposed,8,20.0,0.85,20.0,20.0,True,,2.2735649050012956,4.571683687705787,1.1019022778215308,20.0,0.0,8.3385,3.803497314453125,5.947610319498949,2.4905924229170484,8.3385,True,AVOIDED,0.0,0.0,0.0,freeze,latency_comp_all,17510000,oracle,8
proposed_pred_d8f,proposed,8,20.0,0.85,25.0,20.0,True,,4.195510218845238,3.657861365625391,1.5551013235364857,20.0,0.0,3.335400049701338,4.360408782958984,7.869696242314734,1.7694600564205454,8.3385,True,AVOIDED,0.0,0.0,0.0,freeze,latency_comp_all,17510001,oracle,8
proposed_pred_d8f,proposed,8,20.0,0.85,30.0,20.0,True,,4.195523935893825,3.6579558658285976,1.555066672630608,20.0,0.0,3.335400049701338,4.360206604003906,7.869709915739904,1.7694374691448977,8.3385,True,AVOIDED,0.0,0.0,0.0,freeze,latency_comp_all,17510002,oracle,8
proposed_pred_d8f,proposed,8,20.0,0.85,35.0,20.0,True,,4.195510218845238,3.657861365625391,1.5551013235364857,20.0,0.0,3.335400049701338,4.360408782958984,7.869696242314734,1.7694600564205454,8.3385,True,AVOIDED,0.0,0.0,0.0,freeze,latency_comp_all,17510003,oracle,8
proposed_pred_d8f,proposed,8,20.0,0.85,40.0,20.0,True,,4.195523929089964,3.6579558658285976,1.5550666712901509,20.0,0.0,3.335400049701338,4.360206604003906,7.869709908935939,1.7694374700495903,8.3385,True,AVOIDED,0.0,0.0,0.0,freeze,latency_comp_all,17510004,oracle,8
proposed_pred_d8f,proposed,8,20.0,0.4,20.0,20.0,True,,2.4508972870758665,1.58326658621119,1.8152685877819272,20.0,0.0,1.569600023388863,9.411548614501953,6.125201474373688,1.1901676638781573,3.9240000000000004,True,AVOIDED,0.0,0.0,0.0,freeze,latency_comp_all,17510005,oracle,8
proposed_pred_d8f,proposed,8,20.0,0.4,25.0,20.0,True,,4.079437216710392,3.3242146989140533,1.8545702670666036,20.0,0.0,3.924000000000003,6.128807067871094,7.753741404008213,1.4830359221788736,3.9240000000000004,True,AVOIDED,0.0,0.0,0.0,freeze,latency_comp_all,17510006,oracle,8
proposed_pred_d8f,proposed,8,20.0,0.4,30.0,20.0,True,,4.176917555026769,4.260121959214814,1.7552582695695933,20.0,0.0,3.924000000000003,5.480808258056641,7.85122174232459,1.5675922931020374,3.9240000000000004,True,AVOIDED,0.0,0.0,0.0,freeze,latency_comp_all,17510007,oracle,8
proposed_pred_d8f,proposed,8,20.0,0.4,35.0,20.0,True,,4.0418633639153345,4.053590754442627,1.7555189743116142,20.0,0.0,3.924000000000003,5.615589141845703,7.71602639088053,1.567409144788136,3.9240000000000004,True,AVOIDED,0.0,0.0,0.0,freeze,latency_comp_all,17510008,oracle,8
proposed_pred_d8f,proposed,8,20.0,0.4,40.0,20.0,True,,4.176921361141095,4.260121959214814,1.7552589614681762,20.0,0.0,3.924000000000003,5.480808258056641,7.851225548438916,1.567591674573954,3.9240000000000004,True,AVOIDED,0.0,0.0,0.0,freeze,latency_comp_all,17510009,oracle,8
proposed_pred_d8f,proposed,8,30.0,0.85,20.0,20.0,True,,3.4136447024552936,6.226390715138064,1.19331188447078,30.0,0.0,8.3385,7.170940399169922,7.087689627473416,2.9455558936373873,8.3385,True,AVOIDED,0.0,0.0,0.0,freeze,latency_comp_all,17510010,oracle,8
proposed_pred_d8f,proposed,8,30.0,0.85,25.0,20.0,True,,4.760244463523357,3.5019685748641662,1.626046258391874,30.0,0.0,3.335400049701338,9.960933685302734,8.434548650821178,2.2342402050071524,8.3385,True,AVOIDED,0.0,0.0,0.0,freeze,latency_comp_all,17510011,oracle,8
proposed_pred_d8f,proposed,8,30.0,0.85,30.0,20.0,True,,2.2786862925824156,3.5017205108711247,1.4791212987571938,30.0,0.0,3.335400049701338,9.961441040039062,5.952990479880237,2.7946686697157936,8.3385,True,AVOIDED,0.0,0.0,0.0,freeze,latency_comp_all,17510012,oracle,8
proposed_pred_d8f,proposed,8,30.0,0.85,35.0,20.0,True,,3.106171173581699,3.5020199028370245,1.5775132192311272,30.0,0.0,3.335400049701338,9.960845947265625,6.78047536087952,2.6176375743156006,8.3385,True,AVOIDED,0.0,0.0,0.0,freeze,latency_comp_all,17510013,oracle,8
proposed_pred_d8f,proposed,8,30.0,0.85,40.0,20.0,True,,3.105623532213931,3.501718372541213,1.5791096647943068,30.0,0.0,3.335400049701338,9.961444854736328,6.779927719511752,2.6176881040457913,8.3385,True,AVOIDED,0.0,0.0,0.0,freeze,latency_comp_all,17510014,oracle,8
proposed_pred_d8f,proposed,8,30.0,0.4,20.0,20.0,True,,2.1477762395815283,4.019319987467662,1.1923399179215783,30.0,0.0,3.924000000000003,8.437454223632812,5.822080426879349,2.9454913281121406,3.9240000000000004,True,AVOIDED,0.0,0.0,0.0,freeze,latency_comp_all,17510015,oracle,8
proposed_pred_d8f,proposed,8,30.0,0.4,25.0,20.0,True,,4.739731913257952,4.200582502651734,1.7634932546768312,30.0,0.0,3.924000000000003,11.222707748413086,8.414036100555773,2.0448580607753737,3.9240000000000004,True,AVOIDED,0.0,0.0,0.0,freeze,latency_comp_all,17510016,oracle,8
proposed_pred_d8f,proposed,8,30.0,0.4,30.0,20.0,True,,2.8339990211320085,4.1532194983457815,1.4776116270910808,30.0,0.0,3.924000000000003,9.405719757080078,6.50830320842983,2.7946166721676775,3.9240000000000004,True,AVOIDED,0.0,0.0,0.0,freeze,latency_comp_all,17510017,oracle,8
proposed_pred_d8f,proposed,8,30.0,0.4,35.0,20.0,True,,3.3028337706480952,4.108248449305286,1.7290123609883672,30.0,0.0,3.924000000000003,11.005332946777344,6.97700062323143,2.3901463996959005,3.9240000000000004,True,AVOIDED,0.0,0.0,0.0,freeze,latency_comp_all,17510018,oracle,8
proposed_pred_d8f,proposed,8,30.0,0.4,40.0,20.0,True,,3.302846858746255,4.108592837045545,1.7308080242482524,30.0,0.0,3.924000000000003,11.00564956665039,6.977017600717786,2.390125282715792,3.9240000000000004,True,AVOIDED,0.0,0.0,0.0,freeze,latency_comp_all,17510019,oracle,8
proposed_pred_d8f,proposed,8,40.0,0.85,20.0,20.0,True,,0.7638535630036083,8.622524981953863,0.8465473286584715,40.0,0.0,8.3385,8.562164306640625,4.4378911069189515,5.835759219291766,8.3385,True,AVOIDED,0.0,0.0,0.0,freeze,latency_comp_all,17510020,oracle,8
proposed_pred_d8f,proposed,8,40.0,0.85,25.0,20.0,True,,2.7519987348065857,6.8354749695683,1.2865258889063935,40.0,0.0,8.3385,12.093338012695312,6.426074135848318,3.8924566399874774,8.3385,True,AVOIDED,0.0,0.0,0.0,freeze,latency_comp_all,17510021,oracle,8
proposed_pred_d8f,proposed,8,40.0,0.85,30.0,20.0,True,,2.68459884667884,4.037139941488787,1.6033658521693523,40.0,0.0,8.3385,16.023208618164062,6.3587429210410145,3.1649205406594416,8.3385,True,AVOIDED,0.0,0.0,0.0,freeze,latency_comp_all,17510022,oracle,8
proposed_pred_d8f,proposed,8,40.0,0.85,35.0,20.0,True,,1.8338849432465825,7.8668828056499995,1.193207636385998,40.0,0.0,8.338500000000018,11.355537414550781,5.507964236751486,4.620051729500684,8.3385,True,AVOIDED,0.0,0.0,0.0,freeze,latency_comp_all,17510023,oracle,8
proposed_pred_d8f,proposed,8,40.0,0.85,40.0,20.0,True,,2.5640980559336954,4.228353700083695,1.6462307025251872,40.0,0.0,8.3385,15.592340469360352,6.2384022432315165,3.354985750605996,8.3385,True,AVOIDED,0.0,0.0,0.0,freeze,latency_comp_all,17510024,oracle,8
proposed_pred_d8f,proposed,8,40.0,0.4,20.0,20.0,False,vehicle.ue4.audi.tt,0.0,0.0,0.8472841476221151,26.929665666482798,13.070334333517204,3.924000000000003,0.0,3.827476498098809,5.832591076227689,3.9240000000000004,True,COLLISION with vehicle.ue4.audi.tt,0.0,0.0,0.0,freeze,latency_comp_all,17510025,oracle,8
proposed_pred_d8f,proposed,8,40.0,0.4,25.0,20.0,False,vehicle.ue4.audi.tt,0.0,0.0,1.286049776893814,35.19959362018509,4.800406379814907,3.924000000000003,0.0,3.8139918042794863,3.893183936666893,3.9240000000000004,True,COLLISION with vehicle.ue4.audi.tt,0.0,0.0,0.0,freeze,latency_comp_all,17510026,oracle,8
proposed_pred_d8f,proposed,8,40.0,0.4,30.0,20.0,True,,1.5083076202456311,4.034562794475078,1.698400359240459,40.0,0.0,3.924000000000003,18.305103302001953,5.182611807543452,2.978947304336597,3.9240000000000004,True,AVOIDED,0.0,0.0,0.0,freeze,latency_comp_all,17510027,oracle,8
proposed_pred_d8f,proposed,8,40.0,0.4,35.0,20.0,False,vehicle.ue4.audi.tt,0.0,0.0,1.1933166528837025,32.55599466551883,7.444005334481167,3.924000000000003,0.0,3.820086817240816,4.620176304937403,3.9240000000000004,True,COLLISION with vehicle.ue4.audi.tt,0.0,0.0,0.0,freeze,latency_comp_all,17510028,oracle,8
proposed_pred_d8f,proposed,8,40.0,0.4,40.0,20.0,True,,0.47285905179580023,4.068650855891852,1.6465075966473397,40.0,0.0,3.924000000000003,17.686418533325195,4.14713275248989,3.354871570519521,3.9240000000000004,True,AVOIDED,0.0,0.0,0.0,freeze,latency_comp_all,17510029,oracle,8
proposed_pred_d8f,proposed,8,50.0,0.85,20.0,20.0,False,vehicle.ue4.audi.tt,0.0,0.0,0.6254226848048048,34.36381558545091,15.636184414549096,8.3385,0.0,3.9363965651281485,10.250921012933931,8.3385,True,COLLISION with vehicle.ue4.audi.tt,0.0,0.0,0.0,freeze,latency_comp_all,17510030,oracle,8
proposed_pred_d8f,proposed,8,50.0,0.85,25.0,20.0,False,vehicle.ue4.audi.tt,0.0,9.179968688468964,0.9734497820679839,45.7143427565077,4.2856572434923,8.338500000000018,0.0,3.812247344662371,6.59539469338905,8.3385,True,COLLISION with vehicle.ue4.audi.tt,0.0,0.0,0.0,freeze,latency_comp_all,17510031,oracle,8
proposed_pred_d8f,proposed,8,50.0,0.85,30.0,20.0,True,,1.1399067987639002,8.259006023785775,1.295288732419779,50.0,0.0,8.338500000000018,17.286380767822266,4.814031842046855,4.988701780716477,8.3385,True,AVOIDED,0.0,0.0,0.0,freeze,latency_comp_all,17510032,oracle,8
proposed_pred_d8f,proposed,8,50.0,0.85,35.0,20.0,True,,1.7141107403383575,5.542698243189674,1.5758119421237908,50.0,0.0,8.338500000000018,20.852293014526367,5.388189965706754,4.1378708028256215,8.3385,True,AVOIDED,0.0,0.0,0.0,freeze,latency_comp_all,17510033,oracle,8
proposed_pred_d8f,proposed,8,50.0,0.85,40.0,20.0,False,vehicle.ue4.audi.tt,0.0,9.179545467788317,0.984609701038447,45.69865922987036,4.301340770129645,8.3385,0.0,3.8128920647657383,7.011545756049556,8.3385,True,COLLISION with vehicle.ue4.audi.tt,0.0,0.0,0.0,freeze,latency_comp_all,17510034,oracle,8
proposed_pred_d8f,proposed,8,50.0,0.4,20.0,20.0,False,vehicle.ue4.audi.tt,0.0,0.0,0.6250680005363485,20.75157535834846,29.24842464165154,3.9239999999999853,0.0,4.193440238153922,10.256952469040067,3.9240000000000004,True,COLLISION with vehicle.ue4.audi.tt,0.0,0.0,0.0,freeze,latency_comp_all,17510035,oracle,8
proposed_pred_d8f,proposed,8,50.0,0.4,25.0,20.0,False,vehicle.ue4.audi.tt,0.0,0.0,0.9732891476494445,32.87650545600182,17.123494543998174,3.9239999999999853,0.0,3.829679705231981,6.595041714950865,3.9240000000000004,True,COLLISION with vehicle.ue4.audi.tt,0.0,0.0,0.0,freeze,latency_comp_all,17510036,oracle,8
proposed_pred_d8f,proposed,8,50.0,0.4,30.0,20.0,False,vehicle.ue4.audi.tt,0.0,0.0,1.2944811136998156,37.646831213773126,12.353168786226876,3.924000000000003,0.0,3.831842692356239,4.989176723794472,3.9240000000000004,True,COLLISION with vehicle.ue4.audi.tt,0.0,0.0,0.0,freeze,latency_comp_all,17510037,oracle,8
proposed_pred_d8f,proposed,8,50.0,0.4,35.0,20.0,False,vehicle.ue4.audi.tt,0.0,0.0,1.6734475785372707,41.456626962217264,8.543373037782734,3.924000000000003,0.0,3.831817632778844,3.8907570748426785,3.9240000000000004,True,COLLISION with vehicle.ue4.audi.tt,0.0,0.0,0.0,freeze,latency_comp_all,17510038,oracle,8
proposed_pred_d8f,proposed,8,50.0,0.4,40.0,20.0,False,vehicle.ue4.audi.tt,0.0,0.0,1.8654183737224375,42.45864387025905,7.541356129740951,3.924000000000003,0.0,3.8179639128621083,3.5208277456609194,3.9240000000000004,True,COLLISION with vehicle.ue4.audi.tt,0.0,0.0,0.0,freeze,latency_comp_all,17510039,oracle,8
proposed_pred_d8f,proposed,8,60.0,0.85,20.0,20.0,False,vehicle.ue4.audi.tt,0.0,0.0,0.4734404456634141,20.29269792179651,39.70730207820349,8.338499999999982,0.0,3.9282677652263303,16.794691266305477,8.3385,True,COLLISION with vehicle.ue4.audi.tt,0.0,0.0,0.0,freeze,latency_comp_all,17510040,oracle,8
proposed_pred_d8f,proposed,8,60.0,0.85,25.0,20.0,False,vehicle.ue4.audi.tt,0.0,0.0,0.7293550259576411,43.8083360285403,16.191663971459697,8.338499999999982,0.0,3.818691889703911,10.775465526881122,8.3385,True,COLLISION with vehicle.ue4.audi.tt,0.0,0.0,0.0,freeze,latency_comp_all,17510041,oracle,8
proposed_pred_d8f,proposed,8,60.0,0.85,30.0,20.0,False,vehicle.ue4.audi.tt,0.0,0.0,1.0486823537284997,51.210848709727806,8.789151290272194,8.3385,0.0,3.8320798976325374,7.5070174821796645,8.3385,True,COLLISION with vehicle.ue4.audi.tt,0.0,0.0,0.0,freeze,latency_comp_all,17510042,oracle,8
proposed_pred_d8f,proposed,8,60.0,0.85,35.0,20.0,True,,0.18535682010116794,8.498344057409467,1.3318323377819028,60.0,0.0,8.3385,22.37944984436035,3.859661007398989,5.935962690459567,8.3385,True,AVOIDED,0.0,0.0,0.0,freeze,latency_comp_all,17510043,oracle,8
proposed_pred_d8f,proposed,8,60.0,0.85,40.0,20.0,True,,0.3324369651948915,0.0,1.5716167505118765,60.0,0.0,8.3385,26.37387466430664,4.006741152492713,5.057255442068654,8.3385,True,AVOIDED,0.0,0.0,0.0,freeze,latency_comp_all,17510044,oracle,8
proposed_pred_d8f,proposed,8,60.0,0.4,20.0,20.0,False,vehicle.ue4.audi.tt,0.0,0.0,0.47344627941578377,9.920734929910836,50.079265070089164,3.924000000000021,0.0,3.9491529412833164,16.79444400415208,3.9240000000000004,True,COLLISION with vehicle.ue4.audi.tt,0.0,0.0,0.0,freeze,latency_comp_all,17510045,oracle,8
proposed_pred_d8f,proposed,8,60.0,0.4,25.0,20.0,False,vehicle.ue4.audi.tt,0.0,0.0,0.7293443298138454,31.24292509431548,28.75707490568452,3.924000000000021,0.0,3.9366804422392336,10.775579789032683,3.9240000000000004,True,COLLISION with vehicle.ue4.audi.tt,0.0,0.0,0.0,freeze,latency_comp_all,17510046,oracle,8
proposed_pred_d8f,proposed,8,60.0,0.4,30.0,20.0,False,vehicle.ue4.audi.tt,0.0,0.0,1.0486896109855894,38.934564377789485,21.065435622210515,3.924000000000021,0.0,3.8468244804294853,7.506969123169081,3.9240000000000004,True,COLLISION with vehicle.ue4.audi.tt,0.0,0.0,0.0,freeze,latency_comp_all,17510047,oracle,8
proposed_pred_d8f,proposed,8,60.0,0.4,35.0,20.0,False,vehicle.ue4.audi.tt,0.0,0.0,1.3318278882553787,42.103309553252245,17.89669044674775,3.924000000000021,0.0,3.8476581017942046,5.935991683909263,3.9240000000000004,True,COLLISION with vehicle.ue4.audi.tt,0.0,0.0,0.0,freeze,latency_comp_all,17510048,oracle,8
proposed_pred_d8f,proposed,8,60.0,0.4,40.0,20.0,False,vehicle.ue4.audi.tt,0.0,0.0,1.6196432919100126,45.04845845964296,14.951541540357043,3.924000000000021,0.0,3.8498137899032296,4.901699462880124,3.9240000000000004,True,COLLISION with vehicle.ue4.audi.tt,0.0,0.0,0.0,freeze,latency_comp_all,17510049,oracle,8
proposed_pred_d16f,proposed,16,20.0,0.85,20.0,20.0,True,,5.572258159531202,0.0,1.5411751020994071,20.0,0.0,3.335400049701338,4.358951568603516,9.246444120299,1.4660967576427182,8.3385,True,AVOIDED,0.0,0.0,0.0,freeze,latency_comp_all,17980000,oracle,16
proposed_pred_d16f,proposed,16,20.0,0.85,25.0,20.0,True,,4.745803927019738,3.6574571698683926,1.6549263862015928,20.0,0.0,3.335400049701338,4.36077880859375,8.419986127934763,1.6625775880845157,8.3385,True,AVOIDED,0.0,0.0,0.0,freeze,latency_comp_all,17980001,oracle,16
proposed_pred_d16f,proposed,16,20.0,0.85,30.0,20.0,True,,4.195523935893825,3.6579558658285976,1.555066672630608,20.0,0.0,3.335400049701338,4.360206604003906,7.869709915739904,1.7694374691448977,8.3385,True,AVOIDED,0.0,0.0,0.0,freeze,latency_comp_all,17980002,oracle,16
proposed_pred_d16f,proposed,16,20.0,0.85,35.0,20.0,True,,4.195510218845238,3.657861365625391,1.5551013235364857,20.0,0.0,3.335400049701338,4.360408782958984,7.869696242314734,1.7694600564205454,8.3385,True,AVOIDED,0.0,0.0,0.0,freeze,latency_comp_all,17980003,oracle,16
proposed_pred_d16f,proposed,16,20.0,0.85,40.0,20.0,True,,4.195523929089964,3.6579558658285976,1.5550666712901509,20.0,0.0,3.335400049701338,4.360206604003906,7.869709908935939,1.7694374700495903,8.3385,True,AVOIDED,0.0,0.0,0.0,freeze,latency_comp_all,17980004,oracle,16
proposed_pred_d16f,proposed,16,20.0,0.4,20.0,20.0,True,,5.766237706910806,4.052546569409507,1.5413536398452015,20.0,0.0,3.924000000000003,4.166007995605469,9.440404639758087,1.4658897649471834,3.9240000000000004,True,AVOIDED,0.0,0.0,0.0,freeze,latency_comp_all,17980005,oracle,16
proposed_pred_d16f,proposed,16,20.0,0.4,25.0,20.0,True,,4.185743281946913,4.052005351891834,1.6553240782619025,20.0,0.0,3.924000000000003,4.920848846435547,7.85991019621537,1.6623177996053524,3.9240000000000004,True,AVOIDED,0.0,0.0,0.0,freeze,latency_comp_all,17980006,oracle,16
proposed_pred_d16f,proposed,16,20.0,0.4,30.0,20.0,True,,4.451842449095691,4.3331166548315245,1.7552582695695933,20.0,0.0,3.924000000000003,5.2057647705078125,8.12609329213381,1.5675922931020374,3.9240000000000004,True,AVOIDED,0.0,0.0,0.0,freeze,latency_comp_all,17980007,oracle,16
proposed_pred_d16f,proposed,16,20.0,0.4,35.0,20.0,True,,4.452425817655033,4.3338608575518345,1.7555189743116142,20.0,0.0,3.924000000000003,5.204860687255859,8.126672806344388,1.567409144788136,3.9240000000000004,True,AVOIDED,0.0,0.0,0.0,freeze,latency_comp_all,17980008,oracle,16
proposed_pred_d16f,proposed,16,20.0,0.4,40.0,20.0,True,,4.451846255561691,4.3331166548315245,1.7552589614681762,20.0,0.0,3.924000000000003,5.2057647705078125,8.126097098599685,1.567591674573954,3.9240000000000004,True,AVOIDED,0.0,0.0,0.0,freeze,latency_comp_all,17980009,oracle,16
proposed_pred_d16f,proposed,16,30.0,0.85,20.0,20.0,True,,2.46627565467141,9.765734099006124,0.8127066160321467,30.0,0.0,8.3385,4.809074401855469,6.140579841969231,4.409754395272241,8.3385,True,AVOIDED,0.0,0.0,0.0,freeze,latency_comp_all,17980010,oracle,16
proposed_pred_d16f,proposed,16,30.0,0.85,25.0,20.0,True,,5.3210776842595,5.940487388481189,1.4070341755595919,30.0,0.0,8.3385,7.331707000732422,8.995339934855403,2.6342938909589932,8.3385,True,AVOIDED,0.0,0.0,0.0,freeze,latency_comp_all,17980011,oracle,16
proposed_pred_d16f,proposed,16,30.0,0.85,30.0,20.0,True,,2.8499270858692416,9.06211875067163,1.0792316661948105,30.0,0.0,8.3385,6.080070495605469,6.524067297097938,3.8305394063196974,8.3385,True,AVOIDED,0.0,0.0,0.0,freeze,latency_comp_all,17980012,oracle,16
proposed_pred_d16f,proposed,16,30.0,0.85,35.0,20.0,True,,3.9331278689987883,3.5019685748641662,1.6773860016072013,30.0,0.0,3.335400049701338,9.960929870605469,7.607432056296609,2.4617391700378297,8.3385,True,AVOIDED,0.0,0.0,0.0,freeze,latency_comp_all,17980013,oracle,16
proposed_pred_d16f,proposed,16,30.0,0.85,40.0,20.0,True,,4.0513740897150585,0.0,1.5805540985019995,30.0,0.0,8.3385,9.014427185058594,7.725449463537238,2.617394662854313,8.3385,True,AVOIDED,0.0,0.0,0.0,freeze,latency_comp_all,17980014,oracle,16
proposed_pred_d16f,proposed,16,30.0,0.4,20.0,20.0,False,vehicle.ue4.audi.tt,0.0,0.0,0.8120113258684468,24.067722484877585,5.932277515122414,3.924000000000003,0.0,3.8201213724634795,4.409670633924368,3.9240000000000004,True,COLLISION with vehicle.ue4.audi.tt,0.0,0.0,0.0,freeze,latency_comp_all,17980015,oracle,16
proposed_pred_d16f,proposed,16,30.0,0.4,25.0,20.0,True,,3.729562355649506,4.200696355670288,1.4057434289020372,30.0,0.0,3.924000000000003,8.923492431640625,7.403866542947327,2.6343271883700456,3.9240000000000004,True,AVOIDED,0.0,0.0,0.0,freeze,latency_comp_all,17980016,oracle,16
proposed_pred_d16f,proposed,16,30.0,0.4,30.0,20.0,True,,5.369079348426954,4.107448044478253,1.8603733310756974,30.0,0.0,3.924000000000003,11.006814956665039,9.043242435670864,2.073535435945721,3.9240000000000004,True,AVOIDED,0.0,0.0,0.0,freeze,latency_comp_all,17980017,oracle,16
proposed_pred_d16f,proposed,16,30.0,0.4,35.0,20.0,True,,3.332902941808287,4.153258603069894,1.679098298351473,30.0,0.0,3.924000000000003,10.561573028564453,7.007207129106108,2.4617877026903052,3.9240000000000004,True,AVOIDED,0.0,0.0,0.0,freeze,latency_comp_all,17980018,oracle,16
proposed_pred_d16f,proposed,16,30.0,0.4,40.0,20.0,True,,3.52565805367661,4.020044137482368,1.7308080242482524,30.0,0.0,3.924000000000003,10.782726287841797,7.199962240974431,2.390125282715792,3.9240000000000004,True,AVOIDED,0.0,0.0,0.0,freeze,latency_comp_all,17980019,oracle,16
proposed_pred_d16f,proposed,16,40.0,0.85,20.0,20.0,False,vehicle.ue4.audi.tt,0.0,0.0,0.4479305315206853,28.557259056703444,11.442740943296554,8.3385,0.0,3.832944638735049,11.059799092056371,8.3385,True,COLLISION with vehicle.ue4.audi.tt,0.0,0.0,0.0,freeze,latency_comp_all,17980020,oracle,16
proposed_pred_d16f,proposed,16,40.0,0.85,25.0,20.0,True,,1.5699668993987865,8.937383357914683,0.8991452628076241,40.0,0.0,8.3385,8.860454559326172,5.244271086696608,5.636421396027225,8.3385,True,AVOIDED,0.0,0.0,0.0,freeze,latency_comp_all,17980021,oracle,16
proposed_pred_d16f,proposed,16,40.0,0.85,30.0,20.0,True,,4.039723073190603,7.866816028342706,1.3222190227549229,40.0,0.0,8.3385,11.355690002441406,7.713806047410493,3.8864745050999163,8.3385,True,AVOIDED,0.0,0.0,0.0,freeze,latency_comp_all,17980022,oracle,16
proposed_pred_d16f,proposed,16,40.0,0.85,35.0,20.0,True,,4.098045195648623,4.743917471190199,1.6265785727659885,40.0,0.0,8.3385,14.609800338745117,7.772128214330818,3.238373857662045,8.3385,True,AVOIDED,0.0,0.0,0.0,freeze,latency_comp_all,17980023,oracle,16
proposed_pred_d16f,proposed,16,40.0,0.85,40.0,20.0,True,,2.9058161397651965,8.777463895123969,1.24584886202916,40.0,0.0,8.3385,10.834671020507812,6.57989540337848,4.4332659348626,8.3385,True,AVOIDED,0.0,0.0,0.0,freeze,latency_comp_all,17980024,oracle,16
proposed_pred_d16f,proposed,16,40.0,0.4,20.0,20.0,False,vehicle.ue4.audi.tt,0.0,0.0,0.4485820775667415,22.945542319774592,17.054457680225408,3.9239999999999853,0.0,3.8682670712836336,11.046098964179254,3.9240000000000004,True,COLLISION with vehicle.ue4.audi.tt,0.0,0.0,0.0,freeze,latency_comp_all,17980025,oracle,16
proposed_pred_d16f,proposed,16,40.0,0.4,25.0,20.0,False,vehicle.ue4.audi.tt,0.0,0.0,0.8988088024435028,28.50580256289262,11.49419743710738,3.924000000000003,0.0,3.8307150483962316,5.638108696971787,3.9240000000000004,True,COLLISION with vehicle.ue4.audi.tt,0.0,0.0,0.0,freeze,latency_comp_all,17980026,oracle,16
proposed_pred_d16f,proposed,16,40.0,0.4,30.0,20.0,False,vehicle.ue4.audi.tt,0.0,4.148111014992903,1.3222449255800692,37.3919651370088,2.608034862991196,3.924000000000003,0.0,3.81449767641891,3.8860732544658276,3.9240000000000004,True,COLLISION with vehicle.ue4.audi.tt,0.0,0.0,0.0,freeze,latency_comp_all,17980027,oracle,16
proposed_pred_d16f,proposed,16,40.0,0.4,35.0,20.0,True,,2.3046483357992775,4.1011342905763675,1.8045492596776411,40.0,0.0,3.924000000000003,18.611242294311523,5.978811411656594,2.8826592093752494,3.9240000000000004,True,AVOIDED,0.0,0.0,0.0,freeze,latency_comp_all,17980028,oracle,16
proposed_pred_d16f,proposed,16,40.0,0.4,40.0,20.0,False,vehicle.ue4.audi.tt,0.0,0.0,1.246074643614233,33.089145789538506,6.9108542104614905,3.924000000000003,0.0,3.8202094990468725,4.433073131976089,3.9240000000000004,True,COLLISION with vehicle.ue4.audi.tt,0.0,0.0,0.0,freeze,latency_comp_all,17980029,oracle,16
proposed_pred_d16f,proposed,16,50.0,0.85,20.0,20.0,False,vehicle.ue4.audi.tt,0.0,0.0,0.22669526399734197,18.23021464079987,31.76978535920013,8.338499999999982,0.0,4.29983192577234,28.372362016058158,8.3385,True,COLLISION with vehicle.ue4.audi.tt,0.0,0.0,0.0,freeze,latency_comp_all,17980030,oracle,16
proposed_pred_d16f,proposed,16,50.0,0.85,25.0,20.0,False,vehicle.ue4.audi.tt,0.0,0.0,0.5756097698597218,36.718258658396195,13.281741341603809,8.3385,0.0,3.832971008826563,11.188376339011723,8.3385,True,COLLISION with vehicle.ue4.audi.tt,0.0,0.0,0.0,freeze,latency_comp_all,17980031,oracle,16
proposed_pred_d16f,proposed,16,50.0,0.85,30.0,20.0,False,vehicle.ue4.audi.tt,0.0,9.26624535500042,0.9034928112280036,45.83223256064609,4.167767439353911,8.3385,0.0,3.817476172269495,7.205789205409057,8.3385,True,COLLISION with vehicle.ue4.audi.tt,0.0,0.0,0.0,freeze,latency_comp_all,17980032,oracle,16
proposed_pred_d16f,proposed,16,50.0,0.85,35.0,20.0,True,,2.1411869091916804,8.730799062998171,1.287696236859537,50.0,0.0,8.338500000000018,16.283580780029297,5.815315668014811,5.105128235560364,8.3385,True,AVOIDED,0.0,0.0,0.0,freeze,latency_comp_all,17980033,oracle,16
proposed_pred_d16f,proposed,16,50.0,0.85,40.0,20.0,True,,3.2286916258807397,5.998573832376515,1.629453097257783,50.0,0.0,8.338500000000018,20.02766990661621,6.902801411040556,4.062621545114568,8.3385,True,AVOIDED,0.0,0.0,0.0,freeze,latency_comp_all,17980034,oracle,16
proposed_pred_d16f,proposed,16,50.0,0.4,20.0,20.0,False,vehicle.ue4.audi.tt,0.0,0.0,0.22602779928647945,15.948593343162145,34.051406656837855,3.9239999999999853,0.0,4.26835362770017,28.45024816080104,3.9240000000000004,True,COLLISION with vehicle.ue4.audi.tt,0.0,0.0,0.0,freeze,latency_comp_all,17980035,oracle,16
proposed_pred_d16f,proposed,16,50.0,0.4,25.0,20.0,False,vehicle.ue4.audi.tt,0.0,0.0,0.575670512288383,28.870440321593588,21.129559678406412,3.9239999999999853,0.0,3.8334311476073055,11.184235974815952,3.9240000000000004,True,COLLISION with vehicle.ue4.audi.tt,0.0,0.0,0.0,freeze,latency_comp_all,17980036,oracle,16
proposed_pred_d16f,proposed,16,50.0,0.4,30.0,20.0,False,vehicle.ue4.audi.tt,0.0,0.0,0.9029391342165495,32.594881581297805,17.405118418702195,3.9239999999999853,0.0,3.8457479843346247,7.206988411871463,3.9240000000000004,True,COLLISION with vehicle.ue4.audi.tt,0.0,0.0,0.0,freeze,latency_comp_all,17980037,oracle,16
proposed_pred_d16f,proposed,16,50.0,0.4,35.0,20.0,False,vehicle.ue4.audi.tt,0.0,0.0,1.2882905605453947,37.7262822732514,12.273717726748602,3.924000000000003,0.0,3.835812492658644,5.104790338072999,3.9240000000000004,True,COLLISION with vehicle.ue4.audi.tt,0.0,0.0,0.0,freeze,latency_comp_all,17980038,oracle,16
proposed_pred_d16f,proposed,16,50.0,0.4,40.0,20.0,False,vehicle.ue4.audi.tt,0.0,0.0,1.6300219667687463,41.38911817081243,8.61088182918757,3.924000000000003,0.0,3.824984978333481,4.0624185090574425,3.9240000000000004,True,COLLISION with vehicle.ue4.audi.tt,0.0,0.0,0.0,freeze,latency_comp_all,17980039,oracle,16
proposed_pred_d16f,proposed,16,60.0,0.85,20.0,20.0,False,vehicle.ue4.audi.tt,0.0,0.0,0.08498224524755651,6.282499518313621,53.71750048168638,8.338499999999982,0.0,3.649070621716775,50.0,8.3385,True,COLLISION with vehicle.ue4.audi.tt,0.0,0.0,0.0,freeze,latency_comp_all,17980040,oracle,16
proposed_pred_d16f,proposed,16,60.0,0.85,25.0,20.0,False,vehicle.ue4.audi.tt,0.0,0.0,0.3293659773653853,27.842668916206676,32.15733108379332,8.338499999999982,0.0,4.0020821846106065,23.867909699161363,8.3385,True,COLLISION with vehicle.ue4.audi.tt,0.0,0.0,0.0,freeze,latency_comp_all,17980041,oracle,16
proposed_pred_d16f,proposed,16,60.0,0.85,30.0,20.0,False,vehicle.ue4.audi.tt,0.0,0.0,0.6509930728497563,42.24855336155689,17.75144663844311,8.338499999999982,0.0,3.822305789071537,12.124558411722308,8.3385,True,COLLISION with vehicle.ue4.audi.tt,0.0,0.0,0.0,freeze,latency_comp_all,17980042,oracle,16
proposed_pred_d16f,proposed,16,60.0,0.85,35.0,20.0,False,vehicle.ue4.audi.tt,0.0,0.0,0.9379522518531722,50.117795940189396,9.8822040598106,8.3385,0.0,3.8260605744114264,8.473441355964228,8.3385,True,COLLISION with vehicle.ue4.audi.tt,0.0,0.0,0.0,freeze,latency_comp_all,17980043,oracle,16
proposed_pred_d16f,proposed,16,60.0,0.85,40.0,20.0,True,,0.26328989418916837,8.750764436743168,1.2294530598371693,60.0,0.0,8.3385,20.644367218017578,3.9374226977931315,6.501361689741338,8.3385,True,AVOIDED,0.0,0.0,0.0,freeze,latency_comp_all,17980044,oracle,16
proposed_pred_d16f,proposed,16,60.0,0.4,20.0,20.0,False,vehicle.ue4.audi.tt,0.0,0.0,0.08498652604253443,4.908517510497688,55.09148248950231,3.924000000000021,0.0,3.633198957736103,50.0,3.9240000000000004,True,COLLISION with vehicle.ue4.audi.tt,0.0,0.0,0.0,freeze,latency_comp_all,17980045,oracle,16
proposed_pred_d16f,proposed,16,60.0,0.4,25.0,20.0,False,vehicle.ue4.audi.tt,0.0,0.0,0.3293398832098818,23.69292484406327,36.30707515593673,3.924000000000021,0.0,3.941950472733798,23.86853858917589,3.9240000000000004,True,COLLISION with vehicle.ue4.audi.tt,0.0,0.0,0.0,freeze,latency_comp_all,17980046,oracle,16
proposed_pred_d16f,proposed,16,60.0,0.4,30.0,20.0,False,vehicle.ue4.audi.tt,0.0,0.0,0.6509979159057065,34.85690465504034,25.143095344959658,3.924000000000021,0.0,3.8587883563492396,12.124440880867857,3.9240000000000004,True,COLLISION with vehicle.ue4.audi.tt,0.0,0.0,0.0,freeze,latency_comp_all,17980047,oracle,16
proposed_pred_d16f,proposed,16,60.0,0.4,35.0,20.0,False,vehicle.ue4.audi.tt,0.0,0.0,0.9379485006315742,37.89574791047937,22.10425208952063,3.924000000000021,0.0,3.8641492643964512,8.47349706313866,3.9240000000000004,True,COLLISION with vehicle.ue4.audi.tt,0.0,0.0,0.0,freeze,latency_comp_all,17980048,oracle,16
proposed_pred_d16f,proposed,16,60.0,0.4,40.0,20.0,False,vehicle.ue4.audi.tt,0.0,0.0,1.2293857166264033,41.246799729416296,18.7532002705837,3.924000000000021,0.0,3.866560637771464,6.501664235511912,3.9240000000000004,True,COLLISION with vehicle.ue4.audi.tt,0.0,0.0,0.0,freeze,latency_comp_all,17980049,oracle,16
proposed_enhanced_pred_d0f,proposed_enhanced,0,20.0,0.85,20.0,20.0,True,,0.2148765032785196,0.0,0.5025957261759529,20.0,0.0,8.3385,2.5577735900878906,3.888959822034998,5.462404477349086,8.3385,True,AVOIDED,0.0,0.0,0.0,freeze,latency_comp_all,26600000,oracle,0
proposed_enhanced_pred_d0f,proposed_enhanced,0,20.0,0.85,25.0,20.0,True,,0.2162533646684044,10.888755969504496,0.5028584719653698,20.0,0.0,8.3385,2.557849884033203,3.8903366072683605,5.460013796355304,8.3385,True,AVOIDED,0.0,0.0,0.0,freeze,latency_comp_all,26600001,oracle,0
proposed_enhanced_pred_d0f,proposed_enhanced,0,20.0,0.85,30.0,20.0,True,,0.2152972418935457,10.885593445560641,0.50221593900524,20.0,0.0,8.3385,2.5582046508789062,3.8893890729190055,5.462576504708151,8.3385,True,AVOIDED,0.0,0.0,0.0,freeze,latency_comp_all,26600002,oracle,0
proposed_enhanced_pred_d0f,proposed_enhanced,0,20.0,0.85,35.0,20.0,True,,0.2162533646684044,10.888755969504496,0.5028584719653698,20.0,0.0,8.3385,2.557849884033203,3.8903366072683605,5.460013796355304,8.3385,True,AVOIDED,0.0,0.0,0.0,freeze,latency_comp_all,26600003,oracle,0
proposed_enhanced_pred_d0f,proposed_enhanced,0,20.0,0.85,40.0,20.0,True,,0.2148764619256256,0.0,0.5025957240448105,20.0,0.0,8.3385,2.5577735900878906,3.888959780679712,5.462404493740978,8.3385,True,AVOIDED,0.0,0.0,0.0,freeze,latency_comp_all,26600004,oracle,0
proposed_enhanced_pred_d0f,proposed_enhanced,0,20.0,0.4,20.0,20.0,True,,0.22617499072165792,3.3241366557309386,1.1546205321726486,20.0,0.0,3.924000000000003,6.129234313964844,3.900479178019479,2.383266193579067,3.9240000000000004,True,AVOIDED,0.0,0.0,0.0,freeze,latency_comp_all,26600005,oracle,0
proposed_enhanced_pred_d0f,proposed_enhanced,0,20.0,0.4,25.0,20.0,True,,0.22589060622131774,3.3242103630855198,1.1541059223554937,20.0,0.0,3.924000000000003,6.128807067871094,3.900194793519139,2.3833850196249022,3.9240000000000004,True,AVOIDED,0.0,0.0,0.0,freeze,latency_comp_all,26600006,oracle,0
proposed_enhanced_pred_d0f,proposed_enhanced,0,20.0,0.4,30.0,20.0,True,,0.22617499072165792,3.3241366557309386,1.1546205321726486,20.0,0.0,3.924000000000003,6.129234313964844,3.900479178019479,2.383266193579067,3.9240000000000004,True,AVOIDED,0.0,0.0,0.0,freeze,latency_comp_all,26600007,oracle,0
proposed_enhanced_pred_d0f,proposed_enhanced,0,20.0,0.4,35.0,20.0,True,,0.22589060622131774,3.3242103630855198,1.1541059223554937,20.0,0.0,3.924000000000003,6.128807067871094,3.900194793519139,2.3833850196249022,3.9240000000000004,True,AVOIDED,0.0,0.0,0.0,freeze,latency_comp_all,26600008,oracle,0
proposed_enhanced_pred_d0f,proposed_enhanced,0,20.0,0.4,40.0,20.0,True,,0.22617878446938056,3.3241366557309386,1.1546212236387472,20.0,0.0,3.924000000000003,6.129234313964844,3.9004829717672016,2.383264764580292,3.9240000000000004,True,AVOIDED,0.0,0.0,0.0,freeze,latency_comp_all,26600009,oracle,0
proposed_enhanced_pred_d0f,proposed_enhanced,0,30.0,0.85,20.0,20.0,True,,0.4482490142761577,8.775172920364815,0.5363649016095646,30.0,0.0,8.3385,4.346763610839844,4.122553201573979,6.9185551592001575,8.3385,True,AVOIDED,0.0,0.0,0.0,freeze,latency_comp_all,26600010,oracle,0
proposed_enhanced_pred_d0f,proposed_enhanced,0,30.0,0.85,25.0,20.0,True,,0.3702462741230823,9.063808936728469,0.7784635386846538,30.0,0.0,8.3385,6.079704284667969,4.044443867631996,5.305284457571184,8.3385,True,AVOIDED,0.0,0.0,0.0,freeze,latency_comp_all,26600011,oracle,0
proposed_enhanced_pred_d0f,proposed_enhanced,0,30.0,0.85,30.0,20.0,True,,0.3696257606473301,0.0,0.7799113009993229,30.0,0.0,8.3385,6.079586029052734,4.043709182874444,5.305106906901853,8.3385,True,AVOIDED,0.0,0.0,0.0,freeze,latency_comp_all,26600012,oracle,0
proposed_enhanced_pred_d0f,proposed_enhanced,0,30.0,0.85,35.0,20.0,True,,0.37025006969740293,9.063808936728469,0.7784639980820746,30.0,0.0,8.3385,6.079704284667969,4.044447663205551,5.305281323157405,8.3385,True,AVOIDED,0.0,0.0,0.0,freeze,latency_comp_all,26600013,oracle,0
proposed_enhanced_pred_d0f,proposed_enhanced,0,30.0,0.85,40.0,20.0,True,,0.36992705430331885,9.062061467275186,0.7792492261144797,30.0,0.0,8.3385,6.080097198486328,4.044071218056367,5.305344739008538,8.3385,True,AVOIDED,0.0,0.0,0.0,freeze,latency_comp_all,26600014,oracle,0
proposed_enhanced_pred_d0f,proposed_enhanced,0,30.0,0.4,20.0,20.0,True,,0.37153674755455146,4.2007117416867015,1.4363360481667833,30.0,0.0,3.924000000000003,12.284683227539062,4.0458409348523725,2.43371517620615,3.9240000000000004,True,AVOIDED,0.0,0.0,0.0,freeze,latency_comp_all,26600015,oracle,0
proposed_enhanced_pred_d0f,proposed_enhanced,0,30.0,0.4,25.0,20.0,True,,1.0073055749161766,4.0639557092327,1.1524483666416514,30.0,0.0,3.924000000000003,9.165351867675781,4.6814649237391235,3.3316693273856473,3.9240000000000004,True,AVOIDED,0.0,0.0,0.0,freeze,latency_comp_all,26600016,oracle,0
proposed_enhanced_pred_d0f,proposed_enhanced,0,30.0,0.4,30.0,20.0,True,,0.6329524937880704,0.0,1.6728140175379718,30.0,0.0,3.924000000000003,13.676406860351562,4.307256681085891,2.3879851001634935,3.9240000000000004,True,AVOIDED,0.0,0.0,0.0,freeze,latency_comp_all,26600017,oracle,0
proposed_enhanced_pred_d0f,proposed_enhanced,0,30.0,0.4,35.0,20.0,True,,0.6357928535057873,3.5057601968077434,1.7290123609883672,30.0,0.0,3.924000000000003,13.67474365234375,4.310097040803608,2.3901463996959005,3.9240000000000004,True,AVOIDED,0.0,0.0,0.0,freeze,latency_comp_all,26600018,oracle,0
proposed_enhanced_pred_d0f,proposed_enhanced,0,30.0,0.4,40.0,20.0,True,,0.6356380848822489,3.50557374243105,1.7308080242482524,30.0,0.0,3.924000000000003,13.675102233886719,4.30994227218007,2.390125282715792,3.9240000000000004,True,AVOIDED,0.0,0.0,0.0,freeze,latency_comp_all,26600019,oracle,0
proposed_enhanced_pred_d0f,proposed_enhanced,0,40.0,0.85,20.0,20.0,False,vehicle.ue4.audi.tt,0.0,0.0,0.1501102073874885,20.694892677663113,19.305107322336887,8.338499999999982,0.0,3.8819999398502856,33.28535665424344,8.3385,True,COLLISION with vehicle.ue4.audi.tt,0.0,0.0,0.0,freeze,latency_comp_all,26600020,oracle,0
proposed_enhanced_pred_d0f,proposed_enhanced,0,40.0,0.85,25.0,20.0,False,vehicle.ue4.audi.tt,0.0,8.62440697473196,0.6149612830747088,39.399104871108065,0.6008951288919321,8.3385,0.0,3.8158108518826235,8.417455933979024,8.3385,True,COLLISION with vehicle.ue4.audi.tt,0.0,0.0,0.0,freeze,latency_comp_all,26600021,oracle,0
proposed_enhanced_pred_d0f,proposed_enhanced,0,40.0,0.85,30.0,20.0,True,,0.4810580141458134,7.464815042622891,1.0491368030451966,40.0,0.0,8.3385,11.604576110839844,4.155362201443634,5.008331380756813,8.3385,True,AVOIDED,0.0,0.0,0.0,freeze,latency_comp_all,26600022,oracle,0
proposed_enhanced_pred_d0f,proposed_enhanced,0,40.0,0.85,35.0,20.0,True,,0.4823449403429292,7.464558147678174,1.0933288826888092,40.0,0.0,8.3385,11.604576110839844,4.15664912764075,5.042133668901332,8.3385,True,AVOIDED,0.0,0.0,0.0,freeze,latency_comp_all,26600023,oracle,0
proposed_enhanced_pred_d0f,proposed_enhanced,0,40.0,0.85,40.0,20.0,True,,0.4810617902742651,7.464815042622891,1.0934367949226678,40.0,0.0,8.3385,11.604576110839844,4.155365977572086,5.042284615387712,8.3385,True,AVOIDED,0.0,0.0,0.0,freeze,latency_comp_all,26600024,oracle,0
proposed_enhanced_pred_d0f,proposed_enhanced,0,40.0,0.4,20.0,20.0,False,vehicle.ue4.audi.tt,0.0,0.0,1.2518607036226785,33.08860290601171,6.911397093988291,3.924000000000003,0.0,3.820263313116803,3.9603839026224663,3.9240000000000004,True,COLLISION with vehicle.ue4.audi.tt,0.0,0.0,0.0,freeze,latency_comp_all,26600025,oracle,0
proposed_enhanced_pred_d0f,proposed_enhanced,0,40.0,0.4,25.0,20.0,True,,0.959654028780565,4.035941230617559,1.6838269796147827,40.0,0.0,3.924000000000003,18.301773071289062,4.633958216078386,2.9670315408161603,3.9240000000000004,True,AVOIDED,0.0,0.0,0.0,freeze,latency_comp_all,26600026,oracle,0
proposed_enhanced_pred_d0f,proposed_enhanced,0,40.0,0.4,30.0,20.0,True,,1.068782799805252,4.002095125831429,2.0880054026910475,40.0,0.0,3.924000000000003,23.160781860351562,4.743086987103073,2.4097439560587066,3.9240000000000004,True,AVOIDED,0.0,0.0,0.0,freeze,latency_comp_all,26600027,oracle,0
proposed_enhanced_pred_d0f,proposed_enhanced,0,40.0,0.4,35.0,20.0,True,,1.4947955446336891,4.06738792333732,1.5397127114380706,40.0,0.0,3.924000000000003,16.109716415405273,5.169084438389189,3.4490762113198645,3.9240000000000004,True,AVOIDED,0.0,0.0,0.0,freeze,latency_comp_all,26600028,oracle,0
proposed_enhanced_pred_d0f,proposed_enhanced,0,40.0,0.4,40.0,20.0,True,,1.3344178746672473,4.036013133195462,1.9882779080849502,40.0,0.0,3.924000000000003,21.239639282226562,5.008722061965068,2.692462526255323,3.9240000000000004,True,AVOIDED,0.0,0.0,0.0,freeze,latency_comp_all,26600029,oracle,0
proposed_enhanced_pred_d0f,proposed_enhanced,0,50.0,0.85,20.0,20.0,False,vehicle.ue4.audi.tt,0.0,9.179577207985744,1.0283507624270962,45.69731151052262,4.302688489477385,8.3385,0.0,3.8129846952657265,6.251445427884491,8.3385,True,COLLISION with vehicle.ue4.audi.tt,0.0,0.0,0.0,freeze,latency_comp_all,26600030,oracle,0
proposed_enhanced_pred_d0f,proposed_enhanced,0,50.0,0.85,25.0,20.0,True,,0.4499514719733213,0.0,1.2725908831472932,50.0,0.0,8.3385,17.285221099853516,4.124026959481716,5.040656595873728,8.3385,True,AVOIDED,0.0,0.0,0.0,freeze,latency_comp_all,26600031,oracle,0
proposed_enhanced_pred_d0f,proposed_enhanced,0,50.0,0.85,30.0,20.0,False,vehicle.ue4.audi.tt,0.0,0.0,0.613945021705189,38.19292828846796,11.807071711532037,8.338500000000018,0.0,3.8331226666580007,10.750528962788541,8.3385,True,COLLISION with vehicle.ue4.audi.tt,0.0,0.0,0.0,freeze,latency_comp_all,26600032,oracle,0
proposed_enhanced_pred_d0f,proposed_enhanced,0,50.0,0.85,35.0,20.0,True,,1.282818156992799,9.046357090180177,1.0049640659373305,50.0,0.0,8.338500000000018,13.001171112060547,4.95712234429062,6.639201261619354,8.3385,True,AVOIDED,0.0,0.0,0.0,freeze,latency_comp_all,26600033,oracle,0
proposed_enhanced_pred_d0f,proposed_enhanced,0,50.0,0.85,40.0,20.0,True,,0.8168186771658936,7.887537014781814,1.305084581052742,50.0,0.0,8.338500000000018,17.609844207763672,4.490871909313803,5.16126828009213,8.3385,True,AVOIDED,0.0,0.0,0.0,freeze,latency_comp_all,26600034,oracle,0
proposed_enhanced_pred_d0f,proposed_enhanced,0,50.0,0.4,20.0,20.0,False,vehicle.ue4.audi.tt,0.0,0.0,1.0283095496803998,30.89710919269787,19.10289080730213,3.9239999999999853,0.0,3.931804011362903,6.252550149773482,3.9240000000000004,True,COLLISION with vehicle.ue4.audi.tt,0.0,0.0,0.0,freeze,latency_comp_all,26600035,oracle,0
proposed_enhanced_pred_d0f,proposed_enhanced,0,50.0,0.4,25.0,20.0,False,vehicle.ue4.audi.tt,0.0,0.0,1.3758346436684956,38.277805660868836,11.722194339131166,3.924000000000003,0.0,3.8306275281397872,4.67320867168864,3.9240000000000004,True,COLLISION with vehicle.ue4.audi.tt,0.0,0.0,0.0,freeze,latency_comp_all,26600036,oracle,0
proposed_enhanced_pred_d0f,proposed_enhanced,0,50.0,0.4,30.0,20.0,True,,0.17951965028795547,4.043905941500906,1.693193044708282,50.0,0.0,3.924000000000003,23.768539428710938,3.8538238375857765,3.810387753672799,3.9240000000000004,True,AVOIDED,0.0,0.0,0.0,freeze,latency_comp_all,26600037,oracle,0
proposed_enhanced_pred_d0f,proposed_enhanced,0,50.0,0.4,35.0,20.0,True,,2.0889202753311755,3.9921376942202413,2.0676783353048585,50.0,0.0,3.924000000000003,27.380136489868164,5.763090991476515,3.138659343808589,3.9240000000000004,True,AVOIDED,0.0,0.0,0.0,freeze,latency_comp_all,26600038,oracle,0
proposed_enhanced_pred_d0f,proposed_enhanced,0,50.0,0.4,40.0,20.0,True,,2.0421813354331375,4.0181403790707355,2.4010143280389222,50.0,0.0,3.924000000000003,32.258137702941895,5.716485522730959,2.716103077871017,3.9240000000000004,True,AVOIDED,0.0,0.0,0.0,freeze,latency_comp_all,26600039,oracle,0
proposed_enhanced_pred_d0f,proposed_enhanced,0,60.0,0.85,20.0,20.0,False,vehicle.ue4.audi.tt,0.0,0.0,0.8715222210920067,44.84740935167251,15.152590648327486,8.3385,0.0,3.8926817520277406,9.086393451542861,8.3385,True,COLLISION with vehicle.ue4.audi.tt,0.0,0.0,0.0,freeze,latency_comp_all,26600040,oracle,0
proposed_enhanced_pred_d0f,proposed_enhanced,0,60.0,0.85,25.0,20.0,True,,0.5394924928235163,8.499512357079121,1.1321023594448238,60.0,0.0,8.3385,17.8830509185791,4.213796680121337,6.9582527156196,8.3385,True,AVOIDED,0.0,0.0,0.0,freeze,latency_comp_all,26600041,oracle,0
proposed_enhanced_pred_d0f,proposed_enhanced,0,60.0,0.85,30.0,20.0,True,,0.9990036265194631,8.958729680127387,1.450181401363242,60.0,0.0,8.3385,23.221839904785156,4.673128729056905,5.434061926855033,8.3385,True,AVOIDED,0.0,0.0,0.0,freeze,latency_comp_all,26600042,oracle,0
proposed_enhanced_pred_d0f,proposed_enhanced,0,60.0,0.85,35.0,20.0,True,,1.037472034860916,8.210602880240085,1.5297888343786956,60.0,0.0,8.3385,24.8402042388916,4.71160087264355,5.160787367370734,8.3385,True,AVOIDED,0.0,0.0,0.0,freeze,latency_comp_all,26600043,oracle,0
proposed_enhanced_pred_d0f,proposed_enhanced,0,60.0,0.85,40.0,20.0,False,vehicle.ue4.audi.tt,0.0,8.76915442590436,0.9409190833451215,57.005421690817684,2.994578309182313,8.3385,0.0,3.812551458609789,8.58376355436793,8.3385,True,COLLISION with vehicle.ue4.audi.tt,0.0,0.0,0.0,freeze,latency_comp_all,26600044,oracle,0
proposed_enhanced_pred_d0f,proposed_enhanced,0,60.0,0.4,20.0,20.0,False,vehicle.ue4.audi.tt,0.0,0.0,0.8715254526935651,23.42066973115253,36.57933026884747,3.924000000000021,0.0,4.306487111253795,9.086313642403866,3.9240000000000004,True,COLLISION with vehicle.ue4.audi.tt,0.0,0.0,0.0,freeze,latency_comp_all,26600045,oracle,0
proposed_enhanced_pred_d0f,proposed_enhanced,0,60.0,0.4,25.0,20.0,False,vehicle.ue4.audi.tt,0.0,0.0,1.1320984504324096,38.97266202140629,21.027337978593703,3.924000000000021,0.0,3.8361552806586485,6.958298042137608,3.9240000000000004,True,COLLISION with vehicle.ue4.audi.tt,0.0,0.0,0.0,freeze,latency_comp_all,26600046,oracle,0
proposed_enhanced_pred_d0f,proposed_enhanced,0,60.0,0.4,30.0,20.0,False,vehicle.ue4.audi.tt,0.0,0.0,1.4501192873057958,43.538322110839424,16.461677889160576,3.924000000000021,0.0,3.8253907621853926,5.434264361626166,3.9240000000000004,True,COLLISION with vehicle.ue4.audi.tt,0.0,0.0,0.0,freeze,latency_comp_all,26600047,oracle,0
proposed_enhanced_pred_d0f,proposed_enhanced,0,60.0,0.4,35.0,20.0,False,vehicle.ue4.audi.tt,0.0,0.0,1.7309820417473594,47.550827681529086,12.449172318470913,3.924000000000021,0.0,3.8217315018061844,4.564112807088881,3.9240000000000004,True,COLLISION with vehicle.ue4.audi.tt,0.0,0.0,0.0,freeze,latency_comp_all,26600048,oracle,0
proposed_enhanced_pred_d0f,proposed_enhanced,0,60.0,0.4,40.0,20.0,False,vehicle.ue4.audi.tt,0.0,4.065042883689418,2.016186606957437,56.80056542842427,3.1994345715757304,3.924000000000021,0.0,3.814060065192188,3.9298737880746435,3.9240000000000004,True,COLLISION with vehicle.ue4.audi.tt,0.0,0.0,0.0,freeze,latency_comp_all,26600049,oracle,0
proposed_enhanced_pred_d4f,proposed_enhanced,4,20.0,0.85,20.0,20.0,True,,0.21530107777467,10.885593445560641,0.50221593900524,20.0,0.0,8.3385,2.5582046508789062,3.889392908801973,5.462576504708151,8.3385,True,AVOIDED,0.0,0.0,0.0,freeze,latency_comp_all,26640000,oracle,4
proposed_enhanced_pred_d4f,proposed_enhanced,4,20.0,0.85,25.0,20.0,True,,0.2162533646684044,10.888755969504496,0.5028584719653698,20.0,0.0,8.3385,2.557849884033203,3.8903366072683605,5.460013796355304,8.3385,True,AVOIDED,0.0,0.0,0.0,freeze,latency_comp_all,26640001,oracle,4
proposed_enhanced_pred_d4f,proposed_enhanced,4,20.0,0.85,30.0,20.0,True,,0.2152972418935457,10.885593445560641,0.50221593900524,20.0,0.0,8.3385,2.5582046508789062,3.8893890729190055,5.462576504708151,8.3385,True,AVOIDED,0.0,0.0,0.0,freeze,latency_comp_all,26640002,oracle,4
proposed_enhanced_pred_d4f,proposed_enhanced,4,20.0,0.85,35.0,20.0,True,,0.2162533646684044,10.888755969504496,0.5028584719653698,20.0,0.0,8.3385,2.557849884033203,3.8903366072683605,5.460013796355304,8.3385,True,AVOIDED,0.0,0.0,0.0,freeze,latency_comp_all,26640003,oracle,4
proposed_enhanced_pred_d4f,proposed_enhanced,4,20.0,0.85,40.0,20.0,True,,0.21530103643251586,10.885593445560641,0.5022159368769763,20.0,0.0,8.3385,2.5582046508789062,3.889392867454668,5.46257652108908,8.3385,True,AVOIDED,0.0,0.0,0.0,freeze,latency_comp_all,26640004,oracle,4
proposed_enhanced_pred_d4f,proposed_enhanced,4,20.0,0.4,20.0,20.0,True,,0.34942286037880077,3.4819146158563608,1.1546205321726486,20.0,0.0,3.924000000000003,6.006122589111328,4.023727047676622,2.383266193579067,3.9240000000000004,True,AVOIDED,0.0,0.0,0.0,freeze,latency_comp_all,26640005,oracle,4
proposed_enhanced_pred_d4f,proposed_enhanced,4,20.0,0.4,25.0,20.0,True,,0.34915750185083194,3.481995486290902,1.1541059223554937,20.0,0.0,3.924000000000003,6.005695343017578,4.023461689148653,2.3833850196249022,3.9240000000000004,True,AVOIDED,0.0,0.0,0.0,freeze,latency_comp_all,26640006,oracle,4
proposed_enhanced_pred_d4f,proposed_enhanced,4,20.0,0.4,30.0,20.0,True,,0.34942286037880077,3.4819146158563608,1.1546205321726486,20.0,0.0,3.924000000000003,6.006122589111328,4.023727047676622,2.383266193579067,3.9240000000000004,True,AVOIDED,0.0,0.0,0.0,freeze,latency_comp_all,26640007,oracle,4
proposed_enhanced_pred_d4f,proposed_enhanced,4,20.0,0.4,35.0,20.0,True,,0.34915750185083194,3.481995486290902,1.1541059223554937,20.0,0.0,3.924000000000003,6.005695343017578,4.023461689148653,2.3833850196249022,3.9240000000000004,True,AVOIDED,0.0,0.0,0.0,freeze,latency_comp_all,26640008,oracle,4
proposed_enhanced_pred_d4f,proposed_enhanced,4,20.0,0.4,40.0,20.0,True,,0.3494266549746303,3.4819146158563608,1.1546212236387472,20.0,0.0,3.924000000000003,6.006122589111328,4.023730842272451,2.383264764580292,3.9240000000000004,True,AVOIDED,0.0,0.0,0.0,freeze,latency_comp_all,26640009,oracle,4
proposed_enhanced_pred_d4f,proposed_enhanced,4,30.0,0.85,20.0,20.0,False,vehicle.ue4.audi.tt,0.0,0.0,0.3602305025858375,22.94092181384575,7.059078186154248,8.3385,0.0,3.8192211049661604,10.846931890636263,8.3385,True,COLLISION with vehicle.ue4.audi.tt,0.0,0.0,0.0,freeze,latency_comp_all,26640010,oracle,4
proposed_enhanced_pred_d4f,proposed_enhanced,4,30.0,0.85,25.0,20.0,True,,0.4031592536820945,7.780764372175192,0.830085204978121,30.0,0.0,8.3385,6.460865020751953,4.0774634409799155,4.984353453698729,8.3385,True,AVOIDED,0.0,0.0,0.0,freeze,latency_comp_all,26640011,oracle,4
proposed_enhanced_pred_d4f,proposed_enhanced,4,30.0,0.85,30.0,20.0,True,,0.3699232719256562,9.062061467275186,0.7792487672891447,30.0,0.0,8.3385,6.080097198486328,4.044067435680054,5.305347869072875,8.3385,True,AVOIDED,0.0,0.0,0.0,freeze,latency_comp_all,26640012,oracle,4
proposed_enhanced_pred_d4f,proposed_enhanced,4,30.0,0.85,35.0,20.0,True,,0.37025006969740293,9.063808936728469,0.7784639980820746,30.0,0.0,8.3385,6.079704284667969,4.044447663205551,5.305281323157405,8.3385,True,AVOIDED,0.0,0.0,0.0,freeze,latency_comp_all,26640013,oracle,4
proposed_enhanced_pred_d4f,proposed_enhanced,4,30.0,0.85,40.0,20.0,True,,0.36992705430331885,9.062061467275186,0.7792492261144797,30.0,0.0,8.3385,6.080097198486328,4.044071218056367,5.305344739008538,8.3385,True,AVOIDED,0.0,0.0,0.0,freeze,latency_comp_all,26640014,oracle,4
proposed_enhanced_pred_d4f,proposed_enhanced,4,30.0,0.4,20.0,20.0,True,,0.373139070716066,4.019362245863514,1.3854859055946107,30.0,0.0,3.924000000000003,11.869022369384766,4.047443258013887,2.5219207960661274,3.9240000000000004,True,AVOIDED,0.0,0.0,0.0,freeze,latency_comp_all,26640015,oracle,4
proposed_enhanced_pred_d4f,proposed_enhanced,4,30.0,0.4,25.0,20.0,False,vehicle.ue4.audi.tt,0.0,4.020244240493949,0.9958098029143205,29.165185552790476,0.834814447209526,3.924000000000003,0.0,3.8094543444280373,4.011785511957171,3.9240000000000004,True,COLLISION with vehicle.ue4.audi.tt,0.0,0.0,0.0,freeze,latency_comp_all,26640016,oracle,4
proposed_enhanced_pred_d4f,proposed_enhanced,4,30.0,0.4,30.0,20.0,True,,0.6076190080316559,3.7317929969010186,1.6376998921106063,30.0,0.0,3.924000000000003,13.289115905761719,4.281923195329477,2.4606369855749106,3.9240000000000004,True,AVOIDED,0.0,0.0,0.0,freeze,latency_comp_all,26640017,oracle,4
proposed_enhanced_pred_d4f,proposed_enhanced,4,30.0,0.4,35.0,20.0,True,,0.6357928535057873,3.5057601968077434,1.7290123609883672,30.0,0.0,3.924000000000003,13.67474365234375,4.310097040803608,2.3901463996959005,3.9240000000000004,True,AVOIDED,0.0,0.0,0.0,freeze,latency_comp_all,26640018,oracle,4
proposed_enhanced_pred_d4f,proposed_enhanced,4,30.0,0.4,40.0,20.0,True,,0.6356380848822489,3.50557374243105,1.7308080242482524,30.0,0.0,3.924000000000003,13.675102233886719,4.30994227218007,2.390125282715792,3.9240000000000004,True,AVOIDED,0.0,0.0,0.0,freeze,latency_comp_all,26640019,oracle,4
proposed_enhanced_pred_d4f,proposed_enhanced,4,40.0,0.85,20.0,20.0,False,vehicle.ue4.audi.tt,0.0,8.934876766918954,0.9463604066686162,39.002340427138215,0.9976595728617823,8.338500000000018,0.0,3.813756627157435,5.218672041779499,8.3385,True,COLLISION with vehicle.ue4.audi.tt,0.0,0.0,0.0,freeze,latency_comp_all,26640020,oracle,4
proposed_enhanced_pred_d4f,proposed_enhanced,4,40.0,0.85,25.0,20.0,False,vehicle.ue4.audi.tt,0.0,0.0,0.4314534600304656,28.50641204651218,11.493587953487818,8.338500000000018,0.0,3.833313468780505,12.376621174100213,8.3385,True,COLLISION with vehicle.ue4.audi.tt,0.0,0.0,0.0,freeze,latency_comp_all,26640021,oracle,4
proposed_enhanced_pred_d4f,proposed_enhanced,4,40.0,0.85,30.0,20.0,True,,0.7159410634398577,9.345480061721661,0.8744985452733318,40.0,0.0,8.338500000000018,9.161537170410156,4.390020360307489,6.164842930542527,8.3385,True,AVOIDED,0.0,0.0,0.0,freeze,latency_comp_all,26640022,oracle,4
proposed_enhanced_pred_d4f,proposed_enhanced,4,40.0,0.85,35.0,20.0,True,,0.7310510245419781,7.866876734938855,1.0933288826888092,40.0,0.0,8.338500000000018,11.355537414550781,4.405130418307995,5.042133668901332,8.3385,True,AVOIDED,0.0,0.0,0.0,freeze,latency_comp_all,26640023,oracle,4
proposed_enhanced_pred_d4f,proposed_enhanced,4,40.0,0.85,40.0,20.0,True,,0.7296881697895987,7.866816028342706,1.0934367949226678,40.0,0.0,8.338500000000018,11.355693817138672,4.403771266000552,5.042284615387712,8.3385,True,AVOIDED,0.0,0.0,0.0,freeze,latency_comp_all,26640024,oracle,4
proposed_enhanced_pred_d4f,proposed_enhanced,4,40.0,0.4,20.0,20.0,False,vehicle.ue4.audi.tt,0.0,0.0,1.046964954574268,29.402615634387985,10.597384365612015,3.924000000000003,0.0,3.824436355858704,4.717663290954602,3.9240000000000004,True,COLLISION with vehicle.ue4.audi.tt,0.0,0.0,0.0,freeze,latency_comp_all,26640025,oracle,4
proposed_enhanced_pred_d4f,proposed_enhanced,4,40.0,0.4,25.0,20.0,True,,0.9471470684598442,4.068845722504335,1.4817608612526953,40.0,0.0,3.924000000000003,16.106367111206055,4.621420715165487,3.3682021659632118,3.9240000000000004,True,AVOIDED,0.0,0.0,0.0,freeze,latency_comp_all,26640026,oracle,4
proposed_enhanced_pred_d4f,proposed_enhanced,4,40.0,0.4,30.0,20.0,True,,1.345832702227443,4.0677108867251865,1.8896233376098541,40.0,0.0,3.924000000000003,20.67559242248535,5.020121656306624,2.66486712172402,3.9240000000000004,True,AVOIDED,0.0,0.0,0.0,freeze,latency_comp_all,26640027,oracle,4
proposed_enhanced_pred_d4f,proposed_enhanced,4,40.0,0.4,35.0,20.0,True,,1.1253670597710164,3.604705371329394,2.1708887483182764,40.0,0.0,3.924000000000003,24.207155227661133,4.7995301781779744,2.356590762637794,3.9240000000000004,True,AVOIDED,0.0,0.0,0.0,freeze,latency_comp_all,26640028,oracle,4
proposed_enhanced_pred_d4f,proposed_enhanced,4,40.0,0.4,40.0,20.0,True,,1.4587747023885216,4.0032832451698575,1.8219743888460807,40.0,0.0,3.924000000000003,18.907228469848633,5.133078889686343,2.9904325390901367,3.9240000000000004,True,AVOIDED,0.0,0.0,0.0,freeze,latency_comp_all,26640029,oracle,4
proposed_enhanced_pred_d4f,proposed_enhanced,4,50.0,0.85,20.0,20.0,False,vehicle.ue4.audi.tt,0.0,9.31594599350639,0.8251043737093288,45.95629399825039,4.043706001749614,8.3385,0.0,3.809823030731732,7.766762818940709,8.3385,True,COLLISION with vehicle.ue4.audi.tt,0.0,0.0,0.0,freeze,latency_comp_all,26640030,oracle,4
proposed_enhanced_pred_d4f,proposed_enhanced,4,50.0,0.85,25.0,20.0,True,,0.7667900668663012,8.919969407292422,1.172875566223941,50.0,0.0,8.338500000000018,15.588506698608398,4.440865528577011,5.470597230148729,8.3385,True,AVOIDED,0.0,0.0,0.0,freeze,latency_comp_all,26640031,oracle,4
proposed_enhanced_pred_d4f,proposed_enhanced,4,50.0,0.85,30.0,20.0,False,vehicle.ue4.audi.tt,0.0,0.0,0.4251128672409044,32.96494167938121,17.03505832061879,8.338499999999982,0.0,3.853127439879511,15.854709969273962,8.3385,True,COLLISION with vehicle.ue4.audi.tt,0.0,0.0,0.0,freeze,latency_comp_all,26640032,oracle,4
proposed_enhanced_pred_d4f,proposed_enhanced,4,50.0,0.85,35.0,20.0,True,,0.518585667098856,9.046362227803,0.8215348332011302,50.0,0.0,8.338500000000018,11.005191802978516,4.192889854396677,8.266929885897758,8.3385,True,AVOIDED,0.0,0.0,0.0,freeze,latency_comp_all,26640033,oracle,4
proposed_enhanced_pred_d4f,proposed_enhanced,4,50.0,0.85,40.0,20.0,True,,1.1207282644778358,8.60801865519043,1.1699266167697713,50.0,0.0,8.338500000000018,15.234893798828125,4.794857163887753,5.825799091023202,8.3385,True,AVOIDED,0.0,0.0,0.0,freeze,latency_comp_all,26640034,oracle,4
proposed_enhanced_pred_d4f,proposed_enhanced,4,50.0,0.4,20.0,20.0,False,vehicle.ue4.audi.tt,0.0,0.0,0.8249089199307247,25.938487285660965,24.061512714339035,3.9239999999999853,0.0,3.9357549704739907,7.769280542248863,3.9240000000000004,True,COLLISION with vehicle.ue4.audi.tt,0.0,0.0,0.0,freeze,latency_comp_all,26640035,oracle,4
proposed_enhanced_pred_d4f,proposed_enhanced,4,50.0,0.4,25.0,20.0,False,vehicle.ue4.audi.tt,0.0,0.0,1.1726620741646545,35.55065179781639,14.449348202183609,3.924000000000003,0.0,3.837152725295864,5.470290829535227,3.9240000000000004,True,COLLISION with vehicle.ue4.audi.tt,0.0,0.0,0.0,freeze,latency_comp_all,26640036,oracle,4
proposed_enhanced_pred_d4f,proposed_enhanced,4,50.0,0.4,30.0,20.0,False,vehicle.ue4.audi.tt,0.0,0.0,1.4916298145059934,41.288130283152945,8.711869716847053,3.924000000000003,0.0,3.8237865128229553,4.321289169984538,3.9240000000000004,True,COLLISION with vehicle.ue4.audi.tt,0.0,0.0,0.0,freeze,latency_comp_all,26640037,oracle,4
proposed_enhanced_pred_d4f,proposed_enhanced,4,50.0,0.4,35.0,20.0,True,,2.11897527325472,4.017900678005325,1.8680985585458059,50.0,0.0,3.924000000000003,24.589210510253906,5.793279460552541,3.4749540424911953,3.9240000000000004,True,AVOIDED,0.0,0.0,0.0,freeze,latency_comp_all,26640038,oracle,4
proposed_enhanced_pred_d4f,proposed_enhanced,4,50.0,0.4,40.0,20.0,True,,2.2370622456733322,3.992376832696185,2.2030793383321985,50.0,0.0,3.924000000000003,29.302215576171875,5.911229162584957,2.96301843113483,3.9240000000000004,True,AVOIDED,0.0,0.0,0.0,freeze,latency_comp_all,26640039,oracle,4
proposed_enhanced_pred_d4f,proposed_enhanced,4,60.0,0.85,20.0,20.0,False,vehicle.ue4.audi.tt,0.0,0.0,0.670785902381957,34.22910953234529,25.77089046765471,8.338499999999982,0.0,4.253234666754053,11.79884231501812,8.3385,True,COLLISION with vehicle.ue4.audi.tt,0.0,0.0,0.0,freeze,latency_comp_all,26640040,oracle,4
proposed_enhanced_pred_d4f,proposed_enhanced,4,60.0,0.85,25.0,20.0,False,vehicle.ue4.audi.tt,0.0,0.0,0.9294034956742118,52.190497991760125,7.809502008239871,8.3385,0.0,3.824657886349898,8.455953702939368,8.3385,True,COLLISION with vehicle.ue4.audi.tt,0.0,0.0,0.0,freeze,latency_comp_all,26640041,oracle,4
proposed_enhanced_pred_d4f,proposed_enhanced,4,60.0,0.85,30.0,20.0,True,,1.1608801513232265,8.853525974925764,1.2479717187943842,60.0,0.0,8.3385,19.74594497680664,4.835009061955777,6.304709176506745,8.3385,True,AVOIDED,0.0,0.0,0.0,freeze,latency_comp_all,26640042,oracle,4
proposed_enhanced_pred_d4f,proposed_enhanced,4,60.0,0.85,35.0,20.0,True,,1.4372770855266843,8.498344057409467,1.5297888343786956,60.0,0.0,8.3385,24.440031051635742,5.111581272824505,5.160787367370734,8.3385,True,AVOIDED,0.0,0.0,0.0,freeze,latency_comp_all,26640043,oracle,4
proposed_enhanced_pred_d4f,proposed_enhanced,4,60.0,0.85,40.0,20.0,False,vehicle.ue4.audi.tt,0.0,0.0,0.7521993952529648,45.280809773534486,14.719190226465512,8.3385,0.0,3.8190839221991464,10.877773157613753,8.3385,True,COLLISION with vehicle.ue4.audi.tt,0.0,0.0,0.0,freeze,latency_comp_all,26640044,oracle,4
proposed_enhanced_pred_d4f,proposed_enhanced,4,60.0,0.4,20.0,20.0,False,vehicle.ue4.audi.tt,0.0,0.0,0.6707924490490013,16.435704488022743,43.56429551197726,3.924000000000021,0.0,3.872325855967398,11.798708468874347,3.9240000000000004,True,COLLISION with vehicle.ue4.audi.tt,0.0,0.0,0.0,freeze,latency_comp_all,26640045,oracle,4
proposed_enhanced_pred_d4f,proposed_enhanced,4,60.0,0.4,25.0,20.0,False,vehicle.ue4.audi.tt,0.0,0.0,0.9293366187682541,35.33210959001211,24.667890409987894,3.924000000000021,0.0,3.8863840658430533,8.45655811016081,3.9240000000000004,True,COLLISION with vehicle.ue4.audi.tt,0.0,0.0,0.0,freeze,latency_comp_all,26640046,oracle,4
proposed_enhanced_pred_d4f,proposed_enhanced,4,60.0,0.4,30.0,20.0,False,vehicle.ue4.audi.tt,0.0,0.0,1.24797716245846,41.23604889858497,18.763951101415028,3.924000000000021,0.0,3.8664679568922464,6.304676199433903,3.9240000000000004,True,COLLISION with vehicle.ue4.audi.tt,0.0,0.0,0.0,freeze,latency_comp_all,26640047,oracle,4
proposed_enhanced_pred_d4f,proposed_enhanced,4,60.0,0.4,35.0,20.0,False,vehicle.ue4.audi.tt,0.0,0.0,1.5297743963589783,44.44149396304435,15.55850603695565,3.924000000000021,0.0,3.8167447150270206,5.160809466827104,3.9240000000000004,True,COLLISION with vehicle.ue4.audi.tt,0.0,0.0,0.0,freeze,latency_comp_all,26640048,oracle,4
proposed_enhanced_pred_d4f,proposed_enhanced,4,60.0,0.4,40.0,20.0,False,vehicle.ue4.audi.tt,0.0,0.0,1.8161484633635292,49.7839515757192,10.2160484242808,3.924000000000021,0.0,3.826820466350778,4.362719119167426,3.9240000000000004,True,COLLISION with vehicle.ue4.audi.tt,0.0,0.0,0.0,freeze,latency_comp_all,26640049,oracle,4
proposed_enhanced_pred_d8f,proposed_enhanced,8,20.0,0.85,20.0,20.0,True,,0.35420742942781125,10.049851427149354,0.50221593900524,20.0,0.0,8.3385,2.4194259643554688,4.028511616725632,5.462576504708151,8.3385,True,AVOIDED,0.0,0.0,0.0,freeze,latency_comp_all,26680000,oracle,8
proposed_enhanced_pred_d8f,proposed_enhanced,8,20.0,0.85,25.0,20.0,True,,0.35518839224429843,10.053458966506732,0.5028584719653698,20.0,0.0,8.3385,2.419025421142578,4.0294925795421195,5.460013796355304,8.3385,True,AVOIDED,0.0,0.0,0.0,freeze,latency_comp_all,26680001,oracle,8
proposed_enhanced_pred_d8f,proposed_enhanced,8,20.0,0.85,30.0,20.0,True,,0.35420742942781125,10.049851427149354,0.50221593900524,20.0,0.0,8.3385,2.4194259643554688,4.028511616725632,5.462576504708151,8.3385,True,AVOIDED,0.0,0.0,0.0,freeze,latency_comp_all,26680002,oracle,8
proposed_enhanced_pred_d8f,proposed_enhanced,8,20.0,0.85,35.0,20.0,True,,0.35518839224429843,10.053458966506732,0.5028584719653698,20.0,0.0,8.3385,2.419025421142578,4.0294925795421195,5.460013796355304,8.3385,True,AVOIDED,0.0,0.0,0.0,freeze,latency_comp_all,26680003,oracle,8
proposed_enhanced_pred_d8f,proposed_enhanced,8,20.0,0.85,40.0,20.0,True,,0.3542074161208806,10.049851427149354,0.5022159368769763,20.0,0.0,8.3385,2.4194259643554688,4.028511603418702,5.46257652108908,8.3385,True,AVOIDED,0.0,0.0,0.0,freeze,latency_comp_all,26680004,oracle,8
proposed_enhanced_pred_d8f,proposed_enhanced,8,20.0,0.4,20.0,20.0,True,,0.4645745393081455,4.053191064517509,1.101925096401156,20.0,0.0,3.924000000000003,5.615013122558594,4.138734076117204,2.490761681243327,3.9240000000000004,True,AVOIDED,0.0,0.0,0.0,freeze,latency_comp_all,26680005,oracle,8
proposed_enhanced_pred_d8f,proposed_enhanced,8,20.0,0.4,25.0,20.0,True,,0.4775125813635439,3.6339273224041113,1.1541059223554937,20.0,0.0,3.924000000000003,5.877143859863281,4.151767211625889,2.3833850196249022,3.9240000000000004,True,AVOIDED,0.0,0.0,0.0,freeze,latency_comp_all,26680006,oracle,8
proposed_enhanced_pred_d8f,proposed_enhanced,8,20.0,0.4,30.0,20.0,True,,0.4777451760453095,3.6338236973858287,1.1546205321726486,20.0,0.0,3.924000000000003,5.877586364746094,4.152003725064738,2.383266193579067,3.9240000000000004,True,AVOIDED,0.0,0.0,0.0,freeze,latency_comp_all,26680007,oracle,8
proposed_enhanced_pred_d8f,proposed_enhanced,8,20.0,0.4,35.0,20.0,True,,0.4775125813635439,3.6339273224041113,1.1541059223554937,20.0,0.0,3.924000000000003,5.877143859863281,4.151767211625889,2.3833850196249022,3.9240000000000004,True,AVOIDED,0.0,0.0,0.0,freeze,latency_comp_all,26680008,oracle,8
proposed_enhanced_pred_d8f,proposed_enhanced,8,20.0,0.4,40.0,20.0,True,,0.47774897146565376,3.6338236973858287,1.1546212236387472,20.0,0.0,3.924000000000003,5.877586364746094,4.152007520484674,2.383264764580292,3.9240000000000004,True,AVOIDED,0.0,0.0,0.0,freeze,latency_comp_all,26680009,oracle,8
proposed_enhanced_pred_d8f,proposed_enhanced,8,30.0,0.85,20.0,20.0,False,vehicle.ue4.audi.tt,0.0,0.0,0.17950838831954213,17.78202955807636,12.21797044192364,8.3385,0.0,3.82610003972065,23.0458701643787,8.3385,True,COLLISION with vehicle.ue4.audi.tt,0.0,0.0,0.0,freeze,latency_comp_all,26680010,oracle,8
proposed_enhanced_pred_d8f,proposed_enhanced,8,30.0,0.85,25.0,20.0,True,,0.5891322705905511,8.359268972132368,0.830085204978121,30.0,0.0,8.3385,6.274616241455078,4.26317734257264,4.984353453698729,8.3385,True,AVOIDED,0.0,0.0,0.0,freeze,latency_comp_all,26680011,oracle,8
proposed_enhanced_pred_d8f,proposed_enhanced,8,30.0,0.85,30.0,20.0,True,,0.771353789259626,9.28572585215772,0.7792487672891447,30.0,0.0,8.3385,5.678112030029297,4.445437018394396,5.305347869072875,8.3385,True,AVOIDED,0.0,0.0,0.0,freeze,latency_comp_all,26680012,oracle,8
proposed_enhanced_pred_d8f,proposed_enhanced,8,30.0,0.85,35.0,20.0,True,,0.7716749948634609,9.286883798967729,0.7784639980820746,30.0,0.0,8.3385,5.677711486816406,4.445807739774607,5.305281323157405,8.3385,True,AVOIDED,0.0,0.0,0.0,freeze,latency_comp_all,26680013,oracle,8
proposed_enhanced_pred_d8f,proposed_enhanced,8,30.0,0.85,40.0,20.0,True,,0.7713575750140951,9.28572585215772,0.7792492261144797,30.0,0.0,8.3385,5.678112030029297,4.4454408041471485,5.305344739008538,8.3385,True,AVOIDED,0.0,0.0,0.0,freeze,latency_comp_all,26680014,oracle,8
proposed_enhanced_pred_d8f,proposed_enhanced,8,30.0,0.4,20.0,20.0,True,,0.4835949377784692,0.0,1.1941449675239593,30.0,0.0,3.924000000000003,10.10275650024414,4.15789912507629,2.9452094143458565,3.9240000000000004,True,AVOIDED,0.0,0.0,0.0,freeze,latency_comp_all,26680015,oracle,8
proposed_enhanced_pred_d8f,proposed_enhanced,8,30.0,0.4,25.0,20.0,False,vehicle.ue4.audi.tt,0.0,0.0,0.8292035355852461,22.750310714471556,7.2496892855284445,3.924000000000003,0.0,3.822226024274242,4.984520522013013,3.9240000000000004,True,COLLISION with vehicle.ue4.audi.tt,0.0,0.0,0.0,freeze,latency_comp_all,26680016,oracle,8
proposed_enhanced_pred_d8f,proposed_enhanced,8,30.0,0.4,30.0,20.0,True,,1.0172535445076996,4.199970263882409,1.4776116270910808,30.0,0.0,3.924000000000003,11.224029541015625,4.691557731805521,2.7946166721676775,3.9240000000000004,True,AVOIDED,0.0,0.0,0.0,freeze,latency_comp_all,26680017,oracle,8
proposed_enhanced_pred_d8f,proposed_enhanced,8,30.0,0.4,35.0,20.0,True,,0.8276891474168462,3.6240983835525187,1.7290123609883672,30.0,0.0,3.924000000000003,13.482585906982422,4.50185239429147,2.3901463996959005,3.9240000000000004,True,AVOIDED,0.0,0.0,0.0,freeze,latency_comp_all,26680018,oracle,8
proposed_enhanced_pred_d8f,proposed_enhanced,8,30.0,0.4,40.0,20.0,True,,0.8275644328558709,3.623917450719677,1.7308080242482524,30.0,0.0,3.924000000000003,13.482925415039062,4.501731473874738,2.390125282715792,3.9240000000000004,True,AVOIDED,0.0,0.0,0.0,freeze,latency_comp_all,26680019,oracle,8
proposed_enhanced_pred_d8f,proposed_enhanced,8,40.0,0.85,20.0,20.0,True,,0.16618968576195137,9.346962418549344,0.8465473286584715,40.0,0.0,8.3385,9.160144805908203,3.8402997060146746,5.835759219291766,8.3385,True,AVOIDED,0.0,0.0,0.0,freeze,latency_comp_all,26680020,oracle,8
proposed_enhanced_pred_d8f,proposed_enhanced,8,40.0,0.85,25.0,20.0,False,vehicle.ue4.audi.tt,0.0,0.0,0.24517857213835018,24.20633336563904,15.793666634360958,8.338499999999982,0.0,3.8485046926728836,22.541146888299988,8.3385,True,COLLISION with vehicle.ue4.audi.tt,0.0,0.0,0.0,freeze,latency_comp_all,26680021,oracle,8
proposed_enhanced_pred_d8f,proposed_enhanced,8,40.0,0.85,30.0,20.0,True,,0.6888124929424357,8.620038801749367,0.6938928198789863,40.0,0.0,8.3385,6.980785369873047,4.362850068830969,7.946080631357774,8.3385,True,AVOIDED,0.0,0.0,0.0,freeze,latency_comp_all,26680022,oracle,8
proposed_enhanced_pred_d8f,proposed_enhanced,8,40.0,0.85,35.0,20.0,True,,0.7305818165803144,0.0,1.0944995716694188,40.0,0.0,8.338500000000018,11.355178833007812,4.404626941323,5.042134124223235,8.3385,True,AVOIDED,0.0,0.0,0.0,freeze,latency_comp_all,26680023,oracle,8
proposed_enhanced_pred_d8f,proposed_enhanced,8,40.0,0.85,40.0,20.0,True,,0.987781346154847,8.262226713972323,1.0934367949226678,40.0,0.0,8.338500000000018,11.097366333007812,4.661974957437754,5.042284615387712,8.3385,True,AVOIDED,0.0,0.0,0.0,freeze,latency_comp_all,26680024,oracle,8
proposed_enhanced_pred_d8f,proposed_enhanced,8,40.0,0.4,20.0,20.0,False,vehicle.ue4.audi.tt,0.0,0.0,0.8472841476221151,26.929665666482798,13.070334333517204,3.924000000000003,0.0,3.827476498098809,5.832591076227689,3.9240000000000004,True,COLLISION with vehicle.ue4.audi.tt,0.0,0.0,0.0,freeze,latency_comp_all,26680025,oracle,8
proposed_enhanced_pred_d8f,proposed_enhanced,8,40.0,0.4,25.0,20.0,False,vehicle.ue4.audi.tt,0.0,4.159319889110068,1.286049776893814,36.53804542598973,3.461954574010269,3.924000000000003,0.0,3.810335419049512,3.893183936666893,3.9240000000000004,True,COLLISION with vehicle.ue4.audi.tt,0.0,0.0,0.0,freeze,latency_comp_all,26680026,oracle,8
proposed_enhanced_pred_d8f,proposed_enhanced,8,40.0,0.4,30.0,20.0,True,,1.5083076202456311,4.034562794475078,1.698400359240459,40.0,0.0,3.924000000000003,18.305103302001953,5.182611807543452,2.978947304336597,3.9240000000000004,True,AVOIDED,0.0,0.0,0.0,freeze,latency_comp_all,26680027,oracle,8
proposed_enhanced_pred_d8f,proposed_enhanced,8,40.0,0.4,35.0,20.0,True,,1.1253670597710164,3.604705371329394,2.1708887483182764,40.0,0.0,3.924000000000003,24.207155227661133,4.7995301781779744,2.356590762637794,3.9240000000000004,True,AVOIDED,0.0,0.0,0.0,freeze,latency_comp_all,26680028,oracle,8
proposed_enhanced_pred_d8f,proposed_enhanced,8,40.0,0.4,40.0,20.0,True,,1.729873674655031,4.156008307088312,1.6465075966473397,40.0,0.0,3.924000000000003,16.42803382873535,5.404177861952852,3.354871570519521,3.9240000000000004,True,AVOIDED,0.0,0.0,0.0,freeze,latency_comp_all,26680029,oracle,8
proposed_enhanced_pred_d8f,proposed_enhanced,8,50.0,0.85,20.0,20.0,False,vehicle.ue4.audi.tt,0.0,0.0,0.6254226848048048,34.36381558545091,15.636184414549096,8.3385,0.0,3.9363965651281485,10.250921012933931,8.3385,True,COLLISION with vehicle.ue4.audi.tt,0.0,0.0,0.0,freeze,latency_comp_all,26680030,oracle,8
proposed_enhanced_pred_d8f,proposed_enhanced,8,50.0,0.85,25.0,20.0,True,,0.5932467568356978,0.0,0.9734362201214171,50.0,0.0,8.338500000000018,13.000446319580078,4.267550944133519,6.595650374497353,8.3385,True,AVOIDED,0.0,0.0,0.0,freeze,latency_comp_all,26680031,oracle,8
proposed_enhanced_pred_d8f,proposed_enhanced,8,50.0,0.85,30.0,20.0,True,,1.1165587925470835,9.046598564761176,1.2460909966658624,50.0,0.0,8.338500000000018,16.619525909423828,4.7908629798449045,5.1888792159519355,8.3385,True,AVOIDED,0.0,0.0,0.0,freeze,latency_comp_all,26680032,oracle,8
proposed_enhanced_pred_d8f,proposed_enhanced,8,50.0,0.85,35.0,20.0,False,vehicle.ue4.audi.tt,0.0,0.0,0.6344502527545771,38.13518390205608,11.86481609794392,8.3385,0.0,3.830973761840497,10.87866872900343,8.3385,True,COLLISION with vehicle.ue4.audi.tt,0.0,0.0,0.0,freeze,latency_comp_all,26680033,oracle,8
proposed_enhanced_pred_d8f,proposed_enhanced,8,50.0,0.85,40.0,20.0,True,,1.3749049097650126,9.175859808018688,0.984609701038447,50.0,0.0,8.3385,12.21954345703125,5.048961821794606,7.011545756049556,8.3385,True,AVOIDED,0.0,0.0,0.0,freeze,latency_comp_all,26680034,oracle,8
proposed_enhanced_pred_d8f,proposed_enhanced,8,50.0,0.4,20.0,20.0,False,vehicle.ue4.audi.tt,0.0,0.0,0.6250680005363485,20.75157535834846,29.24842464165154,3.9239999999999853,0.0,4.193440238153922,10.256952469040067,3.9240000000000004,True,COLLISION with vehicle.ue4.audi.tt,0.0,0.0,0.0,freeze,latency_comp_all,26680035,oracle,8
proposed_enhanced_pred_d8f,proposed_enhanced,8,50.0,0.4,25.0,20.0,False,vehicle.ue4.audi.tt,0.0,0.0,0.9733527292153142,32.874818668670535,17.125181331329465,3.9239999999999853,0.0,3.8297620422223915,6.594604035419896,3.9240000000000004,True,COLLISION with vehicle.ue4.audi.tt,0.0,0.0,0.0,freeze,latency_comp_all,26680036,oracle,8
proposed_enhanced_pred_d8f,proposed_enhanced,8,50.0,0.4,30.0,20.0,False,vehicle.ue4.audi.tt,0.0,0.0,1.2944811136998156,37.646831213773126,12.353168786226876,3.924000000000003,0.0,3.831842692356239,4.989176723794472,3.9240000000000004,True,COLLISION with vehicle.ue4.audi.tt,0.0,0.0,0.0,freeze,latency_comp_all,26680037,oracle,8
proposed_enhanced_pred_d8f,proposed_enhanced,8,50.0,0.4,35.0,20.0,True,,0.1808095887698533,4.0440465955635485,1.6734475785372707,50.0,0.0,3.924000000000003,23.7681941986084,3.8551137760676744,3.8907570748426785,3.9240000000000004,True,AVOIDED,0.0,0.0,0.0,freeze,latency_comp_all,26680038,oracle,8
proposed_enhanced_pred_d8f,proposed_enhanced,8,50.0,0.4,40.0,20.0,True,,2.184993769425427,4.0181403790707355,2.010411761460734,50.0,0.0,3.924000000000003,26.593353271484375,5.859297956723248,3.258314799801979,3.9240000000000004,True,AVOIDED,0.0,0.0,0.0,freeze,latency_comp_all,26680039,oracle,8
proposed_enhanced_pred_d8f,proposed_enhanced,8,60.0,0.85,20.0,20.0,False,vehicle.ue4.audi.tt,0.0,0.0,0.4734404456634141,20.29269792179651,39.70730207820349,8.338499999999982,0.0,3.9282677652263303,16.794691266305477,8.3385,True,COLLISION with vehicle.ue4.audi.tt,0.0,0.0,0.0,freeze,latency_comp_all,26680040,oracle,8
proposed_enhanced_pred_d8f,proposed_enhanced,8,60.0,0.85,25.0,20.0,False,vehicle.ue4.audi.tt,0.0,0.0,0.7293550259576411,43.8083360285403,16.191663971459697,8.338499999999982,0.0,3.818691889703911,10.775465526881122,8.3385,True,COLLISION with vehicle.ue4.audi.tt,0.0,0.0,0.0,freeze,latency_comp_all,26680041,oracle,8
proposed_enhanced_pred_d8f,proposed_enhanced,8,60.0,0.85,30.0,20.0,True,,1.150490400053819,8.958729680127387,1.0486823537284997,60.0,0.0,8.3385,16.442508697509766,4.8246193115878535,7.5070174821796645,8.3385,True,AVOIDED,0.0,0.0,0.0,freeze,latency_comp_all,26680042,oracle,8
proposed_enhanced_pred_d8f,proposed_enhanced,8,60.0,0.85,35.0,20.0,True,,1.476887071749255,8.958477758662102,1.3318323377819028,60.0,0.0,8.3385,21.086637496948242,5.150970278967487,5.935962690459567,8.3385,True,AVOIDED,0.0,0.0,0.0,freeze,latency_comp_all,26680043,oracle,8
proposed_enhanced_pred_d8f,proposed_enhanced,8,60.0,0.85,40.0,20.0,True,,1.475499473880718,7.902004887078044,1.5716803726100808,60.0,0.0,8.3385,25.230512619018555,5.1495826178936355,5.0570560524231905,8.3385,True,AVOIDED,0.0,0.0,0.0,freeze,latency_comp_all,26680044,oracle,8
proposed_enhanced_pred_d8f,proposed_enhanced,8,60.0,0.4,20.0,20.0,False,vehicle.ue4.audi.tt,0.0,0.0,0.4733928782011167,9.947728462132432,50.05227153786757,3.924000000000021,0.0,3.948764829123777,16.79644171629007,3.9240000000000004,True,COLLISION with vehicle.ue4.audi.tt,0.0,0.0,0.0,freeze,latency_comp_all,26680045,oracle,8
proposed_enhanced_pred_d8f,proposed_enhanced,8,60.0,0.4,25.0,20.0,False,vehicle.ue4.audi.tt,0.0,0.0,0.7293443298138454,31.24292509431548,28.75707490568452,3.924000000000021,0.0,3.9366804422392336,10.775579789032683,3.9240000000000004,True,COLLISION with vehicle.ue4.audi.tt,0.0,0.0,0.0,freeze,latency_comp_all,26680046,oracle,8
proposed_enhanced_pred_d8f,proposed_enhanced,8,60.0,0.4,30.0,20.0,False,vehicle.ue4.audi.tt,0.0,0.0,1.0486896109855894,38.934564377789485,21.065435622210515,3.924000000000021,0.0,3.8468244804294853,7.506969123169081,3.9240000000000004,True,COLLISION with vehicle.ue4.audi.tt,0.0,0.0,0.0,freeze,latency_comp_all,26680047,oracle,8
proposed_enhanced_pred_d8f,proposed_enhanced,8,60.0,0.4,35.0,20.0,False,vehicle.ue4.audi.tt,0.0,0.0,1.3318278882553787,42.103309553252245,17.89669044674775,3.924000000000021,0.0,3.8476581017942046,5.935991683909263,3.9240000000000004,True,COLLISION with vehicle.ue4.audi.tt,0.0,0.0,0.0,freeze,latency_comp_all,26680048,oracle,8
proposed_enhanced_pred_d8f,proposed_enhanced,8,60.0,0.4,40.0,20.0,False,vehicle.ue4.audi.tt,0.0,0.0,1.6196432919100126,46.39830504723322,13.601694952766776,3.924000000000021,0.0,3.845783457183269,4.901699462880124,3.9240000000000004,True,COLLISION with vehicle.ue4.audi.tt,0.0,0.0,0.0,freeze,latency_comp_all,26680049,oracle,8
proposed_enhanced_pred_d16f,proposed_enhanced,16,20.0,0.85,20.0,20.0,True,,0.5105994265940046,8.553600402143323,0.6025898384262093,20.0,0.0,8.3385,2.8139610290527344,4.18468654142963,4.555396915324013,8.3385,True,AVOIDED,0.0,0.0,0.0,freeze,latency_comp_all,27150000,oracle,16
proposed_enhanced_pred_d16f,proposed_enhanced,16,20.0,0.85,25.0,20.0,True,,0.35518839224429843,10.053458966506732,0.5028584719653698,20.0,0.0,8.3385,2.419025421142578,4.0294925795421195,5.460013796355304,8.3385,True,AVOIDED,0.0,0.0,0.0,freeze,latency_comp_all,27150001,oracle,16
proposed_enhanced_pred_d16f,proposed_enhanced,16,20.0,0.85,30.0,20.0,True,,0.35420742942781125,10.049851427149354,0.50221593900524,20.0,0.0,8.3385,2.4194259643554688,4.028511616725632,5.462576504708151,8.3385,True,AVOIDED,0.0,0.0,0.0,freeze,latency_comp_all,27150002,oracle,16
proposed_enhanced_pred_d16f,proposed_enhanced,16,20.0,0.85,35.0,20.0,True,,0.35518839224429843,10.053458966506732,0.5028584719653698,20.0,0.0,8.3385,2.419025421142578,4.0294925795421195,5.460013796355304,8.3385,True,AVOIDED,0.0,0.0,0.0,freeze,latency_comp_all,27150003,oracle,16
proposed_enhanced_pred_d16f,proposed_enhanced,16,20.0,0.85,40.0,20.0,True,,0.3542074161208806,10.049851427149354,0.5022159368769763,20.0,0.0,8.3385,2.4194259643554688,4.028511603418702,5.46257652108908,8.3385,True,AVOIDED,0.0,0.0,0.0,freeze,latency_comp_all,27150004,oracle,16
proposed_enhanced_pred_d16f,proposed_enhanced,16,20.0,0.4,20.0,20.0,True,,0.19117333312333118,4.33516567111852,0.7025244145417238,20.0,0.0,3.924000000000003,3.6847381591796875,3.865420417487541,3.9074616818910677,3.9240000000000004,True,AVOIDED,0.0,0.0,0.0,freeze,latency_comp_all,27150005,oracle,16
proposed_enhanced_pred_d16f,proposed_enhanced,16,20.0,0.4,25.0,20.0,True,,0.7381766609112068,4.052965467912934,1.1541059223554937,20.0,0.0,3.924000000000003,5.616119384765625,4.412339754112088,2.3833850196249022,3.9240000000000004,True,AVOIDED,0.0,0.0,0.0,freeze,latency_comp_all,27150006,oracle,16
proposed_enhanced_pred_d16f,proposed_enhanced,16,20.0,0.4,30.0,20.0,True,,0.7383815424436415,4.023284873461994,1.1546205321726486,20.0,0.0,3.924000000000003,5.616554260253906,4.412552362003202,2.383266193579067,3.9240000000000004,True,AVOIDED,0.0,0.0,0.0,freeze,latency_comp_all,27150007,oracle,16
proposed_enhanced_pred_d16f,proposed_enhanced,16,20.0,0.4,35.0,20.0,True,,0.7381766609112068,4.052965467912934,1.1541059223554937,20.0,0.0,3.924000000000003,5.616119384765625,4.412339754112088,2.3833850196249022,3.9240000000000004,True,AVOIDED,0.0,0.0,0.0,freeze,latency_comp_all,27150008,oracle,16
proposed_enhanced_pred_d16f,proposed_enhanced,16,20.0,0.4,40.0,20.0,True,,0.7383853393572108,4.023284873461994,1.1546212236387472,20.0,0.0,3.924000000000003,5.616554260253906,4.412556158916146,2.383264764580292,3.9240000000000004,True,AVOIDED,0.0,0.0,0.0,freeze,latency_comp_all,27150009,oracle,16
proposed_enhanced_pred_d16f,proposed_enhanced,16,30.0,0.85,20.0,20.0,True,,0.771353789259626,9.28572585215772,0.719404429206151,30.0,0.0,8.3385,5.678112030029297,4.445437018394396,5.024120620896494,8.3385,True,AVOIDED,0.0,0.0,0.0,freeze,latency_comp_all,27150010,oracle,16
proposed_enhanced_pred_d16f,proposed_enhanced,16,30.0,0.85,25.0,20.0,False,vehicle.ue4.audi.tt,0.0,0.0,0.42983653077876943,24.619409953529672,5.380590046470327,8.3385,0.0,3.8191092857152475,9.627905691984303,8.3385,True,COLLISION with vehicle.ue4.audi.tt,0.0,0.0,0.0,freeze,latency_comp_all,27150011,oracle,16
proposed_enhanced_pred_d16f,proposed_enhanced,16,30.0,0.85,30.0,20.0,True,,0.7838805053305693,9.064167107935729,0.8292035355852461,30.0,0.0,8.3385,6.079296112060547,4.4579600555257,4.984520522013013,8.3385,True,AVOIDED,0.0,0.0,0.0,freeze,latency_comp_all,27150012,oracle,16
proposed_enhanced_pred_d16f,proposed_enhanced,16,30.0,0.85,35.0,20.0,True,,0.7716749948634609,9.286883798967729,0.7784639980820746,30.0,0.0,8.3385,5.677711486816406,4.445807739774607,5.305281323157405,8.3385,True,AVOIDED,0.0,0.0,0.0,freeze,latency_comp_all,27150013,oracle,16
proposed_enhanced_pred_d16f,proposed_enhanced,16,30.0,0.85,40.0,20.0,True,,0.7713575750140951,9.28572585215772,0.7792492261144797,30.0,0.0,8.3385,5.678112030029297,4.4454408041471485,5.305344739008538,8.3385,True,AVOIDED,0.0,0.0,0.0,freeze,latency_comp_all,27150014,oracle,16
proposed_enhanced_pred_d16f,proposed_enhanced,16,30.0,0.4,20.0,20.0,False,vehicle.ue4.audi.tt,0.0,0.0,0.8120113258684468,24.067722484877585,5.932277515122414,3.924000000000003,0.0,3.8201213724634795,4.409670633924368,3.9240000000000004,True,COLLISION with vehicle.ue4.audi.tt,0.0,0.0,0.0,freeze,latency_comp_all,27150015,oracle,16
proposed_enhanced_pred_d16f,proposed_enhanced,16,30.0,0.4,25.0,20.0,True,,1.4318759384761695,4.200585579679198,1.4057434289020372,30.0,0.0,3.924000000000003,11.222709655761719,5.1061801257739905,2.6343271883700456,3.9240000000000004,True,AVOIDED,0.0,0.0,0.0,freeze,latency_comp_all,27150016,oracle,16
proposed_enhanced_pred_d16f,proposed_enhanced,16,30.0,0.4,30.0,20.0,True,,0.49459602892345167,4.019328439075744,1.0780897491770234,30.0,0.0,3.924000000000003,8.437442779541016,4.168900216221273,3.8304971695820225,3.9240000000000004,True,AVOIDED,0.0,0.0,0.0,freeze,latency_comp_all,27150017,oracle,16
proposed_enhanced_pred_d16f,proposed_enhanced,16,30.0,0.4,35.0,20.0,True,,1.1988138770252315,4.153087149358757,1.679098298351473,30.0,0.0,3.924000000000003,12.697162628173828,4.8731180643230525,2.4617877026903052,3.9240000000000004,True,AVOIDED,0.0,0.0,0.0,freeze,latency_comp_all,27150018,oracle,16
proposed_enhanced_pred_d16f,proposed_enhanced,16,30.0,0.4,40.0,20.0,True,,1.2160721239414176,3.8694858274953203,1.7308080242482524,30.0,0.0,3.924000000000003,13.093971252441406,4.890239126950657,2.390125282715792,3.9240000000000004,True,AVOIDED,0.0,0.0,0.0,freeze,latency_comp_all,27150019,oracle,16
proposed_enhanced_pred_d16f,proposed_enhanced,16,40.0,0.85,20.0,20.0,False,vehicle.ue4.audi.tt,0.0,0.0,0.4479305315206853,28.557259056703444,11.442740943296554,8.3385,0.0,3.832944638735049,11.059799092056371,8.3385,True,COLLISION with vehicle.ue4.audi.tt,0.0,0.0,0.0,freeze,latency_comp_all,27150020,oracle,16
proposed_enhanced_pred_d16f,proposed_enhanced,16,40.0,0.85,25.0,20.0,True,,0.9799066056536025,8.77617176925895,0.8991452628076241,40.0,0.0,8.3385,9.451107025146484,4.653963108244605,5.636421396027225,8.3385,True,AVOIDED,0.0,0.0,0.0,freeze,latency_comp_all,27150021,oracle,16
proposed_enhanced_pred_d16f,proposed_enhanced,16,40.0,0.85,30.0,20.0,False,vehicle.ue4.audi.tt,0.0,0.0,0.29440590396716576,24.859565967567896,15.140434032432102,8.338500000000018,0.0,3.835089259621381,18.7324823930438,8.3385,True,COLLISION with vehicle.ue4.audi.tt,0.0,0.0,0.0,freeze,latency_comp_all,27150022,oracle,16
proposed_enhanced_pred_d16f,proposed_enhanced,16,40.0,0.85,35.0,20.0,True,,1.1458006150362676,9.344340765998357,0.7937568453871874,40.0,0.0,8.338500000000018,7.628486633300781,4.819910415128394,6.945692636908872,8.3385,True,AVOIDED,0.0,0.0,0.0,freeze,latency_comp_all,27150023,oracle,16
proposed_enhanced_pred_d16f,proposed_enhanced,16,40.0,0.85,40.0,20.0,True,,1.2484405773672318,8.773316840525796,1.0934367949226678,40.0,0.0,8.338500000000018,10.836494445800781,4.9224931438261965,5.042284615387712,8.3385,True,AVOIDED,0.0,0.0,0.0,freeze,latency_comp_all,27150024,oracle,16
proposed_enhanced_pred_d16f,proposed_enhanced,16,40.0,0.4,20.0,20.0,False,vehicle.ue4.audi.tt,0.0,0.0,0.4485820775667415,22.945542319774592,17.054457680225408,3.9239999999999853,0.0,3.8682670712836336,11.046098964179254,3.9240000000000004,True,COLLISION with vehicle.ue4.audi.tt,0.0,0.0,0.0,freeze,latency_comp_all,27150025,oracle,16
proposed_enhanced_pred_d16f,proposed_enhanced,16,40.0,0.4,25.0,20.0,False,vehicle.ue4.audi.tt,0.0,0.0,0.8988088024435028,28.50580256289262,11.49419743710738,3.924000000000003,0.0,3.8307150483962316,5.638108696971787,3.9240000000000004,True,COLLISION with vehicle.ue4.audi.tt,0.0,0.0,0.0,freeze,latency_comp_all,27150026,oracle,16
proposed_enhanced_pred_d16f,proposed_enhanced,16,40.0,0.4,30.0,20.0,True,,0.26636532903428867,4.034516490261225,1.3222449255800692,40.0,0.0,3.924000000000003,15.132305145263672,3.9406695163321097,3.8860732544658276,3.9240000000000004,True,AVOIDED,0.0,0.0,0.0,freeze,latency_comp_all,27150027,oracle,16
proposed_enhanced_pred_d16f,proposed_enhanced,16,40.0,0.4,35.0,20.0,True,,2.00480543770093,4.002407803138755,1.8045492596776411,40.0,0.0,3.924000000000003,18.911272048950195,5.679109624998751,2.8826592093752494,3.9240000000000004,True,AVOIDED,0.0,0.0,0.0,freeze,latency_comp_all,27150028,oracle,16
proposed_enhanced_pred_d16f,proposed_enhanced,16,40.0,0.4,40.0,20.0,True,,1.64304823394676,3.799908264194977,2.1993049084978975,40.0,0.0,3.924000000000003,23.690143585205078,5.317352421244581,2.390267627810517,3.9240000000000004,True,AVOIDED,0.0,0.0,0.0,freeze,latency_comp_all,27150029,oracle,16
proposed_enhanced_pred_d16f,proposed_enhanced,16,50.0,0.85,20.0,20.0,False,vehicle.ue4.audi.tt,0.0,0.0,0.22664371393237645,18.2278799580408,31.7721200419592,8.338499999999982,0.0,4.2995582400592,28.379220056455924,8.3385,True,COLLISION with vehicle.ue4.audi.tt,0.0,0.0,0.0,freeze,latency_comp_all,27150030,oracle,16
proposed_enhanced_pred_d16f,proposed_enhanced,16,50.0,0.85,25.0,20.0,False,vehicle.ue4.audi.tt,0.0,0.0,0.5756097698597218,36.718258658396195,13.281741341603809,8.3385,0.0,3.832971008826563,11.188376339011723,8.3385,True,COLLISION with vehicle.ue4.audi.tt,0.0,0.0,0.0,freeze,latency_comp_all,27150031,oracle,16
proposed_enhanced_pred_d16f,proposed_enhanced,16,50.0,0.85,30.0,20.0,True,,1.0831341329588016,8.919709671414221,0.9034928112280036,50.0,0.0,8.3385,11.82137680053711,4.757259180088472,7.205789205409057,8.3385,True,AVOIDED,0.0,0.0,0.0,freeze,latency_comp_all,27150032,oracle,16
proposed_enhanced_pred_d16f,proposed_enhanced,16,50.0,0.85,35.0,20.0,True,,2.1411869091916804,8.730799062998171,1.287696236859537,50.0,0.0,8.338500000000018,16.283580780029297,5.815315668014811,5.105128235560364,8.3385,True,AVOIDED,0.0,0.0,0.0,freeze,latency_comp_all,27150033,oracle,16
proposed_enhanced_pred_d16f,proposed_enhanced,16,50.0,0.85,40.0,20.0,False,vehicle.ue4.audi.tt,0.0,0.0,0.5846741824425923,36.77734539476536,13.22265460523464,8.3385,0.0,3.835110783749579,11.808645163810843,8.3385,True,COLLISION with vehicle.ue4.audi.tt,0.0,0.0,0.0,freeze,latency_comp_all,27150034,oracle,16
proposed_enhanced_pred_d16f,proposed_enhanced,16,50.0,0.4,20.0,20.0,False,vehicle.ue4.audi.tt,0.0,0.0,0.22598779016200787,15.946431550118604,34.053568449881396,3.9239999999999853,0.0,4.26763365566448,28.452899401008125,3.9240000000000004,True,COLLISION with vehicle.ue4.audi.tt,0.0,0.0,0.0,freeze,latency_comp_all,27150035,oracle,16
proposed_enhanced_pred_d16f,proposed_enhanced,16,50.0,0.4,25.0,20.0,False,vehicle.ue4.audi.tt,0.0,0.0,0.575670512288383,28.870440321593588,21.129559678406412,3.9239999999999853,0.0,3.8334311476073055,11.184235974815952,3.9240000000000004,True,COLLISION with vehicle.ue4.audi.tt,0.0,0.0,0.0,freeze,latency_comp_all,27150036,oracle,16
proposed_enhanced_pred_d16f,proposed_enhanced,16,50.0,0.4,30.0,20.0,False,vehicle.ue4.audi.tt,0.0,0.0,0.9029391342165495,32.594881581297805,17.405118418702195,3.9239999999999853,0.0,3.8457479843346247,7.206988411871463,3.9240000000000004,True,COLLISION with vehicle.ue4.audi.tt,0.0,0.0,0.0,freeze,latency_comp_all,27150037,oracle,16
proposed_enhanced_pred_d16f,proposed_enhanced,16,50.0,0.4,35.0,20.0,False,vehicle.ue4.audi.tt,0.0,0.0,1.2882187073035698,37.72331071019745,12.276689289802544,3.924000000000003,0.0,3.8356087193762023,5.105068134694189,3.9240000000000004,True,COLLISION with vehicle.ue4.audi.tt,0.0,0.0,0.0,freeze,latency_comp_all,27150038,oracle,16
proposed_enhanced_pred_d16f,proposed_enhanced,16,50.0,0.4,40.0,20.0,False,vehicle.ue4.audi.tt,0.0,4.1671041312116905,1.6300219667687463,45.75720703939409,4.242792960605914,3.924000000000003,0.0,3.8108990693041855,4.0624185090574425,3.9240000000000004,True,COLLISION with vehicle.ue4.audi.tt,0.0,0.0,0.0,freeze,latency_comp_all,27150039,oracle,16
proposed_enhanced_pred_d16f,proposed_enhanced,16,60.0,0.85,20.0,20.0,False,vehicle.ue4.audi.tt,0.0,0.0,0.08498224524755651,6.282499518313621,53.71750048168638,8.338499999999982,0.0,3.649070621716775,50.0,8.3385,True,COLLISION with vehicle.ue4.audi.tt,0.0,0.0,0.0,freeze,latency_comp_all,27150040,oracle,16
proposed_enhanced_pred_d16f,proposed_enhanced,16,60.0,0.85,25.0,20.0,False,vehicle.ue4.audi.tt,0.0,0.0,0.3293659773653853,27.842668916206676,32.15733108379332,8.338499999999982,0.0,4.0020821846106065,23.867909699161363,8.3385,True,COLLISION with vehicle.ue4.audi.tt,0.0,0.0,0.0,freeze,latency_comp_all,27150041,oracle,16
proposed_enhanced_pred_d16f,proposed_enhanced,16,60.0,0.85,30.0,20.0,False,vehicle.ue4.audi.tt,0.0,0.0,0.6509930728497563,42.24855336155689,17.75144663844311,8.338499999999982,0.0,3.822305789071537,12.124558411722308,8.3385,True,COLLISION with vehicle.ue4.audi.tt,0.0,0.0,0.0,freeze,latency_comp_all,27150042,oracle,16
proposed_enhanced_pred_d16f,proposed_enhanced,16,60.0,0.85,35.0,20.0,False,vehicle.ue4.audi.tt,0.0,8.76913431101188,0.9379522518531722,57.0014225015811,2.9985774984189004,8.3385,0.0,3.812478426232046,8.473441355964228,8.3385,True,COLLISION with vehicle.ue4.audi.tt,0.0,0.0,0.0,freeze,latency_comp_all,27150043,oracle,16
proposed_enhanced_pred_d16f,proposed_enhanced,16,60.0,0.85,40.0,20.0,True,,2.079208394404139,8.958729680127387,1.2294530598371693,60.0,0.0,8.3385,18.82678985595703,5.75333343606331,6.501361689741338,8.3385,True,AVOIDED,0.0,0.0,0.0,freeze,latency_comp_all,27150044,oracle,16
proposed_enhanced_pred_d16f,proposed_enhanced,16,60.0,0.4,20.0,20.0,False,vehicle.ue4.audi.tt,0.0,0.0,0.08498652604253443,4.908517510497688,55.09148248950231,3.924000000000021,0.0,3.633198957736103,50.0,3.9240000000000004,True,COLLISION with vehicle.ue4.audi.tt,0.0,0.0,0.0,freeze,latency_comp_all,27150045,oracle,16
proposed_enhanced_pred_d16f,proposed_enhanced,16,60.0,0.4,25.0,20.0,False,vehicle.ue4.audi.tt,0.0,0.0,0.3293398832098818,23.69292484406327,36.30707515593673,3.924000000000021,0.0,3.941950472733798,23.86853858917589,3.9240000000000004,True,COLLISION with vehicle.ue4.audi.tt,0.0,0.0,0.0,freeze,latency_comp_all,27150046,oracle,16
proposed_enhanced_pred_d16f,proposed_enhanced,16,60.0,0.4,30.0,20.0,False,vehicle.ue4.audi.tt,0.0,0.0,0.6509979159057065,34.85690465504034,25.143095344959658,3.924000000000021,0.0,3.8587883563492396,12.124440880867857,3.9240000000000004,True,COLLISION with vehicle.ue4.audi.tt,0.0,0.0,0.0,freeze,latency_comp_all,27150047,oracle,16
proposed_enhanced_pred_d16f,proposed_enhanced,16,60.0,0.4,35.0,20.0,False,vehicle.ue4.audi.tt,0.0,0.0,0.9378828247897026,37.89220768965727,22.107792310342735,3.924000000000021,0.0,3.8639236796049983,8.474060010919263,3.9240000000000004,True,COLLISION with vehicle.ue4.audi.tt,0.0,0.0,0.0,freeze,latency_comp_all,27150048,oracle,16
proposed_enhanced_pred_d16f,proposed_enhanced,16,60.0,0.4,40.0,20.0,False,vehicle.ue4.audi.tt,0.0,0.0,1.2294500151232308,41.24035097152543,18.759649028474573,3.924000000000021,0.0,3.8665482908121986,6.501331276037473,3.9240000000000004,True,COLLISION with vehicle.ue4.audi.tt,0.0,0.0,0.0,freeze,latency_comp_all,27150049,oracle,16
