label,controller,delay_frames,ego_speed_kmh,lead_speed_kmh,mu,headway_thw,headway_d,avoided,collision_with,s_clearance,a_b_mfdd,t_c_warn,dv_speed_var,collision_speed_kmh,peak_decel,brake_distance,min_dist,a_req_at_brake,a_max,is_conflict,result_txt,noise_sigma_m,noise_sigma_vr,dropout_p,dropout_mode,test_mode,seed
baseline_nm0.0,baseline,0,20.0,20.0,0.85,1.0,5.555555555555555,True,,0.2019138357252963,10.453119983521168,1.0276972509210658,20.0,0.0,8.3385,2.132364273071289,4.9696979544055315,3.854961683271183,8.3385,True,AVOIDED,0.0,0.0,0.0,freeze,noise,12910000
baseline_nm0.0,baseline,0,20.0,20.0,0.4,1.0,5.555555555555555,False,vehicle.ue4.audi.tt,0.0,0.0,1.027180161973942,8.740139531155819,11.259860468844181,3.924000000000003,0.0,4.895692838747953,3.8561031592528154,3.9240000000000004,True,COLLISION with vehicle.ue4.audi.tt,0.0,0.0,0.0,freeze,noise,12910001
baseline_nm0.0,baseline,0,20.0,20.0,0.85,1.5,8.333333333333332,True,,1.0720443767769625,7.71498521924589,1.524544481957731,20.0,0.0,8.3385,2.937509536743164,5.839683536933365,3.642869055510605,8.3385,True,AVOIDED,0.0,0.0,0.0,freeze,noise,12910002
baseline_nm0.0,baseline,0,20.0,20.0,0.4,1.5,8.333333333333332,False,vehicle.ue4.audi.tt,0.0,0.0,1.5241210236795302,15.290130420854286,4.709869579145714,3.924000000000003,0.0,4.907146465258253,3.6433767610283385,3.9240000000000004,True,COLLISION with vehicle.ue4.audi.tt,0.0,0.0,0.0,freeze,noise,12910003
baseline_nm0.0,baseline,0,20.0,20.0,0.85,2.0,11.11111111111111,True,,1.3276138311944292,3.659027209484476,1.5769579829209088,20.0,0.0,3.335400049701338,4.358022689819336,6.095344544088494,2.6408963823463054,8.3385,True,AVOIDED,0.0,0.0,0.0,freeze,noise,12910004
baseline_nm0.0,baseline,0,20.0,20.0,0.4,2.0,11.11111111111111,True,,0.20682145183274603,4.2613863048976794,1.5765482544638727,20.0,0.0,3.924000000000003,5.478311538696289,4.974672327687238,2.641128431557853,3.9240000000000004,True,AVOIDED,0.0,0.0,0.0,freeze,noise,12910005
baseline_nm0.0,baseline,0,20.0,20.0,0.85,2.5,13.88888888888889,True,,3.0063323975487704,3.6585754881056736,1.5634631974108213,20.0,0.0,3.335400049701338,4.358644485473633,7.774063110438267,2.049671399985566,8.3385,True,AVOIDED,0.0,0.0,0.0,freeze,noise,12910006
baseline_nm0.0,baseline,0,20.0,20.0,0.4,2.5,13.88888888888889,True,,0.5348053098150531,2.690518840616939,1.5631356248428965,20.0,0.0,3.924000000000003,6.829681396484375,5.302518856568293,2.0498076930225118,3.9240000000000004,True,AVOIDED,0.0,0.0,0.0,freeze,noise,12910007
baseline_nm0.0,baseline,0,20.0,20.0,0.85,3.0,16.666666666666664,True,,4.4040851689989235,3.6574361751269278,1.5926756334445036,20.0,0.0,3.335400049701338,4.360797882080078,9.171817789249273,1.7271808654896244,8.3385,True,AVOIDED,0.0,0.0,0.0,freeze,noise,12910008
baseline_nm0.0,baseline,0,20.0,20.0,0.4,3.0,16.666666666666664,True,,0.7004127617523199,2.0046487547329166,1.592566214080907,20.0,0.0,3.924000000000003,8.063982009887695,5.468263637606812,1.7272761451054515,3.9240000000000004,True,AVOIDED,0.0,0.0,0.0,freeze,noise,12910009
baseline_nm0.0,baseline,0,30.0,30.0,0.85,1.0,8.333333333333334,True,,0.12737656277324128,9.287440317700943,1.4913584999013962,30.0,0.0,8.3385,5.677133560180664,4.895063406621209,5.527246761241946,8.3385,True,AVOIDED,0.0,0.0,0.0,freeze,noise,12910010
baseline_nm0.0,baseline,0,30.0,30.0,0.4,1.0,8.333333333333334,False,vehicle.ue4.audi.tt,0.0,0.0,1.4965137535196515,17.77346760029708,12.226532399702918,3.924000000000003,0.0,4.92810249338815,5.529156961112872,3.9240000000000004,True,COLLISION with vehicle.ue4.audi.tt,0.0,0.0,0.0,freeze,noise,12910011
baseline_nm0.0,baseline,0,30.0,30.0,0.85,1.5,12.5,True,,1.2146989160911073,8.359683304687305,1.4978341553493797,30.0,0.0,8.3385,6.274269104003906,5.982298022320891,4.541629174900243,8.3385,True,AVOIDED,0.0,0.0,0.0,freeze,noise,12910012
baseline_nm0.0,baseline,0,30.0,30.0,0.4,1.5,12.5,False,vehicle.ue4.audi.tt,0.0,0.0,1.5001870955425671,20.78264135038605,9.21735864961395,3.924000000000003,0.0,4.922472001971764,4.542613936001572,3.9240000000000004,True,COLLISION with vehicle.ue4.audi.tt,0.0,0.0,0.0,freeze,noise,12910013
baseline_nm0.0,baseline,0,30.0,30.0,0.85,2.0,16.666666666666668,True,,1.5107250217146735,4.938377924045225,1.558501907856058,30.0,0.0,8.3385,8.07876968383789,6.27849197412271,3.553040417315222,8.3385,True,AVOIDED,0.0,0.0,0.0,freeze,noise,12910014
baseline_nm0.0,baseline,0,30.0,30.0,0.4,2.0,16.666666666666668,False,vehicle.ue4.audi.tt,0.0,0.0,1.5556423846254275,22.251260737266104,7.748739262733896,3.924000000000003,0.0,4.906608638545983,3.5536331835203545,3.9240000000000004,True,COLLISION with vehicle.ue4.audi.tt,0.0,0.0,0.0,freeze,noise,12910015
baseline_nm0.0,baseline,0,30.0,30.0,0.85,2.5,20.833333333333336,True,,1.730516606536093,3.502564285803724,1.555509886909128,30.0,0.0,3.335400049701338,9.959571838378906,6.498367482390585,2.9208720157525128,8.3385,True,AVOIDED,0.0,0.0,0.0,freeze,noise,12910016
baseline_nm0.0,baseline,0,30.0,30.0,0.4,2.5,20.833333333333336,False,vehicle.ue4.audi.tt,0.0,0.0,1.5568011846642291,23.030408738648983,6.969591261351017,3.924000000000003,0.0,4.898860932119428,2.921264935779513,3.9240000000000004,True,COLLISION with vehicle.ue4.audi.tt,0.0,0.0,0.0,freeze,noise,12910017
baseline_nm0.0,baseline,0,30.0,30.0,0.85,3.0,25.0,True,,2.9992240114637587,3.501718372541213,1.5663577887799187,30.0,0.0,3.335400049701338,9.961446762084961,7.767074887318251,2.6387316278142037,8.3385,True,AVOIDED,0.0,0.0,0.0,freeze,noise,12910018
baseline_nm0.0,baseline,0,30.0,30.0,0.4,3.0,25.0,False,vehicle.ue4.audi.tt,0.0,0.0,1.564538689948,24.378391647114846,5.621608352885156,3.924000000000003,0.0,4.909687560513702,2.6390243405774925,3.9240000000000004,True,COLLISION with vehicle.ue4.audi.tt,0.0,0.0,0.0,freeze,noise,12910019
baseline_nm0.0,baseline,0,40.0,40.0,0.85,1.0,11.11111111111111,False,vehicle.ue4.audi.tt,0.0,0.0,1.463429358931834,32.86637118689079,7.133628813109211,8.3385,0.0,4.906415428690845,6.585243016700176,8.3385,True,COLLISION with vehicle.ue4.audi.tt,0.0,0.0,0.0,freeze,noise,12910020
baseline_nm0.0,baseline,0,40.0,40.0,0.4,1.0,11.11111111111111,False,vehicle.ue4.audi.tt,0.0,0.0,1.4625655724835638,23.458496655187854,16.541503344812146,3.9239999999999853,0.0,4.919025429714253,6.587173239442366,3.9240000000000004,True,COLLISION with vehicle.ue4.audi.tt,0.0,0.0,0.0,freeze,noise,12910021
baseline_nm0.0,baseline,0,40.0,40.0,0.85,1.5,16.666666666666664,False,vehicle.ue4.audi.tt,0.0,8.92490351418854,1.4978989383190238,37.41658734701361,2.5834126529863894,8.338500000000018,0.0,4.894690617894768,5.610379576220253,8.3385,True,COLLISION with vehicle.ue4.audi.tt,0.0,0.0,0.0,freeze,noise,12910022
baseline_nm0.0,baseline,0,40.0,40.0,0.4,1.5,16.666666666666664,False,vehicle.ue4.audi.tt,0.0,0.0,1.4979309987928373,26.110008614152303,13.889991385847697,3.924000000000003,0.0,4.9055557769639435,5.610950213515961,3.9240000000000004,True,COLLISION with vehicle.ue4.audi.tt,0.0,0.0,0.0,freeze,noise,12910023
baseline_nm0.0,baseline,0,40.0,40.0,0.85,2.0,22.22222222222222,True,,0.9787410214319259,6.835319143198157,1.5352075693094698,40.0,0.0,8.3385,12.093549728393555,5.746363019271489,4.646139043398756,8.3385,True,AVOIDED,0.0,0.0,0.0,freeze,noise,12910024
baseline_nm0.0,baseline,0,40.0,40.0,0.4,2.0,22.22222222222222,False,vehicle.ue4.audi.tt,0.0,0.0,1.5346654269310267,26.964320445550694,13.035679554449306,3.924000000000003,0.0,4.939426449615423,4.6472998193919,3.9240000000000004,True,COLLISION with vehicle.ue4.audi.tt,0.0,0.0,0.0,freeze,noise,12910025
baseline_nm0.0,baseline,0,40.0,40.0,0.85,2.5,27.77777777777778,True,,1.4725434958939632,5.219126710515103,1.517171235020837,40.0,0.0,8.3385,13.846500396728516,6.240394371748455,3.970144486766125,8.3385,True,AVOIDED,0.0,0.0,0.0,freeze,noise,12910026
baseline_nm0.0,baseline,0,40.0,40.0,0.4,2.5,27.77777777777778,False,vehicle.ue4.audi.tt,0.0,0.0,1.5170054847351226,27.7373532942963,12.262646705703698,3.924000000000003,0.0,4.91310166039766,3.9704487614236386,3.9240000000000004,True,COLLISION with vehicle.ue4.audi.tt,0.0,0.0,0.0,freeze,noise,12910027
baseline_nm0.0,baseline,0,40.0,40.0,0.85,3.0,33.33333333333333,True,,1.5411349219426969,4.038347363173135,1.592462827843923,40.0,0.0,8.3385,16.02057647705078,6.308795072785682,3.468196068378685,8.3385,True,AVOIDED,0.0,0.0,0.0,freeze,noise,12910028
baseline_nm0.0,baseline,0,40.0,40.0,0.4,3.0,33.33333333333333,False,vehicle.ue4.audi.tt,0.0,0.0,1.592781703536857,28.577360523132906,11.422639476867094,3.924000000000003,0.0,4.922974686552187,3.4679312656333,3.9240000000000004,True,COLLISION with vehicle.ue4.audi.tt,0.0,0.0,0.0,freeze,noise,12910029
baseline_nm0.0,baseline,0,50.0,50.0,0.85,1.0,13.88888888888889,False,vehicle.ue4.audi.tt,0.0,0.0,1.5396789646693683,36.371841164407755,13.628158835592249,8.338500000000018,0.0,4.933880086112321,7.339271753267539,8.3385,True,COLLISION with vehicle.ue4.audi.tt,0.0,0.0,0.0,freeze,noise,12910030
baseline_nm0.0,baseline,0,50.0,50.0,0.4,1.0,13.88888888888889,False,vehicle.ue4.audi.tt,0.0,0.0,1.5414885258865976,26.078885444881553,23.921114555118447,3.9239999999999853,0.0,4.899126578404428,7.337281362407446,3.9240000000000004,True,COLLISION with vehicle.ue4.audi.tt,0.0,0.0,0.0,freeze,noise,12910031
baseline_nm0.0,baseline,0,50.0,50.0,0.85,1.5,20.833333333333336,False,vehicle.ue4.audi.tt,0.0,0.0,1.5366633997877233,39.88675204671759,10.11324795328241,8.338500000000018,0.0,4.921982277488087,6.602333366155927,8.3385,True,COLLISION with vehicle.ue4.audi.tt,0.0,0.0,0.0,freeze,noise,12910032
baseline_nm0.0,baseline,0,50.0,50.0,0.4,1.5,20.833333333333336,False,vehicle.ue4.audi.tt,0.0,0.0,1.5369289512874023,30.446771582148187,19.553228417851813,3.9239999999999853,0.0,4.899681247845509,6.603225939597002,3.9240000000000004,True,COLLISION with vehicle.ue4.audi.tt,0.0,0.0,0.0,freeze,noise,12910033
baseline_nm0.0,baseline,0,50.0,50.0,0.85,2.0,27.77777777777778,False,vehicle.ue4.audi.tt,0.0,0.0,1.5387210192923593,42.83421272808645,7.165787271913549,8.3385,0.0,4.91748862549032,5.759141036102191,8.3385,True,COLLISION with vehicle.ue4.audi.tt,0.0,0.0,0.0,freeze,noise,12910034
baseline_nm0.0,baseline,0,50.0,50.0,0.4,2.0,27.77777777777778,False,vehicle.ue4.audi.tt,0.0,0.0,1.5380030540665015,31.43132428664935,18.56867571335065,3.9239999999999853,0.0,4.918584833502005,5.759328130792308,3.9240000000000004,True,COLLISION with vehicle.ue4.audi.tt,0.0,0.0,0.0,freeze,noise,12910035
baseline_nm0.0,baseline,0,50.0,50.0,0.85,2.5,34.72222222222222,True,,0.1683500967284015,6.567985614938648,1.5828040117239706,50.0,0.0,8.3385,19.157581329345703,4.9359530090479655,4.923026994393354,8.3385,True,AVOIDED,0.0,0.0,0.0,freeze,noise,12910036
baseline_nm0.0,baseline,0,50.0,50.0,0.4,2.5,34.72222222222222,False,vehicle.ue4.audi.tt,0.0,0.0,1.5819599028718807,31.970880585481353,18.029119414518647,3.9239999999999853,0.0,4.936582053937945,4.923476883813943,3.9240000000000004,True,COLLISION with vehicle.ue4.audi.tt,0.0,0.0,0.0,freeze,noise,12910037
baseline_nm0.0,baseline,0,50.0,50.0,0.85,3.0,41.66666666666667,False,,0.0,0.0,1.5530828909371022,50.0,0.0,3.3354000497013203,0.0,11.28359317338748,4.444667012930342,8.3385,True,NO BRAKE / passed,0.0,0.0,0.0,freeze,noise,12910038
baseline_nm0.0,baseline,0,50.0,50.0,0.4,3.0,41.66666666666667,False,,0.0,0.0,1.55346833250409,50.0,0.0,3.9239999999999853,0.0,10.91912409555383,4.444685535881227,3.9240000000000004,True,NO BRAKE / passed,0.0,0.0,0.0,freeze,noise,12910039
baseline_nm0.0,baseline,0,60.0,60.0,0.85,1.0,16.666666666666668,False,vehicle.ue4.audi.tt,0.0,0.0,1.5414337970136753,38.1851233173585,21.814876682641493,8.338499999999982,0.0,4.899555210549338,8.178634435944101,8.3385,True,COLLISION with vehicle.ue4.audi.tt,0.0,0.0,0.0,freeze,noise,12910040
baseline_nm0.0,baseline,0,60.0,60.0,0.4,1.0,16.666666666666668,False,vehicle.ue4.audi.tt,0.0,0.0,1.5426327367458859,30.715187954248602,29.284812045751398,3.9239999999999853,0.0,4.916126253274321,8.171760926367462,3.9240000000000004,True,COLLISION with vehicle.ue4.audi.tt,0.0,0.0,0.0,freeze,noise,12910041
baseline_nm0.0,baseline,0,60.0,60.0,0.85,1.5,25.0,False,vehicle.ue4.audi.tt,0.0,0.0,1.5179003642955156,44.11457368289726,15.885426317102741,8.338499999999982,0.0,4.96635080334963,7.723672276625629,8.3385,True,COLLISION with vehicle.ue4.audi.tt,0.0,0.0,0.0,freeze,noise,12910042
baseline_nm0.0,baseline,0,60.0,60.0,0.4,1.5,25.0,False,vehicle.ue4.audi.tt,0.0,0.0,1.5179303995262177,35.65139792928109,24.348602070718908,3.9239999999999853,0.0,4.990619807087106,7.724693973202227,3.9240000000000004,True,COLLISION with vehicle.ue4.audi.tt,0.0,0.0,0.0,freeze,noise,12910043
baseline_nm0.0,baseline,0,60.0,60.0,0.85,2.0,33.333333333333336,False,,0.0,0.0,1.5878646170813733,60.0,0.0,8.338499999999982,0.0,8.24083328394134,6.755292853330584,8.3385,True,NO BRAKE / passed,0.0,0.0,0.0,freeze,noise,12910044
baseline_nm0.0,baseline,0,60.0,60.0,0.4,2.0,33.333333333333336,False,,0.0,0.0,1.5876596103857359,60.0,0.0,3.9239999999999853,0.0,8.101230621449048,6.755814378925434,3.9240000000000004,True,NO BRAKE / passed,0.0,0.0,0.0,freeze,noise,12910045
baseline_nm0.0,baseline,0,60.0,60.0,0.85,2.5,41.66666666666667,False,,0.0,0.0,1.5878978870973606,60.0,0.0,3.3354000497013203,0.0,16.25029754815325,6.002032820303024,8.3385,True,NO BRAKE / passed,0.0,0.0,0.0,freeze,noise,12910046
baseline_nm0.0,baseline,0,60.0,60.0,0.4,2.5,41.66666666666667,False,,0.0,0.0,1.5876460410358477,60.0,0.0,1.5696000233888796,0.0,16.487026217557965,6.002366512836536,3.9240000000000004,True,NO BRAKE / passed,0.0,0.0,0.0,freeze,noise,12910047
baseline_nm0.0,baseline,0,60.0,60.0,0.85,3.0,50.0,False,,0.0,0.0,1.5531412837826004,60.0,0.0,3.3354000497013203,0.0,24.612155915762973,5.411479914972096,8.3385,True,NO BRAKE / passed,0.0,0.0,0.0,freeze,noise,12910048
baseline_nm0.0,baseline,0,60.0,60.0,0.4,3.0,50.0,False,,0.0,0.0,1.5528560793872372,60.0,0.0,1.5696000233888796,0.0,24.487895967343547,5.411740493118561,3.9240000000000004,True,NO BRAKE / passed,0.0,0.0,0.0,freeze,noise,12910049
baseline_nm0.5,baseline,0,20.0,20.0,0.85,1.0,5.555555555555555,True,,0.19026375028102827,10.045929680769667,2.2137732296639547,20.0,0.0,8.3385,2.4197845458984375,4.9581146261355205,2.1591435357386097,8.3385,True,AVOIDED,0.5,0.0,0.0,freeze,noise,12960000
baseline_nm0.5,baseline,0,20.0,20.0,0.4,1.0,5.555555555555555,True,,2.505544674593607,4.335296564414122,139.21727590674269,20.0,0.0,3.924000000000003,3.684629440307617,5.550018310666752,0.0,3.9240000000000004,True,AVOIDED,0.5,0.0,0.0,freeze,noise,12960001
baseline_nm0.5,baseline,0,20.0,20.0,0.85,1.5,8.333333333333332,True,,1.119554524280237,6.53657968030957,1.892753991875576,20.0,0.0,8.3385,3.165792465209961,5.887222293659621,3.3501952937170647,8.3385,True,AVOIDED,0.5,0.0,0.0,freeze,noise,12960002
baseline_nm0.5,baseline,0,20.0,20.0,0.4,1.5,8.333333333333332,False,vehicle.ue4.audi.tt,0.0,0.0,1.5241210236795302,17.1801456637224,2.8198543362776025,3.924000000000003,0.0,4.893590937882203,3.6433767610283385,3.9240000000000004,True,COLLISION with vehicle.ue4.audi.tt,0.5,0.0,0.0,freeze,noise,12960003
baseline_nm0.5,baseline,0,20.0,20.0,0.85,2.0,11.11111111111111,True,,1.524026871139526,3.912905708979173,1.5769579829209088,20.0,0.0,8.3385,4.161609649658203,6.291690826809138,2.6408963823463054,8.3385,True,AVOIDED,0.5,0.0,0.0,freeze,noise,12960004
baseline_nm0.5,baseline,0,20.0,20.0,0.4,2.0,11.11111111111111,True,,0.6244754878427541,4.189676681662675,1.5765482544638727,20.0,0.0,3.924000000000003,5.060674667358398,5.392326363697246,2.641128431557853,3.9240000000000004,True,AVOIDED,0.5,0.0,0.0,freeze,noise,12960005
baseline_nm0.5,baseline,0,20.0,20.0,0.85,2.5,13.88888888888889,True,,3.2808284760091038,3.6581921377002105,1.7341169317153378,20.0,0.0,3.335400049701338,4.359901428222656,8.048561096248362,1.974708438731984,8.3385,True,AVOIDED,0.5,0.0,0.0,freeze,noise,12960006
baseline_nm0.5,baseline,0,20.0,20.0,0.4,2.5,13.88888888888889,True,,0.9948253729645549,3.073074684399118,1.5631356248428965,20.0,0.0,3.924000000000003,6.369661331176758,5.762676248819047,2.0498076930225118,3.9240000000000004,True,AVOIDED,0.5,0.0,0.0,freeze,noise,12960007
baseline_nm0.5,baseline,0,20.0,20.0,0.85,3.0,16.666666666666664,True,,4.4040851689989235,3.6574361751269278,1.5926756334445036,20.0,0.0,3.335400049701338,4.360797882080078,9.171817789249273,1.7271808654896244,8.3385,True,AVOIDED,0.5,0.0,0.0,freeze,noise,12960008
baseline_nm0.5,baseline,0,20.0,20.0,0.4,3.0,16.666666666666664,True,,1.2277910603079407,2.1156484250835903,1.6389422214526297,20.0,0.0,3.924000000000003,7.811759948730469,5.995498885020408,1.6741007196716913,3.9240000000000004,True,AVOIDED,0.5,0.0,0.0,freeze,noise,12960009
baseline_nm0.5,baseline,0,30.0,30.0,0.85,1.0,8.333333333333334,False,vehicle.ue4.audi.tt,0.0,0.0,1.2304664673380958,26.892118569748764,3.1078814302512354,8.3385,0.0,4.90195465126186,6.0737267258086645,8.3385,True,COLLISION with vehicle.ue4.audi.tt,0.5,0.0,0.0,freeze,noise,12960010
baseline_nm0.5,baseline,0,30.0,30.0,0.4,1.0,8.333333333333334,False,vehicle.ue4.audi.tt,0.0,0.0,1.2255890585972107,17.745835025492447,12.254164974507551,3.924000000000003,0.0,4.939313918409887,6.076076575090038,3.9240000000000004,True,COLLISION with vehicle.ue4.audi.tt,0.5,0.0,0.0,freeze,noise,12960011
baseline_nm0.5,baseline,0,30.0,30.0,0.85,1.5,12.5,True,,1.028371945242947,7.780869947502465,1.4978341553493797,30.0,0.0,8.3385,6.460596084594727,5.796222821097439,4.541629174900243,8.3385,True,AVOIDED,0.5,0.0,0.0,freeze,noise,12960012
baseline_nm0.5,baseline,0,30.0,30.0,0.4,1.5,12.5,False,vehicle.ue4.audi.tt,0.0,0.0,1.5001870955425671,20.78264135038605,9.21735864961395,3.924000000000003,0.0,4.922472001971764,4.542613936001572,3.9240000000000004,True,COLLISION with vehicle.ue4.audi.tt,0.5,0.0,0.0,freeze,noise,12960013
baseline_nm0.5,baseline,0,30.0,30.0,0.85,2.0,16.666666666666668,True,,1.647594452038426,5.106026810558605,1.558501907856058,30.0,0.0,8.3385,7.941900253295898,6.415225982804814,3.553040417315222,8.3385,True,AVOIDED,0.5,0.0,0.0,freeze,noise,12960014
baseline_nm0.5,baseline,0,30.0,30.0,0.4,2.0,16.666666666666668,False,vehicle.ue4.audi.tt,0.0,0.0,1.4288190081733665,22.282035312004552,7.717964687995448,3.924000000000003,0.0,4.91263198854763,3.713300627388955,3.9240000000000004,True,COLLISION with vehicle.ue4.audi.tt,0.5,0.0,0.0,freeze,noise,12960015
baseline_nm0.5,baseline,0,30.0,30.0,0.85,2.5,20.833333333333336,True,,1.730516606536093,3.502564285803724,1.555509886909128,30.0,0.0,3.335400049701338,9.959571838378906,6.498367482390585,2.9208720157525128,8.3385,True,AVOIDED,0.5,0.0,0.0,freeze,noise,12960016
baseline_nm0.5,baseline,0,30.0,30.0,0.4,2.5,20.833333333333336,False,vehicle.ue4.audi.tt,0.0,0.0,1.4423497864964672,23.901829772941177,6.098170227058825,3.924000000000003,0.0,4.902027281879347,3.0355567653457296,3.9240000000000004,True,COLLISION with vehicle.ue4.audi.tt,0.5,0.0,0.0,freeze,noise,12960017
baseline_nm0.5,baseline,0,30.0,30.0,0.85,3.0,25.0,True,,4.242357254655779,3.5026840941651756,1.7162414096785845,30.0,0.0,3.335400049701338,9.959476470947266,9.010208130510271,2.407659971225785,8.3385,True,AVOIDED,0.5,0.0,0.0,freeze,noise,12960018
baseline_nm0.5,baseline,0,30.0,30.0,0.4,3.0,25.0,False,vehicle.ue4.audi.tt,0.0,0.0,1.564538689948,25.1653600223791,4.8346399776209,3.924000000000003,0.0,4.894543230698304,2.6390243405774925,3.9240000000000004,True,COLLISION with vehicle.ue4.audi.tt,0.5,0.0,0.0,freeze,noise,12960019
baseline_nm0.5,baseline,0,40.0,40.0,0.85,1.0,11.11111111111111,False,vehicle.ue4.audi.tt,0.0,0.0,1.463429358931834,32.86637118689079,7.133628813109211,8.3385,0.0,4.906415428690845,6.585243016700176,8.3385,True,COLLISION with vehicle.ue4.audi.tt,0.5,0.0,0.0,freeze,noise,12960020
baseline_nm0.5,baseline,0,40.0,40.0,0.4,1.0,11.11111111111111,False,vehicle.ue4.audi.tt,0.0,0.0,1.4625655724835638,23.629199674885573,16.370800325114427,3.924000000000003,0.0,4.954713825119167,6.587173239442366,3.9240000000000004,True,COLLISION with vehicle.ue4.audi.tt,0.5,0.0,0.0,freeze,noise,12960021
baseline_nm0.5,baseline,0,40.0,40.0,0.85,1.5,16.666666666666664,True,,0.2801554349874804,8.262233410183025,1.6358047936038618,40.0,0.0,8.3385,11.097366333007812,5.047895687687241,5.338631177670657,8.3385,True,AVOIDED,0.5,0.0,0.0,freeze,noise,12960022
baseline_nm0.5,baseline,0,40.0,40.0,0.4,1.5,16.666666666666664,False,vehicle.ue4.audi.tt,0.0,0.0,1.6350227773608492,26.05643225783904,13.94356774216096,3.924000000000003,0.0,4.940483094787511,5.339216118426095,3.9240000000000004,True,COLLISION with vehicle.ue4.audi.tt,0.5,0.0,0.0,freeze,noise,12960023
baseline_nm0.5,baseline,0,40.0,40.0,0.85,2.0,22.22222222222222,True,,0.9787410214319259,6.835319143198157,1.5352075693094698,40.0,0.0,8.3385,12.093549728393555,5.746363019271489,4.646139043398756,8.3385,True,AVOIDED,0.5,0.0,0.0,freeze,noise,12960024
baseline_nm0.5,baseline,0,40.0,40.0,0.4,2.0,22.22222222222222,False,vehicle.ue4.audi.tt,0.0,0.0,1.6466820579698962,27.09631348253289,12.903686517467111,3.924000000000003,0.0,4.913509563617958,4.461548951861006,3.9240000000000004,True,COLLISION with vehicle.ue4.audi.tt,0.5,0.0,0.0,freeze,noise,12960025
baseline_nm0.5,baseline,0,40.0,40.0,0.85,2.5,27.77777777777778,True,,2.6403283523604593,5.6970211322238375,1.6137606622028506,40.0,0.0,8.3385,13.230117797851562,7.407950349554051,3.8320911430712576,8.3385,True,AVOIDED,0.5,0.0,0.0,freeze,noise,12960026
baseline_nm0.5,baseline,0,40.0,40.0,0.4,2.5,27.77777777777778,False,vehicle.ue4.audi.tt,0.0,0.0,1.5170054847351226,27.35596725405776,12.644032745942242,3.924000000000003,0.0,4.93717981315988,3.9704487614236386,3.9240000000000004,True,COLLISION with vehicle.ue4.audi.tt,0.5,0.0,0.0,freeze,noise,12960027
baseline_nm0.5,baseline,0,40.0,40.0,0.85,3.0,33.33333333333333,True,,1.677743973582973,4.102279601126921,1.592462827843923,40.0,0.0,8.3385,15.883964538574219,6.445365976394441,3.468196068378685,8.3385,True,AVOIDED,0.5,0.0,0.0,freeze,noise,12960028
baseline_nm0.5,baseline,0,40.0,40.0,0.4,3.0,33.33333333333333,False,vehicle.ue4.audi.tt,0.0,0.0,1.592781703536857,27.521576017403987,12.478423982596013,3.924000000000003,0.0,4.912686311460929,3.4679312656333,3.9240000000000004,True,COLLISION with vehicle.ue4.audi.tt,0.5,0.0,0.0,freeze,noise,12960029
baseline_nm0.5,baseline,0,50.0,50.0,0.85,1.0,13.88888888888889,False,vehicle.ue4.audi.tt,0.0,0.0,1.5396789646693683,36.66377224145344,13.336227758546565,8.338500000000018,0.0,4.898197431135843,7.339271753267539,8.3385,True,COLLISION with vehicle.ue4.audi.tt,0.5,0.0,0.0,freeze,noise,12960030
baseline_nm0.5,baseline,0,50.0,50.0,0.4,1.0,13.88888888888889,False,vehicle.ue4.audi.tt,0.0,0.0,1.5414885258865976,26.08133202937557,23.91866797062443,3.9239999999999853,0.0,4.894597813118901,7.337281362407446,3.9240000000000004,True,COLLISION with vehicle.ue4.audi.tt,0.5,0.0,0.0,freeze,noise,12960031
baseline_nm0.5,baseline,0,50.0,50.0,0.85,1.5,20.833333333333336,False,vehicle.ue4.audi.tt,0.0,0.0,1.5366633997877233,39.88675204671759,10.11324795328241,8.338500000000018,0.0,4.921982277488087,6.602333366155927,8.3385,True,COLLISION with vehicle.ue4.audi.tt,0.5,0.0,0.0,freeze,noise,12960032
baseline_nm0.5,baseline,0,50.0,50.0,0.4,1.5,20.833333333333336,False,vehicle.ue4.audi.tt,0.0,0.0,1.5369289512874023,30.446771582148187,19.553228417851813,3.9239999999999853,0.0,4.899681247845509,6.603225939597002,3.9240000000000004,True,COLLISION with vehicle.ue4.audi.tt,0.5,0.0,0.0,freeze,noise,12960033
baseline_nm0.5,baseline,0,50.0,50.0,0.85,2.0,27.77777777777778,False,vehicle.ue4.audi.tt,0.0,0.0,1.5387210192923593,44.08719922441333,5.912800775586668,8.3385,0.0,4.903561119989468,5.759141036102191,8.3385,True,COLLISION with vehicle.ue4.audi.tt,0.5,0.0,0.0,freeze,noise,12960034
baseline_nm0.5,baseline,0,50.0,50.0,0.4,2.0,27.77777777777778,False,vehicle.ue4.audi.tt,0.0,0.0,1.5380030540665015,31.43132428664935,18.56867571335065,3.9239999999999853,0.0,4.918584833502005,5.759328130792308,3.9240000000000004,True,COLLISION with vehicle.ue4.audi.tt,0.5,0.0,0.0,freeze,noise,12960035
baseline_nm0.5,baseline,0,50.0,50.0,0.85,2.5,34.72222222222222,True,,1.0839761666442067,7.2974134242781625,1.5828040117239706,50.0,0.0,8.3385,18.24197006225586,5.851827042498699,4.923026994393354,8.3385,True,AVOIDED,0.5,0.0,0.0,freeze,noise,12960036
baseline_nm0.5,baseline,0,50.0,50.0,0.4,2.5,34.72222222222222,False,vehicle.ue4.audi.tt,0.0,0.0,1.5819599028718807,31.970880585481353,18.029119414518647,3.9239999999999853,0.0,4.936582053937945,4.923476883813943,3.9240000000000004,True,COLLISION with vehicle.ue4.audi.tt,0.5,0.0,0.0,freeze,noise,12960037
baseline_nm0.5,baseline,0,50.0,50.0,0.85,3.0,41.66666666666667,False,,0.0,0.0,1.5530828909371022,50.0,0.0,3.3354000497013203,0.0,11.28359317338748,4.444667012930342,8.3385,True,NO BRAKE / passed,0.5,0.0,0.0,freeze,noise,12960038
baseline_nm0.5,baseline,0,50.0,50.0,0.4,3.0,41.66666666666667,False,,0.0,0.0,1.6024690581503476,50.0,0.0,3.9239999999999853,0.0,11.014403911594247,4.306421003359432,3.9240000000000004,True,NO BRAKE / passed,0.5,0.0,0.0,freeze,noise,12960039
baseline_nm0.5,baseline,0,60.0,60.0,0.85,1.0,16.666666666666668,False,vehicle.ue4.audi.tt,0.0,0.0,1.5414337970136753,40.69263899754746,19.30736100245254,8.338499999999982,0.0,4.897579197249074,8.178634435944101,8.3385,True,COLLISION with vehicle.ue4.audi.tt,0.5,0.0,0.0,freeze,noise,12960040
baseline_nm0.5,baseline,0,60.0,60.0,0.4,1.0,16.666666666666668,False,vehicle.ue4.audi.tt,0.0,0.0,1.5426327367458859,30.7223795497901,29.2776204502099,3.9239999999999853,0.0,4.980571748860025,8.171760926367462,3.9240000000000004,True,COLLISION with vehicle.ue4.audi.tt,0.5,0.0,0.0,freeze,noise,12960041
baseline_nm0.5,baseline,0,60.0,60.0,0.85,1.5,25.0,False,vehicle.ue4.audi.tt,0.0,0.0,1.5179003642955156,44.11457368289726,15.885426317102741,8.338499999999982,0.0,4.96635080334963,7.723672276625629,8.3385,True,COLLISION with vehicle.ue4.audi.tt,0.5,0.0,0.0,freeze,noise,12960042
baseline_nm0.5,baseline,0,60.0,60.0,0.4,1.5,25.0,False,vehicle.ue4.audi.tt,0.0,0.0,1.5179303995262177,35.65139792928109,24.348602070718908,3.9239999999999853,0.0,4.990619807087106,7.724693973202227,3.9240000000000004,True,COLLISION with vehicle.ue4.audi.tt,0.5,0.0,0.0,freeze,noise,12960043
baseline_nm0.5,baseline,0,60.0,60.0,0.85,2.0,33.333333333333336,False,,0.0,0.0,1.5878646170813733,60.0,0.0,8.338499999999982,0.0,8.24083328394134,6.755292853330584,8.3385,True,NO BRAKE / passed,0.5,0.0,0.0,freeze,noise,12960044
baseline_nm0.5,baseline,0,60.0,60.0,0.4,2.0,33.333333333333336,False,,0.0,0.0,1.5876596103857359,60.0,0.0,3.9239999999999853,0.0,8.14809799204064,6.755814378925434,3.9240000000000004,True,NO BRAKE / passed,0.5,0.0,0.0,freeze,noise,12960045
baseline_nm0.5,baseline,0,60.0,60.0,0.85,2.5,41.66666666666667,False,,0.0,0.0,1.5878978870973606,60.0,0.0,3.3354000497013203,0.0,16.25029754815325,6.002032820303024,8.3385,True,NO BRAKE / passed,0.5,0.0,0.0,freeze,noise,12960046
baseline_nm0.5,baseline,0,60.0,60.0,0.4,2.5,41.66666666666667,False,,0.0,0.0,1.5007980310985336,60.0,0.0,1.5696000233888796,0.0,16.427001956144238,6.22904029282892,3.9240000000000004,True,NO BRAKE / passed,0.5,0.0,0.0,freeze,noise,12960047
baseline_nm0.5,baseline,0,60.0,60.0,0.85,3.0,50.0,False,,0.0,0.0,1.5531412837826004,60.0,0.0,3.3354000497013203,0.0,24.612155915762973,5.411479914972096,8.3385,True,NO BRAKE / passed,0.5,0.0,0.0,freeze,noise,12960048
baseline_nm0.5,baseline,0,60.0,60.0,0.4,3.0,50.0,False,,0.0,0.0,1.5528560793872372,60.0,0.0,1.5696000233888796,0.0,24.487895967343547,5.411740493118561,3.9240000000000004,True,NO BRAKE / passed,0.5,0.0,0.0,freeze,noise,12960049
baseline_nm1.0,baseline,0,20.0,20.0,0.85,1.0,5.555555555555555,True,,2.213968278639739,10.044702288364793,63.188344534982484,20.0,0.0,8.3385,1.6633167266845703,5.549952507504848,0.0,8.3385,True,AVOIDED,1.0,0.0,0.0,freeze,noise,12920000
baseline_nm1.0,baseline,0,20.0,20.0,0.4,1.0,5.555555555555555,True,,3.473155985711543,4.336569037807202,259.0465717619434,20.0,0.0,3.924000000000003,3.6833953857421875,5.550018310666752,0.0,3.9240000000000004,True,AVOIDED,1.0,0.0,0.0,freeze,noise,12920001
baseline_nm1.0,baseline,0,20.0,20.0,0.85,1.5,8.333333333333332,True,,1.4516696967857028,10.888290777212895,1.524544481957731,20.0,0.0,8.3385,2.5578956604003906,6.219306949585128,3.642869055510605,8.3385,True,AVOIDED,1.0,0.0,0.0,freeze,noise,12920002
baseline_nm1.0,baseline,0,20.0,20.0,0.4,1.5,8.333333333333332,False,vehicle.ue4.audi.tt,0.0,0.0,1.5241210236795302,16.000314235973654,3.9996857640263457,3.924000000000003,0.0,4.900768291805784,3.6433767610283385,3.9240000000000004,True,COLLISION with vehicle.ue4.audi.tt,1.0,0.0,0.0,freeze,noise,12920003
baseline_nm1.0,baseline,0,20.0,20.0,0.85,2.0,11.11111111111111,True,,2.4025707290338802,5.173076573941858,1.8044589577021874,20.0,0.0,8.3385,3.5588150024414062,7.170421604888372,2.516343579586715,8.3385,True,AVOIDED,1.0,0.0,0.0,freeze,noise,12920004
baseline_nm1.0,baseline,0,20.0,20.0,0.4,2.0,11.11111111111111,True,,0.9136200026486367,4.261699836249252,1.5765482544638727,20.0,0.0,3.924000000000003,4.7715301513671875,5.681470878503129,2.641128431557853,3.9240000000000004,True,AVOIDED,1.0,0.0,0.0,freeze,noise,12920005
baseline_nm1.0,baseline,0,20.0,20.0,0.85,2.5,13.88888888888889,True,,3.2808284760091038,3.6581921377002105,1.7341169317153378,20.0,0.0,3.335400049701338,4.359901428222656,8.048561096248362,1.974708438731984,8.3385,True,AVOIDED,1.0,0.0,0.0,freeze,noise,12920006
baseline_nm1.0,baseline,0,20.0,20.0,0.4,2.5,13.88888888888889,True,,1.0686988923976442,3.8294654440144607,1.2858630476530692,20.0,0.0,3.924000000000003,5.744916915893555,5.836549768252136,2.220974502288268,3.9240000000000004,True,AVOIDED,1.0,0.0,0.0,freeze,noise,12920007
baseline_nm1.0,baseline,0,20.0,20.0,0.85,3.0,16.666666666666664,True,,4.130060206157388,3.6582446467056164,1.5389968139272925,20.0,0.0,3.335400049701338,4.359029769897461,8.89778710435089,1.7827026431570694,8.3385,True,AVOIDED,1.0,0.0,0.0,freeze,noise,12920008
baseline_nm1.0,baseline,0,20.0,20.0,0.4,3.0,16.666666666666664,True,,1.2519893731016607,2.0048364091213693,1.6928175800883754,20.0,0.0,3.924000000000003,8.063322067260742,6.019840248956153,1.6249603754545856,3.9240000000000004,True,AVOIDED,1.0,0.0,0.0,freeze,noise,12920009
baseline_nm1.0,baseline,0,30.0,30.0,0.85,1.0,8.333333333333334,False,vehicle.ue4.audi.tt,0.0,0.0,1.0280961210744484,25.099269472396017,4.900730527603981,8.3385,0.0,4.898759849820377,6.662918387231646,8.3385,True,COLLISION with vehicle.ue4.audi.tt,1.0,0.0,0.0,freeze,noise,12920010
baseline_nm1.0,baseline,0,30.0,30.0,0.4,1.0,8.333333333333334,False,vehicle.ue4.audi.tt,0.0,0.0,1.2255890585972107,17.745835025492447,12.254164974507551,3.924000000000003,0.0,4.939313918409887,6.076076575090038,3.9240000000000004,True,COLLISION with vehicle.ue4.audi.tt,1.0,0.0,0.0,freeze,noise,12920011
baseline_nm1.0,baseline,0,30.0,30.0,0.85,1.5,12.5,True,,0.9951458620362779,9.062054306901551,1.3364554314308594,30.0,0.0,8.3385,6.080108642578125,5.762834613080822,4.808659364921253,8.3385,True,AVOIDED,1.0,0.0,0.0,freeze,noise,12920012
baseline_nm1.0,baseline,0,30.0,30.0,0.4,1.5,12.5,False,vehicle.ue4.audi.tt,0.0,0.0,1.6806460601179907,19.986132005411683,10.013867994588317,3.924000000000003,0.0,4.902324684008628,4.302019118095181,3.9240000000000004,True,COLLISION with vehicle.ue4.audi.tt,1.0,0.0,0.0,freeze,noise,12920013
baseline_nm1.0,baseline,0,30.0,30.0,0.85,2.0,16.666666666666668,True,,3.0839233520855664,9.285695779464724,1.3076150845125378,30.0,0.0,8.3385,5.678123474121094,7.8515510681770095,3.889346989268752,8.3385,True,AVOIDED,1.0,0.0,0.0,freeze,noise,12920014
baseline_nm1.0,baseline,0,30.0,30.0,0.4,2.0,16.666666666666668,False,vehicle.ue4.audi.tt,0.0,0.0,1.5556423846254275,22.926672641698957,7.073327358301045,3.924000000000003,0.0,4.921936106217591,3.5536331835203545,3.9240000000000004,True,COLLISION with vehicle.ue4.audi.tt,1.0,0.0,0.0,freeze,noise,12920015
baseline_nm1.0,baseline,0,30.0,30.0,0.85,2.5,20.833333333333336,True,,3.9440479297656843,5.939416788712788,1.4444947336755447,30.0,0.0,8.3385,7.332340240478516,8.711898805620176,3.035164975841879,8.3385,True,AVOIDED,1.0,0.0,0.0,freeze,noise,12920016
baseline_nm1.0,baseline,0,30.0,30.0,0.4,2.5,20.833333333333336,False,vehicle.ue4.audi.tt,0.0,0.0,1.6726036807602376,24.198572773479484,5.8014272265205165,3.924000000000003,0.0,4.91131231867595,2.8207196643833763,3.9240000000000004,True,COLLISION with vehicle.ue4.audi.tt,1.0,0.0,0.0,freeze,noise,12920017
baseline_nm1.0,baseline,0,30.0,30.0,0.85,3.0,25.0,True,,2.587457658472906,3.502685163919606,1.5162711381643985,30.0,0.0,3.335400049701338,9.959476470947266,7.355308534327398,2.7252268952304144,8.3385,True,AVOIDED,1.0,0.0,0.0,freeze,noise,12920018
baseline_nm1.0,baseline,0,30.0,30.0,0.4,3.0,25.0,False,vehicle.ue4.audi.tt,0.0,0.0,1.564538689948,24.378391647114846,5.621608352885156,3.924000000000003,0.0,4.909687560513702,2.6390243405774925,3.9240000000000004,True,COLLISION with vehicle.ue4.audi.tt,1.0,0.0,0.0,freeze,noise,12920019
baseline_nm1.0,baseline,0,40.0,40.0,0.85,1.0,11.11111111111111,False,vehicle.ue4.audi.tt,0.0,0.0,1.6897288075897838,31.3434701512711,8.656529848728903,8.3385,0.0,4.915677086297274,6.176542949663557,8.3385,True,COLLISION with vehicle.ue4.audi.tt,1.0,0.0,0.0,freeze,noise,12920020
baseline_nm1.0,baseline,0,40.0,40.0,0.4,1.0,11.11111111111111,False,vehicle.ue4.audi.tt,0.0,0.0,1.291436239203558,23.711626000257812,16.288373999742188,3.924000000000003,0.0,4.95440292871781,7.029444324785322,3.9240000000000004,True,COLLISION with vehicle.ue4.audi.tt,1.0,0.0,0.0,freeze,noise,12920021
baseline_nm1.0,baseline,0,40.0,40.0,0.85,1.5,16.666666666666664,True,,1.3840976090684425,8.262230062076316,1.9729848870727449,40.0,0.0,8.3385,11.097370147705078,6.151841675607119,4.863756716161724,8.3385,True,AVOIDED,1.0,0.0,0.0,freeze,noise,12920022
baseline_nm1.0,baseline,0,40.0,40.0,0.4,1.5,16.666666666666664,False,vehicle.ue4.audi.tt,0.0,0.0,1.4979309987928373,26.139428181598415,13.860571818401585,3.924000000000003,0.0,4.956817685925032,5.610950213515961,3.9240000000000004,True,COLLISION with vehicle.ue4.audi.tt,1.0,0.0,0.0,freeze,noise,12920023
baseline_nm1.0,baseline,0,40.0,40.0,0.85,2.0,22.22222222222222,True,,0.8349433190741067,6.082343904367806,1.6479237312048387,40.0,0.0,8.3385,12.788761138916016,5.602794194928599,4.4603924277537566,8.3385,True,AVOIDED,1.0,0.0,0.0,freeze,noise,12920024
baseline_nm1.0,baseline,0,40.0,40.0,0.4,2.0,22.22222222222222,False,vehicle.ue4.audi.tt,0.0,0.0,1.5346654269310267,26.961848485189662,13.03815151481034,3.924000000000003,0.0,4.925983507048926,4.6472998193919,3.9240000000000004,True,COLLISION with vehicle.ue4.audi.tt,1.0,0.0,0.0,freeze,noise,12920025
baseline_nm1.0,baseline,0,40.0,40.0,0.85,2.5,27.77777777777778,True,,1.8219042854105858,5.098208005757533,1.6137606622028506,40.0,0.0,8.3385,14.04854965209961,6.589530098057191,3.8320911430712576,8.3385,True,AVOIDED,1.0,0.0,0.0,freeze,noise,12920026
baseline_nm1.0,baseline,0,40.0,40.0,0.4,2.5,27.77777777777778,False,vehicle.ue4.audi.tt,0.0,0.0,1.6130593525943175,27.239473670536107,12.760526329463893,3.924000000000003,0.0,4.9261820884127845,3.8324408143761275,3.9240000000000004,True,COLLISION with vehicle.ue4.audi.tt,1.0,0.0,0.0,freeze,noise,12920027
baseline_nm1.0,baseline,0,40.0,40.0,0.85,3.0,33.33333333333333,True,,1.7069303537632745,3.8945551766711093,1.6391179030940801,40.0,0.0,8.3385,16.40618896484375,6.474613381444251,3.363458125443547,8.3385,True,AVOIDED,1.0,0.0,0.0,freeze,noise,12920028
baseline_nm1.0,baseline,0,40.0,40.0,0.4,3.0,33.33333333333333,False,vehicle.ue4.audi.tt,0.0,0.0,1.5390763335063833,27.891411416167678,12.10858858383232,3.924000000000003,0.0,4.937688011433958,3.581534874183464,3.9240000000000004,True,COLLISION with vehicle.ue4.audi.tt,1.0,0.0,0.0,freeze,noise,12920029
baseline_nm1.0,baseline,0,50.0,50.0,0.85,1.0,13.88888888888889,False,vehicle.ue4.audi.tt,0.0,0.0,1.5396789646693683,36.66377224145344,13.336227758546565,8.338500000000018,0.0,4.898197431135843,7.339271753267539,8.3385,True,COLLISION with vehicle.ue4.audi.tt,1.0,0.0,0.0,freeze,noise,12920030
baseline_nm1.0,baseline,0,50.0,50.0,0.4,1.0,13.88888888888889,False,vehicle.ue4.audi.tt,0.0,0.0,1.5414885258865976,26.078885444881553,23.921114555118447,3.9239999999999853,0.0,4.899126578404428,7.337281362407446,3.9240000000000004,True,COLLISION with vehicle.ue4.audi.tt,1.0,0.0,0.0,freeze,noise,12920031
baseline_nm1.0,baseline,0,50.0,50.0,0.85,1.5,20.833333333333336,False,vehicle.ue4.audi.tt,0.0,0.0,1.5366633997877233,39.88675204671759,10.11324795328241,8.338500000000018,0.0,4.921982277488087,6.602333366155927,8.3385,True,COLLISION with vehicle.ue4.audi.tt,1.0,0.0,0.0,freeze,noise,12920032
baseline_nm1.0,baseline,0,50.0,50.0,0.4,1.5,20.833333333333336,False,vehicle.ue4.audi.tt,0.0,0.0,1.418016392526454,30.199756703198865,19.800243296801135,3.9239999999999853,0.0,4.918474196274906,6.935224753408717,3.9240000000000004,True,COLLISION with vehicle.ue4.audi.tt,1.0,0.0,0.0,freeze,noise,12920033
baseline_nm1.0,baseline,0,50.0,50.0,0.85,2.0,27.77777777777778,True,,0.2357925850411693,8.73104312761361,1.5387210192923593,50.0,0.0,8.3385,16.28343963623047,5.003464170335971,5.759141036102191,8.3385,True,AVOIDED,1.0,0.0,0.0,freeze,noise,12920034
baseline_nm1.0,baseline,0,50.0,50.0,0.4,2.0,27.77777777777778,False,vehicle.ue4.audi.tt,0.0,0.0,1.64466871638755,32.358640377645656,17.641359622354344,3.9239999999999853,0.0,4.969490057506363,5.529426591439808,3.9240000000000004,True,COLLISION with vehicle.ue4.audi.tt,1.0,0.0,0.0,freeze,noise,12920035
baseline_nm1.0,baseline,0,50.0,50.0,0.85,2.5,34.72222222222222,True,,2.368987035022677,8.608014003394208,1.5828040117239706,50.0,0.0,8.3385,16.956958770751953,7.136666249642082,4.923026994393354,8.3385,True,AVOIDED,1.0,0.0,0.0,freeze,noise,12920036
baseline_nm1.0,baseline,0,50.0,50.0,0.4,2.5,34.72222222222222,False,vehicle.ue4.audi.tt,0.0,0.0,1.4924870061042945,32.37911032000334,17.620889679996658,3.9239999999999853,0.0,4.917216544805907,5.1061631091440605,3.9240000000000004,True,COLLISION with vehicle.ue4.audi.tt,1.0,0.0,0.0,freeze,noise,12920037
baseline_nm1.0,baseline,0,50.0,50.0,0.85,3.0,41.66666666666667,False,,0.0,0.0,1.5530828909371022,50.0,0.0,3.3354000497013203,0.0,11.28359317338748,4.444667012930342,8.3385,True,NO BRAKE / passed,1.0,0.0,0.0,freeze,noise,12920038
baseline_nm1.0,baseline,0,50.0,50.0,0.4,3.0,41.66666666666667,False,,0.0,0.0,1.55346833250409,50.0,0.0,3.9239999999999853,0.0,10.97185364702007,4.444685535881227,3.9240000000000004,True,NO BRAKE / passed,1.0,0.0,0.0,freeze,noise,12920039
baseline_nm1.0,baseline,0,60.0,60.0,0.85,1.0,16.666666666666668,False,vehicle.ue4.audi.tt,0.0,0.0,1.5414337970136753,38.1851233173585,21.814876682641493,8.338499999999982,0.0,4.899555210549338,8.178634435944101,8.3385,True,COLLISION with vehicle.ue4.audi.tt,1.0,0.0,0.0,freeze,noise,12920040
baseline_nm1.0,baseline,0,60.0,60.0,0.4,1.0,16.666666666666668,False,vehicle.ue4.audi.tt,0.0,0.0,1.404701235764088,30.83576895894566,29.16423104105434,3.9239999999999853,0.0,4.965187074639892,8.598057094725423,3.9240000000000004,True,COLLISION with vehicle.ue4.audi.tt,1.0,0.0,0.0,freeze,noise,12920041
baseline_nm1.0,baseline,0,60.0,60.0,0.85,1.5,25.0,False,vehicle.ue4.audi.tt,0.0,0.0,1.6281400126373826,45.711340787275645,14.288659212724358,8.3385,0.0,4.9599533594029195,7.384700461193888,8.3385,True,COLLISION with vehicle.ue4.audi.tt,1.0,0.0,0.0,freeze,noise,12920042
baseline_nm1.0,baseline,0,60.0,60.0,0.4,1.5,25.0,False,vehicle.ue4.audi.tt,0.0,0.0,1.6281979065917662,35.80937799667424,24.190622003325757,3.9239999999999853,0.0,5.000702841901587,7.385700852186588,3.9240000000000004,True,COLLISION with vehicle.ue4.audi.tt,1.0,0.0,0.0,freeze,noise,12920043
baseline_nm1.0,baseline,0,60.0,60.0,0.85,2.0,33.333333333333336,False,,0.0,0.0,1.5878646170813733,60.0,0.0,8.338499999999982,0.0,8.24083328394134,6.755292853330584,8.3385,True,NO BRAKE / passed,1.0,0.0,0.0,freeze,noise,12920044
baseline_nm1.0,baseline,0,60.0,60.0,0.4,2.0,33.333333333333336,False,,0.0,0.0,1.5876596103857359,60.0,0.0,3.9239999999999853,0.0,8.14809799204064,6.755814378925434,3.9240000000000004,True,NO BRAKE / passed,1.0,0.0,0.0,freeze,noise,12920045
baseline_nm1.0,baseline,0,60.0,60.0,0.85,2.5,41.66666666666667,False,,0.0,0.0,1.6753681201684782,60.0,0.0,3.3354000497013203,0.0,16.387012483427327,5.79312271222198,8.3385,True,NO BRAKE / passed,1.0,0.0,0.0,freeze,noise,12920046
baseline_nm1.0,baseline,0,60.0,60.0,0.4,2.5,41.66666666666667,False,,0.0,0.0,1.5876460410358477,60.0,0.0,1.5696000233888796,0.0,16.487026217557965,6.002366512836536,3.9240000000000004,True,NO BRAKE / passed,1.0,0.0,0.0,freeze,noise,12920047
baseline_nm1.0,baseline,0,60.0,60.0,0.85,3.0,50.0,False,,0.0,0.0,1.5531412837826004,60.0,0.0,3.3354000497013203,0.0,24.612155915762973,5.411479914972096,8.3385,True,NO BRAKE / passed,1.0,0.0,0.0,freeze,noise,12920048
baseline_nm1.0,baseline,0,60.0,60.0,0.4,3.0,50.0,False,,0.0,0.0,1.5528560793872372,60.0,0.0,1.5696000233888796,0.0,24.487895967343547,5.411740493118561,3.9240000000000004,True,NO BRAKE / passed,1.0,0.0,0.0,freeze,noise,12920049
baseline_nm2.0,baseline,0,20.0,20.0,0.85,1.0,5.555555555555555,True,,0.660488131638747,10.046880126076571,1.0276972509210658,20.0,0.0,8.3385,1.6629638671875,5.36631584427742,3.854961683271183,8.3385,True,AVOIDED,2.0,0.0,0.0,freeze,noise,12930000
baseline_nm2.0,baseline,0,20.0,20.0,0.4,1.0,5.555555555555555,True,,4.1899919589797605,4.3406201027788125,596.0404336253421,20.0,0.0,3.924000000000003,3.6798410415649414,5.550018310666752,0.0,3.9240000000000004,True,AVOIDED,2.0,0.0,0.0,freeze,noise,12930001
baseline_nm2.0,baseline,0,20.0,20.0,0.85,1.5,8.333333333333332,True,,2.070577624671192,10.046919731867224,1.271539701802271,20.0,0.0,8.3385,1.6639118194580078,6.838428500525684,3.9510049124405637,8.3385,True,AVOIDED,2.0,0.0,0.0,freeze,noise,12930002
baseline_nm2.0,baseline,0,20.0,20.0,0.4,1.5,8.333333333333332,True,,3.079196933856692,4.3356708522365395,583.7450979631233,20.0,0.0,3.924000000000003,3.684176445007324,7.84699631132078,0.0,3.9240000000000004,True,AVOIDED,2.0,0.0,0.0,freeze,noise,12930003
baseline_nm2.0,baseline,0,20.0,20.0,0.85,2.0,11.11111111111111,True,,2.578067780064978,9.224262509603747,1.0964403489107748,20.0,0.0,8.3385,2.281707763671875,7.34565353438546,3.0991175351971583,8.3385,True,AVOIDED,2.0,0.0,0.0,freeze,noise,12930004
baseline_nm2.0,baseline,0,20.0,20.0,0.4,2.0,11.11111111111111,True,,1.4026832646341765,4.260381890145127,1.396079747592526,20.0,0.0,3.924000000000003,4.007410049438477,6.170534140488669,2.778767749131233,3.9240000000000004,True,AVOIDED,2.0,0.0,0.0,freeze,noise,12930005
baseline_nm2.0,baseline,0,20.0,20.0,0.85,2.5,13.88888888888889,True,,3.2808284760091038,3.6581921377002105,1.7341169317153378,20.0,0.0,3.335400049701338,4.359901428222656,8.048561096248362,1.974708438731984,8.3385,True,AVOIDED,2.0,0.0,0.0,freeze,noise,12930006
baseline_nm2.0,baseline,0,20.0,20.0,0.4,2.5,13.88888888888889,True,,2.4454536494160886,3.8297445339870295,2.1423657680249955,20.0,0.0,3.924000000000003,5.7455902099609375,7.213304525270581,1.8395387797555696,3.9240000000000004,True,AVOIDED,2.0,0.0,0.0,freeze,noise,12930007
baseline_nm2.0,baseline,0,20.0,20.0,0.85,3.0,16.666666666666664,True,,6.057630546053591,3.6581921377002105,2.3708400793875004,20.0,0.0,3.335400049701338,4.359901428222656,10.825363166292925,1.44956830296488,8.3385,True,AVOIDED,2.0,0.0,0.0,freeze,noise,12930008
baseline_nm2.0,baseline,0,20.0,20.0,0.4,3.0,16.666666666666664,True,,2.6005897568390806,2.2400999732116946,2.155467039964825,20.0,0.0,3.924000000000003,7.540699005126953,7.368383412243092,1.4895392943987573,3.9240000000000004,True,AVOIDED,2.0,0.0,0.0,freeze,noise,12930009
baseline_nm2.0,baseline,0,30.0,30.0,0.85,1.0,8.333333333333334,True,,0.9988269995052557,7.780869947502465,4.897771044617968,30.0,0.0,8.3385,6.460596084594727,5.766677875359748,3.024594227647652,8.3385,True,AVOIDED,2.0,0.0,0.0,freeze,noise,12930010
baseline_nm2.0,baseline,0,30.0,30.0,0.4,1.0,8.333333333333334,False,vehicle.ue4.audi.tt,0.0,0.0,3.1928045737095796,23.48145662885619,6.518543371143811,3.924000000000003,0.0,4.896625536251081,3.817779399200924,3.9240000000000004,True,COLLISION with vehicle.ue4.audi.tt,2.0,0.0,0.0,freeze,noise,12930011
baseline_nm2.0,baseline,0,30.0,30.0,0.85,1.5,12.5,True,,2.268383071373335,7.777714482575282,2.1697676448836116,30.0,0.0,8.3385,6.461769104003906,7.036218688303767,3.872023919682321,8.3385,True,AVOIDED,2.0,0.0,0.0,freeze,noise,12930012
baseline_nm2.0,baseline,0,30.0,30.0,0.4,1.5,12.5,False,vehicle.ue4.audi.tt,0.0,0.0,1.5001870955425671,21.789430153592203,8.210569846407797,3.924000000000003,0.0,4.920852672100328,4.542613936001572,3.9240000000000004,True,COLLISION with vehicle.ue4.audi.tt,2.0,0.0,0.0,freeze,noise,12930013
baseline_nm2.0,baseline,0,30.0,30.0,0.85,2.0,16.666666666666668,True,,3.7099609490608625,8.776374924336977,1.4274126321631653,30.0,0.0,8.3385,5.465799331665039,8.477796567881676,3.712669859848076,8.3385,True,AVOIDED,2.0,0.0,0.0,freeze,noise,12930014
baseline_nm2.0,baseline,0,30.0,30.0,0.4,2.0,16.666666666666668,False,vehicle.ue4.audi.tt,0.0,0.0,1.7045799907018522,26.43086754900424,3.5691324509957587,3.924000000000003,0.0,4.894847877971663,3.406237288102827,3.9240000000000004,True,COLLISION with vehicle.ue4.audi.tt,2.0,0.0,0.0,freeze,noise,12930015
baseline_nm2.0,baseline,0,30.0,30.0,0.85,2.5,20.833333333333336,True,,5.608499527963609,9.523698803724844,1.3408825718779664,30.0,0.0,8.3385,5.254154205322266,10.376132966077272,3.147757797508005,8.3385,True,AVOIDED,2.0,0.0,0.0,freeze,noise,12930016
baseline_nm2.0,baseline,0,30.0,30.0,0.4,2.5,20.833333333333336,False,vehicle.ue4.audi.tt,0.0,0.0,1.4423497864964672,26.19380016201656,3.806199837983438,3.924000000000003,0.0,4.896618048960498,3.0355567653457296,3.9240000000000004,True,COLLISION with vehicle.ue4.audi.tt,2.0,0.0,0.0,freeze,noise,12930017
baseline_nm2.0,baseline,0,30.0,30.0,0.85,3.0,25.0,True,,4.278726800971022,3.73828607562754,1.666352180843868,30.0,0.0,8.3385,9.509391784667969,9.046394571573188,2.480374726997009,8.3385,True,AVOIDED,2.0,0.0,0.0,freeze,noise,12930018
baseline_nm2.0,baseline,0,30.0,30.0,0.4,3.0,25.0,True,,0.4662652038196846,4.063106252665917,1.564538689948,30.0,0.0,3.924000000000003,12.492599487304688,5.23398256589437,2.6390243405774925,3.9240000000000004,True,AVOIDED,2.0,0.0,0.0,freeze,noise,12930019
baseline_nm2.0,baseline,0,40.0,40.0,0.85,1.0,11.11111111111111,True,,0.2197580571302984,9.348235221357857,2.2853354056889215,40.0,0.0,8.3385,10.56833267211914,4.98738577539238,5.433854654583516,8.3385,True,AVOIDED,2.0,0.0,0.0,freeze,noise,12930020
baseline_nm2.0,baseline,0,40.0,40.0,0.4,1.0,11.11111111111111,False,vehicle.ue4.audi.tt,0.0,0.0,1.6890733126384643,25.432140625432137,14.567859374567863,3.924000000000003,0.0,4.938661576266004,6.179789901881997,3.9240000000000004,True,COLLISION with vehicle.ue4.audi.tt,2.0,0.0,0.0,freeze,noise,12930021
baseline_nm2.0,baseline,0,40.0,40.0,0.85,1.5,16.666666666666664,True,,2.185971626938559,8.934489154186066,1.9729848870727449,40.0,0.0,8.3385,10.295494079589844,6.953822502793051,4.863756716161724,8.3385,True,AVOIDED,2.0,0.0,0.0,freeze,noise,12930022
baseline_nm2.0,baseline,0,40.0,40.0,0.4,1.5,16.666666666666664,False,vehicle.ue4.audi.tt,0.0,0.0,1.4979309987928373,26.3056968885308,13.6943031114692,3.924000000000003,0.0,4.927932740135045,5.610950213515961,3.9240000000000004,True,COLLISION with vehicle.ue4.audi.tt,2.0,0.0,0.0,freeze,noise,12930023
baseline_nm2.0,baseline,0,40.0,40.0,0.85,2.0,22.22222222222222,True,,2.7872025354552363,8.773316840525796,1.6479237312048387,40.0,0.0,8.338500000000018,10.836490631103516,7.554805458850853,4.4603924277537566,8.3385,True,AVOIDED,2.0,0.0,0.0,freeze,noise,12930024
baseline_nm2.0,baseline,0,40.0,40.0,0.4,2.0,22.22222222222222,False,vehicle.ue4.audi.tt,0.0,0.0,1.5346654269310267,28.089510584584083,11.910489415415915,3.924000000000003,0.0,4.947647279861874,4.6472998193919,3.9240000000000004,True,COLLISION with vehicle.ue4.audi.tt,2.0,0.0,0.0,freeze,noise,12930025
baseline_nm2.0,baseline,0,40.0,40.0,0.85,2.5,27.77777777777778,True,,1.8797233494083203,5.517125262550879,1.517171235020837,40.0,0.0,8.3385,13.439315795898438,6.647333885773969,3.970144486766125,8.3385,True,AVOIDED,2.0,0.0,0.0,freeze,noise,12930026
baseline_nm2.0,baseline,0,40.0,40.0,0.4,2.5,27.77777777777778,False,vehicle.ue4.audi.tt,0.0,0.0,1.7233232145391437,31.560686563681486,8.439313436318516,3.924000000000003,0.0,4.909313670112072,3.7017406674007964,3.9240000000000004,True,COLLISION with vehicle.ue4.audi.tt,2.0,0.0,0.0,freeze,noise,12930027
baseline_nm2.0,baseline,0,40.0,40.0,0.85,3.0,33.33333333333333,True,,4.677296168269505,6.545245928607264,1.539209003562223,40.0,0.0,8.3385,12.331836700439453,9.444906705956575,3.581753204482407,8.3385,True,AVOIDED,2.0,0.0,0.0,freeze,noise,12930028
baseline_nm2.0,baseline,0,40.0,40.0,0.4,3.0,33.33333333333333,False,vehicle.ue4.audi.tt,0.0,0.0,1.6389487007534123,30.5309632479814,9.4690367520186,3.924000000000003,0.0,4.9288262129403355,3.3632653898082356,3.9240000000000004,True,COLLISION with vehicle.ue4.audi.tt,2.0,0.0,0.0,freeze,noise,12930029
baseline_nm2.0,baseline,0,50.0,50.0,0.85,1.0,13.88888888888889,False,vehicle.ue4.audi.tt,0.0,0.0,1.7201427277918155,36.150116011710956,13.849883988289044,8.338500000000018,0.0,4.922825113402332,6.959374397837682,8.3385,True,COLLISION with vehicle.ue4.audi.tt,2.0,0.0,0.0,freeze,noise,12930030
baseline_nm2.0,baseline,0,50.0,50.0,0.4,1.0,13.88888888888889,False,vehicle.ue4.audi.tt,0.0,0.0,2.4669405078124,29.48012827269986,20.51987172730014,3.9239999999999853,0.0,4.946312802657061,5.981431692590192,3.9240000000000004,True,COLLISION with vehicle.ue4.audi.tt,2.0,0.0,0.0,freeze,noise,12930031
baseline_nm2.0,baseline,0,50.0,50.0,0.85,1.5,20.833333333333336,False,vehicle.ue4.audi.tt,0.0,0.0,1.6631350819240196,44.48961920219177,5.51038079780823,8.338500000000018,0.0,4.907398706224197,6.301942063973625,8.3385,True,COLLISION with vehicle.ue4.audi.tt,2.0,0.0,0.0,freeze,noise,12930032
baseline_nm2.0,baseline,0,50.0,50.0,0.4,1.5,20.833333333333336,False,vehicle.ue4.audi.tt,0.0,0.0,1.418016392526454,30.199756703198865,19.800243296801135,3.9239999999999853,0.0,4.918474196274906,6.935224753408717,3.9240000000000004,True,COLLISION with vehicle.ue4.audi.tt,2.0,0.0,0.0,freeze,noise,12930033
baseline_nm2.0,baseline,0,50.0,50.0,0.85,2.0,27.77777777777778,True,,1.9745809783451085,8.608014003394208,1.6440457873219325,50.0,0.0,8.3385,15.234893798828125,6.742260192948125,5.529717453245988,8.3385,True,AVOIDED,2.0,0.0,0.0,freeze,noise,12930034
baseline_nm2.0,baseline,0,50.0,50.0,0.4,2.0,27.77777777777778,False,vehicle.ue4.audi.tt,0.0,0.0,1.5380030540665015,32.57480498591268,17.42519501408732,3.9239999999999853,0.0,4.97121032819526,5.759328130792308,3.9240000000000004,True,COLLISION with vehicle.ue4.audi.tt,2.0,0.0,0.0,freeze,noise,12930035
baseline_nm2.0,baseline,0,50.0,50.0,0.85,2.5,34.72222222222222,True,,3.0729320522194143,9.046598564761176,1.4054147772054102,50.0,0.0,8.3385,14.872554779052734,7.8407829280739065,5.303685733496747,8.3385,True,AVOIDED,2.0,0.0,0.0,freeze,noise,12930036
baseline_nm2.0,baseline,0,50.0,50.0,0.4,2.5,34.72222222222222,False,vehicle.ue4.audi.tt,0.0,0.0,1.5819599028718807,33.31413655690351,16.685863443096487,3.9239999999999853,0.0,4.903606503149204,4.923476883813943,3.9240000000000004,True,COLLISION with vehicle.ue4.audi.tt,2.0,0.0,0.0,freeze,noise,12930037
baseline_nm2.0,baseline,0,50.0,50.0,0.85,3.0,41.66666666666667,False,,0.0,0.0,1.67355215646695,50.0,0.0,3.3354000497013203,0.0,11.302445402471665,4.175791083041976,8.3385,True,NO BRAKE / passed,2.0,0.0,0.0,freeze,noise,12930038
baseline_nm2.0,baseline,0,50.0,50.0,0.4,3.0,41.66666666666667,False,,0.0,0.0,1.453456698562773,50.0,0.0,3.9239999999999853,0.0,11.40935858323288,4.750576262142978,3.9240000000000004,True,NO BRAKE / passed,2.0,0.0,0.0,freeze,noise,12930039
baseline_nm2.0,baseline,0,60.0,60.0,0.85,1.0,16.666666666666668,False,vehicle.ue4.audi.tt,0.0,0.0,1.8661718235966427,39.7009256444639,20.2990743555361,8.338499999999982,0.0,4.911128999397833,7.447490817245453,8.3385,True,COLLISION with vehicle.ue4.audi.tt,2.0,0.0,0.0,freeze,noise,12930040
baseline_nm2.0,baseline,0,60.0,60.0,0.4,1.0,16.666666666666668,False,vehicle.ue4.audi.tt,0.0,0.0,1.6973087924528671,31.492061359705104,28.507938640294896,3.9239999999999853,0.0,4.898651149394446,7.797668900974899,3.9240000000000004,True,COLLISION with vehicle.ue4.audi.tt,2.0,0.0,0.0,freeze,noise,12930041
baseline_nm2.0,baseline,0,60.0,60.0,0.85,1.5,25.0,False,vehicle.ue4.audi.tt,0.0,0.0,2.017507530687742,46.577386740917916,13.422613259082087,8.3385,0.0,4.913475492749745,6.524210061392629,8.3385,True,COLLISION with vehicle.ue4.audi.tt,2.0,0.0,0.0,freeze,noise,12930042
baseline_nm2.0,baseline,0,60.0,60.0,0.4,1.5,25.0,False,vehicle.ue4.audi.tt,0.0,0.0,1.8759172085135993,35.449477613642706,24.550522386357294,3.9239999999999853,0.0,4.972329182288571,6.789588489867011,3.9240000000000004,True,COLLISION with vehicle.ue4.audi.tt,2.0,0.0,0.0,freeze,noise,12930043
baseline_nm2.0,baseline,0,60.0,60.0,0.85,2.0,33.333333333333336,False,,0.0,0.0,1.4936475266654747,60.0,0.0,8.338499999999982,0.0,8.561000825130268,7.042269091681922,8.3385,True,NO BRAKE / passed,2.0,0.0,0.0,freeze,noise,12930044
baseline_nm2.0,baseline,0,60.0,60.0,0.4,2.0,33.333333333333336,False,,0.0,0.0,1.4934540757247192,60.0,0.0,3.9239999999999853,0.0,8.011684417863687,7.042793541945185,3.9240000000000004,True,NO BRAKE / passed,2.0,0.0,0.0,freeze,noise,12930045
baseline_nm2.0,baseline,0,60.0,60.0,0.85,2.5,41.66666666666667,False,,0.0,0.0,1.7692237223964387,60.0,0.0,3.3354000497013203,0.0,16.533573152245538,5.597174880984343,8.3385,True,NO BRAKE / passed,2.0,0.0,0.0,freeze,noise,12930046
baseline_nm2.0,baseline,0,60.0,60.0,0.4,2.5,41.66666666666667,False,,0.0,0.0,1.5876460410358477,60.0,0.0,3.9239999999999853,0.0,16.487026217557965,6.002366512836536,3.9240000000000004,True,NO BRAKE / passed,2.0,0.0,0.0,freeze,noise,12930047
baseline_nm2.0,baseline,0,60.0,60.0,0.85,3.0,50.0,False,,0.0,0.0,1.5531412837826004,60.0,0.0,3.3354000497013203,0.0,24.612155915762973,5.411479914972096,8.3385,True,NO BRAKE / passed,2.0,0.0,0.0,freeze,noise,12930048
baseline_nm2.0,baseline,0,60.0,60.0,0.4,3.0,50.0,False,,0.0,0.0,1.5528560793872372,60.0,0.0,1.5696000233888796,0.0,24.487895967343547,5.411740493118561,3.9240000000000004,True,NO BRAKE / passed,2.0,0.0,0.0,freeze,noise,12930049
proposed_nm0.0,proposed,0,20.0,20.0,0.85,1.0,5.555555555555555,True,,0.2019138357252963,10.453119983521168,1.0276972509210658,20.0,0.0,8.3385,2.132364273071289,4.9696979544055315,3.854961683271183,8.3385,True,AVOIDED,0.0,0.0,0.0,freeze,noise,13320000
proposed_nm0.0,proposed,0,20.0,20.0,0.4,1.0,5.555555555555555,False,vehicle.ue4.audi.tt,0.0,0.0,1.027180161973942,10.052963990272419,9.947036009727581,3.924000000000003,0.0,4.898561490335623,3.8561031592528154,3.9240000000000004,True,COLLISION with vehicle.ue4.audi.tt,0.0,0.0,0.0,freeze,noise,13320001
proposed_nm0.0,proposed,0,20.0,20.0,0.85,1.5,8.333333333333332,True,,1.0720443767769625,7.71498521924589,1.524544481957731,20.0,0.0,8.3385,2.937509536743164,5.839683536933365,3.642869055510605,8.3385,True,AVOIDED,0.0,0.0,0.0,freeze,noise,13320002
proposed_nm0.0,proposed,0,20.0,20.0,0.4,1.5,8.333333333333332,False,vehicle.ue4.audi.tt,0.0,4.457639972928761,1.5241210236795302,18.05292716950635,1.9470728304936498,3.924000000000003,0.0,4.8937015636645675,3.6433767610283385,3.9240000000000004,True,COLLISION with vehicle.ue4.audi.tt,0.0,0.0,0.0,freeze,noise,13320003
proposed_nm0.0,proposed,0,20.0,20.0,0.85,2.0,11.11111111111111,True,,1.3276138311944292,3.659027209484476,1.5769579829209088,20.0,0.0,3.335400049701338,4.358022689819336,6.095344544088494,2.6408963823463054,8.3385,True,AVOIDED,0.0,0.0,0.0,freeze,noise,13320004
proposed_nm0.0,proposed,0,20.0,20.0,0.4,2.0,11.11111111111111,True,,1.5198879304243915,4.0531298286702,1.5765482544638727,20.0,0.0,3.924000000000003,4.165262222290039,6.287603384526088,2.641128431557853,3.9240000000000004,True,AVOIDED,0.0,0.0,0.0,freeze,noise,13320005
proposed_nm0.0,proposed,0,20.0,20.0,0.85,2.5,13.88888888888889,True,,3.0063323975487704,3.6585754881056736,1.5634631974108213,20.0,0.0,3.335400049701338,4.358644485473633,7.774063110438267,2.049671399985566,8.3385,True,AVOIDED,0.0,0.0,0.0,freeze,noise,13320006
proposed_nm0.0,proposed,0,20.0,20.0,0.4,2.5,13.88888888888889,True,,3.165334705810249,4.334045105616085,1.7337599816727003,20.0,0.0,3.924000000000003,4.474906921386719,7.933135990600315,1.974836052488238,3.9240000000000004,True,AVOIDED,0.0,0.0,0.0,freeze,noise,13320007
proposed_nm0.0,proposed,0,20.0,20.0,0.85,3.0,16.666666666666664,True,,4.4040851689989235,3.6574361751269278,1.5926756334445036,20.0,0.0,3.335400049701338,4.360797882080078,9.171817789249273,1.7271808654896244,8.3385,True,AVOIDED,0.0,0.0,0.0,freeze,noise,13320008
proposed_nm0.0,proposed,0,20.0,20.0,0.4,3.0,16.666666666666664,True,,3.186069491784326,3.3241366557309386,1.6928175800883754,20.0,0.0,3.924000000000003,6.129241943359375,7.953920367638818,1.6249603754545856,3.9240000000000004,True,AVOIDED,0.0,0.0,0.0,freeze,noise,13320009
proposed_nm0.0,proposed,0,30.0,30.0,0.85,1.0,8.333333333333334,True,,0.12737656277324128,9.287440317700943,1.4913584999013962,30.0,0.0,8.3385,5.677133560180664,4.895063406621209,5.527246761241946,8.3385,True,AVOIDED,0.0,0.0,0.0,freeze,noise,13320010
proposed_nm0.0,proposed,0,30.0,30.0,0.4,1.0,8.333333333333334,False,vehicle.ue4.audi.tt,0.0,0.0,1.4965137535196515,19.782304558389427,10.217695441610571,3.924000000000003,0.0,4.898994453221884,5.529156961112872,3.9240000000000004,True,COLLISION with vehicle.ue4.audi.tt,0.0,0.0,0.0,freeze,noise,13320011
proposed_nm0.0,proposed,0,30.0,30.0,0.85,1.5,12.5,True,,1.2146989160911073,8.359683304687305,1.4978341553493797,30.0,0.0,8.3385,6.274269104003906,5.982298022320891,4.541629174900243,8.3385,True,AVOIDED,0.0,0.0,0.0,freeze,noise,13320012
proposed_nm0.0,proposed,0,30.0,30.0,0.4,1.5,12.5,False,vehicle.ue4.audi.tt,0.0,0.0,1.6806460601179907,23.38853205173725,6.6114679482627485,3.924000000000003,0.0,4.90334511157686,4.302019118095181,3.9240000000000004,True,COLLISION with vehicle.ue4.audi.tt,0.0,0.0,0.0,freeze,noise,13320013
proposed_nm0.0,proposed,0,30.0,30.0,0.85,2.0,16.666666666666668,True,,1.5107250217146735,4.938377924045225,1.558501907856058,30.0,0.0,8.3385,8.07876968383789,6.27849197412271,3.553040417315222,8.3385,True,AVOIDED,0.0,0.0,0.0,freeze,noise,13320014
proposed_nm0.0,proposed,0,30.0,30.0,0.4,2.0,16.666666666666668,True,,0.3628559120931305,4.0200385010662805,1.7045799907018522,30.0,0.0,3.924000000000003,9.638933181762695,5.130706787947623,3.406237288102827,3.9240000000000004,True,AVOIDED,0.0,0.0,0.0,freeze,noise,13320015
proposed_nm0.0,proposed,0,30.0,30.0,0.85,2.5,20.833333333333336,True,,1.730516606536093,3.502564285803724,1.555509886909128,30.0,0.0,3.335400049701338,9.959571838378906,6.498367482390585,2.9208720157525128,8.3385,True,AVOIDED,0.0,0.0,0.0,freeze,noise,13320016
proposed_nm0.0,proposed,0,30.0,30.0,0.4,2.5,20.833333333333336,True,,2.227457136795225,4.107618692874129,1.6726036807602376,30.0,0.0,3.924000000000003,9.874568939208984,6.995166869044345,2.8207196643833763,3.9240000000000004,True,AVOIDED,0.0,0.0,0.0,freeze,noise,13320017
proposed_nm0.0,proposed,0,30.0,30.0,0.85,3.0,25.0,True,,2.9992240114637587,3.501718372541213,1.5663577887799187,30.0,0.0,3.335400049701338,9.961446762084961,7.767074887318251,2.6387316278142037,8.3385,True,AVOIDED,0.0,0.0,0.0,freeze,noise,13320018
proposed_nm0.0,proposed,0,30.0,30.0,0.4,3.0,25.0,True,,2.7447416973140175,4.019362245863514,1.7642192354390471,30.0,0.0,3.924000000000003,11.869022369384766,7.51259257316851,2.3401724697625426,3.9240000000000004,True,AVOIDED,0.0,0.0,0.0,freeze,noise,13320019
proposed_nm0.0,proposed,0,40.0,40.0,0.85,1.0,11.11111111111111,False,vehicle.ue4.audi.tt,0.0,0.0,1.463429358931834,32.86637118689079,7.133628813109211,8.3385,0.0,4.906415428690845,6.585243016700176,8.3385,True,COLLISION with vehicle.ue4.audi.tt,0.0,0.0,0.0,freeze,noise,13320020
proposed_nm0.0,proposed,0,40.0,40.0,0.4,1.0,11.11111111111111,False,vehicle.ue4.audi.tt,0.0,0.0,1.6890733126384643,25.553071265360295,14.446928734639707,3.924000000000003,0.0,4.911443727228645,6.179789901881997,3.9240000000000004,True,COLLISION with vehicle.ue4.audi.tt,0.0,0.0,0.0,freeze,noise,13320021
proposed_nm0.0,proposed,0,40.0,40.0,0.85,1.5,16.666666666666664,False,vehicle.ue4.audi.tt,0.0,8.92490351418854,1.4978989383190238,37.41658734701361,2.5834126529863894,8.338500000000018,0.0,4.894690617894768,5.610379576220253,8.3385,True,COLLISION with vehicle.ue4.audi.tt,0.0,0.0,0.0,freeze,noise,13320022
proposed_nm0.0,proposed,0,40.0,40.0,0.4,1.5,16.666666666666664,False,vehicle.ue4.audi.tt,0.0,0.0,1.6350227773608492,28.19659092310946,11.803409076890537,3.924000000000003,0.0,4.9335403492961865,5.339216118426095,3.9240000000000004,True,COLLISION with vehicle.ue4.audi.tt,0.0,0.0,0.0,freeze,noise,13320023
proposed_nm0.0,proposed,0,40.0,40.0,0.85,2.0,22.22222222222222,True,,0.9787410214319259,6.835319143198157,1.5352075693094698,40.0,0.0,8.3385,12.093549728393555,5.746363019271489,4.646139043398756,8.3385,True,AVOIDED,0.0,0.0,0.0,freeze,noise,13320024
proposed_nm0.0,proposed,0,40.0,40.0,0.4,2.0,22.22222222222222,False,vehicle.ue4.audi.tt,0.0,0.0,1.6466820579698962,30.693706294651918,9.306293705348084,3.924000000000003,0.0,4.900303038887395,4.461548951861006,3.9240000000000004,True,COLLISION with vehicle.ue4.audi.tt,0.0,0.0,0.0,freeze,noise,13320025
proposed_nm0.0,proposed,0,40.0,40.0,0.85,2.5,27.77777777777778,True,,1.4725434958939632,5.219126710515103,1.517171235020837,40.0,0.0,8.3385,13.846500396728516,6.240394371748455,3.970144486766125,8.3385,True,AVOIDED,0.0,0.0,0.0,freeze,noise,13320026
proposed_nm0.0,proposed,0,40.0,40.0,0.4,2.5,27.77777777777778,False,vehicle.ue4.audi.tt,0.0,0.0,1.7233232145391437,35.38317577083746,4.616824229162541,3.924000000000003,0.0,4.89838071952262,3.7017406674007964,3.9240000000000004,True,COLLISION with vehicle.ue4.audi.tt,0.0,0.0,0.0,freeze,noise,13320027
proposed_nm0.0,proposed,0,40.0,40.0,0.85,3.0,33.33333333333333,True,,1.5411349219426969,4.038347363173135,1.592462827843923,40.0,0.0,8.3385,16.02057647705078,6.308795072785682,3.468196068378685,8.3385,True,AVOIDED,0.0,0.0,0.0,freeze,noise,13320028
proposed_nm0.0,proposed,0,40.0,40.0,0.4,3.0,33.33333333333333,False,vehicle.ue4.audi.tt,0.0,4.071406704155395,1.741385303191896,38.152655602336864,1.8473443976631392,3.924000000000003,0.0,4.8936969902138046,3.1700601478943344,3.9240000000000004,True,COLLISION with vehicle.ue4.audi.tt,0.0,0.0,0.0,freeze,noise,13320029
proposed_nm0.0,proposed,0,50.0,50.0,0.85,1.0,13.88888888888889,False,vehicle.ue4.audi.tt,0.0,0.0,1.5396789646693683,36.66377224145344,13.336227758546565,8.338500000000018,0.0,4.898197431135843,7.339271753267539,8.3385,True,COLLISION with vehicle.ue4.audi.tt,0.0,0.0,0.0,freeze,noise,13320030
proposed_nm0.0,proposed,0,50.0,50.0,0.4,1.0,13.88888888888889,False,vehicle.ue4.audi.tt,0.0,0.0,1.7164911934183178,30.041764113443694,19.958235886556306,3.9239999999999853,0.0,4.896302886050009,6.96504338213326,3.9240000000000004,True,COLLISION with vehicle.ue4.audi.tt,0.0,0.0,0.0,freeze,noise,13320031
proposed_nm0.0,proposed,0,50.0,50.0,0.85,1.5,20.833333333333336,False,vehicle.ue4.audi.tt,0.0,0.0,1.5366633997877233,40.20938745174117,9.790612548258828,8.338500000000018,0.0,4.910530580327268,6.602333366155927,8.3385,True,COLLISION with vehicle.ue4.audi.tt,0.0,0.0,0.0,freeze,noise,13320032
proposed_nm0.0,proposed,0,50.0,50.0,0.4,1.5,20.833333333333336,False,vehicle.ue4.audi.tt,0.0,0.0,1.8005841024339466,34.00823884526677,15.991761154733235,3.9239999999999853,0.0,4.964412064007339,6.028715698443331,3.9240000000000004,True,COLLISION with vehicle.ue4.audi.tt,0.0,0.0,0.0,freeze,noise,13320033
proposed_nm0.0,proposed,0,50.0,50.0,0.85,2.0,27.77777777777778,False,vehicle.ue4.audi.tt,0.0,0.0,1.5387210192923593,42.83421272808645,7.165787271913549,8.3385,0.0,4.91748862549032,5.759141036102191,8.3385,True,COLLISION with vehicle.ue4.audi.tt,0.0,0.0,0.0,freeze,noise,13320034
proposed_nm0.0,proposed,0,50.0,50.0,0.4,2.0,27.77777777777778,False,vehicle.ue4.audi.tt,0.0,0.0,1.8758773454259712,35.69036043183026,14.309639568169741,3.924000000000003,0.0,4.92826173705589,5.1196161237839455,3.9240000000000004,True,COLLISION with vehicle.ue4.audi.tt,0.0,0.0,0.0,freeze,noise,13320035
proposed_nm0.0,proposed,0,50.0,50.0,0.85,2.5,34.72222222222222,True,,0.1683500967284015,6.567985614938648,1.5828040117239706,50.0,0.0,8.3385,19.157581329345703,4.9359530090479655,4.923026994393354,8.3385,True,AVOIDED,0.0,0.0,0.0,freeze,noise,13320036
proposed_nm0.0,proposed,0,50.0,50.0,0.4,2.5,34.72222222222222,False,vehicle.ue4.audi.tt,0.0,0.0,1.8801603817024044,37.975257370104366,12.024742629895634,3.924000000000003,0.0,4.901952945143511,4.4464088089142955,3.9240000000000004,True,COLLISION with vehicle.ue4.audi.tt,0.0,0.0,0.0,freeze,noise,13320037
proposed_nm0.0,proposed,0,50.0,50.0,0.85,3.0,41.66666666666667,False,,0.0,0.0,1.5530828909371022,50.0,0.0,3.3354000497013203,0.0,11.28359317338748,4.444667012930342,8.3385,True,NO BRAKE / passed,0.0,0.0,0.0,freeze,noise,13320038
proposed_nm0.0,proposed,0,50.0,50.0,0.4,3.0,41.66666666666667,False,,0.0,0.0,1.85516823812604,50.0,0.0,3.9239999999999853,0.0,11.315742836699938,3.934965505443924,3.9240000000000004,True,NO BRAKE / passed,0.0,0.0,0.0,freeze,noise,13320039
proposed_nm0.0,proposed,0,60.0,60.0,0.85,1.0,16.666666666666668,False,vehicle.ue4.audi.tt,0.0,0.0,1.5414337970136753,42.49440935203448,17.505590647965523,8.3385,0.0,4.93773651968574,8.178634435944101,8.3385,True,COLLISION with vehicle.ue4.audi.tt,0.0,0.0,0.0,freeze,noise,13320040
proposed_nm0.0,proposed,0,60.0,60.0,0.4,1.0,16.666666666666668,False,vehicle.ue4.audi.tt,0.0,0.0,1.8668001920773456,34.88671566199865,25.113284338001353,3.924000000000021,0.0,4.950706827817439,7.443964148995502,3.9240000000000004,True,COLLISION with vehicle.ue4.audi.tt,0.0,0.0,0.0,freeze,noise,13320041
proposed_nm0.0,proposed,0,60.0,60.0,0.85,1.5,25.0,False,vehicle.ue4.audi.tt,0.0,0.0,1.5179003642955156,45.9941303187355,14.0058696812645,8.3385,0.0,4.927204492445811,7.723672276625629,8.3385,True,COLLISION with vehicle.ue4.audi.tt,0.0,0.0,0.0,freeze,noise,13320042
proposed_nm0.0,proposed,0,60.0,60.0,0.4,1.5,25.0,False,vehicle.ue4.audi.tt,0.0,0.0,1.8759172085135993,39.37090026826789,20.629099731732108,3.924000000000021,0.0,4.919212490880085,6.789588489867011,3.9240000000000004,True,COLLISION with vehicle.ue4.audi.tt,0.0,0.0,0.0,freeze,noise,13320043
proposed_nm0.0,proposed,0,60.0,60.0,0.85,2.0,33.333333333333336,False,,0.0,0.0,1.5878646170813733,60.0,0.0,8.338499999999982,0.0,8.477176667676295,6.755292853330584,8.3385,True,NO BRAKE / passed,0.0,0.0,0.0,freeze,noise,13320044
proposed_nm0.0,proposed,0,60.0,60.0,0.4,2.0,33.333333333333336,False,,0.0,0.0,1.905220588643226,60.0,0.0,3.9239999999999853,0.0,8.275402069234726,6.018425054777364,3.9240000000000004,True,NO BRAKE / passed,0.0,0.0,0.0,freeze,noise,13320045
proposed_nm0.0,proposed,0,60.0,60.0,0.85,2.5,41.66666666666667,False,,0.0,0.0,1.5878978870973606,60.0,0.0,3.3354000497013203,0.0,16.25029754815325,6.002032820303024,8.3385,True,NO BRAKE / passed,0.0,0.0,0.0,freeze,noise,13320046
proposed_nm0.0,proposed,0,60.0,60.0,0.4,2.5,41.66666666666667,False,,0.0,0.0,1.9657996293202769,60.0,0.0,3.9239999999999853,0.0,16.5469818127879,5.244704754638414,3.9240000000000004,True,NO BRAKE / passed,0.0,0.0,0.0,freeze,noise,13320047
proposed_nm0.0,proposed,0,60.0,60.0,0.85,3.0,50.0,False,,0.0,0.0,1.5531412837826004,60.0,0.0,3.3354000497013203,0.0,24.612155915762973,5.411479914972096,8.3385,True,NO BRAKE / passed,0.0,0.0,0.0,freeze,noise,13320048
proposed_nm0.0,proposed,0,60.0,60.0,0.4,3.0,50.0,False,,0.0,0.0,1.98339868966077,60.0,0.0,3.9239999999999853,0.0,24.765625001696947,4.646705466069283,3.9240000000000004,True,NO BRAKE / passed,0.0,0.0,0.0,freeze,noise,13320049
proposed_nm0.5,proposed,0,20.0,20.0,0.85,1.0,5.555555555555555,True,,0.3507175466353827,9.602495067949784,1.0276972509210658,20.0,0.0,8.3385,1.983560562133789,5.115293504881872,3.854961683271183,8.3385,True,AVOIDED,0.5,0.0,0.0,freeze,noise,13370000
proposed_nm0.5,proposed,0,20.0,20.0,0.4,1.0,5.555555555555555,True,,4.1899919589797605,4.3406201027788125,596.0404336253421,20.0,0.0,3.924000000000003,3.6798410415649414,5.550018310666752,0.0,3.9240000000000004,True,AVOIDED,0.5,0.0,0.0,freeze,noise,13370001
proposed_nm0.5,proposed,0,20.0,20.0,0.85,1.5,8.333333333333332,True,,1.3468341866052924,7.715907819901825,1.892753991875576,20.0,0.0,8.3385,2.938518524169922,6.114561084790257,3.3501952937170647,8.3385,True,AVOIDED,0.5,0.0,0.0,freeze,noise,13370002
proposed_nm0.5,proposed,0,20.0,20.0,0.4,1.5,8.333333333333332,False,vehicle.ue4.audi.tt,0.0,4.457639972928761,1.5241210236795302,18.05292716950635,1.9470728304936498,3.924000000000003,0.0,4.8937015636645675,3.6433767610283385,3.9240000000000004,True,COLLISION with vehicle.ue4.audi.tt,0.5,0.0,0.0,freeze,noise,13370003
proposed_nm0.5,proposed,0,20.0,20.0,0.85,2.0,11.11111111111111,True,,1.6803760531922043,4.17563571102779,1.5769579829209088,20.0,0.0,8.3385,4.005260467529297,6.448024750193225,2.6408963823463054,8.3385,True,AVOIDED,0.5,0.0,0.0,freeze,noise,13370004
proposed_nm0.5,proposed,0,20.0,20.0,0.4,2.0,11.11111111111111,True,,1.5198879304243915,4.0531298286702,1.5765482544638727,20.0,0.0,3.924000000000003,4.165262222290039,6.287603384526088,2.641128431557853,3.9240000000000004,True,AVOIDED,0.5,0.0,0.0,freeze,noise,13370005
proposed_nm0.5,proposed,0,20.0,20.0,0.85,2.5,13.88888888888889,True,,3.0063323975487704,3.6585754881056736,1.5634631974108213,20.0,0.0,3.335400049701338,4.358644485473633,7.774063110438267,2.049671399985566,8.3385,True,AVOIDED,0.5,0.0,0.0,freeze,noise,13370006
proposed_nm0.5,proposed,0,20.0,20.0,0.4,2.5,13.88888888888889,True,,3.6324558294230602,4.260040069738989,1.7337599816727003,20.0,0.0,3.924000000000003,4.007785797119141,8.400306705277552,1.974836052488238,3.9240000000000004,True,AVOIDED,0.5,0.0,0.0,freeze,noise,13370007
proposed_nm0.5,proposed,0,20.0,20.0,0.85,3.0,16.666666666666664,True,,4.955434807952868,3.6578508659042104,1.6929035406810722,20.0,0.0,3.335400049701338,4.36036491394043,9.723167428192232,1.624877754235555,8.3385,True,AVOIDED,0.5,0.0,0.0,freeze,noise,13370008
proposed_nm0.5,proposed,0,20.0,20.0,0.4,3.0,16.666666666666664,True,,3.5687484767552355,3.8290569526648826,1.6928175800883754,20.0,0.0,3.924000000000003,5.746562957763672,8.336599352609728,1.6249603754545856,3.9240000000000004,True,AVOIDED,0.5,0.0,0.0,freeze,noise,13370009
proposed_nm0.5,proposed,0,30.0,30.0,0.85,1.0,8.333333333333334,False,vehicle.ue4.audi.tt,0.0,0.0,1.8472850266386107,25.39735881288882,4.602641187111178,8.3385,0.0,4.902832032636184,4.997332934518866,8.3385,True,COLLISION with vehicle.ue4.audi.tt,0.5,0.0,0.0,freeze,noise,13370010
proposed_nm0.5,proposed,0,30.0,30.0,0.4,1.0,8.333333333333334,False,vehicle.ue4.audi.tt,0.0,0.0,1.837465193847895,21.869798311086107,8.13020168891389,3.924000000000003,0.0,4.9272480097546465,4.999150121489109,3.9240000000000004,True,COLLISION with vehicle.ue4.audi.tt,0.5,0.0,0.0,freeze,noise,13370011
proposed_nm0.5,proposed,0,30.0,30.0,0.85,1.5,12.5,True,,1.409671899205235,9.064159944234172,1.4978341553493797,30.0,0.0,8.3385,6.079296112060547,6.177299615828418,4.541629174900243,8.3385,True,AVOIDED,0.5,0.0,0.0,freeze,noise,13370012
proposed_nm0.5,proposed,0,30.0,30.0,0.4,1.5,12.5,False,vehicle.ue4.audi.tt,0.0,0.0,1.6806460601179907,24.49115203502509,5.508847964974909,3.924000000000003,0.0,4.908199310588121,4.302019118095181,3.9240000000000004,True,COLLISION with vehicle.ue4.audi.tt,0.5,0.0,0.0,freeze,noise,13370013
proposed_nm0.5,proposed,0,30.0,30.0,0.85,2.0,16.666666666666668,True,,2.095262527636476,5.708034588236933,1.558501907856058,30.0,0.0,8.3385,7.494232177734375,6.862890243694276,3.553040417315222,8.3385,True,AVOIDED,0.5,0.0,0.0,freeze,noise,13370014
proposed_nm0.5,proposed,0,30.0,30.0,0.4,2.0,16.666666666666668,True,,0.3628559120931305,4.0200385010662805,1.7045799907018522,30.0,0.0,3.924000000000003,9.638933181762695,5.130706787947623,3.406237288102827,3.9240000000000004,True,AVOIDED,0.5,0.0,0.0,freeze,noise,13370015
proposed_nm0.5,proposed,0,30.0,30.0,0.85,2.5,20.833333333333336,True,,1.730516606536093,3.502564285803724,1.555509886909128,30.0,0.0,3.335400049701338,9.959571838378906,6.498367482390585,2.9208720157525128,8.3385,True,AVOIDED,0.5,0.0,0.0,freeze,noise,13370016
proposed_nm0.5,proposed,0,30.0,30.0,0.4,2.5,20.833333333333336,True,,2.6425305196080826,4.108395616488606,1.8056867205425549,30.0,0.0,3.924000000000003,9.87363052368164,7.410244066570591,2.7260663960576483,3.9240000000000004,True,AVOIDED,0.5,0.0,0.0,freeze,noise,13370017
proposed_nm0.5,proposed,0,30.0,30.0,0.85,3.0,25.0,True,,3.826669968530082,3.501718372541213,1.666352180843868,30.0,0.0,3.335400049701338,9.961448669433594,8.594520844384574,2.480374726997009,8.3385,True,AVOIDED,0.5,0.0,0.0,freeze,noise,13370018
proposed_nm0.5,proposed,0,30.0,30.0,0.4,3.0,25.0,True,,2.759016054490769,4.063794429148993,1.71781762276468,30.0,0.0,3.924000000000003,11.44143295288086,7.526733415957539,2.4079269064192053,3.9240000000000004,True,AVOIDED,0.5,0.0,0.0,freeze,noise,13370019
proposed_nm0.5,proposed,0,40.0,40.0,0.85,1.0,11.11111111111111,False,vehicle.ue4.audi.tt,0.0,0.0,1.6897288075897838,35.042770009204226,4.957229990795776,8.3385,0.0,4.911606997539409,6.176542949663557,8.3385,True,COLLISION with vehicle.ue4.audi.tt,0.5,0.0,0.0,freeze,noise,13370020
proposed_nm0.5,proposed,0,40.0,40.0,0.4,1.0,11.11111111111111,False,vehicle.ue4.audi.tt,0.0,0.0,1.4625655724835638,25.615705100056346,14.384294899943654,3.924000000000003,0.0,4.923978808858434,6.587173239442366,3.9240000000000004,True,COLLISION with vehicle.ue4.audi.tt,0.5,0.0,0.0,freeze,noise,13370021
proposed_nm0.5,proposed,0,40.0,40.0,0.85,1.5,16.666666666666664,True,,0.2577595059978002,9.348239507474739,1.4978989383190238,40.0,0.0,8.338500000000018,10.568328857421875,5.025381503991449,5.610379576220253,8.3385,True,AVOIDED,0.5,0.0,0.0,freeze,noise,13370022
proposed_nm0.5,proposed,0,40.0,40.0,0.4,1.5,16.666666666666664,False,vehicle.ue4.audi.tt,0.0,0.0,1.6350227773608492,28.19659092310946,11.803409076890537,3.924000000000003,0.0,4.9335403492961865,5.339216118426095,3.9240000000000004,True,COLLISION with vehicle.ue4.audi.tt,0.5,0.0,0.0,freeze,noise,13370023
proposed_nm0.5,proposed,0,40.0,40.0,0.85,2.0,22.22222222222222,True,,1.2201447337650118,7.160107100688225,1.5352075693094698,40.0,0.0,8.3385,11.852144241333008,5.987774358706751,4.646139043398756,8.3385,True,AVOIDED,0.5,0.0,0.0,freeze,noise,13370024
proposed_nm0.5,proposed,0,40.0,40.0,0.4,2.0,22.22222222222222,False,vehicle.ue4.audi.tt,0.0,0.0,1.6466820579698962,30.693706294651918,9.306293705348084,3.924000000000003,0.0,4.900303038887395,4.461548951861006,3.9240000000000004,True,COLLISION with vehicle.ue4.audi.tt,0.5,0.0,0.0,freeze,noise,13370025
proposed_nm0.5,proposed,0,40.0,40.0,0.85,2.5,27.77777777777778,True,,1.6302637177165673,4.962642686849038,1.6137606622028506,40.0,0.0,8.3385,14.240192413330078,6.39786664519062,3.8320911430712576,8.3385,True,AVOIDED,0.5,0.0,0.0,freeze,noise,13370026
proposed_nm0.5,proposed,0,40.0,40.0,0.4,2.5,27.77777777777778,False,vehicle.ue4.audi.tt,0.0,0.0,1.7233232145391437,34.86252810337428,5.137471896625718,3.924000000000003,0.0,4.897999280252536,3.7017406674007964,3.9240000000000004,True,COLLISION with vehicle.ue4.audi.tt,0.5,0.0,0.0,freeze,noise,13370027
proposed_nm0.5,proposed,0,40.0,40.0,0.85,3.0,33.33333333333333,True,,2.1186726025219826,4.306454509347476,1.592462827843923,40.0,0.0,8.3385,15.44302749633789,6.88634801066144,3.468196068378685,8.3385,True,AVOIDED,0.5,0.0,0.0,freeze,noise,13370028
proposed_nm0.5,proposed,0,40.0,40.0,0.4,3.0,33.33333333333333,False,vehicle.ue4.audi.tt,0.0,4.094423829612377,1.6927346636009684,36.972076652141276,3.0279233478587213,3.924000000000003,0.0,4.896774293301753,3.2628394712306723,3.9240000000000004,True,COLLISION with vehicle.ue4.audi.tt,0.5,0.0,0.0,freeze,noise,13370029
proposed_nm0.5,proposed,0,50.0,50.0,0.85,1.0,13.88888888888889,False,vehicle.ue4.audi.tt,0.0,0.0,1.5396789646693683,36.66377224145344,13.336227758546565,8.338500000000018,0.0,4.898197431135843,7.339271753267539,8.3385,True,COLLISION with vehicle.ue4.audi.tt,0.5,0.0,0.0,freeze,noise,13370030
proposed_nm0.5,proposed,0,50.0,50.0,0.4,1.0,13.88888888888889,False,vehicle.ue4.audi.tt,0.0,0.0,1.9292089632297775,31.17110081231507,18.82889918768493,3.9239999999999853,0.0,4.9403161898759995,6.613831963520667,3.9240000000000004,True,COLLISION with vehicle.ue4.audi.tt,0.5,0.0,0.0,freeze,noise,13370031
proposed_nm0.5,proposed,0,50.0,50.0,0.85,1.5,20.833333333333336,False,vehicle.ue4.audi.tt,0.0,0.0,1.5366633997877233,40.20938745174117,9.790612548258828,8.338500000000018,0.0,4.910530580327268,6.602333366155927,8.3385,True,COLLISION with vehicle.ue4.audi.tt,0.5,0.0,0.0,freeze,noise,13370032
proposed_nm0.5,proposed,0,50.0,50.0,0.4,1.5,20.833333333333336,False,vehicle.ue4.audi.tt,0.0,0.0,1.8005841024339466,34.00823884526677,15.991761154733235,3.9239999999999853,0.0,4.964412064007339,6.028715698443331,3.9240000000000004,True,COLLISION with vehicle.ue4.audi.tt,0.5,0.0,0.0,freeze,noise,13370033
proposed_nm0.5,proposed,0,50.0,50.0,0.85,2.0,27.77777777777778,False,vehicle.ue4.audi.tt,0.0,0.0,1.5387210192923593,44.08719922441333,5.912800775586668,8.3385,0.0,4.903561119989468,5.759141036102191,8.3385,True,COLLISION with vehicle.ue4.audi.tt,0.5,0.0,0.0,freeze,noise,13370034
proposed_nm0.5,proposed,0,50.0,50.0,0.4,2.0,27.77777777777778,False,vehicle.ue4.audi.tt,0.0,0.0,1.8758773454259712,35.69036043183026,14.309639568169741,3.924000000000003,0.0,4.92826173705589,5.1196161237839455,3.9240000000000004,True,COLLISION with vehicle.ue4.audi.tt,0.5,0.0,0.0,freeze,noise,13370035
proposed_nm0.5,proposed,0,50.0,50.0,0.85,2.5,34.72222222222222,True,,0.1683500967284015,6.567985614938648,1.5828040117239706,50.0,0.0,8.3385,19.157581329345703,4.9359530090479655,4.923026994393354,8.3385,True,AVOIDED,0.5,0.0,0.0,freeze,noise,13370036
proposed_nm0.5,proposed,0,50.0,50.0,0.4,2.5,34.72222222222222,False,vehicle.ue4.audi.tt,0.0,0.0,1.7751345328827992,38.526303714617086,11.473696285382914,3.924000000000003,0.0,4.924216367789055,4.5947811437466015,3.9240000000000004,True,COLLISION with vehicle.ue4.audi.tt,0.5,0.0,0.0,freeze,noise,13370037
proposed_nm0.5,proposed,0,50.0,50.0,0.85,3.0,41.66666666666667,False,,0.0,0.0,1.60304745148746,50.0,0.0,3.3354000497013203,0.0,11.058308644959048,4.306037089755501,8.3385,True,NO BRAKE / passed,0.5,0.0,0.0,freeze,noise,13370038
proposed_nm0.5,proposed,0,50.0,50.0,0.4,3.0,41.66666666666667,False,,0.0,0.0,1.85516823812604,50.0,0.0,3.9239999999999853,0.0,11.315742836699938,3.934965505443924,3.9240000000000004,True,NO BRAKE / passed,0.5,0.0,0.0,freeze,noise,13370039
proposed_nm0.5,proposed,0,60.0,60.0,0.85,1.0,16.666666666666668,False,vehicle.ue4.audi.tt,0.0,0.0,1.5414337970136753,44.359856689555876,15.640143310444126,8.3385,0.0,4.919254305352441,8.178634435944101,8.3385,True,COLLISION with vehicle.ue4.audi.tt,0.5,0.0,0.0,freeze,noise,13370040
proposed_nm0.5,proposed,0,60.0,60.0,0.4,1.0,16.666666666666668,False,vehicle.ue4.audi.tt,0.0,0.0,2.055663832605601,34.59616458518634,25.403835414813663,3.9239999999999853,0.0,4.9200477797592015,7.1240639984033365,3.9240000000000004,True,COLLISION with vehicle.ue4.audi.tt,0.5,0.0,0.0,freeze,noise,13370041
proposed_nm0.5,proposed,0,60.0,60.0,0.85,1.5,25.0,False,vehicle.ue4.audi.tt,0.0,0.0,1.6281400126373826,45.98538602612338,14.014613973876621,8.3385,0.0,4.912838560349809,7.384700461193888,8.3385,True,COLLISION with vehicle.ue4.audi.tt,0.5,0.0,0.0,freeze,noise,13370042
proposed_nm0.5,proposed,0,60.0,60.0,0.4,1.5,25.0,False,vehicle.ue4.audi.tt,0.0,0.0,2.017635424724735,39.35588225661637,20.64411774338363,3.9239999999999853,0.0,4.899486623846921,6.524860600853669,3.9240000000000004,True,COLLISION with vehicle.ue4.audi.tt,0.5,0.0,0.0,freeze,noise,13370043
proposed_nm0.5,proposed,0,60.0,60.0,0.85,2.0,33.333333333333336,False,,0.0,0.0,1.5878646170813733,60.0,0.0,8.338499999999982,0.0,8.309040071138579,6.755292853330584,8.3385,True,NO BRAKE / passed,0.5,0.0,0.0,freeze,noise,13370044
proposed_nm0.5,proposed,0,60.0,60.0,0.4,2.0,33.333333333333336,False,,0.0,0.0,2.019492869877779,60.0,0.0,3.9239999999999853,0.0,8.388076793524245,5.808757569441176,3.9240000000000004,True,NO BRAKE / passed,0.5,0.0,0.0,freeze,noise,13370045
proposed_nm0.5,proposed,0,60.0,60.0,0.85,2.5,41.66666666666667,False,,0.0,0.0,1.5010391723532317,60.0,0.0,3.3354000497013203,0.0,16.828071595752945,6.22867837302866,8.3385,True,NO BRAKE / passed,0.5,0.0,0.0,freeze,noise,13370046
proposed_nm0.5,proposed,0,60.0,60.0,0.4,2.5,41.66666666666667,False,,0.0,0.0,1.9657996293202769,60.0,0.0,3.9239999999999853,0.0,16.5469818127879,5.244704754638414,3.9240000000000004,True,NO BRAKE / passed,0.5,0.0,0.0,freeze,noise,13370047
proposed_nm0.5,proposed,0,60.0,60.0,0.85,3.0,50.0,False,,0.0,0.0,1.634391080570711,60.0,0.0,3.3354000497013203,0.0,24.683597566131336,5.237349200299366,8.3385,True,NO BRAKE / passed,0.5,0.0,0.0,freeze,noise,13370048
proposed_nm0.5,proposed,0,60.0,60.0,0.4,3.0,50.0,False,,0.0,0.0,1.98339868966077,60.0,0.0,3.9239999999999853,0.0,24.765625001696947,4.646705466069283,3.9240000000000004,True,NO BRAKE / passed,0.5,0.0,0.0,freeze,noise,13370049
proposed_nm1.0,proposed,0,20.0,20.0,0.85,1.0,5.555555555555555,True,,2.7064571385036924,10.091335259862573,118.2213223143595,20.0,0.0,8.3385,1.6576309204101562,5.550298691288003,0.0,8.3385,True,AVOIDED,1.0,0.0,0.0,freeze,noise,13330000
proposed_nm1.0,proposed,0,20.0,20.0,0.4,1.0,5.555555555555555,True,,3.863697061185162,4.3384514543111505,229.95502296895543,20.0,0.0,3.924000000000003,3.6817922592163086,5.550018310666752,0.0,3.9240000000000004,True,AVOIDED,1.0,0.0,0.0,freeze,noise,13330001
proposed_nm1.0,proposed,0,20.0,20.0,0.85,1.5,8.333333333333332,True,,1.5905036962718135,10.053022752712716,1.524544481957731,20.0,0.0,8.3385,2.419069290161133,6.358354572126306,3.642869055510605,8.3385,True,AVOIDED,1.0,0.0,0.0,freeze,noise,13330002
proposed_nm1.0,proposed,0,20.0,20.0,0.4,1.5,8.333333333333332,True,,0.2404251190019977,4.189507947062385,2.3980013096218538,20.0,0.0,3.924000000000003,4.3195648193359375,5.00827599485649,3.048904513294826,3.9240000000000004,True,AVOIDED,1.0,0.0,0.0,freeze,noise,13330003
proposed_nm1.0,proposed,0,20.0,20.0,0.85,2.0,11.11111111111111,True,,3.128488540964775,10.892478939320549,1.5769579829209088,20.0,0.0,8.3385,2.557147979736328,7.896129608343055,2.6408963823463054,8.3385,True,AVOIDED,1.0,0.0,0.0,freeze,noise,13330004
proposed_nm1.0,proposed,0,20.0,20.0,0.4,2.0,11.11111111111111,True,,1.6091060700066135,4.118150132332306,2.0627964482367553,20.0,0.0,3.924000000000003,4.627010345458984,6.376956945861106,2.400623323390641,3.9240000000000004,True,AVOIDED,1.0,0.0,0.0,freeze,noise,13330005
proposed_nm1.0,proposed,0,20.0,20.0,0.85,2.5,13.88888888888889,True,,3.5575370788751197,3.6589063893518827,1.9172942789456837,20.0,0.0,3.335400049701338,4.358268737792969,8.325267791765256,1.9043029977390906,8.3385,True,AVOIDED,1.0,0.0,0.0,freeze,noise,13330006
proposed_nm1.0,proposed,0,20.0,20.0,0.4,2.5,13.88888888888889,True,,3.4732589759053383,4.052601343523141,1.7337599816727003,20.0,0.0,3.924000000000003,4.166982650756836,8.240974429964004,1.974836052488238,3.9240000000000004,True,AVOIDED,1.0,0.0,0.0,freeze,noise,13330007
proposed_nm1.0,proposed,0,20.0,20.0,0.85,3.0,16.666666666666664,True,,4.681095132513313,3.6583654231388554,1.639051349201087,20.0,0.0,3.335400049701338,4.358943939208984,9.448822030706793,1.6740122344326402,8.3385,True,AVOIDED,1.0,0.0,0.0,freeze,noise,13330008
proposed_nm1.0,proposed,0,20.0,20.0,0.4,3.0,16.666666666666664,True,,5.14785385240954,4.052089102290624,1.6928175800883754,20.0,0.0,3.924000000000003,4.167457580566406,9.915559769785713,1.6249603754545856,3.9240000000000004,True,AVOIDED,1.0,0.0,0.0,freeze,noise,13330009
proposed_nm1.0,proposed,0,30.0,30.0,0.85,1.0,8.333333333333334,False,vehicle.ue4.audi.tt,0.0,0.0,1.4913584999013962,26.69867232535923,3.301327674640772,8.3385,0.0,4.9016170571742546,5.527246761241946,8.3385,True,COLLISION with vehicle.ue4.audi.tt,1.0,0.0,0.0,freeze,noise,13330010
proposed_nm1.0,proposed,0,30.0,30.0,0.4,1.0,8.333333333333334,False,vehicle.ue4.audi.tt,0.0,0.0,1.837465193847895,21.979269998869455,8.020730001130543,3.924000000000003,0.0,4.913686763770007,4.999150121489109,3.9240000000000004,True,COLLISION with vehicle.ue4.audi.tt,1.0,0.0,0.0,freeze,noise,13330011
proposed_nm1.0,proposed,0,30.0,30.0,0.85,1.5,12.5,True,,1.440944724237701,7.777746130047757,1.6851167014753399,30.0,0.0,8.3385,6.461759567260742,6.208780341148191,4.301051368852702,8.3385,True,AVOIDED,1.0,0.0,0.0,freeze,noise,13330012
proposed_nm1.0,proposed,0,30.0,30.0,0.4,1.5,12.5,False,vehicle.ue4.audi.tt,0.0,0.0,2.1630226689844663,25.99666780319455,4.00333219680545,3.924000000000003,0.0,4.898426060129945,3.8728591272718482,3.9240000000000004,True,COLLISION with vehicle.ue4.audi.tt,1.0,0.0,0.0,freeze,noise,13330013
proposed_nm1.0,proposed,0,30.0,30.0,0.85,2.0,16.666666666666668,True,,2.4750442506452446,5.106026810558605,1.8630643198043209,30.0,0.0,8.3385,7.941900253295898,7.242675781411712,3.2715391841477968,8.3385,True,AVOIDED,1.0,0.0,0.0,freeze,noise,13330014
proposed_nm1.0,proposed,0,30.0,30.0,0.4,2.0,16.666666666666668,True,,1.009382250041888,4.153217994332636,1.8593238165695325,30.0,0.0,3.924000000000003,9.405721664428711,5.77723312589638,3.272039676124224,3.9240000000000004,True,AVOIDED,1.0,0.0,0.0,freeze,noise,13330015
proposed_nm1.0,proposed,0,30.0,30.0,0.85,2.5,20.833333333333336,True,,2.0438100408071858,3.663620783560217,1.5536632467911269,30.0,0.0,8.3385,9.632438659667969,6.8114396644754835,2.924328939624908,8.3385,True,AVOIDED,1.0,0.0,0.0,freeze,noise,13330016
proposed_nm1.0,proposed,0,30.0,30.0,0.4,2.5,20.833333333333336,True,,2.284128189086914,4.154110065371598,1.5568011846642291,30.0,0.0,3.924000000000003,9.404582977294922,7.051979064941406,2.921264935779513,3.9240000000000004,True,AVOIDED,1.0,0.0,0.0,freeze,noise,13330017
proposed_nm1.0,proposed,0,30.0,30.0,0.85,3.0,25.0,True,,3.826669968530082,3.501718372541213,1.666352180843868,30.0,0.0,3.335400049701338,9.961448669433594,8.594520844384574,2.480374726997009,8.3385,True,AVOIDED,1.0,0.0,0.0,freeze,noise,13330018
proposed_nm1.0,proposed,0,30.0,30.0,0.4,3.0,25.0,True,,4.2798444234346125,4.0628730741844175,1.7642192354390471,30.0,0.0,3.924000000000003,10.333919525146484,9.047561785138074,2.3401724697625426,3.9240000000000004,True,AVOIDED,1.0,0.0,0.0,freeze,noise,13330019
proposed_nm1.0,proposed,0,40.0,40.0,0.85,1.0,11.11111111111111,False,vehicle.ue4.audi.tt,0.0,0.0,1.938907143200242,34.83207205786917,5.1679279421308335,8.3385,0.0,4.908684833638464,5.798147756518162,8.3385,True,COLLISION with vehicle.ue4.audi.tt,1.0,0.0,0.0,freeze,noise,13330020
proposed_nm1.0,proposed,0,40.0,40.0,0.4,1.0,11.11111111111111,False,vehicle.ue4.audi.tt,0.0,0.0,1.6890733126384643,25.553071265360295,14.446928734639707,3.924000000000003,0.0,4.911443727228645,6.179789901881997,3.9240000000000004,True,COLLISION with vehicle.ue4.audi.tt,1.0,0.0,0.0,freeze,noise,13330021
proposed_nm1.0,proposed,0,40.0,40.0,0.85,1.5,16.666666666666664,True,,0.2801554349874804,8.262233410183025,1.6358047936038618,40.0,0.0,8.3385,11.097366333007812,5.047895687687241,5.338631177670657,8.3385,True,AVOIDED,1.0,0.0,0.0,freeze,noise,13330022
proposed_nm1.0,proposed,0,40.0,40.0,0.4,1.5,16.666666666666664,False,vehicle.ue4.audi.tt,0.0,0.0,1.6350227773608492,28.567309367796074,11.432690632203926,3.924000000000003,0.0,4.9015312980939045,5.339216118426095,3.9240000000000004,True,COLLISION with vehicle.ue4.audi.tt,1.0,0.0,0.0,freeze,noise,13330023
proposed_nm1.0,proposed,0,40.0,40.0,0.85,2.0,22.22222222222222,True,,1.718424975497646,7.869828205186927,1.5352075693094698,40.0,0.0,8.338500000000018,11.353860855102539,6.486008822780284,4.646139043398756,8.3385,True,AVOIDED,1.0,0.0,0.0,freeze,noise,13330024
proposed_nm1.0,proposed,0,40.0,40.0,0.4,2.0,22.22222222222222,False,vehicle.ue4.audi.tt,0.0,0.0,1.7786875061491538,31.159155177030073,8.840844822969927,3.924000000000003,0.0,4.92564784372964,4.287834280283735,3.9240000000000004,True,COLLISION with vehicle.ue4.audi.tt,1.0,0.0,0.0,freeze,noise,13330025
proposed_nm1.0,proposed,0,40.0,40.0,0.85,2.5,27.77777777777778,True,,1.8797233494083203,5.517125262550879,1.517171235020837,40.0,0.0,8.3385,13.439315795898438,6.647333885773969,3.970144486766125,8.3385,True,AVOIDED,1.0,0.0,0.0,freeze,noise,13330026
proposed_nm1.0,proposed,0,40.0,40.0,0.4,2.5,27.77777777777778,False,vehicle.ue4.audi.tt,0.0,4.1651334048961415,1.7233232145391437,36.6531957899522,3.346804210047802,3.924000000000003,0.0,4.898674186164593,3.7017406674007964,3.9240000000000004,True,COLLISION with vehicle.ue4.audi.tt,1.0,0.0,0.0,freeze,noise,13330027
proposed_nm1.0,proposed,0,40.0,40.0,0.85,3.0,33.33333333333333,True,,2.6052521529897374,4.556157462300382,1.592462827843923,40.0,0.0,8.3385,14.956439971923828,7.372927560238563,3.468196068378685,8.3385,True,AVOIDED,1.0,0.0,0.0,freeze,noise,13330028
proposed_nm1.0,proposed,0,40.0,40.0,0.4,3.0,33.33333333333333,False,vehicle.ue4.audi.tt,0.0,4.284304157092397,1.741385303191896,36.534065298100295,3.465934701899707,3.924000000000003,0.0,4.892060086649459,3.1700601478943344,3.9240000000000004,True,COLLISION with vehicle.ue4.audi.tt,1.0,0.0,0.0,freeze,noise,13330029
proposed_nm1.0,proposed,0,50.0,50.0,0.85,1.0,13.88888888888889,False,vehicle.ue4.audi.tt,0.0,0.0,1.7201427277918155,37.9443303069082,12.055669693091797,8.338500000000018,0.0,4.926708418389688,6.959374397837682,8.3385,True,COLLISION with vehicle.ue4.audi.tt,1.0,0.0,0.0,freeze,noise,13330030
proposed_nm1.0,proposed,0,50.0,50.0,0.4,1.0,13.88888888888889,False,vehicle.ue4.audi.tt,0.0,0.0,1.7164911934183178,30.041764113443694,19.958235886556306,3.9239999999999853,0.0,4.896302886050009,6.96504338213326,3.9240000000000004,True,COLLISION with vehicle.ue4.audi.tt,1.0,0.0,0.0,freeze,noise,13330031
proposed_nm1.0,proposed,0,50.0,50.0,0.85,1.5,20.833333333333336,False,vehicle.ue4.audi.tt,0.0,0.0,1.5366633997877233,39.88675204671759,10.11324795328241,8.338500000000018,0.0,4.921982277488087,6.602333366155927,8.3385,True,COLLISION with vehicle.ue4.audi.tt,1.0,0.0,0.0,freeze,noise,13330032
proposed_nm1.0,proposed,0,50.0,50.0,0.4,1.5,20.833333333333336,False,vehicle.ue4.audi.tt,0.0,0.0,1.6616486841250864,33.973398331344136,16.026601668655864,3.9239999999999853,0.0,4.963683115301907,6.303178701066356,3.9240000000000004,True,COLLISION with vehicle.ue4.audi.tt,1.0,0.0,0.0,freeze,noise,13330033
proposed_nm1.0,proposed,0,50.0,50.0,0.85,2.0,27.77777777777778,False,vehicle.ue4.audi.tt,0.0,8.36538039606715,1.6440457873219325,46.704706219693044,3.295293780306957,8.3385,0.0,4.900097303745215,5.529717453245988,8.3385,True,COLLISION with vehicle.ue4.audi.tt,1.0,0.0,0.0,freeze,noise,13330034
proposed_nm1.0,proposed,0,50.0,50.0,0.4,2.0,27.77777777777778,False,vehicle.ue4.audi.tt,0.0,0.0,1.64466871638755,36.58186768620995,13.418132313790052,3.924000000000003,0.0,4.954956114303668,5.529426591439808,3.9240000000000004,True,COLLISION with vehicle.ue4.audi.tt,1.0,0.0,0.0,freeze,noise,13330035
proposed_nm1.0,proposed,0,50.0,50.0,0.85,2.5,34.72222222222222,True,,0.1683500967284015,6.567985614938648,1.5828040117239706,50.0,0.0,8.3385,19.157581329345703,4.9359530090479655,4.923026994393354,8.3385,True,AVOIDED,1.0,0.0,0.0,freeze,noise,13330036
proposed_nm1.0,proposed,0,50.0,50.0,0.4,2.5,34.72222222222222,False,vehicle.ue4.audi.tt,0.0,0.0,1.8801603817024044,38.500650742964915,11.499349257035085,3.924000000000003,0.0,4.922710570614016,4.4464088089142955,3.9240000000000004,True,COLLISION with vehicle.ue4.audi.tt,1.0,0.0,0.0,freeze,noise,13330037
proposed_nm1.0,proposed,0,50.0,50.0,0.85,3.0,41.66666666666667,False,,0.0,0.0,1.5030914763107492,50.0,0.0,3.3354000497013203,0.0,11.063214349962953,4.592516604231757,8.3385,True,NO BRAKE / passed,1.0,0.0,0.0,freeze,noise,13330038
proposed_nm1.0,proposed,0,50.0,50.0,0.4,3.0,41.66666666666667,False,,0.0,0.0,1.85516823812604,50.0,0.0,3.9239999999999853,0.0,11.254049008354384,3.934965505443924,3.9240000000000004,True,NO BRAKE / passed,1.0,0.0,0.0,freeze,noise,13330039
proposed_nm1.0,proposed,0,60.0,60.0,0.85,1.0,16.666666666666668,True,,19.93039894129968,8.998592008461287,0.6720911414069994,60.0,0.0,8.3385,15.56428337097168,15.83991813722552,12.109089500222014,8.3385,True,AVOIDED,1.0,0.0,0.0,freeze,noise,13330040
proposed_nm1.0,proposed,0,60.0,60.0,0.4,1.0,16.666666666666668,False,vehicle.ue4.audi.tt,0.0,0.0,2.055663832605601,34.59616458518634,25.403835414813663,3.9239999999999853,0.0,4.9200477797592015,7.1240639984033365,3.9240000000000004,True,COLLISION with vehicle.ue4.audi.tt,1.0,0.0,0.0,freeze,noise,13330041
proposed_nm1.0,proposed,0,60.0,60.0,0.85,1.5,25.0,False,vehicle.ue4.audi.tt,0.0,0.0,1.6281400126373826,45.98538602612338,14.014613973876621,8.3385,0.0,4.912838560349809,7.384700461193888,8.3385,True,COLLISION with vehicle.ue4.audi.tt,1.0,0.0,0.0,freeze,noise,13330042
proposed_nm1.0,proposed,0,60.0,60.0,0.4,1.5,25.0,False,vehicle.ue4.audi.tt,0.0,0.0,1.8759172085135993,39.37090026826789,20.629099731732108,3.924000000000021,0.0,4.919212490880085,6.789588489867011,3.9240000000000004,True,COLLISION with vehicle.ue4.audi.tt,1.0,0.0,0.0,freeze,noise,13330043
proposed_nm1.0,proposed,0,60.0,60.0,0.85,2.0,33.333333333333336,False,,0.0,0.0,1.4936475266654747,60.0,0.0,8.338499999999982,0.0,8.272785188183596,7.042269091681922,8.3385,True,NO BRAKE / passed,1.0,0.0,0.0,freeze,noise,13330044
proposed_nm1.0,proposed,0,60.0,60.0,0.4,2.0,33.333333333333336,False,,0.0,0.0,1.7927289548576006,60.0,0.0,3.924000000000021,0.0,8.163974764043102,6.245915296834923,3.9240000000000004,True,NO BRAKE / passed,1.0,0.0,0.0,freeze,noise,13330045
proposed_nm1.0,proposed,0,60.0,60.0,0.85,2.5,41.66666666666667,False,,0.0,0.0,1.5878978870973606,60.0,0.0,3.3354000497013203,0.0,16.25029754815325,6.002032820303024,8.3385,True,NO BRAKE / passed,1.0,0.0,0.0,freeze,noise,13330046
proposed_nm1.0,proposed,0,60.0,60.0,0.4,2.5,41.66666666666667,False,,0.0,0.0,1.9657996293202769,60.0,0.0,3.9239999999999853,0.0,16.5469818127879,5.244704754638414,3.9240000000000004,True,NO BRAKE / passed,1.0,0.0,0.0,freeze,noise,13330047
proposed_nm1.0,proposed,0,60.0,60.0,0.85,3.0,50.0,False,,0.0,0.0,1.482116636413701,60.0,0.0,3.3354000497013203,0.0,24.549701692144282,5.593371659160495,8.3385,True,NO BRAKE / passed,1.0,0.0,0.0,freeze,noise,13330048
proposed_nm1.0,proposed,0,60.0,60.0,0.4,3.0,50.0,False,,0.0,0.0,2.0769248721947666,60.0,0.0,3.9239999999999853,0.0,24.820461274897713,4.5202093497655875,3.9240000000000004,True,NO BRAKE / passed,1.0,0.0,0.0,freeze,noise,13330049
proposed_nm2.0,proposed,0,20.0,20.0,0.85,1.0,5.555555555555555,True,,2.705784798301508,10.067139573286811,632.6755825774178,20.0,0.0,8.3385,1.6597204208374023,5.549952507504848,0.0,8.3385,True,AVOIDED,2.0,0.0,0.0,freeze,noise,13340000
proposed_nm2.0,proposed,0,20.0,20.0,0.4,1.0,5.555555555555555,True,,4.712999348814414,4.3431035933854085,117.89151806551742,20.0,0.0,3.924000000000003,3.6768503189086914,5.550364494464836,0.0,3.9240000000000004,True,AVOIDED,2.0,0.0,0.0,freeze,noise,13340001
proposed_nm2.0,proposed,0,20.0,20.0,0.85,1.5,8.333333333333332,True,,2.346508029153801,10.045711895713373,1.524544481957731,20.0,0.0,8.3385,1.6630840301513672,7.114358905008293,3.642869055510605,8.3385,True,AVOIDED,2.0,0.0,0.0,freeze,noise,13340002
proposed_nm2.0,proposed,0,20.0,20.0,0.4,1.5,8.333333333333332,True,,1.4259662690667136,4.335003448143568,4.919700078788563,20.0,0.0,3.924000000000003,3.684906005859375,6.19376183181091,2.258131781827348,3.9240000000000004,True,AVOIDED,2.0,0.0,0.0,freeze,noise,13340003
proposed_nm2.0,proposed,0,20.0,20.0,0.85,2.0,11.11111111111111,True,,3.54659843506278,9.602115198088418,2.0633483943568858,20.0,0.0,8.3385,2.6900062561035156,8.314317703861617,2.400424208991972,8.3385,True,AVOIDED,2.0,0.0,0.0,freeze,noise,13340004
proposed_nm2.0,proposed,0,20.0,20.0,0.4,2.0,11.11111111111111,True,,2.2282142688764637,4.2585488080014136,2.0627964482367553,20.0,0.0,3.924000000000003,4.007902145385742,6.996065144730956,2.400623323390641,3.9240000000000004,True,AVOIDED,2.0,0.0,0.0,freeze,noise,13340005
proposed_nm2.0,proposed,0,20.0,20.0,0.85,2.5,13.88888888888889,True,,5.635101318359508,9.224162354201063,1.9172942789456837,20.0,0.0,8.3385,2.2807044982910156,10.402732849121227,1.9043029977390906,8.3385,True,AVOIDED,2.0,0.0,0.0,freeze,noise,13340006
proposed_nm2.0,proposed,0,20.0,20.0,0.4,2.5,13.88888888888889,True,,3.4732589759053383,4.052601343523141,1.7337599816727003,20.0,0.0,3.924000000000003,4.166982650756836,8.240974429964004,1.974836052488238,3.9240000000000004,True,AVOIDED,2.0,0.0,0.0,freeze,noise,13340007
proposed_nm2.0,proposed,0,20.0,20.0,0.85,3.0,16.666666666666664,True,,3.577850352732998,3.6570451921126144,1.4376723804213232,20.0,0.0,3.335400049701338,4.360080718994141,8.345581065611578,1.9070754890097765,8.3385,True,AVOIDED,2.0,0.0,0.0,freeze,noise,13340008
proposed_nm2.0,proposed,0,20.0,20.0,0.4,3.0,16.666666666666664,True,,3.5354614286721286,2.865011131495537,2.155467039964825,20.0,0.0,3.924000000000003,6.605827331542969,8.30331230452662,1.4895392943987573,3.9240000000000004,True,AVOIDED,2.0,0.0,0.0,freeze,noise,13340009
proposed_nm2.0,proposed,0,30.0,30.0,0.85,1.0,8.333333333333334,True,,0.7516689370065333,8.774367291979068,1.8472850266386107,30.0,0.0,8.3385,5.466590881347656,5.519519812861025,4.997332934518866,8.3385,True,AVOIDED,2.0,0.0,0.0,freeze,noise,13340010
proposed_nm2.0,proposed,0,30.0,30.0,0.4,1.0,8.333333333333334,False,vehicle.ue4.audi.tt,0.0,0.0,4.9528214313640655,24.596081374531813,5.4039186254681875,3.924000000000003,0.0,4.904310243188705,3.0257385914018777,3.9240000000000004,True,COLLISION with vehicle.ue4.audi.tt,2.0,0.0,0.0,freeze,noise,13340011
proposed_nm2.0,proposed,0,30.0,30.0,0.85,1.5,12.5,True,,4.864399008646718,9.061667663528066,2.1697676448836116,30.0,0.0,8.3385,3.86578369140625,9.63202672488653,3.872023919682321,8.3385,True,AVOIDED,2.0,0.0,0.0,freeze,noise,13340012
proposed_nm2.0,proposed,0,30.0,30.0,0.4,1.5,12.5,False,vehicle.ue4.audi.tt,0.0,0.0,2.4995454792742935,25.94753779804848,4.052462201951519,3.924000000000003,0.0,4.902250291331836,3.67797819002532,3.9240000000000004,True,COLLISION with vehicle.ue4.audi.tt,2.0,0.0,0.0,freeze,noise,13340013
proposed_nm2.0,proposed,0,30.0,30.0,0.85,2.0,16.666666666666668,True,,2.941083910295471,7.324581235358885,1.558501907856058,30.0,0.0,8.3385,6.648410797119141,7.708703996936977,3.553040417315222,8.3385,True,AVOIDED,2.0,0.0,0.0,freeze,noise,13340014
proposed_nm2.0,proposed,0,30.0,30.0,0.4,2.0,16.666666666666668,True,,1.4246540087336879,4.154110065371598,2.0455165017974943,30.0,0.0,3.924000000000003,9.404584884643555,6.19250488458818,3.146961439605661,3.9240000000000004,True,AVOIDED,2.0,0.0,0.0,freeze,noise,13340015
proposed_nm2.0,proposed,0,30.0,30.0,0.85,2.5,20.833333333333336,True,,3.4035472891856102,4.330803808787278,1.6751808343462469,30.0,0.0,8.3385,8.700288772583008,8.171398165040102,2.82036837719808,8.3385,True,AVOIDED,2.0,0.0,0.0,freeze,noise,13340016
proposed_nm2.0,proposed,0,30.0,30.0,0.4,2.5,20.833333333333336,True,,2.935506820686518,4.063096176499243,1.6726036807602376,30.0,0.0,3.924000000000003,9.166519165039062,7.703220367439112,2.8207196643833763,3.9240000000000004,True,AVOIDED,2.0,0.0,0.0,freeze,noise,13340017
proposed_nm2.0,proposed,0,30.0,30.0,0.85,3.0,25.0,True,,4.492582474795487,4.55540620839331,1.5663577887799187,30.0,0.0,8.3385,8.468088150024414,9.260223542347283,2.6387316278142037,8.3385,True,AVOIDED,2.0,0.0,0.0,freeze,noise,13340018
proposed_nm2.0,proposed,0,30.0,30.0,0.4,3.0,25.0,True,,4.510137645434789,4.199970263882409,1.7642192354390471,30.0,0.0,3.924000000000003,10.103626251220703,9.27798852128928,2.3401724697625426,3.9240000000000004,True,AVOIDED,2.0,0.0,0.0,freeze,noise,13340019
proposed_nm2.0,proposed,0,40.0,40.0,0.85,1.0,11.11111111111111,True,,1.8274697675526959,8.934485239077505,1.463429358931834,40.0,0.0,8.3385,7.304155349731445,6.595320643407188,6.585243016700176,8.3385,True,AVOIDED,2.0,0.0,0.0,freeze,noise,13340020
proposed_nm2.0,proposed,0,40.0,40.0,0.4,1.0,11.11111111111111,False,vehicle.ue4.audi.tt,0.0,0.0,2.6940764304711227,28.379228585801485,11.620771414198517,3.924000000000003,0.0,4.935300831587961,5.068426302007576,3.9240000000000004,True,COLLISION with vehicle.ue4.audi.tt,2.0,0.0,0.0,freeze,noise,13340021
proposed_nm2.0,proposed,0,40.0,40.0,0.85,1.5,16.666666666666664,True,,0.2801554349874804,8.262233410183025,1.6358047936038618,40.0,0.0,8.3385,11.097366333007812,5.047895687687241,5.338631177670657,8.3385,True,AVOIDED,2.0,0.0,0.0,freeze,noise,13340022
proposed_nm2.0,proposed,0,40.0,40.0,0.4,1.5,16.666666666666664,False,vehicle.ue4.audi.tt,0.0,0.0,1.6350227773608492,28.567309367796074,11.432690632203926,3.924000000000003,0.0,4.9015312980939045,5.339216118426095,3.9240000000000004,True,COLLISION with vehicle.ue4.audi.tt,2.0,0.0,0.0,freeze,noise,13340023
proposed_nm2.0,proposed,0,40.0,40.0,0.85,2.0,22.22222222222222,True,,2.822369939106114,7.869828205186927,1.779267312485402,40.0,0.0,8.3385,11.353858947753906,7.589953781512315,4.286837706273557,8.3385,True,AVOIDED,2.0,0.0,0.0,freeze,noise,13340024
proposed_nm2.0,proposed,0,40.0,40.0,0.4,2.0,22.22222222222222,False,vehicle.ue4.audi.tt,0.0,0.0,1.6466820579698962,30.53419400113588,9.46580599886412,3.924000000000003,0.0,4.937416270038223,4.461548951861006,3.9240000000000004,True,COLLISION with vehicle.ue4.audi.tt,2.0,0.0,0.0,freeze,noise,13340025
proposed_nm2.0,proposed,0,40.0,40.0,0.85,2.5,27.77777777777778,True,,4.409355740592176,6.3207329124811364,1.8311282060074006,40.0,0.0,8.3385,12.56502914428711,9.177012070443974,3.5816758080438245,8.3385,True,AVOIDED,2.0,0.0,0.0,freeze,noise,13340026
proposed_nm2.0,proposed,0,40.0,40.0,0.4,2.5,27.77777777777778,False,vehicle.ue4.audi.tt,0.0,0.0,1.7233232145391437,34.86252810337428,5.137471896625718,3.924000000000003,0.0,4.897999280252536,3.7017406674007964,3.9240000000000004,True,COLLISION with vehicle.ue4.audi.tt,2.0,0.0,0.0,freeze,noise,13340027
proposed_nm2.0,proposed,0,40.0,40.0,0.85,3.0,33.33333333333333,True,,4.064535254843683,5.098208005757533,1.6391179030940801,40.0,0.0,8.3385,14.048553466796875,8.832161068571867,3.363458125443547,8.3385,True,AVOIDED,2.0,0.0,0.0,freeze,noise,13340028
proposed_nm2.0,proposed,0,40.0,40.0,0.4,3.0,33.33333333333333,True,,2.084070818428555,4.068650855891852,1.85173096058512,40.0,0.0,3.924000000000003,17.686416625976562,6.8518911768084845,3.0807694101314844,3.9240000000000004,True,AVOIDED,2.0,0.0,0.0,freeze,noise,13340029
proposed_nm2.0,proposed,0,50.0,50.0,0.85,1.0,13.88888888888889,False,vehicle.ue4.audi.tt,0.0,0.0,1.5396789646693683,41.75313525441943,8.246864745580567,8.338500000000018,0.0,4.933113366043161,7.339271753267539,8.3385,True,COLLISION with vehicle.ue4.audi.tt,2.0,0.0,0.0,freeze,noise,13340030
proposed_nm2.0,proposed,0,50.0,50.0,0.4,1.0,13.88888888888889,False,vehicle.ue4.audi.tt,0.0,0.0,2.1691951266612293,34.012659988756894,15.987340011243106,3.9239999999999853,0.0,4.95333767044197,6.290320779747998,3.9240000000000004,True,COLLISION with vehicle.ue4.audi.tt,2.0,0.0,0.0,freeze,noise,13340031
proposed_nm2.0,proposed,0,50.0,50.0,0.85,1.5,20.833333333333336,False,vehicle.ue4.audi.tt,0.0,0.0,1.4193013524363831,41.562922787571,8.437077212429003,8.3385,0.0,4.923134298182597,6.933458832782803,8.3385,True,COLLISION with vehicle.ue4.audi.tt,2.0,0.0,0.0,freeze,noise,13340032
proposed_nm2.0,proposed,0,50.0,50.0,0.4,1.5,20.833333333333336,False,vehicle.ue4.audi.tt,0.0,0.0,2.113420517131237,35.780012077672765,14.219987922327233,3.924000000000003,0.0,4.957337710836905,5.5480705554839975,3.9240000000000004,True,COLLISION with vehicle.ue4.audi.tt,2.0,0.0,0.0,freeze,noise,13340033
proposed_nm2.0,proposed,0,50.0,50.0,0.85,2.0,27.77777777777778,True,,1.2718947276925263,9.175859808018688,1.6440457873219325,50.0,0.0,8.3385,15.937580108642578,6.03949764523482,5.529717453245988,8.3385,True,AVOIDED,2.0,0.0,0.0,freeze,noise,13340034
proposed_nm2.0,proposed,0,50.0,50.0,0.4,2.0,27.77777777777778,False,vehicle.ue4.audi.tt,0.0,0.0,2.1388847625673466,36.39957599717689,13.60042400282311,3.924000000000003,0.0,4.95485795575556,4.76531910711752,3.9240000000000004,True,COLLISION with vehicle.ue4.audi.tt,2.0,0.0,0.0,freeze,noise,13340035
proposed_nm2.0,proposed,0,50.0,50.0,0.85,2.5,34.72222222222222,True,,2.239050823424212,6.567985614938648,1.8798167815256073,50.0,0.0,8.338500000000018,19.157581329345703,7.006653738886861,4.446406549271035,8.3385,True,AVOIDED,2.0,0.0,0.0,freeze,noise,13340036
proposed_nm2.0,proposed,0,50.0,50.0,0.4,2.5,34.72222222222222,False,vehicle.ue4.audi.tt,0.0,0.0,1.8801603817024044,38.500650742964915,11.499349257035085,3.924000000000003,0.0,4.922710570614016,4.4464088089142955,3.9240000000000004,True,COLLISION with vehicle.ue4.audi.tt,2.0,0.0,0.0,freeze,noise,13340037
proposed_nm2.0,proposed,0,50.0,50.0,0.85,3.0,41.66666666666667,False,,0.0,0.0,1.67355215646695,50.0,0.0,8.338499999999982,0.0,11.302445402471665,4.175791083041976,8.3385,True,NO BRAKE / passed,2.0,0.0,0.0,freeze,noise,13340038
proposed_nm2.0,proposed,0,50.0,50.0,0.4,3.0,41.66666666666667,False,,0.0,0.0,2.0524996745137263,50.0,0.0,3.9239999999999853,0.0,11.103853450689297,3.7212064494899613,3.9240000000000004,True,NO BRAKE / passed,2.0,0.0,0.0,freeze,noise,13340039
proposed_nm2.0,proposed,0,60.0,60.0,0.85,1.0,16.666666666666668,False,vehicle.ue4.audi.tt,0.0,0.0,1.8661718235966427,47.74345476580025,12.256545234199745,8.3385,0.0,4.928947461670033,7.447490817245453,8.3385,True,COLLISION with vehicle.ue4.audi.tt,2.0,0.0,0.0,freeze,noise,13340040
proposed_nm2.0,proposed,0,60.0,60.0,0.4,1.0,16.666666666666668,False,vehicle.ue4.audi.tt,0.0,0.0,2.055663832605601,35.047503930526375,24.952496069473625,3.924000000000021,0.0,4.89506916108272,7.1240639984033365,3.9240000000000004,True,COLLISION with vehicle.ue4.audi.tt,2.0,0.0,0.0,freeze,noise,13340041
proposed_nm2.0,proposed,0,60.0,60.0,0.85,1.5,25.0,False,vehicle.ue4.audi.tt,0.0,0.0,1.8760116667027376,48.56817397122184,11.431826028778161,8.3385,0.0,4.899864835674579,6.788642219978265,8.3385,True,COLLISION with vehicle.ue4.audi.tt,2.0,0.0,0.0,freeze,noise,13340042
proposed_nm2.0,proposed,0,60.0,60.0,0.4,1.5,25.0,False,vehicle.ue4.audi.tt,0.0,0.0,2.017635424724735,40.353962262422456,19.64603773757754,3.924000000000021,0.0,4.985033121868808,6.524860600853669,3.9240000000000004,True,COLLISION with vehicle.ue4.audi.tt,2.0,0.0,0.0,freeze,noise,13340043
proposed_nm2.0,proposed,0,60.0,60.0,0.85,2.0,33.333333333333336,False,,0.0,0.0,1.7930160088271165,60.0,0.0,8.3385,0.0,8.528427125292117,6.245408312743739,8.3385,True,NO BRAKE / passed,2.0,0.0,0.0,freeze,noise,13340044
proposed_nm2.0,proposed,0,60.0,60.0,0.4,2.0,33.333333333333336,False,,0.0,0.0,1.905220588643226,60.0,0.0,3.9239999999999853,0.0,8.14653015347891,6.018425054777364,3.9240000000000004,True,NO BRAKE / passed,2.0,0.0,0.0,freeze,noise,13340045
proposed_nm2.0,proposed,0,60.0,60.0,0.85,2.5,41.66666666666667,False,,0.0,0.0,1.7692237223964387,60.0,0.0,3.3354000497013203,0.0,16.533573152245538,5.597174880984343,8.3385,True,NO BRAKE / passed,2.0,0.0,0.0,freeze,noise,13340046
proposed_nm2.0,proposed,0,60.0,60.0,0.4,2.5,41.66666666666667,False,,0.0,0.0,2.069123486151997,60.0,0.0,3.9239999999999853,0.0,16.55264663824466,5.085208196569738,3.9240000000000004,True,NO BRAKE / passed,2.0,0.0,0.0,freeze,noise,13340047
proposed_nm2.0,proposed,0,60.0,60.0,0.85,3.0,50.0,False,,0.0,0.0,1.482116636413701,60.0,0.0,3.3354000497013203,0.0,24.549701692144282,5.593371659160495,8.3385,True,NO BRAKE / passed,2.0,0.0,0.0,freeze,noise,13340048
proposed_nm2.0,proposed,0,60.0,60.0,0.4,3.0,50.0,False,,0.0,0.0,2.177462045569964,60.0,0.0,3.9239999999999853,0.0,24.985939027525117,4.399500237627493,3.9240000000000004,True,NO BRAKE / passed,2.0,0.0,0.0,freeze,noise,13340049
proposed_enhanced_nm0.0,proposed_enhanced,0,20.0,20.0,0.85,1.0,5.555555555555555,False,vehicle.ue4.audi.tt,0.0,0.0,0.6471768661997551,12.853515888292925,7.146484111707075,8.3385,0.0,4.898595811398653,5.379311396698433,8.3385,True,COLLISION with vehicle.ue4.audi.tt,0.0,0.0,0.0,freeze,noise,22490000
proposed_enhanced_nm0.0,proposed_enhanced,0,20.0,20.0,0.4,1.0,5.555555555555555,False,vehicle.ue4.audi.tt,0.0,0.0,1.027180161973942,10.052963990272419,9.947036009727581,3.924000000000003,0.0,4.898561490335623,3.8561031592528154,3.9240000000000004,True,COLLISION with vehicle.ue4.audi.tt,0.0,0.0,0.0,freeze,noise,22490001
proposed_enhanced_nm0.0,proposed_enhanced,0,20.0,20.0,0.85,1.5,8.333333333333332,False,vehicle.ue4.audi.tt,0.0,8.747900989638335,0.763968767644508,18.40271108096782,1.5972889190321817,8.3385,0.0,4.892934809223656,5.126813767198609,8.3385,True,COLLISION with vehicle.ue4.audi.tt,0.0,0.0,0.0,freeze,noise,22490002
proposed_enhanced_nm0.0,proposed_enhanced,0,20.0,20.0,0.4,1.5,8.333333333333332,True,,0.36039162570407246,4.333562408930642,3.2878006473730355,20.0,0.0,3.924000000000003,4.475374221801758,5.128196725191456,2.7077764563321014,3.9240000000000004,True,AVOIDED,0.0,0.0,0.0,freeze,noise,22490003
proposed_enhanced_nm0.0,proposed_enhanced,0,20.0,20.0,0.85,2.0,11.11111111111111,False,vehicle.ue4.audi.tt,0.0,8.579298649367136,0.5314333532093125,19.092192044909073,0.9078079550909274,8.3385,0.0,4.891550064396961,5.162627905783898,8.3385,True,COLLISION with vehicle.ue4.audi.tt,0.0,0.0,0.0,freeze,noise,22490004
proposed_enhanced_nm0.0,proposed_enhanced,0,20.0,20.0,0.4,2.0,11.11111111111111,True,,0.23027039610579436,3.4811560438182867,2.0627964482367553,20.0,0.0,3.924000000000003,6.005826950073242,4.9981212719602865,2.400623323390641,3.9240000000000004,True,AVOIDED,0.0,0.0,0.0,freeze,noise,22490005
proposed_enhanced_nm0.0,proposed_enhanced,0,20.0,20.0,0.85,2.5,13.88888888888889,True,,0.14384079059568666,8.554016678348559,0.5362577205256541,20.0,0.0,8.3385,2.8138370513916016,4.91147804342501,5.116556625615377,8.3385,True,AVOIDED,0.0,0.0,0.0,freeze,noise,22490006
proposed_enhanced_nm0.0,proposed_enhanced,0,20.0,20.0,0.4,2.5,13.88888888888889,True,,0.25819981049509,3.4822714254592206,1.135489605829364,20.0,0.0,3.924000000000003,6.00452995300293,5.026050686349582,2.4163623690086666,3.9240000000000004,True,AVOIDED,0.0,0.0,0.0,freeze,noise,22490007
proposed_enhanced_nm0.0,proposed_enhanced,0,20.0,20.0,0.85,3.0,16.666666666666664,True,,0.16598513442296436,8.553987968343948,0.5402700870624839,20.0,0.0,8.3385,2.813844680786133,4.933622387356617,5.078505333963074,8.3385,True,AVOIDED,0.0,0.0,0.0,freeze,noise,22490008
proposed_enhanced_nm0.0,proposed_enhanced,0,20.0,20.0,0.4,3.0,16.666666666666664,True,,0.28067399282851824,3.4824260656651744,1.139573924017096,20.0,0.0,3.924000000000003,6.004188537597656,5.04852486868301,2.407787586860677,3.9240000000000004,True,AVOIDED,0.0,0.0,0.0,freeze,noise,22490009
proposed_enhanced_nm0.0,proposed_enhanced,0,30.0,30.0,0.85,1.0,8.333333333333334,True,,0.3387184219646695,8.776374924336977,1.4913584999013962,30.0,0.0,8.3385,5.465799331665039,5.106561670259699,5.527246761241946,8.3385,True,AVOIDED,0.0,0.0,0.0,freeze,noise,22490010
proposed_enhanced_nm0.0,proposed_enhanced,0,30.0,30.0,0.4,1.0,8.333333333333334,False,vehicle.ue4.audi.tt,0.0,0.0,4.9528214313640655,24.014697579073776,5.985302420926226,3.924000000000003,0.0,4.906347285972629,3.0257385914018777,3.9240000000000004,True,COLLISION with vehicle.ue4.audi.tt,0.0,0.0,0.0,freeze,noise,22490011
proposed_enhanced_nm0.0,proposed_enhanced,0,30.0,30.0,0.85,1.5,12.5,True,,0.38725104666590937,8.359689398119565,1.1946598123514136,30.0,0.0,8.3385,6.274269104003906,5.154848245557473,5.105013915470057,8.3385,True,AVOIDED,0.0,0.0,0.0,freeze,noise,22490012
proposed_enhanced_nm0.0,proposed_enhanced,0,30.0,30.0,0.4,1.5,12.5,True,,0.8767453695234302,4.0628730741844175,7.039928856539185,30.0,0.0,3.924000000000003,10.333917617797852,5.644460823953505,2.605715723502676,3.9240000000000004,True,AVOIDED,0.0,0.0,0.0,freeze,noise,22490013
proposed_enhanced_nm0.0,proposed_enhanced,0,30.0,30.0,0.85,2.0,16.666666666666668,True,,0.23279767067777346,7.780864668668057,0.8262377116512014,30.0,0.0,8.3385,6.460597991943359,5.000648546532266,5.108425233623513,8.3385,True,AVOIDED,0.0,0.0,0.0,freeze,noise,22490014
proposed_enhanced_nm0.0,proposed_enhanced,0,30.0,30.0,0.4,2.0,16.666666666666668,True,,0.6561069521477272,3.6239197408958055,5.406214663990653,30.0,0.0,3.924000000000003,13.482925415039062,5.423824313598004,2.354910280474239,3.9240000000000004,True,AVOIDED,0.0,0.0,0.0,freeze,noise,22490015
proposed_enhanced_nm0.0,proposed_enhanced,0,30.0,30.0,0.85,2.5,20.833333333333336,True,,0.2648029558516498,7.780869947502465,0.8127615046510833,30.0,0.0,8.3385,6.460596084594727,5.032653831706142,5.084197525527865,8.3385,True,AVOIDED,0.0,0.0,0.0,freeze,noise,22490016
proposed_enhanced_nm0.0,proposed_enhanced,0,30.0,30.0,0.4,2.5,20.833333333333336,True,,0.6881313327256509,3.623918595807379,2.4527353006508,30.0,0.0,3.924000000000003,13.482927322387695,5.455848694178474,2.4066832729938303,3.9240000000000004,True,AVOIDED,0.0,0.0,0.0,freeze,noise,22490017
proposed_enhanced_nm0.0,proposed_enhanced,0,30.0,30.0,0.85,3.0,25.0,True,,0.29419141127554926,7.780869947502465,0.8163194591760159,30.0,0.0,8.3385,6.460597991943359,5.0620422871300415,5.062084572133394,8.3385,True,AVOIDED,0.0,0.0,0.0,freeze,noise,22490018
proposed_enhanced_nm0.0,proposed_enhanced,0,30.0,30.0,0.4,3.0,25.0,True,,0.5253506047229184,3.505575885472131,1.71781762276468,30.0,0.0,3.924000000000003,13.675098419189453,5.293201480577411,2.4079269064192053,3.9240000000000004,True,AVOIDED,0.0,0.0,0.0,freeze,noise,22490019
proposed_enhanced_nm0.0,proposed_enhanced,0,40.0,40.0,0.85,1.0,11.11111111111111,True,,0.5030083500627951,8.773324390796875,2.692657534160436,40.0,0.0,8.338500000000018,10.836496353149414,5.270611272618607,5.06810458044935,8.3385,True,AVOIDED,0.0,0.0,0.0,freeze,noise,22490020
proposed_enhanced_nm0.0,proposed_enhanced,0,40.0,40.0,0.4,1.0,11.11111111111111,False,vehicle.ue4.audi.tt,0.0,0.0,8.431018850202848,32.405790887485395,7.594209112514604,3.924000000000003,0.0,4.905776983938589,2.9880569700825594,3.9240000000000004,True,COLLISION with vehicle.ue4.audi.tt,0.0,0.0,0.0,freeze,noise,22490021
proposed_enhanced_nm0.0,proposed_enhanced,0,40.0,40.0,0.85,1.5,16.666666666666664,True,,0.5761935207546047,7.8698251675568525,1.8025247211739661,40.0,0.0,8.338500000000018,11.353862762451172,5.343777362315518,5.088887378132945,8.3385,True,AVOIDED,0.0,0.0,0.0,freeze,noise,22490022
proposed_enhanced_nm0.0,proposed_enhanced,0,40.0,40.0,0.4,1.5,16.666666666666664,True,,1.4904270212504018,4.102447160543259,10.767244843514392,40.0,0.0,3.924000000000003,17.061918258666992,6.258140567986307,2.772708082814638,3.9240000000000004,True,AVOIDED,0.0,0.0,0.0,freeze,noise,22490023
proposed_enhanced_nm0.0,proposed_enhanced,0,40.0,40.0,0.85,2.0,22.22222222222222,True,,0.6144828647136267,7.869828205186927,1.3226811405982255,40.0,0.0,8.338500000000018,11.353860855102539,5.382066703852514,5.07331159838516,8.3385,True,AVOIDED,0.0,0.0,0.0,freeze,noise,22490024
proposed_enhanced_nm0.0,proposed_enhanced,0,40.0,40.0,0.4,2.0,22.22222222222222,True,,1.2000484481169398,4.155098673313346,11.630982374266992,40.0,0.0,3.924000000000003,22.355558395385742,5.967899323971432,2.3924182958008458,3.9240000000000004,True,AVOIDED,0.0,0.0,0.0,freeze,noise,22490025
proposed_enhanced_nm0.0,proposed_enhanced,0,40.0,40.0,0.85,2.5,27.77777777777778,True,,0.6533587054483814,7.86983428045411,1.0887917497618929,40.0,0.0,8.338500000000018,11.35385513305664,5.420942542028935,5.072571981346971,8.3385,True,AVOIDED,0.0,0.0,0.0,freeze,noise,22490026
proposed_enhanced_nm0.0,proposed_enhanced,0,40.0,40.0,0.4,2.5,27.77777777777778,True,,1.050806242676945,3.606014861589962,5.482309516429624,40.0,0.0,3.924000000000003,24.202226638793945,5.818519789248377,2.4035816946748283,3.9240000000000004,True,AVOIDED,0.0,0.0,0.0,freeze,noise,22490027
proposed_enhanced_nm0.0,proposed_enhanced,0,40.0,40.0,0.85,3.0,33.33333333333333,True,,0.4395047039162101,7.468276649157195,1.0919185986076827,40.0,0.0,8.3385,11.602493286132812,5.207355579770702,5.057943462688225,8.3385,True,AVOIDED,0.0,0.0,0.0,freeze,noise,22490028
proposed_enhanced_nm0.0,proposed_enhanced,0,40.0,40.0,0.4,3.0,33.33333333333333,True,,1.127241732743844,3.445246854897612,3.462446767008977,40.0,0.0,3.924000000000003,24.714298248291016,5.895077349810822,2.354953719344767,3.9240000000000004,True,AVOIDED,0.0,0.0,0.0,freeze,noise,22490029
proposed_enhanced_nm0.0,proposed_enhanced,0,50.0,50.0,0.85,1.0,13.88888888888889,True,,0.8584386354391338,8.60801632929169,3.86339005375091,50.0,0.0,8.338500000000018,16.95696258544922,5.626121665157446,5.059716746881487,8.3385,True,AVOIDED,0.0,0.0,0.0,freeze,noise,22490030
proposed_enhanced_nm0.0,proposed_enhanced,0,50.0,50.0,0.4,1.0,13.88888888888889,False,vehicle.ue4.audi.tt,0.0,0.0,12.090469770811548,40.038301899653966,9.961698100346032,3.924000000000003,0.0,4.9100193805634404,3.060013661557994,3.9240000000000004,True,COLLISION with vehicle.ue4.audi.tt,0.0,0.0,0.0,freeze,noise,22490031
proposed_enhanced_nm0.0,proposed_enhanced,0,50.0,50.0,0.85,1.5,20.833333333333336,True,,0.939524032805175,7.887537014781814,2.495463597108241,50.0,0.0,8.338500000000018,17.609840393066406,5.707126949843713,5.137411953157986,8.3385,True,AVOIDED,0.0,0.0,0.0,freeze,noise,22490032
proposed_enhanced_nm0.0,proposed_enhanced,0,50.0,50.0,0.4,1.5,20.833333333333336,True,,1.7210312476202283,4.043936227498041,20.88953445192476,50.0,0.0,3.924000000000003,25.797504425048828,6.4888821234747205,2.5044600698531863,3.9240000000000004,True,AVOIDED,0.0,0.0,0.0,freeze,noise,22490033
proposed_enhanced_nm0.0,proposed_enhanced,0,50.0,50.0,0.85,2.0,27.77777777777778,True,,0.9800932926783519,7.887537014781814,1.8750877715917242,50.0,0.0,8.3385,17.609840393066406,5.747696210048844,5.119825793862402,8.3385,True,AVOIDED,0.0,0.0,0.0,freeze,noise,22490034
proposed_enhanced_nm0.0,proposed_enhanced,0,50.0,50.0,0.4,2.0,27.77777777777778,True,,2.244193507871845,4.044263242493696,20.24694054632457,50.0,0.0,3.924000000000003,31.530807495117188,7.012044383726337,2.4338772825315904,3.9240000000000004,True,AVOIDED,0.0,0.0,0.0,freeze,noise,22490035
proposed_enhanced_nm0.0,proposed_enhanced,0,50.0,50.0,0.85,2.5,34.72222222222222,True,,0.7049213427061334,7.556610402705241,1.4922864416326875,50.0,0.0,8.338500000000018,17.930797576904297,5.472596742713541,5.106136741608403,8.3385,True,AVOIDED,0.0,0.0,0.0,freeze,noise,22490036
proposed_enhanced_nm0.0,proposed_enhanced,0,50.0,50.0,0.4,2.5,34.72222222222222,True,,1.5802311819736818,3.8292706230436453,13.06381489978681,50.0,0.0,3.924000000000003,37.07072448730469,6.347948549448973,2.401690740866674,3.9240000000000004,True,AVOIDED,0.0,0.0,0.0,freeze,noise,22490037
proposed_enhanced_nm0.0,proposed_enhanced,0,50.0,50.0,0.85,3.0,41.66666666666667,False,,0.0,0.0,1.3531075454744064,50.0,0.0,8.338500000000018,0.0,11.480786285804475,5.101627635267165,8.3385,True,NO BRAKE / passed,0.0,0.0,0.0,freeze,noise,22490038
proposed_enhanced_nm0.0,proposed_enhanced,0,50.0,50.0,0.4,3.0,41.66666666666667,False,,0.0,0.0,6.736072333349342,50.0,0.0,3.924000000000003,0.0,11.416171669923472,2.3779319813894504,3.9240000000000004,True,NO BRAKE / passed,0.0,0.0,0.0,freeze,noise,22490039
proposed_enhanced_nm0.0,proposed_enhanced,0,60.0,60.0,0.85,1.0,16.666666666666668,True,,1.133745196783174,8.853525974925764,5.014598163561872,60.0,0.0,8.3385,24.04142189025879,5.901424411260809,5.170435827998376,8.3385,True,AVOIDED,0.0,0.0,0.0,freeze,noise,22490040
proposed_enhanced_nm0.0,proposed_enhanced,0,60.0,60.0,0.4,1.0,16.666666666666668,False,vehicle.ue4.audi.tt,0.0,0.0,15.172868847843377,47.336875595064356,12.663124404935644,3.924000000000021,0.0,4.914605376059551,3.158024112356161,3.9240000000000004,True,COLLISION with vehicle.ue4.audi.tt,0.0,0.0,0.0,freeze,noise,22490041
proposed_enhanced_nm0.0,proposed_enhanced,0,60.0,60.0,0.85,1.5,25.0,True,,1.2646358050096431,7.660055643069512,3.434464607524483,60.0,0.0,8.3385,25.618444442749023,6.032238720342709,5.130475650487677,8.3385,True,AVOIDED,0.0,0.0,0.0,freeze,noise,22490042
proposed_enhanced_nm0.0,proposed_enhanced,0,60.0,60.0,0.4,1.5,25.0,True,,1.0019528243140607,3.9637762115709787,25.851985469291943,60.0,0.0,3.924000000000021,35.82144355773926,5.769803700168553,2.6500126442433465,3.9240000000000004,True,AVOIDED,0.0,0.0,0.0,freeze,noise,22490043
proposed_enhanced_nm0.0,proposed_enhanced,0,60.0,60.0,0.85,2.0,33.333333333333336,False,,0.0,0.0,2.559036087672698,60.0,0.0,8.3385,0.0,8.549518586281378,5.099229681011995,8.3385,True,NO BRAKE / passed,0.0,0.0,0.0,freeze,noise,22490044
proposed_enhanced_nm0.0,proposed_enhanced,0,60.0,60.0,0.4,2.0,33.333333333333336,False,,0.0,0.0,24.885423623084712,60.0,0.0,3.924000000000003,0.0,8.484893561972706,2.6461654613091667,3.9240000000000004,True,NO BRAKE / passed,0.0,0.0,0.0,freeze,noise,22490045
proposed_enhanced_nm0.0,proposed_enhanced,0,60.0,60.0,0.85,2.5,41.66666666666667,False,,0.0,0.0,2.069420174107407,60.0,0.0,3.3354000497013203,0.0,16.37025833304196,5.084939954542317,8.3385,True,NO BRAKE / passed,0.0,0.0,0.0,freeze,noise,22490046
proposed_enhanced_nm0.0,proposed_enhanced,0,60.0,60.0,0.4,2.5,41.66666666666667,False,,0.0,0.0,23.707574942477038,60.0,0.0,3.9239999999999853,0.0,16.70346070239973,2.45039335977478,3.9240000000000004,True,NO BRAKE / passed,0.0,0.0,0.0,freeze,noise,22490047
proposed_enhanced_nm0.0,proposed_enhanced,0,60.0,60.0,0.85,3.0,50.0,False,,0.0,0.0,1.716136131151897,60.0,0.0,3.3354000497013203,0.0,24.76255798480751,5.076422321911266,8.3385,True,NO BRAKE / passed,0.0,0.0,0.0,freeze,noise,22490048
proposed_enhanced_nm0.0,proposed_enhanced,0,60.0,60.0,0.4,3.0,50.0,False,,0.0,0.0,14.498573094392802,60.0,0.0,3.9239999999999853,0.0,24.879261143057743,2.397880462972209,3.9240000000000004,True,NO BRAKE / passed,0.0,0.0,0.0,freeze,noise,22490049
proposed_enhanced_nm0.5,proposed_enhanced,0,20.0,20.0,0.85,1.0,5.555555555555555,True,,2.7042703638904513,10.050317090229544,178.35587190038905,20.0,0.0,8.3385,1.6624784469604492,5.549952507504848,0.0,8.3385,True,AVOIDED,0.5,0.0,0.0,freeze,noise,22540000
proposed_enhanced_nm0.5,proposed_enhanced,0,20.0,20.0,0.4,1.0,5.555555555555555,True,,4.817833903802036,4.344017818775658,0.0,20.0,0.0,3.924000000000003,3.6792755126953125,5.550721168627212,0.0,3.9240000000000004,True,AVOIDED,0.5,0.0,0.0,freeze,noise,22540001
proposed_enhanced_nm0.5,proposed_enhanced,0,20.0,20.0,0.85,1.5,8.333333333333332,True,,0.5688724572042059,6.537309025907438,1.271539701802271,20.0,0.0,8.3385,3.165576934814453,5.336538319114139,3.9510049124405637,8.3385,True,AVOIDED,0.5,0.0,0.0,freeze,noise,22540002
proposed_enhanced_nm0.5,proposed_enhanced,0,20.0,20.0,0.4,1.5,8.333333333333332,True,,0.6683120807669773,4.052092323528946,3.2878006473730355,20.0,0.0,3.924000000000003,4.167453765869141,5.43601799813854,2.7077764563321014,3.9240000000000004,True,AVOIDED,0.5,0.0,0.0,freeze,noise,22540003
proposed_enhanced_nm0.5,proposed_enhanced,0,20.0,20.0,0.85,2.0,11.11111111111111,True,,0.31781387366301495,6.537988218133413,0.6313706030237114,20.0,0.0,8.3385,3.164468765258789,5.085538864504873,4.345710811389609,8.3385,True,AVOIDED,0.5,0.0,0.0,freeze,noise,22540004
proposed_enhanced_nm0.5,proposed_enhanced,0,20.0,20.0,0.4,2.0,11.11111111111111,True,,0.6152839747283485,4.118795695426105,1.8040297842590267,20.0,0.0,3.924000000000003,5.345617294311523,5.383134850582841,2.516556605022564,3.9240000000000004,True,AVOIDED,0.5,0.0,0.0,freeze,noise,22540005
proposed_enhanced_nm0.5,proposed_enhanced,0,20.0,20.0,0.85,2.5,13.88888888888889,True,,0.45827865646322774,7.088061068768339,0.636171537295259,20.0,0.0,8.3385,3.0502700805664062,5.22612953231772,4.313072164980303,8.3385,True,AVOIDED,0.5,0.0,0.0,freeze,noise,22540006
proposed_enhanced_nm0.5,proposed_enhanced,0,20.0,20.0,0.4,2.5,13.88888888888889,True,,0.24052811962863796,3.8286370453716754,1.0880003747729974,20.0,0.0,3.924000000000003,5.747045516967773,5.00837899548313,2.528309452168078,3.9240000000000004,True,AVOIDED,0.5,0.0,0.0,freeze,noise,22540007
proposed_enhanced_nm0.5,proposed_enhanced,0,20.0,20.0,0.85,3.0,16.666666666666664,True,,0.2848396496712171,10.045157576358738,0.4915773493876309,20.0,0.0,8.3385,2.419900894165039,5.052690525525709,5.596529037372864,8.3385,True,AVOIDED,0.5,0.0,0.0,freeze,noise,22540008
proposed_enhanced_nm0.5,proposed_enhanced,0,20.0,20.0,0.4,3.0,16.666666666666664,True,,0.859115609764098,3.20322937179901,1.292683738941427,20.0,0.0,3.924000000000003,6.2523040771484375,5.626827249182245,2.1282661194156223,3.9240000000000004,True,AVOIDED,0.5,0.0,0.0,freeze,noise,22540009
proposed_enhanced_nm0.5,proposed_enhanced,0,30.0,30.0,0.85,1.0,8.333333333333334,True,,0.7516689370065333,8.774367291979068,1.8472850266386107,30.0,0.0,8.3385,5.466590881347656,5.519519812861025,4.997332934518866,8.3385,True,AVOIDED,0.5,0.0,0.0,freeze,noise,22540010
proposed_enhanced_nm0.5,proposed_enhanced,0,30.0,30.0,0.4,1.0,8.333333333333334,False,vehicle.ue4.audi.tt,0.0,0.0,4.9528214313640655,23.43491723396069,6.56508276603931,3.924000000000003,0.0,4.901672414980652,3.0257385914018777,3.9240000000000004,True,COLLISION with vehicle.ue4.audi.tt,0.5,0.0,0.0,freeze,noise,22540011
proposed_enhanced_nm0.5,proposed_enhanced,0,30.0,30.0,0.85,1.5,12.5,True,,1.4073658838534477,9.523706712216946,1.1946598123514136,30.0,0.0,8.3385,5.254154205322266,6.174999322045882,5.105013915470057,8.3385,True,AVOIDED,0.5,0.0,0.0,freeze,noise,22540012
proposed_enhanced_nm0.5,proposed_enhanced,0,30.0,30.0,0.4,1.5,12.5,True,,0.8767453695234302,4.0628730741844175,7.039928856539185,30.0,0.0,3.924000000000003,10.333917617797852,5.644460823953505,2.605715723502676,3.9240000000000004,True,AVOIDED,0.5,0.0,0.0,freeze,noise,22540013
proposed_enhanced_nm0.5,proposed_enhanced,0,30.0,30.0,0.85,2.0,16.666666666666668,True,,0.64540291433637,7.77775667926248,0.9100037706287868,30.0,0.0,8.3385,6.4617462158203125,5.413238531356957,4.817822852793352,8.3385,True,AVOIDED,0.5,0.0,0.0,freeze,noise,22540014
proposed_enhanced_nm0.5,proposed_enhanced,0,30.0,30.0,0.4,2.0,16.666666666666668,True,,1.8558771178217182,4.019362245863514,4.558268262863345,30.0,0.0,3.924000000000003,11.869020462036133,6.62372799367621,2.4490051146801384,3.9240000000000004,True,AVOIDED,0.5,0.0,0.0,freeze,noise,22540015
proposed_enhanced_nm0.5,proposed_enhanced,0,30.0,30.0,0.85,2.5,20.833333333333336,True,,0.4326610579849923,9.764187648670415,0.7627989750203601,30.0,0.0,8.3385,5.879030227661133,5.2005119338394845,5.418486503768973,8.3385,True,AVOIDED,0.5,0.0,0.0,freeze,noise,22540016
proposed_enhanced_nm0.5,proposed_enhanced,0,30.0,30.0,0.4,2.5,20.833333333333336,True,,0.7660694380704536,3.214364189973946,2.89484780495731,30.0,0.0,3.924000000000003,14.232439041137695,5.533920313924946,2.274291776316399,3.9240000000000004,True,AVOIDED,0.5,0.0,0.0,freeze,noise,22540017
proposed_enhanced_nm0.5,proposed_enhanced,0,30.0,30.0,0.85,3.0,25.0,True,,0.4124393881075079,6.228304550885196,0.9163171539832178,30.0,0.0,8.3385,7.1697998046875,5.180069011431568,4.509659246907477,8.3385,True,AVOIDED,0.5,0.0,0.0,freeze,noise,22540018
proposed_enhanced_nm0.5,proposed_enhanced,0,30.0,30.0,0.4,3.0,25.0,True,,0.5621746009150872,3.309115880224593,1.7642192354390471,30.0,0.0,3.924000000000003,14.051589965820312,5.329888148450426,2.3401724697625426,3.9240000000000004,True,AVOIDED,0.5,0.0,0.0,freeze,noise,22540019
proposed_enhanced_nm0.5,proposed_enhanced,0,40.0,40.0,0.85,1.0,11.11111111111111,True,,1.0440212443783112,8.93450089953234,2.692657534160436,40.0,0.0,8.338500000000018,10.295494079589844,5.811872120232803,5.06810458044935,8.3385,True,AVOIDED,0.5,0.0,0.0,freeze,noise,22540020
proposed_enhanced_nm0.5,proposed_enhanced,0,40.0,40.0,0.4,1.0,11.11111111111111,False,vehicle.ue4.audi.tt,0.0,0.0,8.431018850202848,32.02624545046438,7.9737545495356175,3.924000000000003,0.0,4.89861870247135,2.9880569700825594,3.9240000000000004,True,COLLISION with vehicle.ue4.audi.tt,0.5,0.0,0.0,freeze,noise,22540021
proposed_enhanced_nm0.5,proposed_enhanced,0,40.0,40.0,0.85,1.5,16.666666666666664,True,,0.8342071321184124,8.264929516673082,1.8025247211739661,40.0,0.0,8.338500000000018,11.095848083496094,5.601817673999622,5.088887378132945,8.3385,True,AVOIDED,0.5,0.0,0.0,freeze,noise,22540022
proposed_enhanced_nm0.5,proposed_enhanced,0,40.0,40.0,0.4,1.5,16.666666666666664,True,,1.8079586248835717,4.0357511005896125,10.767244843514392,40.0,0.0,3.924000000000003,16.744386672973633,6.575809500738064,2.772708082814638,3.9240000000000004,True,AVOIDED,0.5,0.0,0.0,freeze,noise,22540023
proposed_enhanced_nm0.5,proposed_enhanced,0,40.0,40.0,0.85,2.0,22.22222222222222,True,,0.9787410214319259,6.835319143198157,1.5352075693094698,40.0,0.0,8.3385,12.093549728393555,5.746363019271489,4.646139043398756,8.3385,True,AVOIDED,0.5,0.0,0.0,freeze,noise,22540024
proposed_enhanced_nm0.5,proposed_enhanced,0,40.0,40.0,0.4,2.0,22.22222222222222,True,,1.2000484481169398,4.155098673313346,11.630982374266992,40.0,0.0,3.924000000000003,22.355558395385742,5.967899323971432,2.3924182958008458,3.9240000000000004,True,AVOIDED,0.5,0.0,0.0,freeze,noise,22540025
proposed_enhanced_nm0.5,proposed_enhanced,0,40.0,40.0,0.85,2.5,27.77777777777778,True,,0.40471738247707556,7.468271178052576,1.0887917497618929,40.0,0.0,8.3385,11.602500915527344,5.172568258331568,5.072571981346971,8.3385,True,AVOIDED,0.5,0.0,0.0,freeze,noise,22540026
proposed_enhanced_nm0.5,proposed_enhanced,0,40.0,40.0,0.4,2.5,27.77777777777778,True,,1.0900604043190079,3.445248019225714,6.032055344323433,40.0,0.0,3.924000000000003,24.714305877685547,5.8578960221259395,2.349957128773104,3.9240000000000004,True,AVOIDED,0.5,0.0,0.0,freeze,noise,22540027
proposed_enhanced_nm0.5,proposed_enhanced,0,40.0,40.0,0.85,3.0,33.33333333333333,True,,0.9192799652750008,9.344203726584597,1.039695559551797,40.0,0.0,8.3385,10.570167541503906,5.686936287920462,5.302510705458478,8.3385,True,AVOIDED,0.5,0.0,0.0,freeze,noise,22540028
proposed_enhanced_nm0.5,proposed_enhanced,0,40.0,40.0,0.4,3.0,33.33333333333333,True,,0.9397302775243164,3.230873707193971,3.7031142712713265,40.0,0.0,3.924000000000003,25.45442008972168,5.707443824399505,2.305319377660168,3.9240000000000004,True,AVOIDED,0.5,0.0,0.0,freeze,noise,22540029
proposed_enhanced_nm0.5,proposed_enhanced,0,50.0,50.0,0.85,1.0,13.88888888888889,True,,0.841737889675179,8.731047913330707,3.286162336565341,50.0,0.0,8.3385,16.28343391418457,5.609417104533495,5.3737624353645,8.3385,True,AVOIDED,0.5,0.0,0.0,freeze,noise,22540030
proposed_enhanced_nm0.5,proposed_enhanced,0,50.0,50.0,0.4,1.0,13.88888888888889,False,vehicle.ue4.audi.tt,0.0,0.0,12.090469770811548,40.038301899653966,9.961698100346032,3.924000000000003,0.0,4.9100193805634404,3.060013661557994,3.9240000000000004,True,COLLISION with vehicle.ue4.audi.tt,0.5,0.0,0.0,freeze,noise,22540031
proposed_enhanced_nm0.5,proposed_enhanced,0,50.0,50.0,0.85,1.5,20.833333333333336,True,,0.939524032805175,7.887537014781814,2.495463597108241,50.0,0.0,8.338500000000018,17.609840393066406,5.707126949843713,5.137411953157986,8.3385,True,AVOIDED,0.5,0.0,0.0,freeze,noise,22540032
proposed_enhanced_nm0.5,proposed_enhanced,0,50.0,50.0,0.4,1.5,20.833333333333336,True,,1.3208175224268235,3.966596311876125,20.88953445192476,50.0,0.0,3.924000000000003,26.19771957397461,6.088531070981736,2.5044600698531863,3.9240000000000004,True,AVOIDED,0.5,0.0,0.0,freeze,noise,22540033
proposed_enhanced_nm0.5,proposed_enhanced,0,50.0,50.0,0.85,2.0,27.77777777777778,True,,1.6329748537342343,8.608014003394208,1.8750877715917242,50.0,0.0,8.3385,16.956958770751953,6.400654068281713,5.119825793862402,8.3385,True,AVOIDED,0.5,0.0,0.0,freeze,noise,22540034
proposed_enhanced_nm0.5,proposed_enhanced,0,50.0,50.0,0.4,2.0,27.77777777777778,True,,2.6079687364015687,3.992376832696185,20.24694054632457,50.0,0.0,3.924000000000003,31.167034149169922,7.3756784716466965,2.4338772825315904,3.9240000000000004,True,AVOIDED,0.5,0.0,0.0,freeze,noise,22540035
proposed_enhanced_nm0.5,proposed_enhanced,0,50.0,50.0,0.85,2.5,34.72222222222222,True,,0.39374520790275813,7.2974134242781625,1.4922864416326875,50.0,0.0,8.338500000000018,18.241973876953125,5.16159608375725,5.106136741608403,8.3385,True,AVOIDED,0.5,0.0,0.0,freeze,noise,22540036
proposed_enhanced_nm0.5,proposed_enhanced,0,50.0,50.0,0.4,2.5,34.72222222222222,True,,2.2387882964337864,3.992030641508408,13.06381489978681,50.0,0.0,3.924000000000003,36.41213607788086,7.006501838259064,2.401690740866674,3.9240000000000004,True,AVOIDED,0.5,0.0,0.0,freeze,noise,22540037
proposed_enhanced_nm0.5,proposed_enhanced,0,50.0,50.0,0.85,3.0,41.66666666666667,False,,0.0,0.0,1.4030997882185603,50.0,0.0,8.338499999999982,0.0,11.21804525469968,4.919830174222621,8.3385,True,NO BRAKE / passed,0.5,0.0,0.0,freeze,noise,22540038
proposed_enhanced_nm0.5,proposed_enhanced,0,50.0,50.0,0.4,3.0,41.66666666666667,False,,0.0,0.0,6.736072333349342,50.0,0.0,3.924000000000003,0.0,11.416171669923472,2.3779319813894504,3.9240000000000004,True,NO BRAKE / passed,0.5,0.0,0.0,freeze,noise,22540039
proposed_enhanced_nm0.5,proposed_enhanced,0,60.0,60.0,0.85,1.0,16.666666666666668,True,,1.9533290893877542,8.958729680127387,5.014598163561872,60.0,0.0,8.3385,23.22184181213379,6.721008303865371,5.170435827998376,8.3385,True,AVOIDED,0.5,0.0,0.0,freeze,noise,22540040
proposed_enhanced_nm0.5,proposed_enhanced,0,60.0,60.0,0.4,1.0,16.666666666666668,False,vehicle.ue4.audi.tt,0.0,0.0,15.172868847843377,47.336875595064356,12.663124404935644,3.924000000000021,0.0,4.914605376059551,3.158024112356161,3.9240000000000004,True,COLLISION with vehicle.ue4.audi.tt,0.5,0.0,0.0,freeze,noise,22540041
proposed_enhanced_nm0.5,proposed_enhanced,0,60.0,60.0,0.85,1.5,25.0,True,,2.0156426374405187,8.854756378002545,3.1699309518862147,60.0,0.0,8.3385,24.039262771606445,6.783318037144111,5.2922032039522335,8.3385,True,AVOIDED,0.5,0.0,0.0,freeze,noise,22540042
proposed_enhanced_nm0.5,proposed_enhanced,0,60.0,60.0,0.4,1.5,25.0,True,,1.0019528243140607,3.9637762115709787,25.851985469291943,60.0,0.0,3.924000000000021,35.82144355773926,5.769803700168553,2.6500126442433465,3.9240000000000004,True,AVOIDED,0.5,0.0,0.0,freeze,noise,22540043
proposed_enhanced_nm0.5,proposed_enhanced,0,60.0,60.0,0.85,2.0,33.333333333333336,False,,0.0,0.0,2.559036087672698,60.0,0.0,8.3385,0.0,8.549518586281378,5.099229681011995,8.3385,True,NO BRAKE / passed,0.5,0.0,0.0,freeze,noise,22540044
proposed_enhanced_nm0.5,proposed_enhanced,0,60.0,60.0,0.4,2.0,33.333333333333336,True,,4.220783287056458,4.028373676899057,24.885423623084712,60.0,0.0,3.924000000000003,40.109663009643555,8.98863416291095,2.6461654613091667,3.9240000000000004,True,AVOIDED,0.5,0.0,0.0,freeze,noise,22540045
proposed_enhanced_nm0.5,proposed_enhanced,0,60.0,60.0,0.85,2.5,41.66666666666667,False,,0.0,0.0,2.069420174107407,60.0,0.0,3.3354000497013203,0.0,16.37025833304196,5.084939954542317,8.3385,True,NO BRAKE / passed,0.5,0.0,0.0,freeze,noise,22540046
proposed_enhanced_nm0.5,proposed_enhanced,0,60.0,60.0,0.4,2.5,41.66666666666667,False,,0.0,0.0,23.707574942477038,60.0,0.0,3.9239999999999853,0.0,16.817714718622632,2.45039335977478,3.9240000000000004,True,NO BRAKE / passed,0.5,0.0,0.0,freeze,noise,22540047
proposed_enhanced_nm0.5,proposed_enhanced,0,60.0,60.0,0.85,3.0,50.0,False,,0.0,0.0,1.716136131151897,60.0,0.0,3.3354000497013203,0.0,24.76255798480751,5.076422321911266,8.3385,True,NO BRAKE / passed,0.5,0.0,0.0,freeze,noise,22540048
proposed_enhanced_nm0.5,proposed_enhanced,0,60.0,60.0,0.4,3.0,50.0,False,,0.0,0.0,2.696006418816551,60.0,0.0,1.5696000233888796,0.0,24.765692910922525,3.018705216568071,3.9240000000000004,True,NO BRAKE / passed,0.5,0.0,0.0,freeze,noise,22540049
proposed_enhanced_nm1.0,proposed_enhanced,0,20.0,20.0,0.85,1.0,5.555555555555555,True,,2.7062387470571805,10.096432338022018,171.71611132293629,20.0,0.0,8.3385,1.658365249633789,5.550629616285336,0.0,8.3385,True,AVOIDED,1.0,0.0,0.0,freeze,noise,22500000
proposed_enhanced_nm1.0,proposed_enhanced,0,20.0,20.0,0.4,1.0,5.555555555555555,True,,4.817833903802036,4.344017818775658,0.0,20.0,0.0,3.924000000000003,3.6792755126953125,5.550721168627212,0.0,3.9240000000000004,True,AVOIDED,1.0,0.0,0.0,freeze,noise,22500001
proposed_enhanced_nm1.0,proposed_enhanced,0,20.0,20.0,0.85,1.5,8.333333333333332,True,,1.519790651718468,10.049633472023146,0.9027726898217587,20.0,0.0,8.3385,1.6634082794189453,6.28764152757296,4.675851184253516,8.3385,True,AVOIDED,1.0,0.0,0.0,freeze,noise,22500002
proposed_enhanced_nm1.0,proposed_enhanced,0,20.0,20.0,0.4,1.5,8.333333333333332,True,,0.7914009170582519,4.189542381591263,4.919700078788563,20.0,0.0,3.924000000000003,4.31947135925293,5.559251792912744,2.258131781827348,3.9240000000000004,True,AVOIDED,1.0,0.0,0.0,freeze,noise,22500003
proposed_enhanced_nm1.0,proposed_enhanced,0,20.0,20.0,0.85,2.0,11.11111111111111,True,,1.9007854466920744,10.453119983521168,0.7612561921406246,20.0,0.0,8.3385,2.132364273071289,6.668535233066048,3.752087975454746,8.3385,True,AVOIDED,1.0,0.0,0.0,freeze,noise,22500004
proposed_enhanced_nm1.0,proposed_enhanced,0,20.0,20.0,0.4,2.0,11.11111111111111,True,,1.1849861216549664,3.633427386220757,3.48530647243267,20.0,0.0,3.924000000000003,5.878082275390625,5.952793128502649,2.074835283347479,3.9240000000000004,True,AVOIDED,1.0,0.0,0.0,freeze,noise,22500005
proposed_enhanced_nm1.0,proposed_enhanced,0,20.0,20.0,0.85,2.5,13.88888888888889,True,,0.2681293491247505,9.604593938381381,0.5362577205256541,20.0,0.0,8.3385,2.6895484924316406,5.035799027456605,5.116556625615377,8.3385,True,AVOIDED,1.0,0.0,0.0,freeze,noise,22500006
proposed_enhanced_nm1.0,proposed_enhanced,0,20.0,20.0,0.4,2.5,13.88888888888889,True,,1.6171550824921743,4.0514513979852955,1.188209768120914,20.0,0.0,3.924000000000003,4.921354293823242,6.3848705366053915,2.315047027228491,3.9240000000000004,True,AVOIDED,1.0,0.0,0.0,freeze,noise,22500007
proposed_enhanced_nm1.0,proposed_enhanced,0,20.0,20.0,0.85,3.0,16.666666666666664,True,,0.5651130913541511,9.604376771306288,0.591686024820693,20.0,0.0,8.3385,2.690509796142578,5.332740807464601,4.649499883925604,8.3385,True,AVOIDED,1.0,0.0,0.0,freeze,noise,22500008
proposed_enhanced_nm1.0,proposed_enhanced,0,20.0,20.0,0.4,3.0,16.666666666666664,True,,0.9433117005973566,2.7661014136691304,1.39200878772205,20.0,0.0,3.924000000000003,6.718915939331055,5.711162576451849,1.9755367873295822,3.9240000000000004,True,AVOIDED,1.0,0.0,0.0,freeze,noise,22500009
proposed_enhanced_nm1.0,proposed_enhanced,0,30.0,30.0,0.85,1.0,8.333333333333334,True,,1.5973701678301158,9.063135651483996,2.367356818171529,30.0,0.0,8.3385,5.034614562988281,6.364994069713188,4.4433712011844815,8.3385,True,AVOIDED,1.0,0.0,0.0,freeze,noise,22500010
proposed_enhanced_nm1.0,proposed_enhanced,0,30.0,30.0,0.4,1.0,8.333333333333334,False,vehicle.ue4.audi.tt,0.0,0.0,4.9528214313640655,23.43491723396069,6.56508276603931,3.924000000000003,0.0,4.901672414980652,3.0257385914018777,3.9240000000000004,True,COLLISION with vehicle.ue4.audi.tt,1.0,0.0,0.0,freeze,noise,22500011
proposed_enhanced_nm1.0,proposed_enhanced,0,30.0,30.0,0.85,1.5,12.5,True,,2.023670252837533,9.764187648670415,1.6851167014753399,30.0,0.0,8.3385,5.879034042358398,6.791521128692025,4.301051368852702,8.3385,True,AVOIDED,1.0,0.0,0.0,freeze,noise,22500012
proposed_enhanced_nm1.0,proposed_enhanced,0,30.0,30.0,0.4,1.5,12.5,True,,1.5707264020227596,4.019539740829969,7.039928856539185,30.0,0.0,3.924000000000003,9.639936447143555,6.338577277877252,2.605715723502676,3.9240000000000004,True,AVOIDED,1.0,0.0,0.0,freeze,noise,22500013
proposed_enhanced_nm1.0,proposed_enhanced,0,30.0,30.0,0.85,2.0,16.666666666666668,True,,0.6975651408831478,6.895444622343217,0.9992072358153427,30.0,0.0,8.3385,6.823284149169922,5.46541601673764,4.536545050821057,8.3385,True,AVOIDED,1.0,0.0,0.0,freeze,noise,22500014
proposed_enhanced_nm1.0,proposed_enhanced,0,30.0,30.0,0.4,2.0,16.666666666666668,True,,0.1352069177037789,3.138367505987329,6.482966624014667,30.0,0.0,3.924000000000003,14.417121887207031,4.902924279934894,2.2533545517493137,3.9240000000000004,True,AVOIDED,1.0,0.0,0.0,freeze,noise,22500015
proposed_enhanced_nm1.0,proposed_enhanced,0,30.0,30.0,0.85,2.5,20.833333333333336,True,,0.8474063924617257,9.767963179357546,0.8127615046510833,30.0,0.0,8.3385,5.878000259399414,5.615257268316218,5.084197525527865,8.3385,True,AVOIDED,1.0,0.0,0.0,freeze,noise,22500016
proposed_enhanced_nm1.0,proposed_enhanced,0,30.0,30.0,0.4,2.5,20.833333333333336,True,,1.360231837180951,3.3091130158695345,3.1507902929357283,30.0,0.0,3.924000000000003,14.051589965820312,6.127945384484503,2.2137189933400085,3.9240000000000004,True,AVOIDED,1.0,0.0,0.0,freeze,noise,22500017
proposed_enhanced_nm1.0,proposed_enhanced,0,30.0,30.0,0.85,3.0,25.0,True,,2.133291310006568,9.063708653862872,0.8663593989774486,30.0,0.0,8.3385,5.0352325439453125,6.900985785327133,4.770830750663507,8.3385,True,AVOIDED,1.0,0.0,0.0,freeze,noise,22500018
proposed_enhanced_nm1.0,proposed_enhanced,0,30.0,30.0,0.4,3.0,25.0,True,,1.505006815268298,4.153947568581715,1.71781762276468,30.0,0.0,3.924000000000003,12.695442199707031,6.27285769112279,2.4079269064192053,3.9240000000000004,True,AVOIDED,1.0,0.0,0.0,freeze,noise,22500019
proposed_enhanced_nm1.0,proposed_enhanced,0,40.0,40.0,0.85,1.0,11.11111111111111,True,,2.775943687537816,9.514430684097027,2.692657534160436,40.0,0.0,8.338500000000018,8.563577651977539,7.543559962065573,5.06810458044935,8.3385,True,AVOIDED,1.0,0.0,0.0,freeze,noise,22500020
proposed_enhanced_nm1.0,proposed_enhanced,0,40.0,40.0,0.4,1.0,11.11111111111111,False,vehicle.ue4.audi.tt,0.0,0.0,8.431018850202848,32.405790887485395,7.594209112514604,3.924000000000003,0.0,4.905776983938589,2.9880569700825594,3.9240000000000004,True,COLLISION with vehicle.ue4.audi.tt,1.0,0.0,0.0,freeze,noise,22500021
proposed_enhanced_nm1.0,proposed_enhanced,0,40.0,40.0,0.85,1.5,16.666666666666664,True,,0.9404532807022203,6.835319143198157,2.184797468213014,40.0,0.0,8.3385,12.093549728393555,5.708075276486456,4.654217523517168,8.3385,True,AVOIDED,1.0,0.0,0.0,freeze,noise,22500022
proposed_enhanced_nm1.0,proposed_enhanced,0,40.0,40.0,0.4,1.5,16.666666666666664,True,,1.8079586248835717,4.0357511005896125,10.767244843514392,40.0,0.0,3.924000000000003,16.744386672973633,6.575809500738064,2.772708082814638,3.9240000000000004,True,AVOIDED,1.0,0.0,0.0,freeze,noise,22500023
proposed_enhanced_nm1.0,proposed_enhanced,0,40.0,40.0,0.85,2.0,22.22222222222222,True,,1.0586965134813768,6.320446842277192,1.6479237312048387,40.0,0.0,8.3385,12.565006256103516,5.82628035196158,4.4603924277537566,8.3385,True,AVOIDED,1.0,0.0,0.0,freeze,noise,22500024
proposed_enhanced_nm1.0,proposed_enhanced,0,40.0,40.0,0.4,2.0,22.22222222222222,True,,2.046026230669608,4.156347192414434,9.39894652224852,40.0,0.0,3.924000000000003,20.958248138427734,6.8138771065241,2.5253218266413757,3.9240000000000004,True,AVOIDED,1.0,0.0,0.0,freeze,noise,22500025
proposed_enhanced_nm1.0,proposed_enhanced,0,40.0,40.0,0.85,2.5,27.77777777777778,True,,1.508646275463902,7.4682657069559735,1.188778447302535,40.0,0.0,8.3385,11.602500915527344,6.276497151318394,4.645473035571714,8.3385,True,AVOIDED,1.0,0.0,0.0,freeze,noise,22500026
proposed_enhanced_nm1.0,proposed_enhanced,0,40.0,40.0,0.4,2.5,27.77777777777778,True,,3.448801469375306,4.155096979767143,6.032055344323433,40.0,0.0,3.924000000000003,22.35556411743164,8.216652345229798,2.349957128773104,3.9240000000000004,True,AVOIDED,1.0,0.0,0.0,freeze,noise,22500027
proposed_enhanced_nm1.0,proposed_enhanced,0,40.0,40.0,0.85,3.0,33.33333333333333,True,,0.18985657987069882,7.160107100688225,1.0919185986076827,40.0,0.0,8.3385,11.852130889892578,4.957486217176866,5.057943462688225,8.3385,True,AVOIDED,1.0,0.0,0.0,freeze,noise,22500028
proposed_enhanced_nm1.0,proposed_enhanced,0,40.0,40.0,0.4,3.0,33.33333333333333,True,,1.6346420889498114,3.604749982899612,3.462446767008977,40.0,0.0,3.924000000000003,24.206897735595703,6.402355635623664,2.354953719344767,3.9240000000000004,True,AVOIDED,1.0,0.0,0.0,freeze,noise,22500029
proposed_enhanced_nm1.0,proposed_enhanced,0,50.0,50.0,0.85,1.0,13.88888888888889,True,,0.8584386354391338,8.60801632929169,3.86339005375091,50.0,0.0,8.338500000000018,16.95696258544922,5.626121665157446,5.059716746881487,8.3385,True,AVOIDED,1.0,0.0,0.0,freeze,noise,22500030
proposed_enhanced_nm1.0,proposed_enhanced,0,50.0,50.0,0.4,1.0,13.88888888888889,False,vehicle.ue4.audi.tt,0.0,0.0,12.090469770811548,40.038301899653966,9.961698100346032,3.924000000000003,0.0,4.9100193805634404,3.060013661557994,3.9240000000000004,True,COLLISION with vehicle.ue4.audi.tt,1.0,0.0,0.0,freeze,noise,22500031
proposed_enhanced_nm1.0,proposed_enhanced,0,50.0,50.0,0.85,1.5,20.833333333333336,True,,2.960149998687715,8.919709671414221,2.495463597108241,50.0,0.0,8.338500000000018,15.589214324951172,7.727821584010731,5.137411953157986,8.3385,True,AVOIDED,1.0,0.0,0.0,freeze,noise,22500032
proposed_enhanced_nm1.0,proposed_enhanced,0,50.0,50.0,0.4,1.5,20.833333333333336,True,,1.3208175224268235,3.966596311876125,20.88953445192476,50.0,0.0,3.924000000000003,26.19771957397461,6.088531070981736,2.5044600698531863,3.9240000000000004,True,AVOIDED,1.0,0.0,0.0,freeze,noise,22500033
proposed_enhanced_nm1.0,proposed_enhanced,0,50.0,50.0,0.85,2.0,27.77777777777778,True,,1.6329748537342343,8.608014003394208,1.8750877715917242,50.0,0.0,8.3385,16.956958770751953,6.400654068281713,5.119825793862402,8.3385,True,AVOIDED,1.0,0.0,0.0,freeze,noise,22500034
proposed_enhanced_nm1.0,proposed_enhanced,0,50.0,50.0,0.4,2.0,27.77777777777778,True,,2.9775423567220045,4.0706853383233295,20.24694054632457,50.0,0.0,3.924000000000003,30.79745864868164,7.745393232576497,2.4338772825315904,3.9240000000000004,True,AVOIDED,1.0,0.0,0.0,freeze,noise,22500035
proposed_enhanced_nm1.0,proposed_enhanced,0,50.0,50.0,0.85,2.5,34.72222222222222,True,,1.1571992280030097,6.804353248264678,1.6772591874501432,50.0,0.0,8.3385,18.85897445678711,5.924828851620201,4.7528730741142775,8.3385,True,AVOIDED,1.0,0.0,0.0,freeze,noise,22500036
proposed_enhanced_nm1.0,proposed_enhanced,0,50.0,50.0,0.4,2.5,34.72222222222222,True,,2.907093475909009,4.0177886921725054,13.06381489978681,50.0,0.0,3.924000000000003,35.743839263916016,7.674944351763501,2.401690740866674,3.9240000000000004,True,AVOIDED,1.0,0.0,0.0,freeze,noise,22500037
proposed_enhanced_nm1.0,proposed_enhanced,0,50.0,50.0,0.85,3.0,41.66666666666667,False,,0.0,0.0,1.3531075454744064,50.0,0.0,8.338500000000018,0.0,11.143754040963406,5.101627635267165,8.3385,True,NO BRAKE / passed,1.0,0.0,0.0,freeze,noise,22500038
proposed_enhanced_nm1.0,proposed_enhanced,0,50.0,50.0,0.4,3.0,41.66666666666667,False,,0.0,0.0,6.25539048265965,50.0,0.0,3.924000000000003,0.0,11.354376349433103,2.4195350091796817,3.9240000000000004,True,NO BRAKE / passed,1.0,0.0,0.0,freeze,noise,22500039
proposed_enhanced_nm1.0,proposed_enhanced,0,60.0,60.0,0.85,1.0,16.666666666666668,True,,19.93039894129968,8.998592008461287,0.6720911414069994,60.0,0.0,8.3385,15.56428337097168,15.83991813722552,12.109089500222014,8.3385,True,AVOIDED,1.0,0.0,0.0,freeze,noise,22500040
proposed_enhanced_nm1.0,proposed_enhanced,0,60.0,60.0,0.4,1.0,16.666666666666668,False,vehicle.ue4.audi.tt,0.0,0.0,15.172868847843377,47.336875595064356,12.663124404935644,3.924000000000021,0.0,4.914605376059551,3.158024112356161,3.9240000000000004,True,COLLISION with vehicle.ue4.audi.tt,1.0,0.0,0.0,freeze,noise,22500041
proposed_enhanced_nm1.0,proposed_enhanced,0,60.0,60.0,0.85,1.5,25.0,True,,1.6504197653153563,7.901158360741119,3.434464607524483,60.0,0.0,8.3385,25.2326602935791,6.418095165013225,5.130475650487677,8.3385,True,AVOIDED,1.0,0.0,0.0,freeze,noise,22500042
proposed_enhanced_nm1.0,proposed_enhanced,0,60.0,60.0,0.4,1.5,25.0,True,,1.0019528243140607,3.9637762115709787,25.851985469291943,60.0,0.0,3.924000000000021,35.82144355773926,5.769803700168553,2.6500126442433465,3.9240000000000004,True,AVOIDED,1.0,0.0,0.0,freeze,noise,22500043
proposed_enhanced_nm1.0,proposed_enhanced,0,60.0,60.0,0.85,2.0,33.333333333333336,False,,0.0,0.0,2.7208274098017484,60.0,0.0,8.3385,0.0,8.514671325689482,4.948511833355435,8.3385,True,NO BRAKE / passed,1.0,0.0,0.0,freeze,noise,22500044
proposed_enhanced_nm1.0,proposed_enhanced,0,60.0,60.0,0.4,2.0,33.333333333333336,True,,5.630311095110182,4.00678674659418,24.885423623084712,60.0,0.0,3.924000000000003,38.70013618469238,10.398020826847002,2.6461654613091667,3.9240000000000004,True,AVOIDED,1.0,0.0,0.0,freeze,noise,22500045
proposed_enhanced_nm1.0,proposed_enhanced,0,60.0,60.0,0.85,2.5,41.66666666666667,False,,0.0,0.0,2.1818436202068625,60.0,0.0,8.338499999999982,0.0,16.63325882112545,4.933307722872725,8.3385,True,NO BRAKE / passed,1.0,0.0,0.0,freeze,noise,22500046
proposed_enhanced_nm1.0,proposed_enhanced,0,60.0,60.0,0.4,2.5,41.66666666666667,False,,0.0,0.0,23.707574942477038,60.0,0.0,3.9239999999999853,0.0,16.817714718622632,2.45039335977478,3.9240000000000004,True,NO BRAKE / passed,1.0,0.0,0.0,freeze,noise,22500047
proposed_enhanced_nm1.0,proposed_enhanced,0,60.0,60.0,0.85,3.0,50.0,False,,0.0,0.0,1.716136131151897,60.0,0.0,3.3354000497013203,0.0,24.76255798480751,5.076422321911266,8.3385,True,NO BRAKE / passed,1.0,0.0,0.0,freeze,noise,22500048
proposed_enhanced_nm1.0,proposed_enhanced,0,60.0,60.0,0.4,3.0,50.0,False,,0.0,0.0,16.78532453048467,60.0,0.0,3.9239999999999853,0.0,25.060264796124315,2.3488236309646164,3.9240000000000004,True,NO BRAKE / passed,1.0,0.0,0.0,freeze,noise,22500049
proposed_enhanced_nm2.0,proposed_enhanced,0,20.0,20.0,0.85,1.0,5.555555555555555,True,,2.7064571385036924,10.091335259862573,118.2213223143595,20.0,0.0,8.3385,1.6576309204101562,5.550298691288003,0.0,8.3385,True,AVOIDED,2.0,0.0,0.0,freeze,noise,22510000
proposed_enhanced_nm2.0,proposed_enhanced,0,20.0,20.0,0.4,1.0,5.555555555555555,True,,4.800767901003088,4.337943779169885,0.0,20.0,0.0,3.924000000000003,3.4208879470825195,5.550721168627212,0.0,3.9240000000000004,True,AVOIDED,2.0,0.0,0.0,freeze,noise,22510001
proposed_enhanced_nm2.0,proposed_enhanced,0,20.0,20.0,0.85,1.5,8.333333333333332,True,,5.481686592156402,10.052874052116719,1212.9169487642203,20.0,0.0,8.3385,1.6620025634765625,8.327096939551653,0.0,8.3385,True,AVOIDED,2.0,0.0,0.0,freeze,noise,22510002
proposed_enhanced_nm2.0,proposed_enhanced,0,20.0,20.0,0.4,1.5,8.333333333333332,True,,1.1040077278016511,4.259951063009857,4.919700078788563,20.0,0.0,3.924000000000003,4.006864547729492,5.871858603656143,2.258131781827348,3.9240000000000004,True,AVOIDED,2.0,0.0,0.0,freeze,noise,22510003
proposed_enhanced_nm2.0,proposed_enhanced,0,20.0,20.0,0.85,2.0,11.11111111111111,True,,2.301313400827926,10.88994238978536,1.0964403489107748,20.0,0.0,8.3385,2.558462142944336,7.068944931583679,3.0991175351971583,8.3385,True,AVOIDED,2.0,0.0,0.0,freeze,noise,22510004
proposed_enhanced_nm2.0,proposed_enhanced,0,20.0,20.0,0.4,2.0,11.11111111111111,True,,3.1022052802465305,4.3348264914714605,2.8494959080372397,20.0,0.0,3.924000000000003,3.6850719451904297,7.87000275033933,2.183170456590217,3.9240000000000004,True,AVOIDED,2.0,0.0,0.0,freeze,noise,22510005
proposed_enhanced_nm2.0,proposed_enhanced,0,20.0,20.0,0.85,2.5,13.88888888888889,True,,2.6617946625900775,7.087824522452662,1.0356044731117298,20.0,0.0,8.3385,3.0504932403564453,7.42964553844457,2.6492852290320243,8.3385,True,AVOIDED,2.0,0.0,0.0,freeze,noise,22510006
proposed_enhanced_nm2.0,proposed_enhanced,0,20.0,20.0,0.4,2.5,13.88888888888889,True,,2.4367141779779393,4.261104878546733,1.916852127391362,20.0,0.0,3.924000000000003,5.478603363037109,7.2045650538324315,1.9044226594415836,3.9240000000000004,True,AVOIDED,2.0,0.0,0.0,freeze,noise,22510007
proposed_enhanced_nm2.0,proposed_enhanced,0,20.0,20.0,0.85,3.0,16.666666666666664,True,,2.205095306257509,4.571076922095837,1.0923727077286143,20.0,0.0,8.3385,3.805154800415039,6.972755447327741,2.518498512405561,8.3385,True,AVOIDED,2.0,0.0,0.0,freeze,noise,22510008
proposed_enhanced_nm2.0,proposed_enhanced,0,20.0,20.0,0.4,3.0,16.666666666666664,True,,3.9887962363399847,3.633986909465839,1.9776140539607827,20.0,0.0,3.924000000000003,5.877391815185547,8.75660133583266,1.5324313078629128,3.9240000000000004,True,AVOIDED,2.0,0.0,0.0,freeze,noise,22510009
proposed_enhanced_nm2.0,proposed_enhanced,0,30.0,30.0,0.85,1.0,8.333333333333334,True,,2.2366695447939993,9.76574241457913,3.2200515044897036,30.0,0.0,8.3385,4.809072494506836,7.0045204206484915,3.8163900819654772,8.3385,True,AVOIDED,2.0,0.0,0.0,freeze,noise,22510010
proposed_enhanced_nm2.0,proposed_enhanced,0,30.0,30.0,0.4,1.0,8.333333333333334,True,,4.398122788468941,4.0191150468528205,753.4547545116803,30.0,0.0,3.924000000000003,8.43761920928955,8.327869415403827,0.0,3.9240000000000004,True,AVOIDED,2.0,0.0,0.0,freeze,noise,22510011
proposed_enhanced_nm2.0,proposed_enhanced,0,30.0,30.0,0.85,1.5,12.5,True,,1.6109677168536978,9.767946540660882,1.4978341553493797,30.0,0.0,8.3385,5.878000259399414,6.37881859270819,4.541629174900243,8.3385,True,AVOIDED,2.0,0.0,0.0,freeze,noise,22510012
proposed_enhanced_nm2.0,proposed_enhanced,0,30.0,30.0,0.4,1.5,12.5,True,,2.286075593097247,4.199970263882409,7.039928856539185,30.0,0.0,3.924000000000003,8.92458724975586,7.053926468951739,2.605715723502676,3.9240000000000004,True,AVOIDED,2.0,0.0,0.0,freeze,noise,22510013
proposed_enhanced_nm2.0,proposed_enhanced,0,30.0,30.0,0.85,2.0,16.666666666666668,True,,3.540111566099636,9.768054693202442,1.1970854180258614,30.0,0.0,8.3385,4.808200836181641,8.307962441954128,4.082569165121284,8.3385,True,AVOIDED,2.0,0.0,0.0,freeze,noise,22510014
proposed_enhanced_nm2.0,proposed_enhanced,0,30.0,30.0,0.4,2.0,16.666666666666668,True,,4.406219482917562,4.154004741928543,8.238231509552627,30.0,0.0,3.924000000000003,10.560262680053711,9.174070358772054,2.133282165323524,3.9240000000000004,True,AVOIDED,2.0,0.0,0.0,freeze,noise,22510015
proposed_enhanced_nm2.0,proposed_enhanced,0,30.0,30.0,0.85,2.5,20.833333333333336,True,,3.5721035100649807,9.768054693202442,1.0127431186830926,30.0,0.0,8.3385,4.808200836181641,8.339954385919473,4.080188554536679,8.3385,True,AVOIDED,2.0,0.0,0.0,freeze,noise,22510016
proposed_enhanced_nm2.0,proposed_enhanced,0,30.0,30.0,0.4,2.5,20.833333333333336,True,,2.3166067772741386,3.868834475158101,3.1507902929357283,30.0,0.0,3.924000000000003,13.09521484375,7.0843203244164945,2.2137189933400085,3.9240000000000004,True,AVOIDED,2.0,0.0,0.0,freeze,noise,22510017
proposed_enhanced_nm2.0,proposed_enhanced,0,30.0,30.0,0.85,3.0,25.0,True,,2.999815032287267,9.288734105450716,0.9163171539832178,30.0,0.0,8.3385,4.582424163818359,7.767490431914528,4.509659246907477,8.3385,True,AVOIDED,2.0,0.0,0.0,freeze,noise,22510018
proposed_enhanced_nm2.0,proposed_enhanced,0,30.0,30.0,0.4,3.0,25.0,True,,3.987352384619726,4.153947568581715,2.412859533777713,30.0,0.0,3.924000000000003,12.695442199707031,8.755203260474218,2.0463190291899442,3.9240000000000004,True,AVOIDED,2.0,0.0,0.0,freeze,noise,22510019
proposed_enhanced_nm2.0,proposed_enhanced,0,40.0,40.0,0.85,1.0,11.11111111111111,True,,2.9906842283790427,8.775019755663388,4.153541905154076,40.0,0.0,8.3385,9.452787399291992,7.758302407903501,4.244157704171157,8.3385,True,AVOIDED,2.0,0.0,0.0,freeze,noise,22510020
proposed_enhanced_nm2.0,proposed_enhanced,0,40.0,40.0,0.4,1.0,11.11111111111111,False,vehicle.ue4.audi.tt,0.0,0.0,8.431018850202848,32.02624545046438,7.9737545495356175,3.924000000000003,0.0,4.89861870247135,2.9880569700825594,3.9240000000000004,True,COLLISION with vehicle.ue4.audi.tt,2.0,0.0,0.0,freeze,noise,22510021
proposed_enhanced_nm2.0,proposed_enhanced,0,40.0,40.0,0.85,1.5,16.666666666666664,True,,1.9381501576593871,8.26493286696795,2.184797468213014,40.0,0.0,8.3385,11.095849990844727,6.705764516177548,4.654217523517168,8.3385,True,AVOIDED,2.0,0.0,0.0,freeze,noise,22510022
proposed_enhanced_nm2.0,proposed_enhanced,0,40.0,40.0,0.4,1.5,16.666666666666664,True,,1.4904270212504018,4.102447160543259,10.767244843514392,40.0,0.0,3.924000000000003,17.061918258666992,6.258140567986307,2.772708082814638,3.9240000000000004,True,AVOIDED,2.0,0.0,0.0,freeze,noise,22510023
proposed_enhanced_nm2.0,proposed_enhanced,0,40.0,40.0,0.85,2.0,22.22222222222222,True,,4.3411031692396485,9.348230935244908,1.3226811405982255,40.0,0.0,8.338500000000018,7.627222061157227,9.108725165643188,5.07331159838516,8.3385,True,AVOIDED,2.0,0.0,0.0,freeze,noise,22510024
proposed_enhanced_nm2.0,proposed_enhanced,0,40.0,40.0,0.4,2.0,22.22222222222222,True,,2.3119030035931294,4.03454203728226,11.630982374266992,40.0,0.0,3.924000000000003,21.243703842163086,7.079753879447622,2.3924182958008458,3.9240000000000004,True,AVOIDED,2.0,0.0,0.0,freeze,noise,22510025
proposed_enhanced_nm2.0,proposed_enhanced,0,40.0,40.0,0.85,2.5,27.77777777777778,True,,6.131578490294199,8.624202687712824,1.188778447302535,40.0,0.0,8.338500000000018,6.9795379638671875,10.899208116415275,4.645473035571714,8.3385,True,AVOIDED,2.0,0.0,0.0,freeze,noise,22510026
proposed_enhanced_nm2.0,proposed_enhanced,0,40.0,40.0,0.4,2.5,27.77777777777778,True,,3.4656337382613405,4.102447985992985,6.793204985921266,40.0,0.0,3.924000000000003,22.891345977783203,8.23335110027728,2.295442727733244,3.9240000000000004,True,AVOIDED,2.0,0.0,0.0,freeze,noise,22510027
proposed_enhanced_nm2.0,proposed_enhanced,0,40.0,40.0,0.85,3.0,33.33333333333333,True,,4.337899602182457,9.098972589154666,1.1395933086470647,40.0,0.0,8.338500000000018,8.255439758300781,9.105639856122504,4.837683082864713,8.3385,True,AVOIDED,2.0,0.0,0.0,freeze,noise,22510028
proposed_enhanced_nm2.0,proposed_enhanced,0,40.0,40.0,0.4,3.0,33.33333333333333,True,,2.8371984895064557,3.3020159628292873,4.525902240339389,40.0,0.0,3.924000000000003,25.212228775024414,7.605049365360948,2.1692926487654405,3.9240000000000004,True,AVOIDED,2.0,0.0,0.0,freeze,noise,22510029
proposed_enhanced_nm2.0,proposed_enhanced,0,50.0,50.0,0.85,1.0,13.88888888888889,True,,1.531969190789174,8.731045520471502,3.86339005375091,50.0,0.0,8.338500000000018,16.283435821533203,6.299652220107041,5.059716746881487,8.3385,True,AVOIDED,2.0,0.0,0.0,freeze,noise,22510030
proposed_enhanced_nm2.0,proposed_enhanced,0,50.0,50.0,0.4,1.0,13.88888888888889,False,vehicle.ue4.audi.tt,0.0,0.0,12.090469770811548,39.5447648169911,10.4552351830089,3.924000000000003,0.0,4.89964703328349,3.060013661557994,3.9240000000000004,True,COLLISION with vehicle.ue4.audi.tt,2.0,0.0,0.0,freeze,noise,22510031
proposed_enhanced_nm2.0,proposed_enhanced,0,50.0,50.0,0.85,1.5,20.833333333333336,True,,1.5924055986669448,8.608014003394208,2.495463597108241,50.0,0.0,8.338500000000018,16.956958770751953,6.360084813222709,5.137411953157986,8.3385,True,AVOIDED,2.0,0.0,0.0,freeze,noise,22510032
proposed_enhanced_nm2.0,proposed_enhanced,0,50.0,50.0,0.4,1.5,20.833333333333336,True,,1.3208175224268235,3.966596311876125,20.88953445192476,50.0,0.0,3.924000000000003,26.19771957397461,6.088531070981736,2.5044600698531863,3.9240000000000004,True,AVOIDED,2.0,0.0,0.0,freeze,noise,22510033
proposed_enhanced_nm2.0,proposed_enhanced,0,50.0,50.0,0.85,2.0,27.77777777777778,True,,3.0007230514295937,8.919709671414221,1.8750877715917242,50.0,0.0,8.3385,15.589210510253906,7.76839463671383,5.119825793862402,8.3385,True,AVOIDED,2.0,0.0,0.0,freeze,noise,22510034
proposed_enhanced_nm2.0,proposed_enhanced,0,50.0,50.0,0.4,2.0,27.77777777777778,True,,4.5425415887114955,4.017779571429372,15.175392491373652,50.0,0.0,3.924000000000003,28.542020797729492,9.310392464565988,2.6422499152326346,3.9240000000000004,True,AVOIDED,2.0,0.0,0.0,freeze,noise,22510035
proposed_enhanced_nm2.0,proposed_enhanced,0,50.0,50.0,0.85,2.5,34.72222222222222,True,,1.461657731419887,7.019416844906288,1.6772591874501432,50.0,0.0,8.3385,18.554515838623047,6.229336946220566,4.7528730741142775,8.3385,True,AVOIDED,2.0,0.0,0.0,freeze,noise,22510036
proposed_enhanced_nm2.0,proposed_enhanced,0,50.0,50.0,0.4,2.5,34.72222222222222,True,,4.653051886595385,4.070325433818584,9.788237925342138,50.0,0.0,3.924000000000003,32.61741828918457,9.420902762449877,2.5330853534259465,3.9240000000000004,True,AVOIDED,2.0,0.0,0.0,freeze,noise,22510037
proposed_enhanced_nm2.0,proposed_enhanced,0,50.0,50.0,0.85,3.0,41.66666666666667,False,,0.0,0.0,1.3531075454744064,50.0,0.0,8.338500000000018,0.0,11.137684867118645,5.101627635267165,8.3385,True,NO BRAKE / passed,2.0,0.0,0.0,freeze,noise,22510038
proposed_enhanced_nm2.0,proposed_enhanced,0,50.0,50.0,0.4,3.0,41.66666666666667,False,,0.0,0.0,7.936385042459267,50.0,0.0,3.924000000000003,0.0,11.457361521976418,2.298058993123057,3.9240000000000004,True,NO BRAKE / passed,2.0,0.0,0.0,freeze,noise,22510039
proposed_enhanced_nm2.0,proposed_enhanced,0,60.0,60.0,0.85,1.0,16.666666666666668,True,,2.7957096123068537,8.498337760168413,5.014598163561872,60.0,0.0,8.3385,22.37946891784668,7.563560488161346,5.170435827998376,8.3385,True,AVOIDED,2.0,0.0,0.0,freeze,noise,22510040
proposed_enhanced_nm2.0,proposed_enhanced,0,60.0,60.0,0.4,1.0,16.666666666666668,False,vehicle.ue4.audi.tt,0.0,0.0,15.172868847843377,47.336875595064356,12.663124404935644,3.924000000000021,0.0,4.914605376059551,3.158024112356161,3.9240000000000004,True,COLLISION with vehicle.ue4.audi.tt,2.0,0.0,0.0,freeze,noise,22510041
proposed_enhanced_nm2.0,proposed_enhanced,0,60.0,60.0,0.85,1.5,25.0,True,,2.095644645258745,7.661043193232459,3.7476780820270017,60.0,0.0,8.3385,25.616180419921875,6.863243746773101,4.973629835660396,8.3385,True,AVOIDED,2.0,0.0,0.0,freeze,noise,22510042
proposed_enhanced_nm2.0,proposed_enhanced,0,60.0,60.0,0.4,1.5,25.0,True,,0.5143892299396216,4.006242987467916,25.851985469291943,60.0,0.0,3.924000000000021,36.30900764465332,5.282098961413742,2.6500126442433465,3.9240000000000004,True,AVOIDED,2.0,0.0,0.0,freeze,noise,22510043
proposed_enhanced_nm2.0,proposed_enhanced,0,60.0,60.0,0.85,2.0,33.333333333333336,True,,4.554250719345198,8.498337760168413,2.559036087672698,60.0,0.0,8.3385,22.379470825195312,9.32210159519969,5.099229681011995,8.3385,True,AVOIDED,2.0,0.0,0.0,freeze,noise,22510044
proposed_enhanced_nm2.0,proposed_enhanced,0,60.0,60.0,0.4,2.0,33.333333333333336,False,,0.0,3.9643098734779274,24.885423623084712,60.0,0.0,3.924000000000003,0.0,8.559958005074089,2.6461654613091667,3.9240000000000004,True,NO BRAKE / passed,2.0,0.0,0.0,freeze,noise,22510045
proposed_enhanced_nm2.0,proposed_enhanced,0,60.0,60.0,0.85,2.5,41.66666666666667,False,,0.0,0.0,2.683522723100249,60.0,0.0,8.338499999999982,0.0,16.79101944070085,4.407734742429232,8.3385,True,NO BRAKE / passed,2.0,0.0,0.0,freeze,noise,22510046
proposed_enhanced_nm2.0,proposed_enhanced,0,60.0,60.0,0.4,2.5,41.66666666666667,False,,0.0,0.0,23.707574942477038,60.0,0.0,3.924000000000003,0.0,16.575775324702064,2.45039335977478,3.9240000000000004,True,NO BRAKE / passed,2.0,0.0,0.0,freeze,noise,22510047
proposed_enhanced_nm2.0,proposed_enhanced,0,60.0,60.0,0.85,3.0,50.0,False,,0.0,0.0,1.9836830460321828,60.0,0.0,3.3354000497013203,0.0,25.050998689077304,4.6465070108842745,8.3385,True,NO BRAKE / passed,2.0,0.0,0.0,freeze,noise,22510048
proposed_enhanced_nm2.0,proposed_enhanced,0,60.0,60.0,0.4,3.0,50.0,False,,0.0,0.0,16.78532453048467,60.0,0.0,3.9239999999999853,0.0,25.12471410249872,2.3488236309646164,3.9240000000000004,True,NO BRAKE / passed,2.0,0.0,0.0,freeze,noise,22510049
