label,controller,delay_frames,ego_speed_kmh,mu,trigger_d,dart_speed_kmh,avoided,collision_with,s_clearance,a_b_mfdd,t_c_warn,dv_speed_var,collision_speed_kmh,peak_decel,brake_distance,min_dist,a_req_at_brake,a_max,is_conflict,result_txt,noise_sigma_m,noise_sigma_vr,dropout_p,dropout_mode,test_mode,seed
baseline_nm0.0,baseline,0,20.0,0.85,20.0,20.0,True,,3.9212336866446513,3.65837067446903,1.3394593668191859,20.0,0.0,3.335400049701338,4.358844757080078,7.595415864059919,1.8043026374285156,8.3385,True,AVOIDED,0.0,0.0,0.0,freeze,noise,12910000
baseline_nm0.0,baseline,0,20.0,0.85,25.0,20.0,True,,4.195510218845238,3.657861365625391,1.5551013235364857,20.0,0.0,3.335400049701338,4.360408782958984,7.869696242314734,1.7694600564205454,8.3385,True,AVOIDED,0.0,0.0,0.0,freeze,noise,12910001
baseline_nm0.0,baseline,0,20.0,0.85,30.0,20.0,True,,4.195523935893825,3.6579558658285976,1.555066672630608,20.0,0.0,3.335400049701338,4.360206604003906,7.869709915739904,1.7694374691448977,8.3385,True,AVOIDED,0.0,0.0,0.0,freeze,noise,12910002
baseline_nm0.0,baseline,0,20.0,0.85,35.0,20.0,True,,4.195510218845238,3.657861365625391,1.5551013235364857,20.0,0.0,3.335400049701338,4.360408782958984,7.869696242314734,1.7694600564205454,8.3385,True,AVOIDED,0.0,0.0,0.0,freeze,noise,12910003
baseline_nm0.0,baseline,0,20.0,0.85,40.0,20.0,True,,4.195523929089964,3.6579558658285976,1.5550666712901509,20.0,0.0,3.335400049701338,4.360206604003906,7.869709908935939,1.7694374700495903,8.3385,True,AVOIDED,0.0,0.0,0.0,freeze,noise,12910004
baseline_nm0.0,baseline,0,20.0,0.4,20.0,20.0,True,,0.647919945814917,2.1984337156554634,1.3386192833366588,20.0,0.0,3.924000000000003,7.634922027587891,4.322224133112738,1.8044232680391243,3.9240000000000004,True,AVOIDED,0.0,0.0,0.0,freeze,noise,12910005
baseline_nm0.0,baseline,0,20.0,0.4,25.0,20.0,True,,0.6614408025436234,2.073211922957024,1.555066672630608,20.0,0.0,3.924000000000003,7.896842956542969,4.335744989841444,1.7694374691448977,3.9240000000000004,True,AVOIDED,0.0,0.0,0.0,freeze,noise,12910006
baseline_nm0.0,baseline,0,20.0,0.4,30.0,20.0,True,,0.6617082938193599,2.073176507422098,1.5551013235364857,20.0,0.0,3.924000000000003,7.897087097167969,4.336012481117181,1.7694600564205454,3.9240000000000004,True,AVOIDED,0.0,0.0,0.0,freeze,noise,12910007
baseline_nm0.0,baseline,0,20.0,0.4,35.0,20.0,True,,0.6614408025436234,2.073211922957024,1.555066672630608,20.0,0.0,3.924000000000003,7.896842956542969,4.335744989841444,1.7694374691448977,3.9240000000000004,True,AVOIDED,0.0,0.0,0.0,freeze,noise,12910008
baseline_nm0.0,baseline,0,20.0,0.4,40.0,20.0,True,,0.661712090292303,2.073176507422098,1.5551020153361288,20.0,0.0,3.924000000000003,7.897087097167969,4.336016277590124,1.769459268433238,3.9240000000000004,True,AVOIDED,0.0,0.0,0.0,freeze,noise,12910009
baseline_nm0.0,baseline,0,30.0,0.85,20.0,20.0,True,,3.9326650882441907,3.501718372541213,1.589240310269733,30.0,0.0,3.335400049701338,9.961448669433594,7.606969275542012,2.203696841912894,8.3385,True,AVOIDED,0.0,0.0,0.0,freeze,noise,12910010
baseline_nm0.0,baseline,0,30.0,0.85,25.0,20.0,True,,1.4732212832962626,4.331886701944831,1.1535649608842213,30.0,0.0,8.3385,8.699321746826172,5.147472094913993,3.3316057713605907,8.3385,True,AVOIDED,0.0,0.0,0.0,freeze,noise,12910011
baseline_nm0.0,baseline,0,30.0,0.85,30.0,20.0,True,,3.1056197352822723,3.501718372541213,1.5791092051880642,30.0,0.0,3.335400049701338,9.961444854736328,6.779923922580093,2.6176888670134737,8.3385,True,AVOIDED,0.0,0.0,0.0,freeze,noise,12910012
baseline_nm0.0,baseline,0,30.0,0.85,35.0,20.0,True,,3.106171173581699,3.5020199028370245,1.5775132192311272,30.0,0.0,3.335400049701338,9.960845947265625,6.78047536087952,2.6176375743156006,8.3385,True,AVOIDED,0.0,0.0,0.0,freeze,noise,12910013
baseline_nm0.0,baseline,0,30.0,0.85,40.0,20.0,True,,3.105623532213931,3.501718372541213,1.5791096647943068,30.0,0.0,3.335400049701338,9.961444854736328,6.779927719511752,2.6176881040457913,8.3385,True,AVOIDED,0.0,0.0,0.0,freeze,noise,12910014
baseline_nm0.0,baseline,0,30.0,0.4,20.0,20.0,False,vehicle.ue4.audi.tt,0.0,0.0,1.587975167140971,24.63102898449902,5.3689710155009776,3.924000000000003,0.0,3.8101861042736167,2.2036449020803137,3.9240000000000004,True,COLLISION with vehicle.ue4.audi.tt,0.0,0.0,0.0,freeze,noise,12910015
baseline_nm0.0,baseline,0,30.0,0.4,25.0,20.0,False,vehicle.ue4.audi.tt,0.0,0.0,1.1512865523297755,22.28389166299324,7.716108337006759,3.924000000000003,0.0,3.820539997758794,3.332610833077976,3.9240000000000004,True,COLLISION with vehicle.ue4.audi.tt,0.0,0.0,0.0,freeze,noise,12910016
baseline_nm0.0,baseline,0,30.0,0.4,30.0,20.0,False,vehicle.ue4.audi.tt,0.0,0.0,1.577512759407205,23.982823794189297,6.017176205810702,3.924000000000003,0.0,3.8216422586400993,2.617638337913078,3.9240000000000004,True,COLLISION with vehicle.ue4.audi.tt,0.0,0.0,0.0,freeze,noise,12910017
baseline_nm0.0,baseline,0,30.0,0.4,35.0,20.0,False,vehicle.ue4.audi.tt,0.0,0.0,1.580553638446459,23.96496038604842,6.035039613951578,3.924000000000003,0.0,3.8209878672095705,2.6173954257846663,3.9240000000000004,True,COLLISION with vehicle.ue4.audi.tt,0.0,0.0,0.0,freeze,noise,12910018
baseline_nm0.0,baseline,0,30.0,0.4,40.0,20.0,False,vehicle.ue4.audi.tt,0.0,0.0,1.5775136790550224,23.982817306347748,6.01718269365225,3.924000000000003,0.0,3.8216383795034,2.6176368107185692,3.9240000000000004,True,COLLISION with vehicle.ue4.audi.tt,0.0,0.0,0.0,freeze,noise,12910019
baseline_nm0.0,baseline,0,40.0,0.85,20.0,20.0,True,,1.4112985349541418,6.547570622823611,1.2511492783422866,40.0,0.0,8.3385,12.330005645751953,5.0853593058364766,3.961490876976411,8.3385,True,AVOIDED,0.0,0.0,0.0,freeze,noise,12910020
baseline_nm0.0,baseline,0,40.0,0.85,25.0,20.0,True,,1.4176998844259536,3.76538043473354,1.5806811107489096,40.0,0.0,8.3385,16.740442276000977,5.091802032137474,3.1546168343696994,8.3385,True,AVOIDED,0.0,0.0,0.0,freeze,noise,12910021
baseline_nm0.0,baseline,0,40.0,0.85,30.0,20.0,True,,0.7296843913079281,7.866816028342706,1.0491368030451966,40.0,0.0,8.338500000000018,11.355693817138672,4.403767487520606,5.008331380756813,8.3385,True,AVOIDED,0.0,0.0,0.0,freeze,noise,12910022
baseline_nm0.0,baseline,0,40.0,0.85,35.0,20.0,True,,1.5823564393882137,4.037112762822045,1.5394874871753652,40.0,0.0,8.3385,16.023054122924805,5.256443362897178,3.448934301588219,8.3385,True,AVOIDED,0.0,0.0,0.0,freeze,noise,12910023
baseline_nm0.0,baseline,0,40.0,0.85,40.0,20.0,True,,1.5812645941922856,4.037136743979588,1.5928784294129137,40.0,0.0,8.3385,16.023218154907227,5.255408709153902,3.4611625695600736,8.3385,True,AVOIDED,0.0,0.0,0.0,freeze,noise,12910024
baseline_nm0.0,baseline,0,40.0,0.4,20.0,20.0,False,vehicle.ue4.audi.tt,0.0,0.0,1.2518607036226785,27.323642004419558,12.676357995580442,3.924000000000003,0.0,3.8320153175838416,3.9603839026224663,3.9240000000000004,True,COLLISION with vehicle.ue4.audi.tt,0.0,0.0,0.0,freeze,noise,12910025
baseline_nm0.0,baseline,0,40.0,0.4,25.0,20.0,False,vehicle.ue4.audi.tt,0.0,0.0,1.5801827437600193,28.080560056676703,11.919439943323296,3.924000000000003,0.0,3.829948472986753,3.155015665986659,3.9240000000000004,True,COLLISION with vehicle.ue4.audi.tt,0.0,0.0,0.0,freeze,noise,12910026
baseline_nm0.0,baseline,0,40.0,0.4,30.0,20.0,False,vehicle.ue4.audi.tt,0.0,0.0,1.0489616162358588,26.38455681638669,13.615443183613309,3.924000000000003,0.0,3.842866675429067,5.00778443697093,3.9240000000000004,True,COLLISION with vehicle.ue4.audi.tt,0.0,0.0,0.0,freeze,noise,12910027
baseline_nm0.0,baseline,0,40.0,0.4,35.0,20.0,False,vehicle.ue4.audi.tt,0.0,0.0,1.5397127114380706,27.992722190578665,12.007277809421335,3.924000000000003,0.0,3.8311647454694677,3.4490762113198645,3.9240000000000004,True,COLLISION with vehicle.ue4.audi.tt,0.0,0.0,0.0,freeze,noise,12910028
baseline_nm0.0,baseline,0,40.0,0.4,40.0,20.0,False,vehicle.ue4.audi.tt,0.0,0.0,1.5926932086954897,27.938197183866908,12.061802816133092,3.924000000000003,0.0,3.830557253990921,3.461103302230078,3.9240000000000004,True,COLLISION with vehicle.ue4.audi.tt,0.0,0.0,0.0,freeze,noise,12910029
baseline_nm0.0,baseline,0,50.0,0.85,20.0,20.0,False,vehicle.ue4.audi.tt,0.0,0.0,1.0283507624270962,40.06249266681665,9.937507333183348,8.3385,0.0,3.8466471779714833,6.251445427884491,8.3385,True,COLLISION with vehicle.ue4.audi.tt,0.0,0.0,0.0,freeze,noise,12910030
baseline_nm0.0,baseline,0,50.0,0.85,25.0,20.0,True,,0.25844992026364544,6.805111960610857,1.3761703297458985,50.0,0.0,8.338500000000018,18.85797691345215,3.932616992230024,4.67326940838413,8.3385,True,AVOIDED,0.0,0.0,0.0,freeze,noise,12910031
baseline_nm0.0,baseline,0,50.0,0.85,30.0,20.0,True,,0.9371726112655354,5.192653004512637,1.5915557582378868,50.0,0.0,8.338500000000018,21.630722045898438,4.611259613541595,4.0496133296805565,8.3385,True,AVOIDED,0.0,0.0,0.0,freeze,noise,12910032
baseline_nm0.0,baseline,0,50.0,0.85,35.0,20.0,False,vehicle.ue4.audi.tt,0.0,0.0,1.0049640659373305,40.414044211306376,9.585955788693623,8.338500000000018,0.0,3.8209855844889145,6.639201261619354,8.3385,True,COLLISION with vehicle.ue4.audi.tt,0.0,0.0,0.0,freeze,noise,12910033
baseline_nm0.0,baseline,0,50.0,0.85,40.0,20.0,False,vehicle.ue4.audi.tt,0.0,6.6319939582979135,1.3507387427231656,46.86250154596955,3.1374984540304514,8.338500000000018,0.0,3.8094106452592396,4.970826623211005,8.3385,True,COLLISION with vehicle.ue4.audi.tt,0.0,0.0,0.0,freeze,noise,12910034
baseline_nm0.0,baseline,0,50.0,0.4,20.0,20.0,False,vehicle.ue4.audi.tt,0.0,0.0,1.0283095496803998,23.91344458790742,26.08655541209258,3.9239999999999853,0.0,4.073086779224774,6.252550149773482,3.9240000000000004,True,COLLISION with vehicle.ue4.audi.tt,0.0,0.0,0.0,freeze,noise,12910035
baseline_nm0.0,baseline,0,50.0,0.4,25.0,20.0,False,vehicle.ue4.audi.tt,0.0,0.0,1.3758346436684956,32.092390915243925,17.907609084756075,3.9239999999999853,0.0,3.839655211212979,4.67320867168864,3.9240000000000004,True,COLLISION with vehicle.ue4.audi.tt,0.0,0.0,0.0,freeze,noise,12910036
baseline_nm0.0,baseline,0,50.0,0.4,30.0,20.0,False,vehicle.ue4.audi.tt,0.0,0.0,1.5906147719509276,32.989133996371834,17.010866003628163,3.9239999999999853,0.0,3.8246105087974716,4.049862616492112,3.9240000000000004,True,COLLISION with vehicle.ue4.audi.tt,0.0,0.0,0.0,freeze,noise,12910037
baseline_nm0.0,baseline,0,50.0,0.4,35.0,20.0,False,vehicle.ue4.audi.tt,0.0,0.0,1.0052796221372668,30.609216356394715,19.390783643605285,3.9239999999999853,0.0,3.8199346028442625,6.638729057848494,3.9240000000000004,True,COLLISION with vehicle.ue4.audi.tt,0.0,0.0,0.0,freeze,noise,12910038
baseline_nm0.0,baseline,0,50.0,0.4,40.0,20.0,False,vehicle.ue4.audi.tt,0.0,0.0,1.3511557659316185,32.05642741846756,17.943572581532443,3.9239999999999853,0.0,3.8493558012546782,4.970835944791651,3.9240000000000004,True,COLLISION with vehicle.ue4.audi.tt,0.0,0.0,0.0,freeze,noise,12910039
baseline_nm0.0,baseline,0,60.0,0.85,20.0,20.0,False,vehicle.ue4.audi.tt,0.0,0.0,0.8715222210920067,34.252382805151434,25.747617194848566,8.338499999999982,0.0,4.272007439648291,9.086393451542861,8.3385,True,COLLISION with vehicle.ue4.audi.tt,0.0,0.0,0.0,freeze,noise,12910040
baseline_nm0.0,baseline,0,60.0,0.85,25.0,20.0,False,vehicle.ue4.audi.tt,0.0,0.0,1.1321023594448238,45.742719216938966,14.257280783061033,8.3385,0.0,3.8409955591786735,6.9582527156196,8.3385,True,COLLISION with vehicle.ue4.audi.tt,0.0,0.0,0.0,freeze,noise,12910041
baseline_nm0.0,baseline,0,60.0,0.85,30.0,20.0,False,vehicle.ue4.audi.tt,0.0,0.0,1.450181401363242,49.330977715363765,10.669022284636236,8.3385,0.0,3.82948897945292,5.434061926855033,8.3385,True,COLLISION with vehicle.ue4.audi.tt,0.0,0.0,0.0,freeze,noise,12910042
baseline_nm0.0,baseline,0,60.0,0.85,35.0,20.0,False,vehicle.ue4.audi.tt,0.0,0.0,1.5804397157617378,51.01975107703288,8.980248922967121,8.3385,0.0,3.821494920383225,4.996850708416284,8.3385,True,COLLISION with vehicle.ue4.audi.tt,0.0,0.0,0.0,freeze,noise,12910043
baseline_nm0.0,baseline,0,60.0,0.85,40.0,20.0,False,vehicle.ue4.audi.tt,0.0,0.0,0.9409190833451215,42.99367392543163,17.00632607456837,8.338499999999982,0.0,3.8245848697137528,8.58376355436793,8.3385,True,COLLISION with vehicle.ue4.audi.tt,0.0,0.0,0.0,freeze,noise,12910044
baseline_nm0.0,baseline,0,60.0,0.4,20.0,20.0,False,vehicle.ue4.audi.tt,0.0,0.0,0.8715254526935651,14.693154287502807,45.30684571249719,3.9239999999999853,0.0,3.8891209749824207,9.086313642403866,3.9240000000000004,True,COLLISION with vehicle.ue4.audi.tt,0.0,0.0,0.0,freeze,noise,12910045
baseline_nm0.0,baseline,0,60.0,0.4,25.0,20.0,False,vehicle.ue4.audi.tt,0.0,0.0,1.1320381085174582,33.32959426012975,26.670405739870247,3.9239999999999853,0.0,3.8898161614413196,6.958661100171404,3.9240000000000004,True,COLLISION with vehicle.ue4.audi.tt,0.0,0.0,0.0,freeze,noise,12910046
baseline_nm0.0,baseline,0,60.0,0.4,30.0,20.0,False,vehicle.ue4.audi.tt,0.0,0.0,1.450180316163522,36.89459013397051,23.105409866029493,3.9239999999999853,0.0,3.845574930724103,5.434038122471865,3.9240000000000004,True,COLLISION with vehicle.ue4.audi.tt,0.0,0.0,0.0,freeze,noise,12910047
baseline_nm0.0,baseline,0,60.0,0.4,35.0,20.0,False,vehicle.ue4.audi.tt,0.0,0.0,1.5804284649540075,37.95967651334732,22.040323486652678,3.9239999999999853,0.0,3.8606193455659343,4.99687544150238,3.9240000000000004,True,COLLISION with vehicle.ue4.audi.tt,0.0,0.0,0.0,freeze,noise,12910048
baseline_nm0.0,baseline,0,60.0,0.4,40.0,20.0,False,vehicle.ue4.audi.tt,0.0,0.0,0.9409212699222992,35.03905696244409,24.96094303755591,3.9239999999999853,0.0,3.813551119606775,8.583711381289632,3.9240000000000004,True,COLLISION with vehicle.ue4.audi.tt,0.0,0.0,0.0,freeze,noise,12910049
baseline_nm0.5,baseline,0,20.0,0.85,20.0,20.0,True,,3.920708948241658,0.0,1.339308921876678,20.0,0.0,3.335400049701338,4.358024597167969,7.594894924613713,1.8043776858454537,8.3385,True,AVOIDED,0.5,0.0,0.0,freeze,noise,12960000
baseline_nm0.5,baseline,0,20.0,0.85,25.0,20.0,True,,4.745803927019738,3.6574571698683926,1.6549263862015928,20.0,0.0,3.335400049701338,4.36077880859375,8.419986127934763,1.6625775880845157,8.3385,True,AVOIDED,0.5,0.0,0.0,freeze,noise,12960001
baseline_nm0.5,baseline,0,20.0,0.85,30.0,20.0,True,,4.47208142179837,3.6585807400389343,1.6012360783277277,20.0,0.0,3.335400049701338,4.358638763427734,8.14626357857813,1.7138428687062193,8.3385,True,AVOIDED,0.5,0.0,0.0,freeze,noise,12960002
baseline_nm0.5,baseline,0,20.0,0.85,35.0,20.0,True,,5.022665017178852,3.6583654231388554,1.70111732044131,20.0,0.0,3.335400049701338,4.358936309814453,8.696847144790997,1.6132508844125635,8.3385,True,AVOIDED,0.5,0.0,0.0,freeze,noise,12960003
baseline_nm0.5,baseline,0,20.0,0.85,40.0,20.0,True,,4.472081415227834,3.6585807400389343,1.6012360770147946,20.0,0.0,3.335400049701338,4.358638763427734,8.146263572007502,1.7138428695364663,8.3385,True,AVOIDED,0.5,0.0,0.0,freeze,noise,12960004
baseline_nm0.5,baseline,0,20.0,0.4,20.0,20.0,True,,1.1323572616462032,2.469274553713202,1.3386192833366588,20.0,0.0,3.924000000000003,7.149833679199219,4.806661448944024,1.8044232680391243,3.9240000000000004,True,AVOIDED,0.5,0.0,0.0,freeze,noise,12960005
baseline_nm0.5,baseline,0,20.0,0.4,25.0,20.0,True,,1.4049060195763996,2.0347306494077904,1.7012787876573134,20.0,0.0,3.924000000000003,7.978527069091797,5.0791454205561415,1.6131248288348863,3.9240000000000004,True,AVOIDED,0.5,0.0,0.0,freeze,noise,12960006
baseline_nm0.5,baseline,0,20.0,0.4,30.0,20.0,True,,0.8338899976707488,2.150893966242435,1.5551013235364857,20.0,0.0,3.924000000000003,7.724658966064453,4.50819418496857,1.7694600564205454,3.9240000000000004,True,AVOIDED,0.5,0.0,0.0,freeze,noise,12960007
baseline_nm0.5,baseline,0,20.0,0.4,35.0,20.0,True,,1.66133789685692,2.151382374976974,1.7012787876573134,20.0,0.0,3.924000000000003,7.721855163574219,5.335642084154741,1.6131248288348863,3.9240000000000004,True,AVOIDED,0.5,0.0,0.0,freeze,noise,12960008
baseline_nm0.5,baseline,0,20.0,0.4,40.0,20.0,True,,1.0326799899366392,2.4026492660625896,1.500233763248894,20.0,0.0,3.924000000000003,7.249637603759766,4.70698417723446,1.8281085094307918,3.9240000000000004,True,AVOIDED,0.5,0.0,0.0,freeze,noise,12960009
baseline_nm0.5,baseline,0,30.0,0.85,20.0,20.0,True,,3.9326650882441907,3.501718372541213,1.589240310269733,30.0,0.0,3.335400049701338,9.961448669433594,7.606969275542012,2.203696841912894,8.3385,True,AVOIDED,0.5,0.0,0.0,freeze,noise,12960010
baseline_nm0.5,baseline,0,30.0,0.85,25.0,20.0,True,,1.8318891665413757,4.6653112661767375,1.1535649608842213,30.0,0.0,8.3385,8.34033203125,5.506193353839197,3.3316057713605907,8.3385,True,AVOIDED,0.5,0.0,0.0,freeze,noise,12960011
baseline_nm0.5,baseline,0,30.0,0.85,30.0,20.0,True,,4.348245592570525,3.5026830244113984,1.6745319319851621,30.0,0.0,3.335400049701338,9.959476470947266,8.022549779868346,2.387402356463033,8.3385,True,AVOIDED,0.5,0.0,0.0,freeze,noise,12960012
baseline_nm0.5,baseline,0,30.0,0.85,35.0,20.0,True,,3.521058930763698,3.502606003856629,1.630721058676956,30.0,0.0,3.335400049701338,9.959854125976562,7.195363118061519,2.536840287043845,8.3385,True,AVOIDED,0.5,0.0,0.0,freeze,noise,12960013
baseline_nm0.5,baseline,0,30.0,0.85,40.0,20.0,True,,3.105623532213931,3.501718372541213,1.5791096647943068,30.0,0.0,3.335400049701338,9.961444854736328,6.779927719511752,2.6176881040457913,8.3385,True,AVOIDED,0.5,0.0,0.0,freeze,noise,12960014
baseline_nm0.5,baseline,0,30.0,0.4,20.0,20.0,False,vehicle.ue4.audi.tt,0.0,0.0,1.587975167140971,24.63102898449902,5.3689710155009776,3.924000000000003,0.0,3.8101861042736167,2.2036449020803137,3.9240000000000004,True,COLLISION with vehicle.ue4.audi.tt,0.5,0.0,0.0,freeze,noise,12960015
baseline_nm0.5,baseline,0,30.0,0.4,25.0,20.0,False,vehicle.ue4.audi.tt,0.0,0.0,1.1524483666416514,22.288339529190758,7.711660470809241,3.924000000000003,0.0,3.8208499496696113,3.3316693273856473,3.9240000000000004,True,COLLISION with vehicle.ue4.audi.tt,0.5,0.0,0.0,freeze,noise,12960016
baseline_nm0.5,baseline,0,30.0,0.4,30.0,20.0,False,vehicle.ue4.audi.tt,0.0,0.0,1.6376998921106063,25.52469937291262,4.47530062708738,3.924000000000003,0.0,3.8168473806848593,2.4606369855749106,3.9240000000000004,True,COLLISION with vehicle.ue4.audi.tt,0.5,0.0,0.0,freeze,noise,12960017
baseline_nm0.5,baseline,0,30.0,0.4,35.0,20.0,False,vehicle.ue4.audi.tt,0.0,0.0,1.6290273598686038,23.5348893400699,6.465110659930101,3.924000000000003,0.0,3.820349269873495,2.53686559470056,3.9240000000000004,True,COLLISION with vehicle.ue4.audi.tt,0.5,0.0,0.0,freeze,noise,12960018
baseline_nm0.5,baseline,0,30.0,0.4,40.0,20.0,False,vehicle.ue4.audi.tt,0.0,0.0,1.5306365453005986,23.64662371446603,6.353376285533968,3.924000000000003,0.0,3.8193106548426594,2.7027411662969474,3.9240000000000004,True,COLLISION with vehicle.ue4.audi.tt,0.5,0.0,0.0,freeze,noise,12960019
baseline_nm0.5,baseline,0,40.0,0.85,20.0,20.0,True,,2.1383387250075208,7.468271178052576,1.2511492783422866,40.0,0.0,8.3385,11.60250473022461,5.812642912305342,3.961490876976411,8.3385,True,AVOIDED,0.5,0.0,0.0,freeze,noise,12960020
baseline_nm0.5,baseline,0,40.0,0.85,25.0,20.0,True,,2.074333207968305,3.7961811701049575,1.6267460622230567,40.0,0.0,8.3385,16.634618759155273,5.748515406935432,3.058692029747994,8.3385,True,AVOIDED,0.5,0.0,0.0,freeze,noise,12960021
baseline_nm0.5,baseline,0,40.0,0.85,30.0,20.0,True,,0.7296843913079281,7.866816028342706,1.0491368030451966,40.0,0.0,8.338500000000018,11.355693817138672,4.403767487520606,5.008331380756813,8.3385,True,AVOIDED,0.5,0.0,0.0,freeze,noise,12960022
baseline_nm0.5,baseline,0,40.0,0.85,35.0,20.0,True,,1.7188352281545418,4.101050150327975,1.5394874871753652,40.0,0.0,8.3385,15.886457443237305,5.3929145195829875,3.448934301588219,8.3385,True,AVOIDED,0.5,0.0,0.0,freeze,noise,12960023
baseline_nm0.5,baseline,0,40.0,0.85,40.0,20.0,True,,1.5812645941922856,4.037136743979588,1.5928784294129137,40.0,0.0,8.3385,16.023218154907227,5.255408709153902,3.4611625695600736,8.3385,True,AVOIDED,0.5,0.0,0.0,freeze,noise,12960024
baseline_nm0.5,baseline,0,40.0,0.4,20.0,20.0,False,vehicle.ue4.audi.tt,0.0,0.0,1.2518607036226785,26.469263571595334,13.530736428404664,3.924000000000003,0.0,3.8296674548522973,3.9603839026224663,3.9240000000000004,True,COLLISION with vehicle.ue4.audi.tt,0.5,0.0,0.0,freeze,noise,12960025
baseline_nm0.5,baseline,0,40.0,0.4,25.0,20.0,False,vehicle.ue4.audi.tt,0.0,0.0,1.6838269796147827,29.039618709450096,10.960381290549904,3.924000000000003,0.0,3.827063887634461,2.9670315408161603,3.9240000000000004,True,COLLISION with vehicle.ue4.audi.tt,0.5,0.0,0.0,freeze,noise,12960026
baseline_nm0.5,baseline,0,40.0,0.4,30.0,20.0,False,vehicle.ue4.audi.tt,0.0,0.0,1.0489616162358588,25.629776246873867,14.370223753126133,3.924000000000003,0.0,3.826956173110845,5.00778443697093,3.9240000000000004,True,COLLISION with vehicle.ue4.audi.tt,0.5,0.0,0.0,freeze,noise,12960027
baseline_nm0.5,baseline,0,40.0,0.4,35.0,20.0,False,vehicle.ue4.audi.tt,0.0,0.0,1.5411062708168373,28.346897877851145,11.653102122148855,3.924000000000003,0.0,3.834033690286466,3.448850093547056,3.9240000000000004,True,COLLISION with vehicle.ue4.audi.tt,0.5,0.0,0.0,freeze,noise,12960028
baseline_nm0.5,baseline,0,40.0,0.4,40.0,20.0,False,vehicle.ue4.audi.tt,0.0,0.0,1.5463949261776495,27.943508413945075,12.056491586054923,3.924000000000003,0.0,3.8220196018574737,3.5720722233306628,3.9240000000000004,True,COLLISION with vehicle.ue4.audi.tt,0.5,0.0,0.0,freeze,noise,12960029
baseline_nm0.5,baseline,0,50.0,0.85,20.0,20.0,False,vehicle.ue4.audi.tt,0.0,0.0,1.0283507624270962,38.78871971412825,11.211280285871755,8.3385,0.0,3.8680179035142714,6.251445427884491,8.3385,True,COLLISION with vehicle.ue4.audi.tt,0.5,0.0,0.0,freeze,noise,12960030
baseline_nm0.5,baseline,0,50.0,0.85,25.0,20.0,True,,0.5627032169101511,7.019812804665433,1.3761703297458985,50.0,0.0,8.338500000000018,18.553720474243164,4.23683586691242,4.67326940838413,8.3385,True,AVOIDED,0.5,0.0,0.0,freeze,noise,12960031
baseline_nm0.5,baseline,0,50.0,0.85,30.0,20.0,True,,1.453768358239075,5.425999226371204,1.5915557582378868,50.0,0.0,8.338500000000018,21.113582611083984,5.128072545536896,4.0496133296805565,8.3385,True,AVOIDED,0.5,0.0,0.0,freeze,noise,12960032
baseline_nm0.5,baseline,0,50.0,0.85,35.0,20.0,False,vehicle.ue4.audi.tt,0.0,0.0,1.0049640659373305,40.414044211306376,9.585955788693623,8.338500000000018,0.0,3.8209855844889145,6.639201261619354,8.3385,True,COLLISION with vehicle.ue4.audi.tt,0.5,0.0,0.0,freeze,noise,12960033
baseline_nm0.5,baseline,0,50.0,0.85,40.0,20.0,True,,0.2573145843335678,0.0,1.3506644225766309,50.0,0.0,8.3385,18.858976364135742,3.931397818933599,4.971094039791331,8.3385,True,AVOIDED,0.5,0.0,0.0,freeze,noise,12960034
baseline_nm0.5,baseline,0,50.0,0.4,20.0,20.0,False,vehicle.ue4.audi.tt,0.0,0.0,1.0283095496803998,22.91191949794358,27.08808050205642,3.9239999999999853,0.0,4.072976093349967,6.252550149773482,3.9240000000000004,True,COLLISION with vehicle.ue4.audi.tt,0.5,0.0,0.0,freeze,noise,12960035
baseline_nm0.5,baseline,0,50.0,0.4,25.0,20.0,False,vehicle.ue4.audi.tt,0.0,0.0,1.3757714410760646,32.08841335293519,17.911586647064805,3.9239999999999853,0.0,3.839458036158773,4.6734300445331325,3.9240000000000004,True,COLLISION with vehicle.ue4.audi.tt,0.5,0.0,0.0,freeze,noise,12960036
baseline_nm0.5,baseline,0,50.0,0.4,30.0,20.0,False,vehicle.ue4.audi.tt,0.0,0.0,1.5425074132483791,32.98991535420244,17.010084645797566,3.9239999999999853,0.0,3.842341199978959,4.180814573984796,3.9240000000000004,True,COLLISION with vehicle.ue4.audi.tt,0.5,0.0,0.0,freeze,noise,12960037
baseline_nm0.5,baseline,0,50.0,0.4,35.0,20.0,False,vehicle.ue4.audi.tt,0.0,0.0,1.0052796221372668,30.609216356394715,19.390783643605285,3.9239999999999853,0.0,3.8199346028442625,6.638729057848494,3.9240000000000004,True,COLLISION with vehicle.ue4.audi.tt,0.5,0.0,0.0,freeze,noise,12960038
baseline_nm0.5,baseline,0,50.0,0.4,40.0,20.0,False,vehicle.ue4.audi.tt,0.0,0.0,1.35124442383934,32.13510971740767,17.864890282592327,3.9239999999999853,0.0,3.839094496365897,4.970579322990501,3.9240000000000004,True,COLLISION with vehicle.ue4.audi.tt,0.5,0.0,0.0,freeze,noise,12960039
baseline_nm0.5,baseline,0,60.0,0.85,20.0,20.0,False,vehicle.ue4.audi.tt,0.0,0.0,0.8715222210920067,34.71166969339909,25.288330306600916,8.338499999999982,0.0,4.305744333595147,9.086393451542861,8.3385,True,COLLISION with vehicle.ue4.audi.tt,0.5,0.0,0.0,freeze,noise,12960040
baseline_nm0.5,baseline,0,60.0,0.85,25.0,20.0,False,vehicle.ue4.audi.tt,0.0,0.0,1.1321023594448238,45.742719216938966,14.257280783061033,8.3385,0.0,3.8409955591786735,6.9582527156196,8.3385,True,COLLISION with vehicle.ue4.audi.tt,0.5,0.0,0.0,freeze,noise,12960041
baseline_nm0.5,baseline,0,60.0,0.85,30.0,20.0,False,vehicle.ue4.audi.tt,0.0,0.0,1.450181401363242,49.330977715363765,10.669022284636236,8.3385,0.0,3.82948897945292,5.434061926855033,8.3385,True,COLLISION with vehicle.ue4.audi.tt,0.5,0.0,0.0,freeze,noise,12960042
baseline_nm0.5,baseline,0,60.0,0.85,35.0,20.0,False,vehicle.ue4.audi.tt,0.0,0.0,1.5804397157617378,49.137942595327345,10.862057404672651,8.3385,0.0,3.8299167474444396,4.996850708416284,8.3385,True,COLLISION with vehicle.ue4.audi.tt,0.5,0.0,0.0,freeze,noise,12960043
baseline_nm0.5,baseline,0,60.0,0.85,40.0,20.0,False,vehicle.ue4.audi.tt,0.0,0.0,0.9409190833451215,42.99367392543163,17.00632607456837,8.338499999999982,0.0,3.8245848697137528,8.58376355436793,8.3385,True,COLLISION with vehicle.ue4.audi.tt,0.5,0.0,0.0,freeze,noise,12960044
baseline_nm0.5,baseline,0,60.0,0.4,20.0,20.0,False,vehicle.ue4.audi.tt,0.0,0.0,0.8715254526935651,15.75076099879756,44.24923900120244,3.9239999999999853,0.0,3.8861740398074516,9.086313642403866,3.9240000000000004,True,COLLISION with vehicle.ue4.audi.tt,0.5,0.0,0.0,freeze,noise,12960045
baseline_nm0.5,baseline,0,60.0,0.4,25.0,20.0,False,vehicle.ue4.audi.tt,0.0,0.0,1.1320984504324096,32.2689371518268,27.731062848173202,3.9239999999999853,0.0,3.8531288216002353,6.958298042137608,3.9240000000000004,True,COLLISION with vehicle.ue4.audi.tt,0.5,0.0,0.0,freeze,noise,12960046
baseline_nm0.5,baseline,0,60.0,0.4,30.0,20.0,False,vehicle.ue4.audi.tt,0.0,0.0,1.450180316163522,36.25904400901888,23.740955990981117,3.9239999999999853,0.0,3.843444802843957,5.434038122471865,3.9240000000000004,True,COLLISION with vehicle.ue4.audi.tt,0.5,0.0,0.0,freeze,noise,12960047
baseline_nm0.5,baseline,0,60.0,0.4,35.0,20.0,False,vehicle.ue4.audi.tt,0.0,0.0,1.5804284649540075,37.1454849251008,22.854515074899197,3.9239999999999853,0.0,3.8189589856279946,4.99687544150238,3.9240000000000004,True,COLLISION with vehicle.ue4.audi.tt,0.5,0.0,0.0,freeze,noise,12960048
baseline_nm0.5,baseline,0,60.0,0.4,40.0,20.0,False,vehicle.ue4.audi.tt,0.0,0.0,0.9409212699222992,34.85802912468593,25.141970875314076,3.9239999999999853,0.0,3.8330086574281355,8.583711381289632,3.9240000000000004,True,COLLISION with vehicle.ue4.audi.tt,0.5,0.0,0.0,freeze,noise,12960049
baseline_nm1.0,baseline,0,20.0,0.85,20.0,20.0,True,,3.9212336866446513,3.65837067446903,1.3394593668191859,20.0,0.0,3.335400049701338,4.358844757080078,7.595415864059919,1.8043026374285156,8.3385,True,AVOIDED,1.0,0.0,0.0,freeze,noise,12920000
baseline_nm1.0,baseline,0,20.0,0.85,25.0,20.0,True,,4.745803927019738,3.6574571698683926,1.6549263862015928,20.0,0.0,3.335400049701338,4.36077880859375,8.419986127934763,1.6625775880845157,8.3385,True,AVOIDED,1.0,0.0,0.0,freeze,noise,12920001
baseline_nm1.0,baseline,0,20.0,0.85,30.0,20.0,True,,5.2974995813089905,3.6584809558853317,1.7555189743116142,20.0,0.0,3.335400049701338,4.359493255615234,8.97168555002523,1.567409144788136,8.3385,True,AVOIDED,1.0,0.0,0.0,freeze,noise,12920002
baseline_nm1.0,baseline,0,20.0,0.85,35.0,20.0,True,,5.022665017178852,3.6583654231388554,1.70111732044131,20.0,0.0,3.335400049701338,4.358936309814453,8.696847144790997,1.6132508844125635,8.3385,True,AVOIDED,1.0,0.0,0.0,freeze,noise,12920003
baseline_nm1.0,baseline,0,20.0,0.85,40.0,20.0,True,,3.6447334023341096,3.6578561157572653,1.454927743445598,20.0,0.0,3.335400049701338,4.360363006591797,7.318919389722747,1.8912437113427885,8.3385,True,AVOIDED,1.0,0.0,0.0,freeze,noise,12920004
baseline_nm1.0,baseline,0,20.0,0.4,20.0,20.0,True,,1.34499459079926,2.605942534204586,1.3386192833366588,20.0,0.0,3.924000000000003,6.93695068359375,5.019298778097081,1.8044232680391243,3.9240000000000004,True,AVOIDED,1.0,0.0,0.0,freeze,noise,12920005
baseline_nm1.0,baseline,0,20.0,0.4,25.0,20.0,True,,1.6831611534800253,2.469568853648093,1.6012360783277277,20.0,0.0,3.924000000000003,7.149181365966797,5.357465340777846,1.7138428687062193,3.9240000000000004,True,AVOIDED,1.0,0.0,0.0,freeze,noise,12920006
baseline_nm1.0,baseline,0,20.0,0.4,30.0,20.0,True,,1.719475056328629,1.9449638058122685,1.8009021655431117,20.0,0.0,3.924000000000003,8.214973449707031,5.393645903073076,1.5237683824690353,3.9240000000000004,True,AVOIDED,1.0,0.0,0.0,freeze,noise,12920007
baseline_nm1.0,baseline,0,20.0,0.4,35.0,20.0,True,,1.3155261847044475,1.7960477021925898,1.8009879380567781,20.0,0.0,3.924000000000003,8.618782043457031,4.9898303720022685,1.5236346550949664,3.9240000000000004,True,AVOIDED,1.0,0.0,0.0,freeze,noise,12920008
baseline_nm1.0,baseline,0,20.0,0.4,40.0,20.0,True,,1.5832882214684707,2.402787441262251,1.6010703723265542,20.0,0.0,3.924000000000003,7.249485015869141,5.257592408766292,1.7139345144926452,3.9240000000000004,True,AVOIDED,1.0,0.0,0.0,freeze,noise,12920009
baseline_nm1.0,baseline,0,30.0,0.85,20.0,20.0,True,,3.5211567748006765,3.502685163919606,1.5328123354662204,30.0,0.0,3.335400049701338,9.959476470947266,7.1954609620984975,2.275148532497412,8.3385,True,AVOIDED,1.0,0.0,0.0,freeze,noise,12920010
baseline_nm1.0,baseline,0,30.0,0.85,25.0,20.0,True,,2.0944812056253888,4.940305219610282,1.1535649608842213,30.0,0.0,8.3385,8.077529907226562,5.76878539292321,3.3316057713605907,8.3385,True,AVOIDED,1.0,0.0,0.0,freeze,noise,12920011
baseline_nm1.0,baseline,0,30.0,0.85,30.0,20.0,True,,4.348245592570525,3.5026830244113984,1.6745319319851621,30.0,0.0,3.335400049701338,9.959476470947266,8.022549779868346,2.387402356463033,8.3385,True,AVOIDED,1.0,0.0,0.0,freeze,noise,12920012
baseline_nm1.0,baseline,0,30.0,0.85,35.0,20.0,True,,3.9331278689987883,3.5019685748641662,1.6773860016072013,30.0,0.0,3.335400049701338,9.960929870605469,7.607432056296609,2.4617391700378297,8.3385,True,AVOIDED,1.0,0.0,0.0,freeze,noise,12920013
baseline_nm1.0,baseline,0,30.0,0.85,40.0,20.0,True,,3.9326688873101823,3.501718372541213,1.679098758018817,30.0,0.0,3.335400049701338,9.961448669433594,7.606973074608003,2.4617870278372442,8.3385,True,AVOIDED,1.0,0.0,0.0,freeze,noise,12920014
baseline_nm1.0,baseline,0,30.0,0.4,20.0,20.0,False,vehicle.ue4.audi.tt,0.0,3.660820020109485,1.5340529159309209,28.65774976096235,1.3422502390376512,3.924000000000003,0.0,3.806439696333192,2.275129312393598,3.9240000000000004,True,COLLISION with vehicle.ue4.audi.tt,1.0,0.0,0.0,freeze,noise,12920015
baseline_nm1.0,baseline,0,30.0,0.4,25.0,20.0,False,vehicle.ue4.audi.tt,0.0,0.0,1.1524483666416514,23.76925214527969,6.23074785472031,3.924000000000003,0.0,3.821607716969321,3.3316693273856473,3.9240000000000004,True,COLLISION with vehicle.ue4.audi.tt,1.0,0.0,0.0,freeze,noise,12920016
baseline_nm1.0,baseline,0,30.0,0.4,30.0,20.0,False,vehicle.ue4.audi.tt,0.0,0.0,1.577512759407205,23.982823794189297,6.017176205810702,3.924000000000003,0.0,3.8216422586400993,2.617638337913078,3.9240000000000004,True,COLLISION with vehicle.ue4.audi.tt,1.0,0.0,0.0,freeze,noise,12920017
baseline_nm1.0,baseline,0,30.0,0.4,35.0,20.0,False,vehicle.ue4.audi.tt,0.0,0.0,1.679098298351473,25.51857979514778,4.481420204852219,3.924000000000003,0.0,3.8164368073797,2.4617877026903052,3.9240000000000004,True,COLLISION with vehicle.ue4.audi.tt,1.0,0.0,0.0,freeze,noise,12920018
baseline_nm1.0,baseline,0,30.0,0.4,40.0,20.0,True,,0.1906053166113959,2.91389368942621,1.8308955129609865,30.0,0.0,3.924000000000003,14.94790267944336,3.8647686123060137,2.259452335675843,3.9240000000000004,True,AVOIDED,1.0,0.0,0.0,freeze,noise,12920019
baseline_nm1.0,baseline,0,40.0,0.85,20.0,20.0,True,,1.647596420322217,6.835319143198157,1.2511492783422866,40.0,0.0,8.3385,12.093544006347656,5.321671852334092,3.961490876976411,8.3385,True,AVOIDED,1.0,0.0,0.0,freeze,noise,12920020
baseline_nm1.0,baseline,0,40.0,0.85,25.0,20.0,True,,1.462216411439531,4.2285553953550705,1.4822595319623142,40.0,0.0,8.3385,15.591957092285156,5.136520598737352,3.3677160838951803,8.3385,True,AVOIDED,1.0,0.0,0.0,freeze,noise,12920021
baseline_nm1.0,baseline,0,40.0,0.85,30.0,20.0,True,,2.0624668978865666,8.620038801749367,1.0491368030451966,40.0,0.0,8.338500000000018,10.021926879882812,5.73650433675338,5.008331380756813,8.3385,True,AVOIDED,1.0,0.0,0.0,freeze,noise,12920022
baseline_nm1.0,baseline,0,40.0,0.85,35.0,20.0,True,,2.1594369250925878,4.304986936122483,1.5394874871753652,40.0,0.0,8.3385,15.445512771606445,5.833489515915162,3.448934301588219,8.3385,True,AVOIDED,1.0,0.0,0.0,freeze,noise,12920023
baseline_nm1.0,baseline,0,40.0,0.85,40.0,20.0,True,,2.7372047248258182,0.0,1.7444217562860678,40.0,0.0,8.3385,16.52240562438965,6.4112725535464605,3.163414694234538,8.3385,True,AVOIDED,1.0,0.0,0.0,freeze,noise,12920024
baseline_nm1.0,baseline,0,40.0,0.4,20.0,20.0,False,vehicle.ue4.audi.tt,0.0,0.0,1.2518607036226785,27.468251094409716,12.531748905590282,3.924000000000003,0.0,3.8439533449321575,3.9603839026224663,3.9240000000000004,True,COLLISION with vehicle.ue4.audi.tt,1.0,0.0,0.0,freeze,noise,12920025
baseline_nm1.0,baseline,0,40.0,0.4,25.0,20.0,False,vehicle.ue4.audi.tt,0.0,0.0,1.62640142605587,28.08856968831072,11.91143031168928,3.924000000000003,0.0,3.8203176702123782,3.0590089578038744,3.9240000000000004,True,COLLISION with vehicle.ue4.audi.tt,1.0,0.0,0.0,freeze,noise,12920026
baseline_nm1.0,baseline,0,40.0,0.4,30.0,20.0,False,vehicle.ue4.audi.tt,0.0,0.0,1.0489616162358588,25.629776246873867,14.370223753126133,3.924000000000003,0.0,3.826956173110845,5.00778443697093,3.9240000000000004,True,COLLISION with vehicle.ue4.audi.tt,1.0,0.0,0.0,freeze,noise,12920027
baseline_nm1.0,baseline,0,40.0,0.4,35.0,20.0,False,vehicle.ue4.audi.tt,0.0,0.0,1.499798587288046,27.950545262822637,12.049454737177363,3.924000000000003,0.0,3.8208629221317785,3.563170639828066,3.9240000000000004,True,COLLISION with vehicle.ue4.audi.tt,1.0,0.0,0.0,freeze,noise,12920028
baseline_nm1.0,baseline,0,40.0,0.4,40.0,20.0,False,vehicle.ue4.audi.tt,0.0,0.0,1.6925691839407437,28.879636778369647,11.120363221630353,3.924000000000003,0.0,3.834226925672439,3.256849884277239,3.9240000000000004,True,COLLISION with vehicle.ue4.audi.tt,1.0,0.0,0.0,freeze,noise,12920029
baseline_nm1.0,baseline,0,50.0,0.85,20.0,20.0,False,vehicle.ue4.audi.tt,0.0,0.0,1.0283507624270962,40.21925492040715,9.780745079592844,8.3385,0.0,3.821803534183559,6.251445427884491,8.3385,True,COLLISION with vehicle.ue4.audi.tt,1.0,0.0,0.0,freeze,noise,12920030
baseline_nm1.0,baseline,0,50.0,0.85,25.0,20.0,True,,1.506525521164951,7.8880018188182754,1.3761703297458985,50.0,0.0,8.338500000000018,17.609079360961914,5.180581745831623,4.67326940838413,8.3385,True,AVOIDED,1.0,0.0,0.0,freeze,noise,12920031
baseline_nm1.0,baseline,0,50.0,0.85,30.0,20.0,True,,1.4527461842008567,0.0,1.5914886549580785,50.0,0.0,8.338500000000018,21.11357879638672,5.127050371498678,4.049783573080824,8.3385,True,AVOIDED,1.0,0.0,0.0,freeze,noise,12920032
baseline_nm1.0,baseline,0,50.0,0.85,35.0,20.0,False,vehicle.ue4.audi.tt,0.0,0.0,1.0049640659373305,39.910932658300105,10.089067341699895,8.338500000000018,0.0,3.8304099202243376,6.639201261619354,8.3385,True,COLLISION with vehicle.ue4.audi.tt,1.0,0.0,0.0,freeze,noise,12920033
baseline_nm1.0,baseline,0,50.0,0.85,40.0,20.0,True,,0.2573145843335678,0.0,1.3506644225766309,50.0,0.0,8.3385,18.858976364135742,3.931397818933599,4.971094039791331,8.3385,True,AVOIDED,1.0,0.0,0.0,freeze,noise,12920034
baseline_nm1.0,baseline,0,50.0,0.4,20.0,20.0,False,vehicle.ue4.audi.tt,0.0,0.0,1.0283095496803998,23.91344458790742,26.08655541209258,3.9239999999999853,0.0,4.073086779224774,6.252550149773482,3.9240000000000004,True,COLLISION with vehicle.ue4.audi.tt,1.0,0.0,0.0,freeze,noise,12920035
baseline_nm1.0,baseline,0,50.0,0.4,25.0,20.0,False,vehicle.ue4.audi.tt,0.0,0.0,1.3758346436684956,32.092390915243925,17.907609084756075,3.9239999999999853,0.0,3.839655211212979,4.67320867168864,3.9240000000000004,True,COLLISION with vehicle.ue4.audi.tt,1.0,0.0,0.0,freeze,noise,12920036
baseline_nm1.0,baseline,0,50.0,0.4,30.0,20.0,False,vehicle.ue4.audi.tt,0.0,0.0,1.6416721987790222,32.64315774877657,17.356842251223433,3.9239999999999853,0.0,3.824297516102859,3.926270024021283,3.9240000000000004,True,COLLISION with vehicle.ue4.audi.tt,1.0,0.0,0.0,freeze,noise,12920037
baseline_nm1.0,baseline,0,50.0,0.4,35.0,20.0,False,vehicle.ue4.audi.tt,0.0,0.0,1.0052796221372668,30.130372525451804,19.869627474548196,3.9239999999999853,0.0,3.831752300408107,6.638729057848494,3.9240000000000004,True,COLLISION with vehicle.ue4.audi.tt,1.0,0.0,0.0,freeze,noise,12920038
baseline_nm1.0,baseline,0,50.0,0.4,40.0,20.0,False,vehicle.ue4.audi.tt,0.0,0.0,1.35124442383934,32.06781511003177,17.932184889968227,3.9239999999999853,0.0,3.849526025675441,4.970579322990501,3.9240000000000004,True,COLLISION with vehicle.ue4.audi.tt,1.0,0.0,0.0,freeze,noise,12920039
baseline_nm1.0,baseline,0,60.0,0.85,20.0,20.0,False,vehicle.ue4.audi.tt,0.0,0.0,0.8715222210920067,34.252382805151434,25.747617194848566,8.338499999999982,0.0,4.272007439648291,9.086393451542861,8.3385,True,COLLISION with vehicle.ue4.audi.tt,1.0,0.0,0.0,freeze,noise,12920040
baseline_nm1.0,baseline,0,60.0,0.85,25.0,20.0,False,vehicle.ue4.audi.tt,0.0,0.0,1.1321023594448238,45.742719216938966,14.257280783061033,8.3385,0.0,3.8409955591786735,6.9582527156196,8.3385,True,COLLISION with vehicle.ue4.audi.tt,1.0,0.0,0.0,freeze,noise,12920041
baseline_nm1.0,baseline,0,60.0,0.85,30.0,20.0,False,vehicle.ue4.audi.tt,0.0,0.0,1.450181401363242,50.60105596573849,9.398944034261511,8.3385,0.0,3.8282957868887344,5.434061926855033,8.3385,True,COLLISION with vehicle.ue4.audi.tt,1.0,0.0,0.0,freeze,noise,12920042
baseline_nm1.0,baseline,0,60.0,0.85,35.0,20.0,False,vehicle.ue4.audi.tt,0.0,6.5524224360822005,1.6290762440361455,54.700447680242924,5.2995523197570735,8.3385,0.0,3.818072939952428,4.844194827724752,8.3385,True,COLLISION with vehicle.ue4.audi.tt,1.0,0.0,0.0,freeze,noise,12920043
baseline_nm1.0,baseline,0,60.0,0.85,40.0,20.0,False,vehicle.ue4.audi.tt,0.0,0.0,0.9409190833451215,43.247464427830394,16.752535572169606,8.338499999999982,0.0,3.8376026806016204,8.58376355436793,8.3385,True,COLLISION with vehicle.ue4.audi.tt,1.0,0.0,0.0,freeze,noise,12920044
baseline_nm1.0,baseline,0,60.0,0.4,20.0,20.0,False,vehicle.ue4.audi.tt,0.0,0.0,0.8715254526935651,14.693154287502807,45.30684571249719,3.9239999999999853,0.0,3.8891209749824207,9.086313642403866,3.9240000000000004,True,COLLISION with vehicle.ue4.audi.tt,1.0,0.0,0.0,freeze,noise,12920045
baseline_nm1.0,baseline,0,60.0,0.4,25.0,20.0,False,vehicle.ue4.audi.tt,0.0,0.0,1.1320381085174582,33.32959426012975,26.670405739870247,3.9239999999999853,0.0,3.8898161614413196,6.958661100171404,3.9240000000000004,True,COLLISION with vehicle.ue4.audi.tt,1.0,0.0,0.0,freeze,noise,12920046
baseline_nm1.0,baseline,0,60.0,0.4,30.0,20.0,False,vehicle.ue4.audi.tt,0.0,0.0,1.450180316163522,36.25904400901888,23.740955990981117,3.9239999999999853,0.0,3.843444802843957,5.434038122471865,3.9240000000000004,True,COLLISION with vehicle.ue4.audi.tt,1.0,0.0,0.0,freeze,noise,12920047
baseline_nm1.0,baseline,0,60.0,0.4,35.0,20.0,False,vehicle.ue4.audi.tt,0.0,0.0,1.5804284649540075,38.13949763697957,21.860502363020434,3.9239999999999853,0.0,3.8604412562924306,4.99687544150238,3.9240000000000004,True,COLLISION with vehicle.ue4.audi.tt,1.0,0.0,0.0,freeze,noise,12920048
baseline_nm1.0,baseline,0,60.0,0.4,40.0,20.0,False,vehicle.ue4.audi.tt,0.0,0.0,0.9409212699222992,34.58590424595076,25.41409575404924,3.9239999999999853,0.0,3.7997224190553225,8.583711381289632,3.9240000000000004,True,COLLISION with vehicle.ue4.audi.tt,1.0,0.0,0.0,freeze,noise,12920049
baseline_nm2.0,baseline,0,20.0,0.85,20.0,20.0,True,,8.878622772435568,3.6589011364836357,2.019524268079198,20.0,0.0,3.335400049701338,4.358264923095703,12.552804904653696,1.0444642767027998,8.3385,True,AVOIDED,2.0,0.0,0.0,freeze,noise,12930000
baseline_nm2.0,baseline,0,20.0,0.85,25.0,20.0,True,,7.776440497111162,3.6582498976890645,2.14750169763351,20.0,0.0,3.335400049701338,4.359031677246094,11.450622666452457,1.2471209389427587,8.3385,True,AVOIDED,2.0,0.0,0.0,freeze,noise,12930001
baseline_nm2.0,baseline,0,20.0,0.85,30.0,20.0,True,,6.674771404072162,3.658255148687587,2.0004890950242986,20.0,0.0,3.335400049701338,4.359031677246094,10.348953616987616,1.371656494210899,8.3385,True,AVOIDED,2.0,0.0,0.0,freeze,noise,12930002
baseline_nm2.0,baseline,0,20.0,0.85,35.0,20.0,True,,6.675160816850735,3.6586280081168154,2.0005327052905773,20.0,0.0,3.335400049701338,4.3585662841796875,10.349343026279703,1.371591235328148,8.3385,True,AVOIDED,2.0,0.0,0.0,freeze,noise,12930003
baseline_nm2.0,baseline,0,20.0,0.85,40.0,20.0,True,,6.94873322281272,3.6574361751269278,2.0552277705149495,20.0,0.0,3.335400049701338,4.360797882080078,10.622919185925483,1.3386536573948775,8.3385,True,AVOIDED,2.0,0.0,0.0,freeze,noise,12930004
baseline_nm2.0,baseline,0,20.0,0.4,20.0,20.0,True,,2.535667695085696,3.8290828403749755,1.3386192833366588,20.0,0.0,3.924000000000003,5.745216369628906,6.209971882383517,1.8044232680391243,3.9240000000000004,True,AVOIDED,2.0,0.0,0.0,freeze,noise,12930005
baseline_nm2.0,baseline,0,20.0,0.4,25.0,20.0,True,,4.0978011641791365,2.6060890928077254,2.0004890950242986,20.0,0.0,3.924000000000003,6.9368133544921875,7.772105351476958,1.371656494210899,3.9240000000000004,True,AVOIDED,2.0,0.0,0.0,freeze,noise,12930006
baseline_nm2.0,baseline,0,20.0,0.4,30.0,20.0,True,,2.665144306841662,2.7663626243877846,1.70111732044131,20.0,0.0,3.924000000000003,6.717639923095703,6.339448494139483,1.6132508844125635,3.9240000000000004,True,AVOIDED,2.0,0.0,0.0,freeze,noise,12930007
baseline_nm2.0,baseline,0,20.0,0.4,35.0,20.0,True,,2.295833788141529,1.7590146278827008,2.0004890950242986,20.0,0.0,3.924000000000003,8.739765167236328,5.97013797543935,1.371656494210899,3.9240000000000004,True,AVOIDED,2.0,0.0,0.0,freeze,noise,12930008
baseline_nm2.0,baseline,0,20.0,0.4,40.0,20.0,True,,3.2237309625702366,2.1157204329877355,2.000533395620869,20.0,0.0,3.924000000000003,7.811332702636719,6.89789413225663,1.371590761604131,3.9240000000000004,True,AVOIDED,2.0,0.0,0.0,freeze,noise,12930009
baseline_nm2.0,baseline,0,30.0,0.85,20.0,20.0,True,,4.7828837216059465,4.011469736642367,1.589240310269733,30.0,0.0,8.3385,9.110908508300781,8.456997215437646,2.203696841912894,8.3385,True,AVOIDED,2.0,0.0,0.0,freeze,noise,12930010
baseline_nm2.0,baseline,0,30.0,0.85,25.0,20.0,True,,3.171471404222234,6.562479972900473,1.1535649608842213,30.0,0.0,8.3385,6.999847412109375,6.845611655562333,3.3316057713605907,8.3385,True,AVOIDED,2.0,0.0,0.0,freeze,noise,12930011
baseline_nm2.0,baseline,0,30.0,0.85,30.0,20.0,True,,4.737544500026077,3.694552558012477,1.6745319319851621,30.0,0.0,8.3385,9.570026397705078,8.41183346592638,2.387402356463033,8.3385,True,AVOIDED,2.0,0.0,0.0,freeze,noise,12930012
baseline_nm2.0,baseline,0,30.0,0.85,35.0,20.0,True,,4.725584743594929,4.66463575835716,1.5775132192311272,30.0,0.0,8.3385,8.340713500976562,8.39988893089275,2.6176375743156006,8.3385,True,AVOIDED,2.0,0.0,0.0,freeze,noise,12930013
baseline_nm2.0,baseline,0,30.0,0.85,40.0,20.0,True,,3.9326688873101823,3.501718372541213,1.679098758018817,30.0,0.0,3.335400049701338,9.961448669433594,7.606973074608003,2.4617870278372442,8.3385,True,AVOIDED,2.0,0.0,0.0,freeze,noise,12930014
baseline_nm2.0,baseline,0,30.0,0.4,20.0,20.0,True,,0.8012563294524657,3.86883317006296,1.587975167140971,30.0,0.0,3.924000000000003,13.09521484375,4.475423435735177,2.2036449020803137,3.9240000000000004,True,AVOIDED,2.0,0.0,0.0,freeze,noise,12930015
baseline_nm2.0,baseline,0,30.0,0.4,25.0,20.0,True,,2.9873107924293913,2.7263992027716615,2.0412456566739468,30.0,0.0,3.924000000000003,15.458393096923828,6.661614979727212,1.7462236894670005,3.9240000000000004,True,AVOIDED,2.0,0.0,0.0,freeze,noise,12930016
baseline_nm2.0,baseline,0,30.0,0.4,30.0,20.0,True,,0.6023171211116471,2.9134421538661637,1.7834199439166747,30.0,0.0,3.924000000000003,14.949359893798828,4.276480439703022,2.190070308726083,3.9240000000000004,True,AVOIDED,2.0,0.0,0.0,freeze,noise,12930017
baseline_nm2.0,baseline,0,30.0,0.4,35.0,20.0,False,vehicle.ue4.audi.tt,0.0,4.262125473453879,1.5290434514754159,27.50329252768122,2.4967074723187794,3.924000000000003,0.0,3.815425059641169,2.7027740850486635,3.9240000000000004,True,COLLISION with vehicle.ue4.audi.tt,2.0,0.0,0.0,freeze,noise,12930018
baseline_nm2.0,baseline,0,30.0,0.4,40.0,20.0,True,,1.8271185773684442,4.019215753890321,1.7772752641750609,30.0,0.0,3.924000000000003,12.895736694335938,5.501422764666265,2.3233649623107016,3.9240000000000004,True,AVOIDED,2.0,0.0,0.0,freeze,noise,12930019
baseline_nm2.0,baseline,0,40.0,0.85,20.0,20.0,True,,2.90581234890291,8.777463895123969,1.2511492783422866,40.0,0.0,8.3385,10.834671020507812,6.57989161251722,3.961490876976411,8.3385,True,AVOIDED,2.0,0.0,0.0,freeze,noise,12930020
baseline_nm2.0,baseline,0,40.0,0.85,25.0,20.0,True,,3.8177767327968777,4.306529096778576,1.68432575562793,40.0,0.0,8.3385,15.442785263061523,7.4919054787284,2.9667046316700834,8.3385,True,AVOIDED,2.0,0.0,0.0,freeze,noise,12930021
baseline_nm2.0,baseline,0,40.0,0.85,30.0,20.0,True,,2.9224281662436242,9.345471494551843,1.0491368030451966,40.0,0.0,8.338500000000018,9.161540985107422,6.596507355323338,5.008331380756813,8.3385,True,AVOIDED,2.0,0.0,0.0,freeze,noise,12930022
baseline_nm2.0,baseline,0,40.0,0.85,35.0,20.0,True,,3.755576739099399,5.217497322738931,1.5394874871753652,40.0,0.0,8.3385,13.848470687866211,7.42988092639722,3.448934301588219,8.3385,True,AVOIDED,2.0,0.0,0.0,freeze,noise,12930023
baseline_nm2.0,baseline,0,40.0,0.85,40.0,20.0,True,,3.581696801894288,4.45880976783674,1.6927706420642763,40.0,0.0,8.3385,15.125740051269531,7.25577985748383,3.256901788850152,8.3385,True,AVOIDED,2.0,0.0,0.0,freeze,noise,12930024
baseline_nm2.0,baseline,0,40.0,0.4,20.0,20.0,False,vehicle.ue4.audi.tt,0.0,0.0,1.2518607036226785,26.469263571595334,13.530736428404664,3.924000000000003,0.0,3.8296674548522973,3.9603839026224663,3.9240000000000004,True,COLLISION with vehicle.ue4.audi.tt,2.0,0.0,0.0,freeze,noise,12930025
baseline_nm2.0,baseline,0,40.0,0.4,25.0,20.0,False,vehicle.ue4.audi.tt,0.0,0.0,1.6838269796147827,30.718000648470518,9.281999351529482,3.924000000000003,0.0,3.81823047626754,2.9670315408161603,3.9240000000000004,True,COLLISION with vehicle.ue4.audi.tt,2.0,0.0,0.0,freeze,noise,12930026
baseline_nm2.0,baseline,0,40.0,0.4,30.0,20.0,False,vehicle.ue4.audi.tt,0.0,0.0,1.0489616162358588,28.00954745531288,11.99045254468712,3.924000000000003,0.0,3.8198648562948496,5.00778443697093,3.9240000000000004,True,COLLISION with vehicle.ue4.audi.tt,2.0,0.0,0.0,freeze,noise,12930027
baseline_nm2.0,baseline,0,40.0,0.4,35.0,20.0,False,vehicle.ue4.audi.tt,0.0,0.0,1.5397127114380706,29.52803042851601,10.471969571483987,3.924000000000003,0.0,3.816932565277607,3.4490762113198645,3.9240000000000004,True,COLLISION with vehicle.ue4.audi.tt,2.0,0.0,0.0,freeze,noise,12930028
baseline_nm2.0,baseline,0,40.0,0.4,40.0,20.0,False,vehicle.ue4.audi.tt,0.0,0.0,1.6925691839407437,28.80427703140105,11.195722968598949,3.924000000000003,0.0,3.8312508137533112,3.256849884277239,3.9240000000000004,True,COLLISION with vehicle.ue4.audi.tt,2.0,0.0,0.0,freeze,noise,12930029
baseline_nm2.0,baseline,0,50.0,0.85,20.0,20.0,False,vehicle.ue4.audi.tt,0.0,9.179577207985744,1.0283507624270962,45.69731151052262,4.302688489477385,8.3385,0.0,3.8129846952657265,6.251445427884491,8.3385,True,COLLISION with vehicle.ue4.audi.tt,2.0,0.0,0.0,freeze,noise,12930030
baseline_nm2.0,baseline,0,50.0,0.85,25.0,20.0,True,,2.1589768875105975,8.608548992918063,1.3761703297458985,50.0,0.0,8.338500000000018,16.95621681213379,5.833109466894895,4.67326940838413,8.3385,True,AVOIDED,2.0,0.0,0.0,freeze,noise,12930031
baseline_nm2.0,baseline,0,50.0,0.85,30.0,20.0,True,,2.404764697903456,5.542837110609023,1.6411515388316331,50.0,0.0,8.338500000000018,20.852067947387695,6.078847772106528,3.926265977855297,8.3385,True,AVOIDED,2.0,0.0,0.0,freeze,noise,12930032
baseline_nm2.0,baseline,0,50.0,0.85,35.0,20.0,False,vehicle.ue4.audi.tt,0.0,0.0,1.0049640659373305,43.63597380909478,6.364026190905223,8.338500000000018,0.0,3.8191888120898447,6.639201261619354,8.3385,True,COLLISION with vehicle.ue4.audi.tt,2.0,0.0,0.0,freeze,noise,12930033
baseline_nm2.0,baseline,0,50.0,0.85,40.0,20.0,True,,2.8317620415358924,8.73104312761361,1.3507387427231656,50.0,0.0,8.338500000000018,16.28343391418457,6.505890855260676,4.970826623211005,8.3385,True,AVOIDED,2.0,0.0,0.0,freeze,noise,12930034
baseline_nm2.0,baseline,0,50.0,0.4,20.0,20.0,False,vehicle.ue4.audi.tt,0.0,0.0,1.0283095496803998,23.91344458790742,26.08655541209258,3.9239999999999853,0.0,4.073086779224774,6.252550149773482,3.9240000000000004,True,COLLISION with vehicle.ue4.audi.tt,2.0,0.0,0.0,freeze,noise,12930035
baseline_nm2.0,baseline,0,50.0,0.4,25.0,20.0,False,vehicle.ue4.audi.tt,0.0,0.0,1.3758346436684956,32.023809941393594,17.97619005860641,3.9239999999999853,0.0,3.84982700957098,4.67320867168864,3.9240000000000004,True,COLLISION with vehicle.ue4.audi.tt,2.0,0.0,0.0,freeze,noise,12930036
baseline_nm2.0,baseline,0,50.0,0.4,30.0,20.0,False,vehicle.ue4.audi.tt,0.0,0.0,1.5906147719509276,33.991458564875074,16.008541435124926,3.9239999999999853,0.0,3.8548365086060072,4.049862616492112,3.9240000000000004,True,COLLISION with vehicle.ue4.audi.tt,2.0,0.0,0.0,freeze,noise,12930037
baseline_nm2.0,baseline,0,50.0,0.4,35.0,20.0,False,vehicle.ue4.audi.tt,0.0,0.0,1.0052796221372668,31.709052396253178,18.290947603746822,3.9239999999999853,0.0,3.8609310985653837,6.638729057848494,3.9240000000000004,True,COLLISION with vehicle.ue4.audi.tt,2.0,0.0,0.0,freeze,noise,12930038
baseline_nm2.0,baseline,0,50.0,0.4,40.0,20.0,False,vehicle.ue4.audi.tt,0.0,0.0,1.35124442383934,33.67371101661554,16.326288983384455,3.9239999999999853,0.0,3.8235363214615776,4.970579322990501,3.9240000000000004,True,COLLISION with vehicle.ue4.audi.tt,2.0,0.0,0.0,freeze,noise,12930039
baseline_nm2.0,baseline,0,60.0,0.85,20.0,20.0,False,vehicle.ue4.audi.tt,0.0,0.0,0.8715222210920067,34.252382805151434,25.747617194848566,8.338499999999982,0.0,4.272007439648291,9.086393451542861,8.3385,True,COLLISION with vehicle.ue4.audi.tt,2.0,0.0,0.0,freeze,noise,12930040
baseline_nm2.0,baseline,0,60.0,0.85,25.0,20.0,False,vehicle.ue4.audi.tt,0.0,0.0,1.1321023594448238,52.269158627732345,7.730841372267656,8.3385,0.0,3.826597052676133,6.9582527156196,8.3385,True,COLLISION with vehicle.ue4.audi.tt,2.0,0.0,0.0,freeze,noise,12930041
baseline_nm2.0,baseline,0,60.0,0.85,30.0,20.0,False,vehicle.ue4.audi.tt,0.0,0.0,1.3986713267734912,49.75902042585175,10.24097957414825,8.3385,0.0,3.8269755972268205,5.62765100450307,8.3385,True,COLLISION with vehicle.ue4.audi.tt,2.0,0.0,0.0,freeze,noise,12930042
baseline_nm2.0,baseline,0,60.0,0.85,35.0,20.0,False,vehicle.ue4.audi.tt,0.0,0.0,1.6290762440361455,52.78191594140179,7.2180840585982065,8.3385,0.0,3.8180042699171124,4.844194827724752,8.3385,True,COLLISION with vehicle.ue4.audi.tt,2.0,0.0,0.0,freeze,noise,12930043
baseline_nm2.0,baseline,0,60.0,0.85,40.0,20.0,False,vehicle.ue4.audi.tt,0.0,0.0,0.9409190833451215,46.572035952717414,13.42796404728259,8.3385,0.0,3.8256811648041165,8.58376355436793,8.3385,True,COLLISION with vehicle.ue4.audi.tt,2.0,0.0,0.0,freeze,noise,12930044
baseline_nm2.0,baseline,0,60.0,0.4,20.0,20.0,False,vehicle.ue4.audi.tt,0.0,0.0,0.8715254526935651,15.616286633385904,44.383713366614096,3.9239999999999853,0.0,3.8466160296452765,9.086313642403866,3.9240000000000004,True,COLLISION with vehicle.ue4.audi.tt,2.0,0.0,0.0,freeze,noise,12930045
baseline_nm2.0,baseline,0,60.0,0.4,25.0,20.0,False,vehicle.ue4.audi.tt,0.0,0.0,1.1320984504324096,34.55131130193765,25.448688698062348,3.9239999999999853,0.0,3.8950384772364806,6.958298042137608,3.9240000000000004,True,COLLISION with vehicle.ue4.audi.tt,2.0,0.0,0.0,freeze,noise,12930046
baseline_nm2.0,baseline,0,60.0,0.4,30.0,20.0,False,vehicle.ue4.audi.tt,0.0,0.0,1.450180316163522,36.89459013397051,23.105409866029493,3.9239999999999853,0.0,3.845574930724103,5.434038122471865,3.9240000000000004,True,COLLISION with vehicle.ue4.audi.tt,2.0,0.0,0.0,freeze,noise,12930047
baseline_nm2.0,baseline,0,60.0,0.4,35.0,20.0,False,vehicle.ue4.audi.tt,0.0,0.0,1.6798654936931021,38.0976642149608,21.902335785039195,3.9239999999999853,0.0,3.827312265785662,4.699401785739468,3.9240000000000004,True,COLLISION with vehicle.ue4.audi.tt,2.0,0.0,0.0,freeze,noise,12930048
baseline_nm2.0,baseline,0,60.0,0.4,40.0,20.0,False,vehicle.ue4.audi.tt,0.0,0.0,0.9409212699222992,36.608239940956295,23.391760059043705,3.9239999999999853,0.0,3.8763441454826144,8.583711381289632,3.9240000000000004,True,COLLISION with vehicle.ue4.audi.tt,2.0,0.0,0.0,freeze,noise,12930049
proposed_nm0.0,proposed,0,20.0,0.85,20.0,20.0,True,,3.9212336866446513,3.65837067446903,1.3394593668191859,20.0,0.0,3.335400049701338,4.358844757080078,7.595415864059919,1.8043026374285156,8.3385,True,AVOIDED,0.0,0.0,0.0,freeze,noise,13320000
proposed_nm0.0,proposed,0,20.0,0.85,25.0,20.0,True,,4.195510218845238,3.657861365625391,1.5551013235364857,20.0,0.0,3.335400049701338,4.360408782958984,7.869696242314734,1.7694600564205454,8.3385,True,AVOIDED,0.0,0.0,0.0,freeze,noise,13320001
proposed_nm0.0,proposed,0,20.0,0.85,30.0,20.0,True,,4.46938467305049,0.0,1.599217976136817,20.0,0.0,3.335400049701338,4.360088348388672,8.143566829901022,1.714730128047431,8.3385,True,AVOIDED,0.0,0.0,0.0,freeze,noise,13320002
proposed_nm0.0,proposed,0,20.0,0.85,35.0,20.0,True,,4.195510218845238,3.657861365625391,1.5551013235364857,20.0,0.0,3.335400049701338,4.360408782958984,7.869696242314734,1.7694600564205454,8.3385,True,AVOIDED,0.0,0.0,0.0,freeze,noise,13320003
proposed_nm0.0,proposed,0,20.0,0.85,40.0,20.0,True,,4.195523929089964,3.6579558658285976,1.5550666712901509,20.0,0.0,3.335400049701338,4.360206604003906,7.869709908935939,1.7694374700495903,8.3385,True,AVOIDED,0.0,0.0,0.0,freeze,noise,13320004
proposed_nm0.0,proposed,0,20.0,0.4,20.0,20.0,True,,3.2186599995222407,4.18864382576048,1.3386192833366588,20.0,0.0,3.924000000000003,5.0617828369140625,6.892964186820062,1.8044232680391243,3.9240000000000004,True,AVOIDED,0.0,0.0,0.0,freeze,noise,13320005
proposed_nm0.0,proposed,0,20.0,0.4,25.0,20.0,True,,3.0510869704970087,2.8649918075643197,1.7555189743116142,20.0,0.0,3.924000000000003,6.606849670410156,6.72539115779483,1.567409144788136,3.9240000000000004,True,AVOIDED,0.0,0.0,0.0,freeze,noise,13320006
proposed_nm0.0,proposed,0,20.0,0.4,30.0,20.0,True,,3.0504246821256995,2.864544209449814,1.7552582695695933,20.0,0.0,3.924000000000003,6.607891082763672,6.7247288694235205,1.5675922931020374,3.9240000000000004,True,AVOIDED,0.0,0.0,0.0,freeze,noise,13320007
proposed_nm0.0,proposed,0,20.0,0.4,35.0,20.0,True,,3.0510869704970087,2.8649918075643197,1.7555189743116142,20.0,0.0,3.924000000000003,6.606849670410156,6.72539115779483,1.567409144788136,3.9240000000000004,True,AVOIDED,0.0,0.0,0.0,freeze,noise,13320008
proposed_nm0.0,proposed,0,20.0,0.4,40.0,20.0,True,,3.0504284864370392,2.864544209449814,1.7552589614681762,20.0,0.0,3.924000000000003,6.607891082763672,6.72473267373486,1.567591674573954,3.9240000000000004,True,AVOIDED,0.0,0.0,0.0,freeze,noise,13320009
proposed_nm0.0,proposed,0,30.0,0.85,20.0,20.0,True,,3.9326650882441907,3.501718372541213,1.589240310269733,30.0,0.0,3.335400049701338,9.961448669433594,7.606969275542012,2.203696841912894,8.3385,True,AVOIDED,0.0,0.0,0.0,freeze,noise,13320010
proposed_nm0.0,proposed,0,30.0,0.85,25.0,20.0,True,,1.4732212832962626,4.331886701944831,1.1535649608842213,30.0,0.0,8.3385,8.699321746826172,5.147472094913993,3.3316057713605907,8.3385,True,AVOIDED,0.0,0.0,0.0,freeze,noise,13320011
proposed_nm0.0,proposed,0,30.0,0.85,30.0,20.0,True,,3.1056197352822723,3.501718372541213,1.5791092051880642,30.0,0.0,3.335400049701338,9.961444854736328,6.779923922580093,2.6176888670134737,8.3385,True,AVOIDED,0.0,0.0,0.0,freeze,noise,13320012
proposed_nm0.0,proposed,0,30.0,0.85,35.0,20.0,True,,3.106171173581699,3.5020199028370245,1.5775132192311272,30.0,0.0,3.335400049701338,9.960845947265625,6.78047536087952,2.6176375743156006,8.3385,True,AVOIDED,0.0,0.0,0.0,freeze,noise,13320013
proposed_nm0.0,proposed,0,30.0,0.85,40.0,20.0,True,,3.105623532213931,3.501718372541213,1.5791096647943068,30.0,0.0,3.335400049701338,9.961444854736328,6.779927719511752,2.6176881040457913,8.3385,True,AVOIDED,0.0,0.0,0.0,freeze,noise,13320014
proposed_nm0.0,proposed,0,30.0,0.4,20.0,20.0,True,,3.3330810557766055,4.153430070938013,1.587975167140971,30.0,0.0,3.924000000000003,10.561279296875,7.007385243074427,2.2036449020803137,3.9240000000000004,True,AVOIDED,0.0,0.0,0.0,freeze,noise,13320015
proposed_nm0.0,proposed,0,30.0,0.4,25.0,20.0,True,,1.7332592670742795,0.0,1.1512865523297755,30.0,0.0,3.924000000000003,8.437423706054688,5.4075634543721005,3.332610833077976,3.9240000000000004,True,AVOIDED,0.0,0.0,0.0,freeze,noise,13320016
proposed_nm0.0,proposed,0,30.0,0.4,30.0,20.0,True,,2.8515099356190996,4.2007117416867015,1.7492078572231318,30.0,0.0,3.924000000000003,12.284679412841797,6.525814122916921,2.252335098594417,3.9240000000000004,True,AVOIDED,0.0,0.0,0.0,freeze,noise,13320017
proposed_nm0.0,proposed,0,30.0,0.4,35.0,20.0,True,,2.651828845430469,4.154089000255718,1.7290123609883672,30.0,0.0,3.924000000000003,11.65677261352539,6.32613303272829,2.3901463996959005,3.9240000000000004,True,AVOIDED,0.0,0.0,0.0,freeze,noise,13320018
proposed_nm0.0,proposed,0,30.0,0.4,40.0,20.0,True,,2.651711591415202,4.153947568581715,1.7308080242482524,30.0,0.0,3.924000000000003,11.657157897949219,6.326015778713023,2.390125282715792,3.9240000000000004,True,AVOIDED,0.0,0.0,0.0,freeze,noise,13320019
proposed_nm0.0,proposed,0,40.0,0.85,20.0,20.0,True,,1.4112985349541418,6.547570622823611,1.2511492783422866,40.0,0.0,8.3385,12.330005645751953,5.0853593058364766,3.961490876976411,8.3385,True,AVOIDED,0.0,0.0,0.0,freeze,noise,13320020
proposed_nm0.0,proposed,0,40.0,0.85,25.0,20.0,True,,1.4176998844259536,3.76538043473354,1.5806811107489096,40.0,0.0,8.3385,16.740442276000977,5.091802032137474,3.1546168343696994,8.3385,True,AVOIDED,0.0,0.0,0.0,freeze,noise,13320021
proposed_nm0.0,proposed,0,40.0,0.85,30.0,20.0,True,,0.7296843913079281,7.866816028342706,1.0491368030451966,40.0,0.0,8.338500000000018,11.355693817138672,4.403767487520606,5.008331380756813,8.3385,True,AVOIDED,0.0,0.0,0.0,freeze,noise,13320022
proposed_nm0.0,proposed,0,40.0,0.85,35.0,20.0,True,,1.5823564393882137,4.037112762822045,1.5394874871753652,40.0,0.0,8.3385,16.023054122924805,5.256443362897178,3.448934301588219,8.3385,True,AVOIDED,0.0,0.0,0.0,freeze,noise,13320023
proposed_nm0.0,proposed,0,40.0,0.85,40.0,20.0,True,,1.5812645941922856,4.037136743979588,1.5928784294129137,40.0,0.0,8.3385,16.023218154907227,5.255408709153902,3.4611625695600736,8.3385,True,AVOIDED,0.0,0.0,0.0,freeze,noise,13320024
proposed_nm0.0,proposed,0,40.0,0.4,20.0,20.0,False,vehicle.ue4.audi.tt,0.0,0.0,1.2518607036226785,33.08860290601171,6.911397093988291,3.924000000000003,0.0,3.820263313116803,3.9603839026224663,3.9240000000000004,True,COLLISION with vehicle.ue4.audi.tt,0.0,0.0,0.0,freeze,noise,13320025
proposed_nm0.0,proposed,0,40.0,0.4,25.0,20.0,True,,0.6542422750209926,4.102078217773488,1.6838269796147827,40.0,0.0,3.924000000000003,18.60747528076172,4.32840932348464,2.9670315408161603,3.9240000000000004,True,AVOIDED,0.0,0.0,0.0,freeze,noise,13320026
proposed_nm0.0,proposed,0,40.0,0.4,30.0,20.0,False,vehicle.ue4.audi.tt,0.0,0.0,1.0489616162358588,30.837447775246815,9.162552224753187,3.924000000000003,0.0,3.8341723577329065,5.00778443697093,3.9240000000000004,True,COLLISION with vehicle.ue4.audi.tt,0.0,0.0,0.0,freeze,noise,13320027
proposed_nm0.0,proposed,0,40.0,0.4,35.0,20.0,False,vehicle.ue4.audi.tt,0.0,0.0,1.5397127114380706,35.940346526438475,4.059653473561529,3.924000000000003,0.0,3.813987723645099,3.4490762113198645,3.9240000000000004,True,COLLISION with vehicle.ue4.audi.tt,0.0,0.0,0.0,freeze,noise,13320028
proposed_nm0.0,proposed,0,40.0,0.4,40.0,20.0,False,vehicle.ue4.audi.tt,0.0,4.068938290684394,1.7466100848713002,38.76105602077197,1.2389439792280303,3.924000000000003,0.0,3.8095854684620067,3.162570608903506,3.9240000000000004,True,COLLISION with vehicle.ue4.audi.tt,0.0,0.0,0.0,freeze,noise,13320029
proposed_nm0.0,proposed,0,50.0,0.85,20.0,20.0,False,vehicle.ue4.audi.tt,0.0,0.0,1.0283507624270962,40.21925492040715,9.780745079592844,8.3385,0.0,3.821803534183559,6.251445427884491,8.3385,True,COLLISION with vehicle.ue4.audi.tt,0.0,0.0,0.0,freeze,noise,13320030
proposed_nm0.0,proposed,0,50.0,0.85,25.0,20.0,True,,0.25844992026364544,6.805111960610857,1.3761703297458985,50.0,0.0,8.338500000000018,18.85797691345215,3.932616992230024,4.67326940838413,8.3385,True,AVOIDED,0.0,0.0,0.0,freeze,noise,13320031
proposed_nm0.0,proposed,0,50.0,0.85,30.0,20.0,True,,0.9371726112655354,5.192653004512637,1.5915557582378868,50.0,0.0,8.338500000000018,21.630722045898438,4.611259613541595,4.0496133296805565,8.3385,True,AVOIDED,0.0,0.0,0.0,freeze,noise,13320032
proposed_nm0.0,proposed,0,50.0,0.85,35.0,20.0,False,vehicle.ue4.audi.tt,0.0,0.0,1.0049640659373305,41.66213717885746,8.337862821142533,8.338500000000018,0.0,3.819370655569132,6.639201261619354,8.3385,True,COLLISION with vehicle.ue4.audi.tt,0.0,0.0,0.0,freeze,noise,13320033
proposed_nm0.0,proposed,0,50.0,0.85,40.0,20.0,False,vehicle.ue4.audi.tt,0.0,6.6319939582979135,1.3507387427231656,46.86250154596955,3.1374984540304514,8.338500000000018,0.0,3.8094106452592396,4.970826623211005,8.3385,True,COLLISION with vehicle.ue4.audi.tt,0.0,0.0,0.0,freeze,noise,13320034
proposed_nm0.0,proposed,0,50.0,0.4,20.0,20.0,False,vehicle.ue4.audi.tt,0.0,0.0,1.0283095496803998,30.89710919269787,19.10289080730213,3.9239999999999853,0.0,3.931804011362903,6.252550149773482,3.9240000000000004,True,COLLISION with vehicle.ue4.audi.tt,0.0,0.0,0.0,freeze,noise,13320035
proposed_nm0.0,proposed,0,50.0,0.4,25.0,20.0,False,vehicle.ue4.audi.tt,0.0,0.0,1.3758346436684956,38.277805660868836,11.722194339131166,3.924000000000003,0.0,3.8306275281397872,4.67320867168864,3.9240000000000004,True,COLLISION with vehicle.ue4.audi.tt,0.0,0.0,0.0,freeze,noise,13320036
proposed_nm0.0,proposed,0,50.0,0.4,30.0,20.0,False,vehicle.ue4.audi.tt,0.0,0.0,1.693193044708282,40.26723433992974,9.732765660070253,3.924000000000003,0.0,3.8350195311308455,3.810387753672799,3.9240000000000004,True,COLLISION with vehicle.ue4.audi.tt,0.0,0.0,0.0,freeze,noise,13320037
proposed_nm0.0,proposed,0,50.0,0.4,35.0,20.0,False,vehicle.ue4.audi.tt,0.0,0.0,1.8680985585458059,41.21555843884309,8.784441561156912,3.924000000000003,0.0,3.8246420651867927,3.4749540424911953,3.9240000000000004,True,COLLISION with vehicle.ue4.audi.tt,0.0,0.0,0.0,freeze,noise,13320038
proposed_nm0.0,proposed,0,50.0,0.4,40.0,20.0,False,vehicle.ue4.audi.tt,0.0,0.0,1.35124442383934,38.60190136028814,11.398098639711865,3.924000000000003,0.0,3.835937206855776,4.970579322990501,3.9240000000000004,True,COLLISION with vehicle.ue4.audi.tt,0.0,0.0,0.0,freeze,noise,13320039
proposed_nm0.0,proposed,0,60.0,0.85,20.0,20.0,False,vehicle.ue4.audi.tt,0.0,0.0,0.8715222210920067,39.745355904858265,20.254644095141735,8.3385,0.0,4.090407565210569,9.086393451542861,8.3385,True,COLLISION with vehicle.ue4.audi.tt,0.0,0.0,0.0,freeze,noise,13320040
proposed_nm0.0,proposed,0,60.0,0.85,25.0,20.0,False,vehicle.ue4.audi.tt,0.0,0.0,1.1321023594448238,49.762324418348584,10.23767558165142,8.3385,0.0,3.8275239741220806,6.9582527156196,8.3385,True,COLLISION with vehicle.ue4.audi.tt,0.0,0.0,0.0,freeze,noise,13320041
proposed_nm0.0,proposed,0,60.0,0.85,30.0,20.0,False,vehicle.ue4.audi.tt,0.0,0.0,1.450181401363242,51.995715916305194,8.004284083694804,8.3385,0.0,3.830084185564274,5.434061926855033,8.3385,True,COLLISION with vehicle.ue4.audi.tt,0.0,0.0,0.0,freeze,noise,13320042
proposed_nm0.0,proposed,0,60.0,0.85,35.0,20.0,False,vehicle.ue4.audi.tt,0.0,0.0,1.5804397157617378,53.002357827449174,6.997642172550825,8.3385,0.0,3.821282385916836,4.996850708416284,8.3385,True,COLLISION with vehicle.ue4.audi.tt,0.0,0.0,0.0,freeze,noise,13320043
proposed_nm0.0,proposed,0,60.0,0.85,40.0,20.0,False,vehicle.ue4.audi.tt,0.0,0.0,0.9409190833451215,48.93927517079479,11.060724829205212,8.3385,0.0,3.8329056144586673,8.58376355436793,8.3385,True,COLLISION with vehicle.ue4.audi.tt,0.0,0.0,0.0,freeze,noise,13320044
proposed_nm0.0,proposed,0,60.0,0.4,20.0,20.0,False,vehicle.ue4.audi.tt,0.0,0.0,0.8715254526935651,23.42066973115253,36.57933026884747,3.924000000000021,0.0,4.306487111253795,9.086313642403866,3.9240000000000004,True,COLLISION with vehicle.ue4.audi.tt,0.0,0.0,0.0,freeze,noise,13320045
proposed_nm0.0,proposed,0,60.0,0.4,25.0,20.0,False,vehicle.ue4.audi.tt,0.0,0.0,1.1320984504324096,38.97266202140629,21.027337978593703,3.924000000000021,0.0,3.8361552806586485,6.958298042137608,3.9240000000000004,True,COLLISION with vehicle.ue4.audi.tt,0.0,0.0,0.0,freeze,noise,13320046
proposed_nm0.0,proposed,0,60.0,0.4,30.0,20.0,False,vehicle.ue4.audi.tt,0.0,0.0,1.450180316163522,43.5424292271081,16.4575707728919,3.924000000000021,0.0,3.8264777487467945,5.434038122471865,3.9240000000000004,True,COLLISION with vehicle.ue4.audi.tt,0.0,0.0,0.0,freeze,noise,13320047
proposed_nm0.0,proposed,0,60.0,0.4,35.0,20.0,False,vehicle.ue4.audi.tt,0.0,0.0,1.7309820417473594,45.117463337036234,14.882536662963764,3.924000000000003,0.0,3.842477448719962,4.564112807088881,3.9240000000000004,True,COLLISION with vehicle.ue4.audi.tt,0.0,0.0,0.0,freeze,noise,13320048
proposed_nm0.0,proposed,0,60.0,0.4,40.0,20.0,False,vehicle.ue4.audi.tt,0.0,0.0,1.9655379048670716,45.622667065866615,14.377332934133383,3.924000000000003,0.0,3.8292173463962382,4.029359424110933,3.9240000000000004,True,COLLISION with vehicle.ue4.audi.tt,0.0,0.0,0.0,freeze,noise,13320049
proposed_nm0.5,proposed,0,20.0,0.85,20.0,20.0,True,,3.9212336866446513,3.65837067446903,1.3394593668191859,20.0,0.0,3.335400049701338,4.358844757080078,7.595415864059919,1.8043026374285156,8.3385,True,AVOIDED,0.5,0.0,0.0,freeze,noise,13370000
proposed_nm0.5,proposed,0,20.0,0.85,25.0,20.0,True,,4.74511316192101,0.0,1.6550314665688164,20.0,0.0,3.335400049701338,4.360408782958984,8.419295328844866,1.6626018980302757,8.3385,True,AVOIDED,0.5,0.0,0.0,freeze,noise,13370001
proposed_nm0.5,proposed,0,20.0,0.85,30.0,20.0,True,,5.023086783208996,3.6589011364836357,1.7012787876573134,20.0,0.0,3.335400049701338,4.358268737792969,8.697268934722995,1.6131248288348863,8.3385,True,AVOIDED,0.5,0.0,0.0,freeze,noise,13370002
proposed_nm0.5,proposed,0,20.0,0.85,35.0,20.0,True,,4.745803927019738,3.6574571698683926,1.6549263862015928,20.0,0.0,3.335400049701338,4.36077880859375,8.419986127934763,1.6625775880845157,8.3385,True,AVOIDED,0.5,0.0,0.0,freeze,noise,13370003
proposed_nm0.5,proposed,0,20.0,0.85,40.0,20.0,True,,4.746475915667453,3.6581921377002105,1.6553240769690516,20.0,0.0,3.335400049701338,4.359901428222656,8.420661895760519,1.6623178003693664,8.3385,True,AVOIDED,0.5,0.0,0.0,freeze,noise,13370004
proposed_nm0.5,proposed,0,20.0,0.4,20.0,20.0,True,,3.360310679379875,4.053216848585731,1.3386192833366588,20.0,0.0,3.924000000000003,4.920051574707031,7.034481400098907,1.8044232680391243,3.9240000000000004,True,AVOIDED,0.5,0.0,0.0,freeze,noise,13370005
proposed_nm0.5,proposed,0,20.0,0.4,25.0,20.0,True,,3.506688768550684,3.6346269458935354,1.7012787876573134,20.0,0.0,3.924000000000003,5.875282287597656,7.180928137730876,1.6131248288348863,3.9240000000000004,True,AVOIDED,0.5,0.0,0.0,freeze,noise,13370006
proposed_nm0.5,proposed,0,20.0,0.4,30.0,20.0,True,,3.3602054428500985,3.828691685628518,1.6549263862015928,20.0,0.0,3.924000000000003,5.747020721435547,7.0345096301479195,1.6625775880845157,3.9240000000000004,True,AVOIDED,0.5,0.0,0.0,freeze,noise,13370007
proposed_nm0.5,proposed,0,20.0,0.4,35.0,20.0,True,,3.9031829384289285,4.261097754311423,1.7012787876573134,20.0,0.0,3.924000000000003,5.478603363037109,7.5774871257267495,1.6131248288348863,3.9240000000000004,True,AVOIDED,0.5,0.0,0.0,freeze,noise,13370008
proposed_nm0.5,proposed,0,20.0,0.4,40.0,20.0,True,,3.235184994727498,2.4029256323556045,1.9008398740569508,20.0,0.0,3.924000000000003,7.249011993408203,6.909489182025319,1.4436613005778511,3.9240000000000004,True,AVOIDED,0.5,0.0,0.0,freeze,noise,13370009
proposed_nm0.5,proposed,0,30.0,0.85,20.0,20.0,True,,3.9326650882441907,3.501718372541213,1.589240310269733,30.0,0.0,3.335400049701338,9.961448669433594,7.606969275542012,2.203696841912894,8.3385,True,AVOIDED,0.5,0.0,0.0,freeze,noise,13370010
proposed_nm0.5,proposed,0,30.0,0.85,25.0,20.0,True,,1.70529268069114,4.556792635897614,1.1535649608842213,30.0,0.0,8.3385,8.467037200927734,5.379432998996393,3.3316057713605907,8.3385,True,AVOIDED,0.5,0.0,0.0,freeze,noise,13370011
proposed_nm0.5,proposed,0,30.0,0.85,30.0,20.0,True,,3.1056197352822723,3.501718372541213,1.5791092051880642,30.0,0.0,3.335400049701338,9.961444854736328,6.779923922580093,2.6176888670134737,8.3385,True,AVOIDED,0.5,0.0,0.0,freeze,noise,13370012
proposed_nm0.5,proposed,0,30.0,0.85,35.0,20.0,True,,3.521058930763698,3.502606003856629,1.630721058676956,30.0,0.0,3.335400049701338,9.959854125976562,7.195363118061519,2.536840287043845,8.3385,True,AVOIDED,0.5,0.0,0.0,freeze,noise,13370013
proposed_nm0.5,proposed,0,30.0,0.85,40.0,20.0,True,,3.105623532213931,3.501718372541213,1.5791096647943068,30.0,0.0,3.335400049701338,9.961444854736328,6.779927719511752,2.6176881040457913,8.3385,True,AVOIDED,0.5,0.0,0.0,freeze,noise,13370014
proposed_nm0.5,proposed,0,30.0,0.4,20.0,20.0,True,,3.7905190126071515,4.199976416148054,1.587975167140971,30.0,0.0,3.924000000000003,10.103622436523438,7.464823199904973,2.2036449020803137,3.9240000000000004,True,AVOIDED,0.5,0.0,0.0,freeze,noise,13370015
proposed_nm0.5,proposed,0,30.0,0.4,25.0,20.0,True,,1.735646644075321,4.020213237314848,1.1524483666416514,30.0,0.0,3.924000000000003,8.436286926269531,5.409950831373142,3.3316693273856473,3.9240000000000004,True,AVOIDED,0.5,0.0,0.0,freeze,noise,13370016
proposed_nm0.5,proposed,0,30.0,0.4,30.0,20.0,True,,2.8528989275061214,4.1532194983457815,1.7834199439166747,30.0,0.0,3.924000000000003,12.696662902832031,6.527203114803942,2.190070308726083,3.9240000000000004,True,AVOIDED,0.5,0.0,0.0,freeze,noise,13370017
proposed_nm0.5,proposed,0,30.0,0.4,35.0,20.0,True,,2.651828845430469,4.154089000255718,1.7290123609883672,30.0,0.0,3.924000000000003,11.65677261352539,6.32613303272829,2.3901463996959005,3.9240000000000004,True,AVOIDED,0.5,0.0,0.0,freeze,noise,13370018
proposed_nm0.5,proposed,0,30.0,0.4,40.0,20.0,True,,2.642047125394858,4.107927661388245,1.7772752641750609,30.0,0.0,3.924000000000003,12.080196380615234,6.316217934900533,2.3233649623107016,3.9240000000000004,True,AVOIDED,0.5,0.0,0.0,freeze,noise,13370019
proposed_nm0.5,proposed,0,40.0,0.85,20.0,20.0,True,,1.647596420322217,6.835319143198157,1.2511492783422866,40.0,0.0,8.3385,12.093544006347656,5.321671852334092,3.961490876976411,8.3385,True,AVOIDED,0.5,0.0,0.0,freeze,noise,13370020
proposed_nm0.5,proposed,0,40.0,0.85,25.0,20.0,True,,1.637932509889927,3.84430478470772,1.5806811107489096,40.0,0.0,8.3385,16.5200138092041,5.312000341930181,3.1546168343696994,8.3385,True,AVOIDED,0.5,0.0,0.0,freeze,noise,13370021
proposed_nm0.5,proposed,0,40.0,0.85,30.0,20.0,True,,0.7296843913079281,7.866816028342706,1.0491368030451966,40.0,0.0,8.338500000000018,11.355693817138672,4.403767487520606,5.008331380756813,8.3385,True,AVOIDED,0.5,0.0,0.0,freeze,noise,13370022
proposed_nm0.5,proposed,0,40.0,0.85,35.0,20.0,True,,1.4489862032838356,3.990896185650722,1.5394874871753652,40.0,0.0,8.3385,16.156545639038086,5.123076947583927,3.448934301588219,8.3385,True,AVOIDED,0.5,0.0,0.0,freeze,noise,13370023
proposed_nm0.5,proposed,0,40.0,0.85,40.0,20.0,True,,1.5249870336787366,3.7972487428367847,1.6462307025251872,40.0,0.0,8.3385,16.632051467895508,5.199127265251358,3.354985750605996,8.3385,True,AVOIDED,0.5,0.0,0.0,freeze,noise,13370024
proposed_nm0.5,proposed,0,40.0,0.4,20.0,20.0,False,vehicle.ue4.audi.tt,0.0,0.0,1.2518607036226785,33.08860290601171,6.911397093988291,3.924000000000003,0.0,3.820263313116803,3.9603839026224663,3.9240000000000004,True,COLLISION with vehicle.ue4.audi.tt,0.5,0.0,0.0,freeze,noise,13370025
proposed_nm0.5,proposed,0,40.0,0.4,25.0,20.0,True,,0.3544545935990078,4.003193640155081,1.6838269796147827,40.0,0.0,3.924000000000003,18.907581329345703,4.028758780896829,2.9670315408161603,3.9240000000000004,True,AVOIDED,0.5,0.0,0.0,freeze,noise,13370026
proposed_nm0.5,proposed,0,40.0,0.4,30.0,20.0,False,vehicle.ue4.audi.tt,0.0,0.0,1.0489616162358588,30.837447775246815,9.162552224753187,3.924000000000003,0.0,3.8341723577329065,5.00778443697093,3.9240000000000004,True,COLLISION with vehicle.ue4.audi.tt,0.5,0.0,0.0,freeze,noise,13370027
proposed_nm0.5,proposed,0,40.0,0.4,35.0,20.0,False,vehicle.ue4.audi.tt,0.0,0.0,1.5397127114380706,35.04601979521455,4.953980204785452,3.924000000000003,0.0,3.816126633606187,3.4490762113198645,3.9240000000000004,True,COLLISION with vehicle.ue4.audi.tt,0.5,0.0,0.0,freeze,noise,13370028
proposed_nm0.5,proposed,0,40.0,0.4,40.0,20.0,True,,0.5673633730691447,4.035749502934186,1.8219743888460807,40.0,0.0,3.924000000000003,19.79973030090332,4.241667560366966,2.9904325390901367,3.9240000000000004,True,AVOIDED,0.5,0.0,0.0,freeze,noise,13370029
proposed_nm0.5,proposed,0,50.0,0.85,20.0,20.0,False,vehicle.ue4.audi.tt,0.0,0.0,1.0283507624270962,41.68015014665528,8.319849853344722,8.3385,0.0,3.8197347393261962,6.251445427884491,8.3385,True,COLLISION with vehicle.ue4.audi.tt,0.5,0.0,0.0,freeze,noise,13370030
proposed_nm0.5,proposed,0,50.0,0.85,25.0,20.0,True,,0.5627032169101511,7.019812804665433,1.3761703297458985,50.0,0.0,8.338500000000018,18.553720474243164,4.23683586691242,4.67326940838413,8.3385,True,AVOIDED,0.5,0.0,0.0,freeze,noise,13370031
proposed_nm0.5,proposed,0,50.0,0.85,30.0,20.0,True,,0.9371726112655354,5.192653004512637,1.5915557582378868,50.0,0.0,8.338500000000018,21.630722045898438,4.611259613541595,4.0496133296805565,8.3385,True,AVOIDED,0.5,0.0,0.0,freeze,noise,13370032
proposed_nm0.5,proposed,0,50.0,0.85,35.0,20.0,False,vehicle.ue4.audi.tt,0.0,0.0,1.0049640659373305,43.63597380909478,6.364026190905223,8.338500000000018,0.0,3.8191888120898447,6.639201261619354,8.3385,True,COLLISION with vehicle.ue4.audi.tt,0.5,0.0,0.0,freeze,noise,13370033
proposed_nm0.5,proposed,0,50.0,0.85,40.0,20.0,False,vehicle.ue4.audi.tt,0.0,0.0,1.3507387427231656,42.678425501152354,7.321574498847644,8.338500000000018,0.0,3.820631732386492,4.970826623211005,8.3385,True,COLLISION with vehicle.ue4.audi.tt,0.5,0.0,0.0,freeze,noise,13370034
proposed_nm0.5,proposed,0,50.0,0.4,20.0,20.0,False,vehicle.ue4.audi.tt,0.0,0.0,1.0283095496803998,30.89710919269787,19.10289080730213,3.9239999999999853,0.0,3.931804011362903,6.252550149773482,3.9240000000000004,True,COLLISION with vehicle.ue4.audi.tt,0.5,0.0,0.0,freeze,noise,13370035
proposed_nm0.5,proposed,0,50.0,0.4,25.0,20.0,False,vehicle.ue4.audi.tt,0.0,0.0,1.3758346436684956,38.277805660868836,11.722194339131166,3.924000000000003,0.0,3.8306275281397872,4.67320867168864,3.9240000000000004,True,COLLISION with vehicle.ue4.audi.tt,0.5,0.0,0.0,freeze,noise,13370036
proposed_nm0.5,proposed,0,50.0,0.4,30.0,20.0,False,vehicle.ue4.audi.tt,0.0,0.0,1.693193044708282,40.26723433992974,9.732765660070253,3.924000000000003,0.0,3.8350195311308455,3.810387753672799,3.9240000000000004,True,COLLISION with vehicle.ue4.audi.tt,0.5,0.0,0.0,freeze,noise,13370037
proposed_nm0.5,proposed,0,50.0,0.4,35.0,20.0,False,vehicle.ue4.audi.tt,0.0,0.0,1.8680985585458059,40.624435365703995,9.375564634296007,3.924000000000003,0.0,3.8262775067525987,3.4749540424911953,3.9240000000000004,True,COLLISION with vehicle.ue4.audi.tt,0.5,0.0,0.0,freeze,noise,13370038
proposed_nm0.5,proposed,0,50.0,0.4,40.0,20.0,False,vehicle.ue4.audi.tt,0.0,0.0,1.35124442383934,38.60190136028814,11.398098639711865,3.924000000000003,0.0,3.835937206855776,4.970579322990501,3.9240000000000004,True,COLLISION with vehicle.ue4.audi.tt,0.5,0.0,0.0,freeze,noise,13370039
proposed_nm0.5,proposed,0,60.0,0.85,20.0,20.0,False,vehicle.ue4.audi.tt,0.0,0.0,0.8714669640992815,44.88838753294796,15.11161246705204,8.3385,0.0,3.8939179841488976,9.086987817888684,8.3385,True,COLLISION with vehicle.ue4.audi.tt,0.5,0.0,0.0,freeze,noise,13370040
proposed_nm0.5,proposed,0,60.0,0.85,25.0,20.0,False,vehicle.ue4.audi.tt,0.0,0.0,1.1321023594448238,49.762324418348584,10.23767558165142,8.3385,0.0,3.8275239741220806,6.9582527156196,8.3385,True,COLLISION with vehicle.ue4.audi.tt,0.5,0.0,0.0,freeze,noise,13370041
proposed_nm0.5,proposed,0,60.0,0.85,30.0,20.0,False,vehicle.ue4.audi.tt,0.0,0.0,1.450181401363242,51.995715916305194,8.004284083694804,8.3385,0.0,3.830084185564274,5.434061926855033,8.3385,True,COLLISION with vehicle.ue4.audi.tt,0.5,0.0,0.0,freeze,noise,13370042
proposed_nm0.5,proposed,0,60.0,0.85,35.0,20.0,False,vehicle.ue4.audi.tt,0.0,0.0,1.5804397157617378,53.002357827449174,6.997642172550825,8.3385,0.0,3.821282385916836,4.996850708416284,8.3385,True,COLLISION with vehicle.ue4.audi.tt,0.5,0.0,0.0,freeze,noise,13370043
proposed_nm0.5,proposed,0,60.0,0.85,40.0,20.0,False,vehicle.ue4.audi.tt,0.0,0.0,0.9409190833451215,48.93927517079479,11.060724829205212,8.3385,0.0,3.8329056144586673,8.58376355436793,8.3385,True,COLLISION with vehicle.ue4.audi.tt,0.5,0.0,0.0,freeze,noise,13370044
proposed_nm0.5,proposed,0,60.0,0.4,20.0,20.0,False,vehicle.ue4.audi.tt,0.0,0.0,0.8714700832851422,23.370021167833713,36.62997883216629,3.924000000000021,0.0,4.306114914048388,9.08691488075759,3.9240000000000004,True,COLLISION with vehicle.ue4.audi.tt,0.5,0.0,0.0,freeze,noise,13370045
proposed_nm0.5,proposed,0,60.0,0.4,25.0,20.0,False,vehicle.ue4.audi.tt,0.0,0.0,1.1320984504324096,38.97266202140629,21.027337978593703,3.924000000000021,0.0,3.8361552806586485,6.958298042137608,3.9240000000000004,True,COLLISION with vehicle.ue4.audi.tt,0.5,0.0,0.0,freeze,noise,13370046
proposed_nm0.5,proposed,0,60.0,0.4,30.0,20.0,False,vehicle.ue4.audi.tt,0.0,0.0,1.450180316163522,43.5424292271081,16.4575707728919,3.924000000000021,0.0,3.8264777487467945,5.434038122471865,3.9240000000000004,True,COLLISION with vehicle.ue4.audi.tt,0.5,0.0,0.0,freeze,noise,13370047
proposed_nm0.5,proposed,0,60.0,0.4,35.0,20.0,False,vehicle.ue4.audi.tt,0.0,0.0,1.7309820417473594,45.117463337036234,14.882536662963764,3.924000000000003,0.0,3.842477448719962,4.564112807088881,3.9240000000000004,True,COLLISION with vehicle.ue4.audi.tt,0.5,0.0,0.0,freeze,noise,13370048
proposed_nm0.5,proposed,0,60.0,0.4,40.0,20.0,False,vehicle.ue4.audi.tt,0.0,0.0,1.9654747761813587,46.04226877472943,13.95773122527057,3.924000000000003,0.0,3.833931037598956,4.029486013893884,3.9240000000000004,True,COLLISION with vehicle.ue4.audi.tt,0.5,0.0,0.0,freeze,noise,13370049
proposed_nm1.0,proposed,0,20.0,0.85,20.0,20.0,True,,3.9212336866446513,3.65837067446903,1.3394593668191859,20.0,0.0,3.335400049701338,4.358844757080078,7.595415864059919,1.8043026374285156,8.3385,True,AVOIDED,1.0,0.0,0.0,freeze,noise,13330000
proposed_nm1.0,proposed,0,20.0,0.85,25.0,20.0,True,,5.022665017178852,3.6583654231388554,1.70111732044131,20.0,0.0,3.335400049701338,4.358936309814453,8.696847144790997,1.6132508844125635,8.3385,True,AVOIDED,1.0,0.0,0.0,freeze,noise,13330001
proposed_nm1.0,proposed,0,20.0,0.85,30.0,20.0,True,,4.47208142179837,3.6585807400389343,1.6012360783277277,20.0,0.0,3.335400049701338,4.358638763427734,8.14626357857813,1.7138428687062193,8.3385,True,AVOIDED,1.0,0.0,0.0,freeze,noise,13330002
proposed_nm1.0,proposed,0,20.0,0.85,35.0,20.0,True,,4.745803927019738,3.6574571698683926,1.6549263862015928,20.0,0.0,3.335400049701338,4.36077880859375,8.419986127934763,1.6625775880845157,8.3385,True,AVOIDED,1.0,0.0,0.0,freeze,noise,13330003
proposed_nm1.0,proposed,0,20.0,0.85,40.0,20.0,True,,6.3974160684259775,0.0,1.9553104024260355,20.0,0.0,3.335400049701338,4.360206604003906,10.071598221057782,1.4071765864301755,8.3385,True,AVOIDED,1.0,0.0,0.0,freeze,noise,13330004
proposed_nm1.0,proposed,0,20.0,0.4,20.0,20.0,True,,4.431063728837863,4.119997514091902,1.3386192833366588,20.0,0.0,3.924000000000003,3.8487815856933594,8.105367916135684,1.8044232680391243,3.9240000000000004,True,AVOIDED,1.0,0.0,0.0,freeze,noise,13330005
proposed_nm1.0,proposed,0,20.0,0.4,25.0,20.0,True,,4.452425817655033,4.3338608575518345,1.7555189743116142,20.0,0.0,3.924000000000003,5.204860687255859,8.126672806344388,1.567409144788136,3.9240000000000004,True,AVOIDED,1.0,0.0,0.0,freeze,noise,13330006
proposed_nm1.0,proposed,0,20.0,0.4,30.0,20.0,True,,3.5632487218737943,3.072972787948185,1.8009021655431117,20.0,0.0,3.924000000000003,6.369884490966797,7.237552909171615,1.5237683824690353,3.9240000000000004,True,AVOIDED,1.0,0.0,0.0,freeze,noise,13330007
proposed_nm1.0,proposed,0,20.0,0.4,35.0,20.0,True,,3.990169481795159,2.5294364467734454,2.0004890950242986,20.0,0.0,3.924000000000003,7.044490814208984,7.664420286264835,1.371656494210899,3.9240000000000004,True,AVOIDED,1.0,0.0,0.0,freeze,noise,13330008
proposed_nm1.0,proposed,0,20.0,0.4,40.0,20.0,True,,5.887214661843574,4.1874601109081055,1.8553836729977342,20.0,0.0,3.924000000000003,4.320770263671875,9.561518849141395,1.4829681774175718,3.9240000000000004,True,AVOIDED,1.0,0.0,0.0,freeze,noise,13330009
proposed_nm1.0,proposed,0,30.0,0.85,20.0,20.0,True,,3.5211567748006765,3.502685163919606,1.5328123354662204,30.0,0.0,3.335400049701338,9.959476470947266,7.1954609620984975,2.275148532497412,8.3385,True,AVOIDED,1.0,0.0,0.0,freeze,noise,13330010
proposed_nm1.0,proposed,0,30.0,0.85,25.0,20.0,True,,2.678392810587593,5.710160369232607,1.1535649608842213,30.0,0.0,8.3385,7.493213653564453,6.352521639868658,3.3316057713605907,8.3385,True,AVOIDED,1.0,0.0,0.0,freeze,noise,13330011
proposed_nm1.0,proposed,0,30.0,0.85,30.0,20.0,True,,3.9326650882441907,3.501718372541213,1.6393316973192364,30.0,0.0,3.335400049701338,9.961448669433594,7.606969275542012,2.460686269872566,8.3385,True,AVOIDED,1.0,0.0,0.0,freeze,noise,13330012
proposed_nm1.0,proposed,0,30.0,0.85,35.0,20.0,True,,3.9331278689987883,3.5019685748641662,1.6773860016072013,30.0,0.0,3.335400049701338,9.960929870605469,7.607432056296609,2.4617391700378297,8.3385,True,AVOIDED,1.0,0.0,0.0,freeze,noise,13330013
proposed_nm1.0,proposed,0,30.0,0.85,40.0,20.0,True,,3.5211605726965933,3.502685163919606,1.629027819484847,30.0,0.0,3.335400049701338,9.959476470947266,7.195464759994414,2.5368648779517358,8.3385,True,AVOIDED,1.0,0.0,0.0,freeze,noise,13330014
proposed_nm1.0,proposed,0,30.0,0.4,20.0,20.0,True,,4.488111960848855,4.1532194983457815,1.587975167140971,30.0,0.0,3.924000000000003,9.405715942382812,8.162416148146676,2.2036449020803137,3.9240000000000004,True,AVOIDED,1.0,0.0,0.0,freeze,noise,13330015
proposed_nm1.0,proposed,0,30.0,0.4,25.0,20.0,True,,1.735646644075321,4.020213237314848,1.1524483666416514,30.0,0.0,3.924000000000003,8.436286926269531,5.409950831373142,3.3316693273856473,3.9240000000000004,True,AVOIDED,1.0,0.0,0.0,freeze,noise,13330016
proposed_nm1.0,proposed,0,30.0,0.4,30.0,20.0,True,,4.5419303218710265,4.10745098657185,1.7834199439166747,30.0,0.0,3.924000000000003,11.00680923461914,8.21609727108211,2.190070308726083,3.9240000000000004,True,AVOIDED,1.0,0.0,0.0,freeze,noise,13330017
proposed_nm1.0,proposed,0,30.0,0.4,35.0,20.0,True,,2.851488863401923,4.200699432864554,1.828998332275412,30.0,0.0,3.924000000000003,12.284446716308594,6.525793050699744,2.259469422742966,3.9240000000000004,True,AVOIDED,1.0,0.0,0.0,freeze,noise,13330018
proposed_nm1.0,proposed,0,30.0,0.4,40.0,20.0,True,,2.2421151965346535,4.019931412163545,1.8308955129609865,30.0,0.0,3.924000000000003,12.894462585449219,5.916419383832475,2.259452335675843,3.9240000000000004,True,AVOIDED,1.0,0.0,0.0,freeze,noise,13330019
proposed_nm1.0,proposed,0,40.0,0.85,20.0,20.0,True,,1.4112985349541418,6.547570622823611,1.2511492783422866,40.0,0.0,8.3385,12.330005645751953,5.0853593058364766,3.961490876976411,8.3385,True,AVOIDED,1.0,0.0,0.0,freeze,noise,13330020
proposed_nm1.0,proposed,0,40.0,0.85,25.0,20.0,True,,2.0039541794445777,3.992233996541674,1.5806811107489096,40.0,0.0,8.3385,16.15369987487793,5.678082968559311,3.1546168343696994,8.3385,True,AVOIDED,1.0,0.0,0.0,freeze,noise,13330021
proposed_nm1.0,proposed,0,40.0,0.85,30.0,20.0,True,,1.789066950101967,8.93449306929806,1.0491368030451966,40.0,0.0,8.338500000000018,10.295490264892578,5.463371137399788,5.008331380756813,8.3385,True,AVOIDED,1.0,0.0,0.0,freeze,noise,13330022
proposed_nm1.0,proposed,0,40.0,0.85,35.0,20.0,True,,2.317731262302506,4.371049249719217,1.5394874871753652,40.0,0.0,8.3385,15.287107467651367,5.991799039128918,3.448934301588219,8.3385,True,AVOIDED,1.0,0.0,0.0,freeze,noise,13330023
proposed_nm1.0,proposed,0,40.0,0.85,40.0,20.0,True,,3.0059666418268645,5.099944865250594,1.5461298475352752,40.0,0.0,8.3385,14.046319961547852,6.680076325704796,3.5721999756823295,8.3385,True,AVOIDED,1.0,0.0,0.0,freeze,noise,13330024
proposed_nm1.0,proposed,0,40.0,0.4,20.0,20.0,False,vehicle.ue4.audi.tt,0.0,0.0,1.2518607036226785,33.08860290601171,6.911397093988291,3.924000000000003,0.0,3.820263313116803,3.9603839026224663,3.9240000000000004,True,COLLISION with vehicle.ue4.audi.tt,1.0,0.0,0.0,freeze,noise,13330025
proposed_nm1.0,proposed,0,40.0,0.4,25.0,20.0,True,,0.959654028780565,4.035941230617559,1.6838269796147827,40.0,0.0,3.924000000000003,18.301773071289062,4.633958216078386,2.9670315408161603,3.9240000000000004,True,AVOIDED,1.0,0.0,0.0,freeze,noise,13330026
proposed_nm1.0,proposed,0,40.0,0.4,30.0,20.0,False,vehicle.ue4.audi.tt,0.0,0.0,1.0489616162358588,30.837447775246815,9.162552224753187,3.924000000000003,0.0,3.8341723577329065,5.00778443697093,3.9240000000000004,True,COLLISION with vehicle.ue4.audi.tt,1.0,0.0,0.0,freeze,noise,13330027
proposed_nm1.0,proposed,0,40.0,0.4,35.0,20.0,True,,0.2277714765254899,4.0020605614899205,1.5397127114380706,40.0,0.0,3.924000000000003,17.377565383911133,3.902075663823311,3.4490762113198645,3.9240000000000004,True,AVOIDED,1.0,0.0,0.0,freeze,noise,13330028
proposed_nm1.0,proposed,0,40.0,0.4,40.0,20.0,True,,0.40567121341076273,4.034564391191065,1.6925691839407437,40.0,0.0,3.924000000000003,18.30509376525879,4.079975400708584,3.256849884277239,3.9240000000000004,True,AVOIDED,1.0,0.0,0.0,freeze,noise,13330029
proposed_nm1.0,proposed,0,50.0,0.85,20.0,20.0,False,vehicle.ue4.audi.tt,0.0,0.0,1.0283507624270962,41.68015014665528,8.319849853344722,8.3385,0.0,3.8197347393261962,6.251445427884491,8.3385,True,COLLISION with vehicle.ue4.audi.tt,1.0,0.0,0.0,freeze,noise,13330030
proposed_nm1.0,proposed,0,50.0,0.85,25.0,20.0,True,,0.8749692458798961,7.297834682155017,1.3761703297458985,50.0,0.0,8.338500000000018,18.241178512573242,4.549273433177717,4.67326940838413,8.3385,True,AVOIDED,1.0,0.0,0.0,freeze,noise,13330031
proposed_nm1.0,proposed,0,50.0,0.85,30.0,20.0,True,,1.132119697170781,4.965932476966314,1.6411515388316331,50.0,0.0,8.3385,22.125783920288086,4.806248596022658,3.926265977855297,8.3385,True,AVOIDED,1.0,0.0,0.0,freeze,noise,13330032
proposed_nm1.0,proposed,0,50.0,0.85,35.0,20.0,False,vehicle.ue4.audi.tt,0.0,0.0,1.0049640659373305,41.66213717885746,8.337862821142533,8.338500000000018,0.0,3.819370655569132,6.639201261619354,8.3385,True,COLLISION with vehicle.ue4.audi.tt,1.0,0.0,0.0,freeze,noise,13330033
proposed_nm1.0,proposed,0,50.0,0.85,40.0,20.0,True,,0.2583393485733403,6.804356154885675,1.3507387427231656,50.0,0.0,8.338500000000018,18.858976364135742,3.932422582222931,4.970826623211005,8.3385,True,AVOIDED,1.0,0.0,0.0,freeze,noise,13330034
proposed_nm1.0,proposed,0,50.0,0.4,20.0,20.0,False,vehicle.ue4.audi.tt,0.0,0.0,1.0283095496803998,30.89710919269787,19.10289080730213,3.9239999999999853,0.0,3.931804011362903,6.252550149773482,3.9240000000000004,True,COLLISION with vehicle.ue4.audi.tt,1.0,0.0,0.0,freeze,noise,13330035
proposed_nm1.0,proposed,0,50.0,0.4,25.0,20.0,False,vehicle.ue4.audi.tt,0.0,0.0,1.3758346436684956,37.96342016359227,12.03657983640773,3.924000000000003,0.0,3.8263980666446065,4.67320867168864,3.9240000000000004,True,COLLISION with vehicle.ue4.audi.tt,1.0,0.0,0.0,freeze,noise,13330036
proposed_nm1.0,proposed,0,50.0,0.4,30.0,20.0,False,vehicle.ue4.audi.tt,0.0,0.0,1.693193044708282,40.26723433992974,9.732765660070253,3.924000000000003,0.0,3.8350195311308455,3.810387753672799,3.9240000000000004,True,COLLISION with vehicle.ue4.audi.tt,1.0,0.0,0.0,freeze,noise,13330037
proposed_nm1.0,proposed,0,50.0,0.4,35.0,20.0,False,vehicle.ue4.audi.tt,0.0,0.0,1.8680985585458059,43.40852058290329,6.591479417096704,3.924000000000003,0.0,3.8213655501339328,3.4749540424911953,3.9240000000000004,True,COLLISION with vehicle.ue4.audi.tt,1.0,0.0,0.0,freeze,noise,13330038
proposed_nm1.0,proposed,0,50.0,0.4,40.0,20.0,False,vehicle.ue4.audi.tt,0.0,0.0,1.3511557659316185,37.900505428606984,12.099494571393015,3.924000000000003,0.0,3.8257114084132424,4.970835944791651,3.9240000000000004,True,COLLISION with vehicle.ue4.audi.tt,1.0,0.0,0.0,freeze,noise,13330039
proposed_nm1.0,proposed,0,60.0,0.85,20.0,20.0,False,vehicle.ue4.audi.tt,0.0,0.0,0.8715222210920067,39.745355904858265,20.254644095141735,8.3385,0.0,4.090407565210569,9.086393451542861,8.3385,True,COLLISION with vehicle.ue4.audi.tt,1.0,0.0,0.0,freeze,noise,13330040
proposed_nm1.0,proposed,0,60.0,0.85,25.0,20.0,False,vehicle.ue4.audi.tt,0.0,0.0,1.1321023594448238,51.04042179987425,8.959578200125744,8.3385,0.0,3.8317837968376094,6.9582527156196,8.3385,True,COLLISION with vehicle.ue4.audi.tt,1.0,0.0,0.0,freeze,noise,13330041
proposed_nm1.0,proposed,0,60.0,0.85,30.0,20.0,False,vehicle.ue4.audi.tt,0.0,8.729639809495827,1.450181401363242,55.13203485876218,4.867965141237821,8.3385,0.0,3.8183263719119953,5.434061926855033,8.3385,True,COLLISION with vehicle.ue4.audi.tt,1.0,0.0,0.0,freeze,noise,13330042
proposed_nm1.0,proposed,0,60.0,0.85,35.0,20.0,False,vehicle.ue4.audi.tt,0.0,0.0,1.5804397157617378,50.64855614405581,9.35144385594419,8.3385,0.0,3.834581477125623,4.996850708416284,8.3385,True,COLLISION with vehicle.ue4.audi.tt,1.0,0.0,0.0,freeze,noise,13330043
proposed_nm1.0,proposed,0,60.0,0.85,40.0,20.0,False,vehicle.ue4.audi.tt,0.0,0.0,0.9409190833451215,51.458600635370736,8.541399364629264,8.3385,0.0,3.821993156126689,8.58376355436793,8.3385,True,COLLISION with vehicle.ue4.audi.tt,1.0,0.0,0.0,freeze,noise,13330044
proposed_nm1.0,proposed,0,60.0,0.4,20.0,20.0,False,vehicle.ue4.audi.tt,0.0,0.0,0.8715254526935651,23.42066973115253,36.57933026884747,3.924000000000021,0.0,4.306487111253795,9.086313642403866,3.9240000000000004,True,COLLISION with vehicle.ue4.audi.tt,1.0,0.0,0.0,freeze,noise,13330045
proposed_nm1.0,proposed,0,60.0,0.4,25.0,20.0,False,vehicle.ue4.audi.tt,0.0,0.0,1.1320984504324096,38.97266202140629,21.027337978593703,3.924000000000021,0.0,3.8361552806586485,6.958298042137608,3.9240000000000004,True,COLLISION with vehicle.ue4.audi.tt,1.0,0.0,0.0,freeze,noise,13330046
proposed_nm1.0,proposed,0,60.0,0.4,30.0,20.0,False,vehicle.ue4.audi.tt,0.0,0.0,1.450180316163522,43.5424292271081,16.4575707728919,3.924000000000021,0.0,3.8264777487467945,5.434038122471865,3.9240000000000004,True,COLLISION with vehicle.ue4.audi.tt,1.0,0.0,0.0,freeze,noise,13330047
proposed_nm1.0,proposed,0,60.0,0.4,35.0,20.0,False,vehicle.ue4.audi.tt,0.0,0.0,1.7309820417473594,45.76138778088901,14.238612219110992,3.924000000000003,0.0,3.8436237971011784,4.564112807088881,3.9240000000000004,True,COLLISION with vehicle.ue4.audi.tt,1.0,0.0,0.0,freeze,noise,13330048
proposed_nm1.0,proposed,0,60.0,0.4,40.0,20.0,False,vehicle.ue4.audi.tt,0.0,0.0,2.016186606957437,45.5454548921764,14.454545107823598,3.924000000000003,0.0,3.8265495888171017,3.9298737880746435,3.9240000000000004,True,COLLISION with vehicle.ue4.audi.tt,1.0,0.0,0.0,freeze,noise,13330049
proposed_nm2.0,proposed,0,20.0,0.85,20.0,20.0,True,,3.9212336866446513,3.65837067446903,1.3394593668191859,20.0,0.0,3.335400049701338,4.358844757080078,7.595415864059919,1.8043026374285156,8.3385,True,AVOIDED,2.0,0.0,0.0,freeze,noise,13340000
proposed_nm2.0,proposed,0,20.0,0.85,25.0,20.0,True,,4.745803927019738,3.6574571698683926,1.6549263862015928,20.0,0.0,3.335400049701338,4.36077880859375,8.419986127934763,1.6625775880845157,8.3385,True,AVOIDED,2.0,0.0,0.0,freeze,noise,13340001
proposed_nm2.0,proposed,0,20.0,0.85,30.0,20.0,True,,5.023086783208996,3.6589011364836357,1.7012787876573134,20.0,0.0,3.335400049701338,4.358268737792969,8.697268934722995,1.6131248288348863,8.3385,True,AVOIDED,2.0,0.0,0.0,freeze,noise,13340002
proposed_nm2.0,proposed,0,20.0,0.85,35.0,20.0,True,,7.22542012283183,3.658092374742679,2.098968342185434,20.0,0.0,3.335400049701338,4.359096527099609,10.899602291221484,1.3065198231085586,8.3385,True,AVOIDED,2.0,0.0,0.0,freeze,noise,13340003
proposed_nm2.0,proposed,0,20.0,0.85,40.0,20.0,True,,7.225680775967662,3.6583654231388554,2.100589210289987,20.0,0.0,3.335400049701338,4.358943939208984,10.899862918827765,1.3063946260657537,8.3385,True,AVOIDED,2.0,0.0,0.0,freeze,noise,13340004
proposed_nm2.0,proposed,0,20.0,0.4,20.0,20.0,True,,6.36222669942188,2.469248237623805,2.065771825427309,20.0,0.0,3.924000000000003,7.151161193847656,10.036530886719701,1.0195420915286868,3.9240000000000004,True,AVOIDED,2.0,0.0,0.0,freeze,noise,13340005
proposed_nm2.0,proposed,0,20.0,0.4,25.0,20.0,True,,4.5952628408821266,2.2400251565325195,2.1478296920714635,20.0,0.0,3.924000000000003,7.5409698486328125,8.269509828821057,1.2470876945458982,3.9240000000000004,True,AVOIDED,2.0,0.0,0.0,freeze,noise,13340006
proposed_nm2.0,proposed,0,20.0,0.4,30.0,20.0,True,,5.580931692908974,4.119331599944112,1.85538298103669,20.0,0.0,3.924000000000003,4.627143859863281,9.255235880206795,1.4829687310102513,3.9240000000000004,True,AVOIDED,2.0,0.0,0.0,freeze,noise,13340007
proposed_nm2.0,proposed,0,20.0,0.4,35.0,20.0,True,,6.714141410601343,4.189380544227154,2.0004890950242986,20.0,0.0,3.924000000000003,4.319652557373047,10.388445597899164,1.371656494210899,3.9240000000000004,True,AVOIDED,2.0,0.0,0.0,freeze,noise,13340008
proposed_nm2.0,proposed,0,20.0,0.4,40.0,20.0,True,,4.540714183823308,2.529293362347165,2.0989690320607455,20.0,0.0,3.924000000000003,7.044628143310547,8.214968832554991,1.306519393299489,3.9240000000000004,True,AVOIDED,2.0,0.0,0.0,freeze,noise,13340009
proposed_nm2.0,proposed,0,30.0,0.85,20.0,20.0,True,,3.9326650882441907,3.501718372541213,1.589240310269733,30.0,0.0,3.335400049701338,9.961448669433594,7.606969275542012,2.203696841912894,8.3385,True,AVOIDED,2.0,0.0,0.0,freeze,noise,13340010
proposed_nm2.0,proposed,0,30.0,0.85,25.0,20.0,True,,3.523432624208322,7.327126877972364,1.1535649608842213,30.0,0.0,8.3385,6.647705078125,7.197511868683826,3.3316057713605907,8.3385,True,AVOIDED,2.0,0.0,0.0,freeze,noise,13340011
proposed_nm2.0,proposed,0,30.0,0.85,30.0,20.0,True,,4.893195459456724,4.437895466759123,1.604903956279205,30.0,0.0,8.3385,8.586860656738281,8.567339090454972,2.53686559470056,8.3385,True,AVOIDED,2.0,0.0,0.0,freeze,noise,13340012
proposed_nm2.0,proposed,0,30.0,0.85,35.0,20.0,True,,6.414656955992102,3.501970713499662,1.9770548384755569,30.0,0.0,3.335400049701338,9.960931777954102,10.088961143289923,2.088566718408954,8.3385,True,AVOIDED,2.0,0.0,0.0,freeze,noise,13340013
proposed_nm2.0,proposed,0,30.0,0.85,40.0,20.0,True,,5.402653942649085,4.940071141021698,1.629027819484847,30.0,0.0,8.3385,8.07723617553711,9.076958129946906,2.5368648779517358,8.3385,True,AVOIDED,2.0,0.0,0.0,freeze,noise,13340014
proposed_nm2.0,proposed,0,30.0,0.4,20.0,20.0,True,,3.7905190126071515,4.199976416148054,1.587975167140971,30.0,0.0,3.924000000000003,10.103622436523438,7.464823199904973,2.2036449020803137,3.9240000000000004,True,AVOIDED,2.0,0.0,0.0,freeze,noise,13340015
proposed_nm2.0,proposed,0,30.0,0.4,25.0,20.0,True,,1.4896982628515953,4.108554568889793,1.1524483666416514,30.0,0.0,3.924000000000003,8.682491302490234,5.1638576390058555,3.3316693273856473,3.9240000000000004,True,AVOIDED,2.0,0.0,0.0,freeze,noise,13340016
proposed_nm2.0,proposed,0,30.0,0.4,30.0,20.0,True,,4.32479171323131,4.199967187756346,1.7834199439166747,30.0,0.0,3.924000000000003,11.22403335571289,7.999095900529131,2.190070308726083,3.9240000000000004,True,AVOIDED,2.0,0.0,0.0,freeze,noise,13340017
proposed_nm2.0,proposed,0,30.0,0.4,35.0,20.0,True,,3.497218611624615,4.199582707479993,1.7790884209452091,30.0,0.0,3.924000000000003,11.22458267211914,7.171522798922436,2.3234116860932765,3.9240000000000004,True,AVOIDED,2.0,0.0,0.0,freeze,noise,13340018
proposed_nm2.0,proposed,0,30.0,0.4,40.0,20.0,True,,6.611478040760721,4.108598724517394,2.131162371951005,30.0,0.0,3.924000000000003,11.00564956665039,10.28564876619505,1.9410803207328335,3.9240000000000004,True,AVOIDED,2.0,0.0,0.0,freeze,noise,13340019
proposed_nm2.0,proposed,0,40.0,0.85,20.0,20.0,True,,2.90581234890291,8.777463895123969,1.2511492783422866,40.0,0.0,8.3385,10.834671020507812,6.57989161251722,3.961490876976411,8.3385,True,AVOIDED,2.0,0.0,0.0,freeze,noise,13340020
proposed_nm2.0,proposed,0,40.0,0.85,25.0,20.0,True,,3.668534898580602,4.228430868175797,1.68432575562793,40.0,0.0,8.3385,15.592092514038086,7.342839085878423,2.9667046316700834,8.3385,True,AVOIDED,2.0,0.0,0.0,freeze,noise,13340021
proposed_nm2.0,proposed,0,40.0,0.85,30.0,20.0,True,,3.520154806277488,9.514426244230055,1.0491368030451966,40.0,0.0,8.338500000000018,8.563579559326172,7.194237788624614,5.008331380756813,8.3385,True,AVOIDED,2.0,0.0,0.0,freeze,noise,13340022
proposed_nm2.0,proposed,0,40.0,0.85,35.0,20.0,True,,3.9544157550295598,5.373249462984856,1.5394874871753652,40.0,0.0,8.3385,13.649545669555664,7.628460639289413,3.448934301588219,8.3385,True,AVOIDED,2.0,0.0,0.0,freeze,noise,13340023
proposed_nm2.0,proposed,0,40.0,0.85,40.0,20.0,True,,5.02172560376121,4.964438273958639,1.746320793868683,40.0,0.0,8.3385,14.237808227539062,8.695850522097246,3.1626725938562745,8.3385,True,AVOIDED,2.0,0.0,0.0,freeze,noise,13340024
proposed_nm2.0,proposed,0,40.0,0.4,20.0,20.0,False,vehicle.ue4.audi.tt,0.0,0.0,1.2518607036226785,32.676074417942964,7.323925582057037,3.924000000000003,0.0,3.8226345500883023,3.9603839026224663,3.9240000000000004,True,COLLISION with vehicle.ue4.audi.tt,2.0,0.0,0.0,freeze,noise,13340025
proposed_nm2.0,proposed,0,40.0,0.4,25.0,20.0,True,,2.2762878174278045,4.155054641560736,1.62640142605587,40.0,0.0,3.924000000000003,16.43170166015625,5.9505920047256256,3.0590089578038744,3.9240000000000004,True,AVOIDED,2.0,0.0,0.0,freeze,noise,13340026
proposed_nm2.0,proposed,0,40.0,0.4,30.0,20.0,False,vehicle.ue4.audi.tt,0.0,0.0,1.0489616162358588,30.837447775246815,9.162552224753187,3.924000000000003,0.0,3.8341723577329065,5.00778443697093,3.9240000000000004,True,COLLISION with vehicle.ue4.audi.tt,2.0,0.0,0.0,freeze,noise,13340027
proposed_nm2.0,proposed,0,40.0,0.4,35.0,20.0,True,,0.5396404363140714,4.100890128402668,1.5397127114380706,40.0,0.0,3.924000000000003,17.06569480895996,4.213811303606374,3.4490762113198645,3.9240000000000004,True,AVOIDED,2.0,0.0,0.0,freeze,noise,13340028
proposed_nm2.0,proposed,0,40.0,0.4,40.0,20.0,True,,1.3762474414043302,4.102447985992985,1.904286779395107,40.0,0.0,3.924000000000003,20.093822479248047,5.050414443479917,2.834311373125173,3.9240000000000004,True,AVOIDED,2.0,0.0,0.0,freeze,noise,13340029
proposed_nm2.0,proposed,0,50.0,0.85,20.0,20.0,False,vehicle.ue4.audi.tt,0.0,9.179577207985744,1.0283507624270962,45.69731151052262,4.302688489477385,8.3385,0.0,3.8129846952657265,6.251445427884491,8.3385,True,COLLISION with vehicle.ue4.audi.tt,2.0,0.0,0.0,freeze,noise,13340030
proposed_nm2.0,proposed,0,50.0,0.85,25.0,20.0,True,,0.8749692458798961,7.297834682155017,1.3761703297458985,50.0,0.0,8.338500000000018,18.241178512573242,4.549273433177717,4.67326940838413,8.3385,True,AVOIDED,2.0,0.0,0.0,freeze,noise,13340031
proposed_nm2.0,proposed,0,50.0,0.85,30.0,20.0,True,,3.365994272543551,5.6926419664138885,1.6941838432089535,50.0,0.0,8.3385,20.58051872253418,7.0401993273157,3.810183359053096,8.3385,True,AVOIDED,2.0,0.0,0.0,freeze,noise,13340032
proposed_nm2.0,proposed,0,50.0,0.85,35.0,20.0,False,vehicle.ue4.audi.tt,0.0,0.0,1.0049640659373305,43.63597380909478,6.364026190905223,8.338500000000018,0.0,3.8191888120898447,6.639201261619354,8.3385,True,COLLISION with vehicle.ue4.audi.tt,2.0,0.0,0.0,freeze,noise,13340033
proposed_nm2.0,proposed,0,50.0,0.85,40.0,20.0,True,,2.8317620415358924,8.73104312761361,1.3507387427231656,50.0,0.0,8.338500000000018,16.28343391418457,6.505890855260676,4.970826623211005,8.3385,True,AVOIDED,2.0,0.0,0.0,freeze,noise,13340034
proposed_nm2.0,proposed,0,50.0,0.4,20.0,20.0,False,vehicle.ue4.audi.tt,0.0,0.0,1.0283095496803998,30.89710919269787,19.10289080730213,3.9239999999999853,0.0,3.931804011362903,6.252550149773482,3.9240000000000004,True,COLLISION with vehicle.ue4.audi.tt,2.0,0.0,0.0,freeze,noise,13340035
proposed_nm2.0,proposed,0,50.0,0.4,25.0,20.0,False,vehicle.ue4.audi.tt,0.0,0.0,1.3758346436684956,38.277805660868836,11.722194339131166,3.924000000000003,0.0,3.8306275281397872,4.67320867168864,3.9240000000000004,True,COLLISION with vehicle.ue4.audi.tt,2.0,0.0,0.0,freeze,noise,13340036
proposed_nm2.0,proposed,0,50.0,0.4,30.0,20.0,False,vehicle.ue4.audi.tt,0.0,0.0,1.693193044708282,42.505543388960504,7.494456611039494,3.924000000000003,0.0,3.8229040937007768,3.810387753672799,3.9240000000000004,True,COLLISION with vehicle.ue4.audi.tt,2.0,0.0,0.0,freeze,noise,13340037
proposed_nm2.0,proposed,0,50.0,0.4,35.0,20.0,False,vehicle.ue4.audi.tt,0.0,0.0,1.8680985585458059,41.21555843884309,8.784441561156912,3.924000000000003,0.0,3.8246420651867927,3.4749540424911953,3.9240000000000004,True,COLLISION with vehicle.ue4.audi.tt,2.0,0.0,0.0,freeze,noise,13340038
proposed_nm2.0,proposed,0,50.0,0.4,40.0,20.0,False,vehicle.ue4.audi.tt,0.0,0.0,1.35124442383934,38.60190136028814,11.398098639711865,3.924000000000003,0.0,3.835937206855776,4.970579322990501,3.9240000000000004,True,COLLISION with vehicle.ue4.audi.tt,2.0,0.0,0.0,freeze,noise,13340039
proposed_nm2.0,proposed,0,60.0,0.85,20.0,20.0,False,vehicle.ue4.audi.tt,0.0,0.0,0.8715222210920067,39.745355904858265,20.254644095141735,8.3385,0.0,4.090407565210569,9.086393451542861,8.3385,True,COLLISION with vehicle.ue4.audi.tt,2.0,0.0,0.0,freeze,noise,13340040
proposed_nm2.0,proposed,0,60.0,0.85,25.0,20.0,False,vehicle.ue4.audi.tt,0.0,9.372595569412068,1.1321023594448238,54.23739127255613,5.762608727443871,8.3385,0.0,3.822031398329796,6.9582527156196,8.3385,True,COLLISION with vehicle.ue4.audi.tt,2.0,0.0,0.0,freeze,noise,13340041
proposed_nm2.0,proposed,0,60.0,0.85,30.0,20.0,False,vehicle.ue4.audi.tt,0.0,0.0,1.450181401363242,50.60105596573849,9.398944034261511,8.3385,0.0,3.8282957868887344,5.434061926855033,8.3385,True,COLLISION with vehicle.ue4.audi.tt,2.0,0.0,0.0,freeze,noise,13340042
proposed_nm2.0,proposed,0,60.0,0.85,35.0,20.0,True,,1.9153981044337813,7.66003006225177,1.6290762440361455,60.0,0.0,8.3385,25.61840057373047,5.589454427740638,4.844194827724752,8.3385,True,AVOIDED,2.0,0.0,0.0,freeze,noise,13340043
proposed_nm2.0,proposed,0,60.0,0.85,40.0,20.0,False,vehicle.ue4.audi.tt,0.0,0.0,0.9409190833451215,50.11964046797208,9.880359532027915,8.3385,0.0,3.8260701526167313,8.58376355436793,8.3385,True,COLLISION with vehicle.ue4.audi.tt,2.0,0.0,0.0,freeze,noise,13340044
proposed_nm2.0,proposed,0,60.0,0.4,20.0,20.0,False,vehicle.ue4.audi.tt,0.0,0.0,0.8715254526935651,23.42066973115253,36.57933026884747,3.924000000000021,0.0,4.306487111253795,9.086313642403866,3.9240000000000004,True,COLLISION with vehicle.ue4.audi.tt,2.0,0.0,0.0,freeze,noise,13340045
proposed_nm2.0,proposed,0,60.0,0.4,25.0,20.0,False,vehicle.ue4.audi.tt,0.0,0.0,1.1320984504324096,38.97266202140629,21.027337978593703,3.924000000000021,0.0,3.8361552806586485,6.958298042137608,3.9240000000000004,True,COLLISION with vehicle.ue4.audi.tt,2.0,0.0,0.0,freeze,noise,13340046
proposed_nm2.0,proposed,0,60.0,0.4,30.0,20.0,False,vehicle.ue4.audi.tt,0.0,0.0,1.450180316163522,43.5424292271081,16.4575707728919,3.924000000000021,0.0,3.8264777487467945,5.434038122471865,3.9240000000000004,True,COLLISION with vehicle.ue4.audi.tt,2.0,0.0,0.0,freeze,noise,13340047
proposed_nm2.0,proposed,0,60.0,0.4,35.0,20.0,False,vehicle.ue4.audi.tt,0.0,0.0,1.7309820417473594,45.862400918701766,14.137599081298236,3.924000000000021,0.0,3.8265052386197524,4.564112807088881,3.9240000000000004,True,COLLISION with vehicle.ue4.audi.tt,2.0,0.0,0.0,freeze,noise,13340048
proposed_nm2.0,proposed,0,60.0,0.4,40.0,20.0,False,vehicle.ue4.audi.tt,0.0,0.0,1.9655379048670716,45.609491254150335,14.390508745849667,3.924000000000003,0.0,3.8412398221813024,4.029359424110933,3.9240000000000004,True,COLLISION with vehicle.ue4.audi.tt,2.0,0.0,0.0,freeze,noise,13340049
proposed_enhanced_nm0.0,proposed_enhanced,0,20.0,0.85,20.0,20.0,True,,0.21530107777467,10.885593445560641,0.50221593900524,20.0,0.0,8.3385,2.5582046508789062,3.889392908801973,5.462576504708151,8.3385,True,AVOIDED,0.0,0.0,0.0,freeze,noise,22490000
proposed_enhanced_nm0.0,proposed_enhanced,0,20.0,0.85,25.0,20.0,True,,0.2162533646684044,10.888755969504496,0.5028584719653698,20.0,0.0,8.3385,2.557849884033203,3.8903366072683605,5.460013796355304,8.3385,True,AVOIDED,0.0,0.0,0.0,freeze,noise,22490001
proposed_enhanced_nm0.0,proposed_enhanced,0,20.0,0.85,30.0,20.0,True,,0.2152972418935457,10.885593445560641,0.50221593900524,20.0,0.0,8.3385,2.5582046508789062,3.8893890729190055,5.462576504708151,8.3385,True,AVOIDED,0.0,0.0,0.0,freeze,noise,22490002
proposed_enhanced_nm0.0,proposed_enhanced,0,20.0,0.85,35.0,20.0,True,,0.2162533646684044,10.888755969504496,0.5028584719653698,20.0,0.0,8.3385,2.557849884033203,3.8903366072683605,5.460013796355304,8.3385,True,AVOIDED,0.0,0.0,0.0,freeze,noise,22490003
proposed_enhanced_nm0.0,proposed_enhanced,0,20.0,0.85,40.0,20.0,True,,0.21530103643251586,10.885593445560641,0.5022159368769763,20.0,0.0,8.3385,2.5582046508789062,3.889392867454668,5.46257652108908,8.3385,True,AVOIDED,0.0,0.0,0.0,freeze,noise,22490004
proposed_enhanced_nm0.0,proposed_enhanced,0,20.0,0.4,20.0,20.0,True,,0.22617499072165792,3.3241366557309386,1.1546205321726486,20.0,0.0,3.924000000000003,6.129234313964844,3.900479178019479,2.383266193579067,3.9240000000000004,True,AVOIDED,0.0,0.0,0.0,freeze,noise,22490005
proposed_enhanced_nm0.0,proposed_enhanced,0,20.0,0.4,25.0,20.0,True,,0.22589060622131774,3.3242103630855198,1.1541059223554937,20.0,0.0,3.924000000000003,6.128807067871094,3.900194793519139,2.3833850196249022,3.9240000000000004,True,AVOIDED,0.0,0.0,0.0,freeze,noise,22490006
proposed_enhanced_nm0.0,proposed_enhanced,0,20.0,0.4,30.0,20.0,True,,0.22617499072165792,3.3241366557309386,1.1546205321726486,20.0,0.0,3.924000000000003,6.129234313964844,3.900479178019479,2.383266193579067,3.9240000000000004,True,AVOIDED,0.0,0.0,0.0,freeze,noise,22490007
proposed_enhanced_nm0.0,proposed_enhanced,0,20.0,0.4,35.0,20.0,True,,0.22589060622131774,3.3242103630855198,1.1541059223554937,20.0,0.0,3.924000000000003,6.128807067871094,3.900194793519139,2.3833850196249022,3.9240000000000004,True,AVOIDED,0.0,0.0,0.0,freeze,noise,22490008
proposed_enhanced_nm0.0,proposed_enhanced,0,20.0,0.4,40.0,20.0,True,,0.22617878446938056,3.3241366557309386,1.1546212236387472,20.0,0.0,3.924000000000003,6.129234313964844,3.9004829717672016,2.383264764580292,3.9240000000000004,True,AVOIDED,0.0,0.0,0.0,freeze,noise,22490009
proposed_enhanced_nm0.0,proposed_enhanced,0,30.0,0.85,20.0,20.0,True,,0.4482490142761577,8.775172920364815,0.5363649016095646,30.0,0.0,8.3385,4.346763610839844,4.122553201573979,6.9185551592001575,8.3385,True,AVOIDED,0.0,0.0,0.0,freeze,noise,22490010
proposed_enhanced_nm0.0,proposed_enhanced,0,30.0,0.85,25.0,20.0,True,,0.3702462741230823,9.063808936728469,0.7784635386846538,30.0,0.0,8.3385,6.079704284667969,4.044443867631996,5.305284457571184,8.3385,True,AVOIDED,0.0,0.0,0.0,freeze,noise,22490011
proposed_enhanced_nm0.0,proposed_enhanced,0,30.0,0.85,30.0,20.0,True,,0.3699232719256562,9.062061467275186,0.7792487672891447,30.0,0.0,8.3385,6.080097198486328,4.044067435680054,5.305347869072875,8.3385,True,AVOIDED,0.0,0.0,0.0,freeze,noise,22490012
proposed_enhanced_nm0.0,proposed_enhanced,0,30.0,0.85,35.0,20.0,True,,0.3696936184807855,0.0,0.7799133360703209,30.0,0.0,8.3385,6.079578399658203,4.04377300593491,5.305040448842683,8.3385,True,AVOIDED,0.0,0.0,0.0,freeze,noise,22490013
proposed_enhanced_nm0.0,proposed_enhanced,0,30.0,0.85,40.0,20.0,True,,0.36992705430331885,9.062061467275186,0.7792492261144797,30.0,0.0,8.3385,6.080097198486328,4.044071218056367,5.305344739008538,8.3385,True,AVOIDED,0.0,0.0,0.0,freeze,noise,22490014
proposed_enhanced_nm0.0,proposed_enhanced,0,30.0,0.4,20.0,20.0,True,,0.37153674755455146,4.2007117416867015,1.4363360481667833,30.0,0.0,3.924000000000003,12.284683227539062,4.0458409348523725,2.43371517620615,3.9240000000000004,True,AVOIDED,0.0,0.0,0.0,freeze,noise,22490015
proposed_enhanced_nm0.0,proposed_enhanced,0,30.0,0.4,25.0,20.0,True,,1.0073055749161766,4.0639557092327,1.1524483666416514,30.0,0.0,3.924000000000003,9.165351867675781,4.6814649237391235,3.3316693273856473,3.9240000000000004,True,AVOIDED,0.0,0.0,0.0,freeze,noise,22490016
proposed_enhanced_nm0.0,proposed_enhanced,0,30.0,0.4,30.0,20.0,True,,0.6356304906936039,3.50557374243105,1.67619741471883,30.0,0.0,3.924000000000003,13.675102233886719,4.309934677991425,2.387381215483162,3.9240000000000004,True,AVOIDED,0.0,0.0,0.0,freeze,noise,22490017
proposed_enhanced_nm0.0,proposed_enhanced,0,30.0,0.4,35.0,20.0,True,,0.6357928535057873,3.5057601968077434,1.7290123609883672,30.0,0.0,3.924000000000003,13.67474365234375,4.310097040803608,2.3901463996959005,3.9240000000000004,True,AVOIDED,0.0,0.0,0.0,freeze,noise,22490018
proposed_enhanced_nm0.0,proposed_enhanced,0,30.0,0.4,40.0,20.0,True,,0.6356380848822489,3.50557374243105,1.7308080242482524,30.0,0.0,3.924000000000003,13.675102233886719,4.30994227218007,2.390125282715792,3.9240000000000004,True,AVOIDED,0.0,0.0,0.0,freeze,noise,22490019
proposed_enhanced_nm0.0,proposed_enhanced,0,40.0,0.85,20.0,20.0,False,vehicle.ue4.audi.tt,0.0,0.0,0.1501102073874885,20.694892677663113,19.305107322336887,8.338499999999982,0.0,3.8819999398502856,33.28535665424344,8.3385,True,COLLISION with vehicle.ue4.audi.tt,0.0,0.0,0.0,freeze,noise,22490020
proposed_enhanced_nm0.0,proposed_enhanced,0,40.0,0.85,25.0,20.0,False,vehicle.ue4.audi.tt,0.0,8.62440697473196,0.6149612830747088,39.399104871108065,0.6008951288919321,8.3385,0.0,3.8158108518826235,8.417455933979024,8.3385,True,COLLISION with vehicle.ue4.audi.tt,0.0,0.0,0.0,freeze,noise,22490021
proposed_enhanced_nm0.0,proposed_enhanced,0,40.0,0.85,30.0,20.0,True,,0.48212934298775956,0.0,1.0500158739325576,40.0,0.0,8.3385,11.603866577148438,4.156433530285581,5.007797798736219,8.3385,True,AVOIDED,0.0,0.0,0.0,freeze,noise,22490022
proposed_enhanced_nm0.0,proposed_enhanced,0,40.0,0.85,35.0,20.0,True,,0.4823449403429292,7.464558147678174,1.0933288826888092,40.0,0.0,8.3385,11.604576110839844,4.15664912764075,5.042133668901332,8.3385,True,AVOIDED,0.0,0.0,0.0,freeze,noise,22490023
proposed_enhanced_nm0.0,proposed_enhanced,0,40.0,0.85,40.0,20.0,True,,0.4810617902742651,7.464815042622891,1.0934367949226678,40.0,0.0,8.3385,11.604576110839844,4.155365977572086,5.042284615387712,8.3385,True,AVOIDED,0.0,0.0,0.0,freeze,noise,22490024
proposed_enhanced_nm0.0,proposed_enhanced,0,40.0,0.4,20.0,20.0,False,vehicle.ue4.audi.tt,0.0,0.0,1.2518607036226785,33.08860290601171,6.911397093988291,3.924000000000003,0.0,3.820263313116803,3.9603839026224663,3.9240000000000004,True,COLLISION with vehicle.ue4.audi.tt,0.0,0.0,0.0,freeze,noise,22490025
proposed_enhanced_nm0.0,proposed_enhanced,0,40.0,0.4,25.0,20.0,True,,0.959654028780565,4.035941230617559,1.6838269796147827,40.0,0.0,3.924000000000003,18.301773071289062,4.633958216078386,2.9670315408161603,3.9240000000000004,True,AVOIDED,0.0,0.0,0.0,freeze,noise,22490026
proposed_enhanced_nm0.0,proposed_enhanced,0,40.0,0.4,30.0,20.0,True,,1.068782799805252,4.002095125831429,2.0880054026910475,40.0,0.0,3.924000000000003,23.160781860351562,4.743086987103073,2.4097439560587066,3.9240000000000004,True,AVOIDED,0.0,0.0,0.0,freeze,noise,22490027
proposed_enhanced_nm0.0,proposed_enhanced,0,40.0,0.4,35.0,20.0,True,,1.4947955446336891,4.06738792333732,1.5397127114380706,40.0,0.0,3.924000000000003,16.109716415405273,5.169084438389189,3.4490762113198645,3.9240000000000004,True,AVOIDED,0.0,0.0,0.0,freeze,noise,22490028
proposed_enhanced_nm0.0,proposed_enhanced,0,40.0,0.4,40.0,20.0,True,,1.3344178746672473,4.036013133195462,1.9882779080849502,40.0,0.0,3.924000000000003,21.239639282226562,5.008722061965068,2.692462526255323,3.9240000000000004,True,AVOIDED,0.0,0.0,0.0,freeze,noise,22490029
proposed_enhanced_nm0.0,proposed_enhanced,0,50.0,0.85,20.0,20.0,False,vehicle.ue4.audi.tt,0.0,9.179577207985744,1.0283507624270962,45.69731151052262,4.302688489477385,8.3385,0.0,3.8129846952657265,6.251445427884491,8.3385,True,COLLISION with vehicle.ue4.audi.tt,0.0,0.0,0.0,freeze,noise,22490030
proposed_enhanced_nm0.0,proposed_enhanced,0,50.0,0.85,25.0,20.0,True,,0.45046258479036094,8.259250118162122,1.2728104921688268,50.0,0.0,8.338500000000018,17.28561782836914,4.124538065949098,5.040610907566165,8.3385,True,AVOIDED,0.0,0.0,0.0,freeze,noise,22490031
proposed_enhanced_nm0.0,proposed_enhanced,0,50.0,0.85,30.0,20.0,False,vehicle.ue4.audi.tt,0.0,0.0,0.613945021705189,38.19292828846796,11.807071711532037,8.338500000000018,0.0,3.8331226666580007,10.750528962788541,8.3385,True,COLLISION with vehicle.ue4.audi.tt,0.0,0.0,0.0,freeze,noise,22490032
proposed_enhanced_nm0.0,proposed_enhanced,0,50.0,0.85,35.0,20.0,True,,1.282818156992799,9.046357090180177,1.0049640659373305,50.0,0.0,8.338500000000018,13.001171112060547,4.95712234429062,6.639201261619354,8.3385,True,AVOIDED,0.0,0.0,0.0,freeze,noise,22490033
proposed_enhanced_nm0.0,proposed_enhanced,0,50.0,0.85,40.0,20.0,True,,0.8168186771658936,7.887537014781814,1.305084581052742,50.0,0.0,8.338500000000018,17.609844207763672,4.490871909313803,5.16126828009213,8.3385,True,AVOIDED,0.0,0.0,0.0,freeze,noise,22490034
proposed_enhanced_nm0.0,proposed_enhanced,0,50.0,0.4,20.0,20.0,False,vehicle.ue4.audi.tt,0.0,0.0,1.0283095496803998,30.89710919269787,19.10289080730213,3.9239999999999853,0.0,3.931804011362903,6.252550149773482,3.9240000000000004,True,COLLISION with vehicle.ue4.audi.tt,0.0,0.0,0.0,freeze,noise,22490035
proposed_enhanced_nm0.0,proposed_enhanced,0,50.0,0.4,25.0,20.0,False,vehicle.ue4.audi.tt,0.0,0.0,1.3758346436684956,38.277805660868836,11.722194339131166,3.924000000000003,0.0,3.8306275281397872,4.67320867168864,3.9240000000000004,True,COLLISION with vehicle.ue4.audi.tt,0.0,0.0,0.0,freeze,noise,22490036
proposed_enhanced_nm0.0,proposed_enhanced,0,50.0,0.4,30.0,20.0,True,,0.17951965028795547,4.043905941500906,1.693193044708282,50.0,0.0,3.924000000000003,23.768539428710938,3.8538238375857765,3.810387753672799,3.9240000000000004,True,AVOIDED,0.0,0.0,0.0,freeze,noise,22490037
proposed_enhanced_nm0.0,proposed_enhanced,0,50.0,0.4,35.0,20.0,True,,2.0889202753311755,3.9921376942202413,2.0676783353048585,50.0,0.0,3.924000000000003,27.380136489868164,5.763090991476515,3.138659343808589,3.9240000000000004,True,AVOIDED,0.0,0.0,0.0,freeze,noise,22490038
proposed_enhanced_nm0.0,proposed_enhanced,0,50.0,0.4,40.0,20.0,True,,2.0421813354331375,4.0181403790707355,2.4010143280389222,50.0,0.0,3.924000000000003,32.258137702941895,5.716485522730959,2.716103077871017,3.9240000000000004,True,AVOIDED,0.0,0.0,0.0,freeze,noise,22490039
proposed_enhanced_nm0.0,proposed_enhanced,0,60.0,0.85,20.0,20.0,False,vehicle.ue4.audi.tt,0.0,0.0,0.8715222210920067,44.84740935167251,15.152590648327486,8.3385,0.0,3.8926817520277406,9.086393451542861,8.3385,True,COLLISION with vehicle.ue4.audi.tt,0.0,0.0,0.0,freeze,noise,22490040
proposed_enhanced_nm0.0,proposed_enhanced,0,60.0,0.85,25.0,20.0,True,,0.5394924928235163,8.499512357079121,1.1321023594448238,60.0,0.0,8.3385,17.8830509185791,4.213796680121337,6.9582527156196,8.3385,True,AVOIDED,0.0,0.0,0.0,freeze,noise,22490041
proposed_enhanced_nm0.0,proposed_enhanced,0,60.0,0.85,30.0,20.0,True,,0.9990036265194631,8.958729680127387,1.450181401363242,60.0,0.0,8.3385,23.221839904785156,4.673128729056905,5.434061926855033,8.3385,True,AVOIDED,0.0,0.0,0.0,freeze,noise,22490042
proposed_enhanced_nm0.0,proposed_enhanced,0,60.0,0.85,35.0,20.0,True,,1.037472034860916,8.210602880240085,1.5297888343786956,60.0,0.0,8.3385,24.8402042388916,4.71160087264355,5.160787367370734,8.3385,True,AVOIDED,0.0,0.0,0.0,freeze,noise,22490043
proposed_enhanced_nm0.0,proposed_enhanced,0,60.0,0.85,40.0,20.0,False,vehicle.ue4.audi.tt,0.0,8.76915442590436,0.9409190833451215,57.005421690817684,2.994578309182313,8.3385,0.0,3.812551458609789,8.58376355436793,8.3385,True,COLLISION with vehicle.ue4.audi.tt,0.0,0.0,0.0,freeze,noise,22490044
proposed_enhanced_nm0.0,proposed_enhanced,0,60.0,0.4,20.0,20.0,False,vehicle.ue4.audi.tt,0.0,0.0,0.8715254526935651,23.42066973115253,36.57933026884747,3.924000000000021,0.0,4.306487111253795,9.086313642403866,3.9240000000000004,True,COLLISION with vehicle.ue4.audi.tt,0.0,0.0,0.0,freeze,noise,22490045
proposed_enhanced_nm0.0,proposed_enhanced,0,60.0,0.4,25.0,20.0,False,vehicle.ue4.audi.tt,0.0,0.0,1.1320984504324096,38.97266202140629,21.027337978593703,3.924000000000021,0.0,3.8361552806586485,6.958298042137608,3.9240000000000004,True,COLLISION with vehicle.ue4.audi.tt,0.0,0.0,0.0,freeze,noise,22490046
proposed_enhanced_nm0.0,proposed_enhanced,0,60.0,0.4,30.0,20.0,False,vehicle.ue4.audi.tt,0.0,0.0,1.450180316163522,43.5424292271081,16.4575707728919,3.924000000000021,0.0,3.8264777487467945,5.434038122471865,3.9240000000000004,True,COLLISION with vehicle.ue4.audi.tt,0.0,0.0,0.0,freeze,noise,22490047
proposed_enhanced_nm0.0,proposed_enhanced,0,60.0,0.4,35.0,20.0,False,vehicle.ue4.audi.tt,0.0,0.0,1.7309820417473594,47.550827681529086,12.449172318470913,3.924000000000021,0.0,3.8217315018061844,4.564112807088881,3.9240000000000004,True,COLLISION with vehicle.ue4.audi.tt,0.0,0.0,0.0,freeze,noise,22490048
proposed_enhanced_nm0.0,proposed_enhanced,0,60.0,0.4,40.0,20.0,False,vehicle.ue4.audi.tt,0.0,4.065042883689418,2.016186606957437,56.80056542842427,3.1994345715757304,3.924000000000021,0.0,3.814060065192188,3.9298737880746435,3.9240000000000004,True,COLLISION with vehicle.ue4.audi.tt,0.0,0.0,0.0,freeze,noise,22490049
proposed_enhanced_nm0.5,proposed_enhanced,0,20.0,0.85,20.0,20.0,True,,0.8343380704614498,10.049653285734877,0.45380151898347093,20.0,0.0,8.3385,1.6634101867675781,4.508642257759271,6.063955474663712,8.3385,True,AVOIDED,0.5,0.0,0.0,freeze,noise,22540000
proposed_enhanced_nm0.5,proposed_enhanced,0,20.0,0.85,25.0,20.0,True,,0.35941057044541047,9.60425009504764,0.5541491957531611,20.0,0.0,8.3385,2.690570831298828,4.033490131462319,4.967494133912837,8.3385,True,AVOIDED,0.5,0.0,0.0,freeze,noise,22540001
proposed_enhanced_nm0.5,proposed_enhanced,0,20.0,0.85,30.0,20.0,True,,1.109327259845263,10.04474187698677,0.50221593900524,20.0,0.0,8.3385,1.6633110046386719,4.783631447143084,5.462576504708151,8.3385,True,AVOIDED,0.5,0.0,0.0,freeze,noise,22540002
proposed_enhanced_nm0.5,proposed_enhanced,0,20.0,0.85,35.0,20.0,True,,0.9053282768399153,10.053538282172825,0.6026763598651359,20.0,0.0,8.3385,2.4189414978027344,4.579632464137736,4.555166195249803,8.3385,True,AVOIDED,0.5,0.0,0.0,freeze,noise,22540003
proposed_enhanced_nm0.5,proposed_enhanced,0,20.0,0.85,40.0,20.0,True,,0.39633650786310604,10.892292730367128,0.40293701223528733,20.0,0.0,8.3385,1.8262672424316406,4.0704122417762205,6.813855036004299,8.3385,True,AVOIDED,0.5,0.0,0.0,freeze,noise,22540004
proposed_enhanced_nm0.5,proposed_enhanced,0,20.0,0.4,20.0,20.0,True,,0.4154685576120265,2.956161619207833,1.2113955522833106,20.0,0.0,3.924000000000003,6.490814208984375,4.0897156567116175,2.1930514476901584,3.9240000000000004,True,AVOIDED,0.5,0.0,0.0,freeze,noise,22540005
proposed_enhanced_nm0.5,proposed_enhanced,0,20.0,0.4,25.0,20.0,True,,0.8750199267883891,4.336043360433604,1.1019022778215308,20.0,0.0,3.924000000000003,5.2033538818359375,4.549266963536642,2.4905924229170484,3.9240000000000004,True,AVOIDED,0.5,0.0,0.0,freeze,noise,22540006
proposed_enhanced_nm0.5,proposed_enhanced,0,20.0,0.4,30.0,20.0,True,,0.34942286037880077,3.4819146158563608,1.1546205321726486,20.0,0.0,3.924000000000003,6.006122589111328,4.023727047676622,2.383266193579067,3.9240000000000004,True,AVOIDED,0.5,0.0,0.0,freeze,noise,22540007
proposed_enhanced_nm0.5,proposed_enhanced,0,20.0,0.4,35.0,20.0,True,,0.7522195026551248,3.632994909948843,1.2004296111607846,20.0,0.0,3.924000000000003,5.877277374267578,4.426470365228318,2.284594609661888,3.9240000000000004,True,AVOIDED,0.5,0.0,0.0,freeze,noise,22540008
proposed_enhanced_nm0.5,proposed_enhanced,0,20.0,0.4,40.0,20.0,True,,1.0280245604391967,3.6339895002519818,1.2547599945080683,20.0,0.0,3.924000000000003,5.877384185791016,4.702279251735264,2.193050237541039,3.9240000000000004,True,AVOIDED,0.5,0.0,0.0,freeze,noise,22540009
proposed_enhanced_nm0.5,proposed_enhanced,0,30.0,0.85,20.0,20.0,True,,0.9285922056882336,9.061660503776745,0.5363649016095646,30.0,0.0,8.3385,3.86578369140625,4.602664089612208,6.9185551592001575,8.3385,True,AVOIDED,0.5,0.0,0.0,freeze,noise,22540010
proposed_enhanced_nm0.5,proposed_enhanced,0,30.0,0.85,25.0,20.0,True,,0.276751893014032,6.560355291563083,0.8783282231429227,30.0,0.0,8.3385,7.000438690185547,3.950823786676898,4.7018812489873065,8.3385,True,AVOIDED,0.5,0.0,0.0,freeze,noise,22540011
proposed_enhanced_nm0.5,proposed_enhanced,0,30.0,0.85,30.0,20.0,True,,1.608129174521502,9.523698803724844,0.8292035355852461,30.0,0.0,8.3385,5.254154205322266,5.28221613052345,4.984520522013013,8.3385,True,AVOIDED,0.5,0.0,0.0,freeze,noise,22540012
proposed_enhanced_nm0.5,proposed_enhanced,0,30.0,0.85,35.0,20.0,True,,0.21633479611805706,7.326789853091117,0.8300856653221285,30.0,0.0,8.3385,6.647632598876953,3.8904180992764568,4.984350686417355,8.3385,True,AVOIDED,0.5,0.0,0.0,freeze,noise,22540013
proposed_enhanced_nm0.5,proposed_enhanced,0,30.0,0.85,40.0,20.0,True,,1.1937804064441844,9.519366924914467,0.7792492261144797,30.0,0.0,8.3385,5.255195617675781,4.8679093152856305,5.305344739008538,8.3385,True,AVOIDED,0.5,0.0,0.0,freeze,noise,22540014
proposed_enhanced_nm0.5,proposed_enhanced,0,30.0,0.4,20.0,20.0,True,,0.37153674755455146,4.2007117416867015,1.4363360481667833,30.0,0.0,3.924000000000003,12.284683227539062,4.0458409348523725,2.43371517620615,3.9240000000000004,True,AVOIDED,0.5,0.0,0.0,freeze,noise,22540015
proposed_enhanced_nm0.5,proposed_enhanced,0,30.0,0.4,25.0,20.0,True,,0.7685377933351427,4.153863315991765,1.1524483666416514,30.0,0.0,3.924000000000003,9.404426574707031,4.442841980632964,3.3316693273856473,3.9240000000000004,True,AVOIDED,0.5,0.0,0.0,freeze,noise,22540016
proposed_enhanced_nm0.5,proposed_enhanced,0,30.0,0.4,30.0,20.0,True,,0.44856907604085894,3.4128579709730906,1.67619741471883,30.0,0.0,3.924000000000003,13.862411499023438,4.12287326333868,2.387381215483162,3.9240000000000004,True,AVOIDED,0.5,0.0,0.0,freeze,noise,22540017
proposed_enhanced_nm0.5,proposed_enhanced,0,30.0,0.4,35.0,20.0,True,,0.6357928535057873,3.5057601968077434,1.7290123609883672,30.0,0.0,3.924000000000003,13.67474365234375,4.310097040803608,2.3901463996959005,3.9240000000000004,True,AVOIDED,0.5,0.0,0.0,freeze,noise,22540018
proposed_enhanced_nm0.5,proposed_enhanced,0,30.0,0.4,40.0,20.0,True,,1.4153283893677102,4.019897595800643,1.7308080242482524,30.0,0.0,3.924000000000003,12.894512176513672,5.089632576665531,2.390125282715792,3.9240000000000004,True,AVOIDED,0.5,0.0,0.0,freeze,noise,22540019
proposed_enhanced_nm0.5,proposed_enhanced,0,40.0,0.85,20.0,20.0,False,vehicle.ue4.audi.tt,0.0,0.0,0.1501102073874885,20.694892677663113,19.305107322336887,8.338499999999982,0.0,3.8819999398502856,33.28535665424344,8.3385,True,COLLISION with vehicle.ue4.audi.tt,0.5,0.0,0.0,freeze,noise,22540020
proposed_enhanced_nm0.5,proposed_enhanced,0,40.0,0.85,25.0,20.0,False,vehicle.ue4.audi.tt,0.0,8.62440697473196,0.6149612830747088,39.399104871108065,0.6008951288919321,8.3385,0.0,3.8158108518826235,8.417455933979024,8.3385,True,COLLISION with vehicle.ue4.audi.tt,0.5,0.0,0.0,freeze,noise,22540021
proposed_enhanced_nm0.5,proposed_enhanced,0,40.0,0.85,30.0,20.0,True,,0.4810580141458134,7.464815042622891,1.0491368030451966,40.0,0.0,8.3385,11.604576110839844,4.155362201443634,5.008331380756813,8.3385,True,AVOIDED,0.5,0.0,0.0,freeze,noise,22540022
proposed_enhanced_nm0.5,proposed_enhanced,0,40.0,0.85,35.0,20.0,False,vehicle.ue4.audi.tt,0.0,6.335010463941692,1.1459718832860797,37.935009229680574,2.064990770319424,8.3385,0.0,3.810932563913629,4.820362163149661,8.3385,True,COLLISION with vehicle.ue4.audi.tt,0.5,0.0,0.0,freeze,noise,22540023
proposed_enhanced_nm0.5,proposed_enhanced,0,40.0,0.85,40.0,20.0,True,,0.6978193990784405,0.0,1.0444996582563975,40.0,0.0,8.338500000000018,10.83590316772461,4.371902648701889,5.283534511450891,8.3385,True,AVOIDED,0.5,0.0,0.0,freeze,noise,22540024
proposed_enhanced_nm0.5,proposed_enhanced,0,40.0,0.4,20.0,20.0,False,vehicle.ue4.audi.tt,0.0,0.0,1.2518607036226785,33.08860290601171,6.911397093988291,3.924000000000003,0.0,3.820263313116803,3.9603839026224663,3.9240000000000004,True,COLLISION with vehicle.ue4.audi.tt,0.5,0.0,0.0,freeze,noise,22540025
proposed_enhanced_nm0.5,proposed_enhanced,0,40.0,0.4,25.0,20.0,True,,0.6542422750209926,4.102078217773488,1.6838269796147827,40.0,0.0,3.924000000000003,18.60747528076172,4.32840932348464,2.9670315408161603,3.9240000000000004,True,AVOIDED,0.5,0.0,0.0,freeze,noise,22540026
proposed_enhanced_nm0.5,proposed_enhanced,0,40.0,0.4,30.0,20.0,True,,1.068782799805252,4.002095125831429,2.0880054026910475,40.0,0.0,3.924000000000003,23.160781860351562,4.743086987103073,2.4097439560587066,3.9240000000000004,True,AVOIDED,0.5,0.0,0.0,freeze,noise,22540027
proposed_enhanced_nm0.5,proposed_enhanced,0,40.0,0.4,35.0,20.0,True,,1.4947955446336891,4.06738792333732,1.5397127114380706,40.0,0.0,3.924000000000003,16.109716415405273,5.169084438389189,3.4490762113198645,3.9240000000000004,True,AVOIDED,0.5,0.0,0.0,freeze,noise,22540028
proposed_enhanced_nm0.5,proposed_enhanced,0,40.0,0.4,40.0,20.0,True,,1.615564870394694,4.156347192414434,1.9882779080849502,40.0,0.0,3.924000000000003,20.958251953125,5.289869057692515,2.692462526255323,3.9240000000000004,True,AVOIDED,0.5,0.0,0.0,freeze,noise,22540029
proposed_enhanced_nm0.5,proposed_enhanced,0,50.0,0.85,20.0,20.0,True,,0.20722631659088853,8.60801865519043,1.0283507624270962,50.0,0.0,8.3385,13.388328552246094,3.8813707253830567,6.251445427884491,8.3385,True,AVOIDED,0.5,0.0,0.0,freeze,noise,22540030
proposed_enhanced_nm0.5,proposed_enhanced,0,50.0,0.85,25.0,20.0,True,,0.45046258479036094,8.259250118162122,1.2728104921688268,50.0,0.0,8.338500000000018,17.28561782836914,4.124538065949098,5.040610907566165,8.3385,True,AVOIDED,0.5,0.0,0.0,freeze,noise,22540031
proposed_enhanced_nm0.5,proposed_enhanced,0,50.0,0.85,30.0,20.0,False,vehicle.ue4.audi.tt,0.0,0.0,0.613945021705189,38.19292828846796,11.807071711532037,8.338500000000018,0.0,3.8331226666580007,10.750528962788541,8.3385,True,COLLISION with vehicle.ue4.audi.tt,0.5,0.0,0.0,freeze,noise,22540032
proposed_enhanced_nm0.5,proposed_enhanced,0,50.0,0.85,35.0,20.0,True,,1.282818156992799,9.046357090180177,1.0049640659373305,50.0,0.0,8.338500000000018,13.001171112060547,4.95712234429062,6.639201261619354,8.3385,True,AVOIDED,0.5,0.0,0.0,freeze,noise,22540033
proposed_enhanced_nm0.5,proposed_enhanced,0,50.0,0.85,40.0,20.0,True,,1.4690065463642306,8.608014003394208,1.305084581052742,50.0,0.0,8.338500000000018,16.95696258544922,5.143135421325116,5.16126828009213,8.3385,True,AVOIDED,0.5,0.0,0.0,freeze,noise,22540034
proposed_enhanced_nm0.5,proposed_enhanced,0,50.0,0.4,20.0,20.0,False,vehicle.ue4.audi.tt,0.0,0.0,1.0283095496803998,30.89710919269787,19.10289080730213,3.9239999999999853,0.0,3.931804011362903,6.252550149773482,3.9240000000000004,True,COLLISION with vehicle.ue4.audi.tt,0.5,0.0,0.0,freeze,noise,22540035
proposed_enhanced_nm0.5,proposed_enhanced,0,50.0,0.4,25.0,20.0,False,vehicle.ue4.audi.tt,0.0,0.0,1.3757714410760646,38.284630803562635,11.715369196437361,3.924000000000003,0.0,3.8306870204546173,4.6734300445331325,3.9240000000000004,True,COLLISION with vehicle.ue4.audi.tt,0.5,0.0,0.0,freeze,noise,22540036
proposed_enhanced_nm0.5,proposed_enhanced,0,50.0,0.4,30.0,20.0,True,,0.17951965028795547,4.043905941500906,1.693193044708282,50.0,0.0,3.924000000000003,23.768539428710938,3.8538238375857765,3.810387753672799,3.9240000000000004,True,AVOIDED,0.5,0.0,0.0,freeze,noise,22540037
proposed_enhanced_nm0.5,proposed_enhanced,0,50.0,0.4,35.0,20.0,True,,2.0889202753311755,3.9921376942202413,2.0676783353048585,50.0,0.0,3.924000000000003,27.380136489868164,5.763090991476515,3.138659343808589,3.9240000000000004,True,AVOIDED,0.5,0.0,0.0,freeze,noise,22540038
proposed_enhanced_nm0.5,proposed_enhanced,0,50.0,0.4,40.0,20.0,True,,2.7691629545334076,4.044261702267722,2.4010143280389222,50.0,0.0,3.924000000000003,31.530816078186035,6.443467141831229,2.716103077871017,3.9240000000000004,True,AVOIDED,0.5,0.0,0.0,freeze,noise,22540039
proposed_enhanced_nm0.5,proposed_enhanced,0,60.0,0.85,20.0,20.0,False,vehicle.ue4.audi.tt,0.0,0.0,0.8715222210920067,44.84740935167251,15.152590648327486,8.3385,0.0,3.8926817520277406,9.086393451542861,8.3385,True,COLLISION with vehicle.ue4.audi.tt,0.5,0.0,0.0,freeze,noise,22540040
proposed_enhanced_nm0.5,proposed_enhanced,0,60.0,0.85,25.0,20.0,True,,1.4953385685421496,8.651222329881408,1.1321023594448238,60.0,0.0,8.3385,16.9261417388916,5.169402645311732,6.9582527156196,8.3385,True,AVOIDED,0.5,0.0,0.0,freeze,noise,22540041
proposed_enhanced_nm0.5,proposed_enhanced,0,60.0,0.85,30.0,20.0,True,,0.9979126955137918,0.0,1.4501207593326755,60.0,0.0,8.3385,23.221843719482422,4.672041619989941,5.434287877588101,8.3385,True,AVOIDED,0.5,0.0,0.0,freeze,noise,22540042
proposed_enhanced_nm0.5,proposed_enhanced,0,60.0,0.85,35.0,20.0,True,,2.2441726225023384,8.650021740450322,1.5297888343786956,60.0,0.0,8.3385,23.632497787475586,5.918225128547432,5.160787367370734,8.3385,True,AVOIDED,0.5,0.0,0.0,freeze,noise,22540043
proposed_enhanced_nm0.5,proposed_enhanced,0,60.0,0.85,40.0,20.0,False,vehicle.ue4.audi.tt,0.0,8.76915442590436,0.9409190833451215,57.005421690817684,2.994578309182313,8.3385,0.0,3.812551458609789,8.58376355436793,8.3385,True,COLLISION with vehicle.ue4.audi.tt,0.5,0.0,0.0,freeze,noise,22540044
proposed_enhanced_nm0.5,proposed_enhanced,0,60.0,0.4,20.0,20.0,False,vehicle.ue4.audi.tt,0.0,0.0,0.8715254526935651,23.42066973115253,36.57933026884747,3.924000000000021,0.0,4.306487111253795,9.086313642403866,3.9240000000000004,True,COLLISION with vehicle.ue4.audi.tt,0.5,0.0,0.0,freeze,noise,22540045
proposed_enhanced_nm0.5,proposed_enhanced,0,60.0,0.4,25.0,20.0,False,vehicle.ue4.audi.tt,0.0,0.0,1.1320984504324096,38.97266202140629,21.027337978593703,3.924000000000021,0.0,3.8361552806586485,6.958298042137608,3.9240000000000004,True,COLLISION with vehicle.ue4.audi.tt,0.5,0.0,0.0,freeze,noise,22540046
proposed_enhanced_nm0.5,proposed_enhanced,0,60.0,0.4,30.0,20.0,False,vehicle.ue4.audi.tt,0.0,0.0,1.450180316163522,43.5424292271081,16.4575707728919,3.924000000000021,0.0,3.8264777487467945,5.434038122471865,3.9240000000000004,True,COLLISION with vehicle.ue4.audi.tt,0.5,0.0,0.0,freeze,noise,22540047
proposed_enhanced_nm0.5,proposed_enhanced,0,60.0,0.4,35.0,20.0,False,vehicle.ue4.audi.tt,0.0,0.0,1.7309820417473594,47.550827681529086,12.449172318470913,3.924000000000021,0.0,3.8217315018061844,4.564112807088881,3.9240000000000004,True,COLLISION with vehicle.ue4.audi.tt,0.5,0.0,0.0,freeze,noise,22540048
proposed_enhanced_nm0.5,proposed_enhanced,0,60.0,0.4,40.0,20.0,False,vehicle.ue4.audi.tt,0.0,4.065042883689418,2.016186606957437,56.80056542842427,3.1994345715757304,3.924000000000021,0.0,3.814060065192188,3.9298737880746435,3.9240000000000004,True,COLLISION with vehicle.ue4.audi.tt,0.5,0.0,0.0,freeze,noise,22540049
proposed_enhanced_nm1.0,proposed_enhanced,0,20.0,0.85,20.0,20.0,True,,1.6144852705677133,9.594126809648333,0.654076818597187,20.0,0.0,8.3385,1.9846000671386719,5.288568415432603,4.207768634090469,8.3385,True,AVOIDED,1.0,0.0,0.0,freeze,noise,22500000
proposed_enhanced_nm1.0,proposed_enhanced,0,20.0,0.85,25.0,20.0,True,,2.4857907091296605,10.049534404636413,0.7543054709655203,20.0,0.0,8.3385,1.6635627746582031,6.1600948964274815,3.6487255012595154,8.3385,True,AVOIDED,1.0,0.0,0.0,freeze,noise,22500001
proposed_enhanced_nm1.0,proposed_enhanced,0,20.0,0.85,30.0,20.0,True,,1.66016718166511,10.045731693964658,0.6025898384262093,20.0,0.0,8.3385,1.6630859375,5.334471368962931,4.555396915324013,8.3385,True,AVOIDED,1.0,0.0,0.0,freeze,noise,22500002
proposed_enhanced_nm1.0,proposed_enhanced,0,20.0,0.85,35.0,20.0,True,,0.604119975269116,6.098203580078534,0.7025244145417238,20.0,0.0,8.3385,3.2714500427246094,4.278184241063067,3.9074616818910677,8.3385,True,AVOIDED,1.0,0.0,0.0,freeze,noise,22500003
proposed_enhanced_nm1.0,proposed_enhanced,0,20.0,0.85,40.0,20.0,True,,0.23480964464690235,8.555983772516825,0.5541351002232137,20.0,0.0,8.3385,2.814727783203125,3.9089577018897583,4.967604599919588,8.3385,True,AVOIDED,1.0,0.0,0.0,freeze,noise,22500004
proposed_enhanced_nm1.0,proposed_enhanced,0,20.0,0.4,20.0,20.0,True,,0.8849425143419394,3.8294740750535246,1.2017928339677295,20.0,0.0,3.924000000000003,5.744907379150391,4.55924670163976,2.2837328757115287,3.9240000000000004,True,AVOIDED,1.0,0.0,0.0,freeze,noise,22500005
proposed_enhanced_nm1.0,proposed_enhanced,0,20.0,0.4,25.0,20.0,True,,0.5014679883486357,0.0,1.2015175542911671,20.0,0.0,3.924000000000003,6.127513885498047,4.175772175646457,2.2841120715214087,3.9240000000000004,True,AVOIDED,1.0,0.0,0.0,freeze,noise,22500006
proposed_enhanced_nm1.0,proposed_enhanced,0,20.0,0.4,30.0,20.0,True,,0.776703604449791,3.3242754017011515,1.2547593029316673,20.0,0.0,3.924000000000003,6.129032135009766,4.451007791747612,2.1930514476901584,3.9240000000000004,True,AVOIDED,1.0,0.0,0.0,freeze,noise,22500007
proposed_enhanced_nm1.0,proposed_enhanced,0,20.0,0.4,35.0,20.0,True,,0.9286583302081333,3.2029737430608356,1.3014862613939513,20.0,0.0,3.924000000000003,6.251777648925781,4.602813921864653,2.108547001027451,3.9240000000000004,True,AVOIDED,1.0,0.0,0.0,freeze,noise,22500008
proposed_enhanced_nm1.0,proposed_enhanced,0,20.0,0.4,40.0,20.0,True,,0.6557300532460255,2.3415904983138067,1.4547420567364155,20.0,0.0,3.924000000000003,7.351963043212891,4.329897185219075,1.8913466474747742,3.9240000000000004,True,AVOIDED,1.0,0.0,0.0,freeze,noise,22500009
proposed_enhanced_nm1.0,proposed_enhanced,0,30.0,0.85,20.0,20.0,True,,0.4482490142761577,8.775172920364815,0.5363649016095646,30.0,0.0,8.3385,4.346763610839844,4.122553201573979,6.9185551592001575,8.3385,True,AVOIDED,1.0,0.0,0.0,freeze,noise,22500010
proposed_enhanced_nm1.0,proposed_enhanced,0,30.0,0.85,25.0,20.0,True,,1.1940025888421033,9.519382727526262,0.7784635386846538,30.0,0.0,8.3385,5.254886627197266,4.868085759041619,5.305284457571184,8.3385,True,AVOIDED,1.0,0.0,0.0,freeze,noise,22500011
proposed_enhanced_nm1.0,proposed_enhanced,0,30.0,0.85,30.0,20.0,True,,2.6919065196070173,9.284928991601399,0.8792381711072639,30.0,0.0,8.3385,4.5832977294921875,6.365989608749569,4.7019460502789165,8.3385,True,AVOIDED,1.0,0.0,0.0,freeze,noise,22500012
proposed_enhanced_nm1.0,proposed_enhanced,0,30.0,0.85,35.0,20.0,True,,1.1966345032350088,9.063808936728469,0.8783286826123042,30.0,0.0,8.3385,6.079704284667969,4.870832036516536,4.701878786674055,8.3385,True,AVOIDED,1.0,0.0,0.0,freeze,noise,22500013
proposed_enhanced_nm1.0,proposed_enhanced,0,30.0,0.85,40.0,20.0,True,,1.9247386171164464,9.52132684896616,0.7292437987688833,30.0,0.0,8.3385,4.109828948974609,5.598821739333224,5.668030198773118,8.3385,True,AVOIDED,1.0,0.0,0.0,freeze,noise,22500014
proposed_enhanced_nm1.0,proposed_enhanced,0,30.0,0.4,20.0,20.0,False,vehicle.ue4.audi.tt,0.0,0.0,0.5358738556465668,19.51745845947493,10.48254154052507,3.924000000000003,0.0,3.8240368353819787,6.918477663764537,3.9240000000000004,True,COLLISION with vehicle.ue4.audi.tt,1.0,0.0,0.0,freeze,noise,22500015
proposed_enhanced_nm1.0,proposed_enhanced,0,30.0,0.4,25.0,20.0,True,,1.248907855931611,4.200644044057536,1.1524483666416514,30.0,0.0,3.924000000000003,8.923492431640625,4.923212043229432,3.3316693273856473,3.9240000000000004,True,AVOIDED,1.0,0.0,0.0,freeze,noise,22500016
proposed_enhanced_nm1.0,proposed_enhanced,0,30.0,0.4,30.0,20.0,True,,1.2722820645236599,0.0,1.7457435101221315,30.0,0.0,3.924000000000003,13.863723754882812,4.946586251821481,2.252891315738957,3.9240000000000004,True,AVOIDED,1.0,0.0,0.0,freeze,noise,22500017
proposed_enhanced_nm1.0,proposed_enhanced,0,30.0,0.4,35.0,20.0,True,,0.5422841962575378,3.05480634976105,1.828998332275412,30.0,0.0,3.924000000000003,14.59585952758789,4.216588383555359,2.259469422742966,3.9240000000000004,True,AVOIDED,1.0,0.0,0.0,freeze,noise,22500018
proposed_enhanced_nm1.0,proposed_enhanced,0,30.0,0.4,40.0,20.0,True,,0.6727495791823044,0.0,1.9269797937901982,30.0,0.0,3.924000000000003,15.291494369506836,4.346916700075214,2.1428468315712665,3.9240000000000004,True,AVOIDED,1.0,0.0,0.0,freeze,noise,22500019
proposed_enhanced_nm1.0,proposed_enhanced,0,40.0,0.85,20.0,20.0,False,vehicle.ue4.audi.tt,0.0,0.0,0.15037646216813683,20.710827764739257,19.289172235260743,8.338499999999982,0.0,3.8883575887983284,33.19125425725412,8.3385,True,COLLISION with vehicle.ue4.audi.tt,1.0,0.0,0.0,freeze,noise,22500020
proposed_enhanced_nm1.0,proposed_enhanced,0,40.0,0.85,25.0,20.0,False,vehicle.ue4.audi.tt,0.0,8.62440697473196,0.6149612830747088,39.399104871108065,0.6008951288919321,8.3385,0.0,3.8158108518826235,8.417455933979024,8.3385,True,COLLISION with vehicle.ue4.audi.tt,1.0,0.0,0.0,freeze,noise,22500021
proposed_enhanced_nm1.0,proposed_enhanced,0,40.0,0.85,30.0,20.0,True,,1.2484367948212984,8.773316840525796,1.0491368030451966,40.0,0.0,8.338500000000018,10.836494445800781,4.922489361281814,5.008331380756813,8.3385,True,AVOIDED,1.0,0.0,0.0,freeze,noise,22500022
proposed_enhanced_nm1.0,proposed_enhanced,0,40.0,0.85,35.0,20.0,True,,0.7319576071615339,5.900927113609621,1.2460742986838365,40.0,0.0,8.3385,13.01119613647461,4.40608660150931,4.433074360765483,8.3385,True,AVOIDED,1.0,0.0,0.0,freeze,noise,22500023
proposed_enhanced_nm1.0,proposed_enhanced,0,40.0,0.85,40.0,20.0,True,,0.544566980434011,6.835319143198157,1.1457568630708457,40.0,0.0,8.3385,12.09354019165039,4.218642495451483,4.820590124712381,8.3385,True,AVOIDED,1.0,0.0,0.0,freeze,noise,22500024
proposed_enhanced_nm1.0,proposed_enhanced,0,40.0,0.4,20.0,20.0,False,vehicle.ue4.audi.tt,0.0,0.0,1.2518607036226785,33.08860290601171,6.911397093988291,3.924000000000003,0.0,3.820263313116803,3.9603839026224663,3.9240000000000004,True,COLLISION with vehicle.ue4.audi.tt,1.0,0.0,0.0,freeze,noise,22500025
proposed_enhanced_nm1.0,proposed_enhanced,0,40.0,0.4,25.0,20.0,True,,1.2641940290644351,4.156238743097276,1.6838269796147827,40.0,0.0,3.924000000000003,17.996986389160156,4.938498216362256,2.9670315408161603,3.9240000000000004,True,AVOIDED,1.0,0.0,0.0,freeze,noise,22500026
proposed_enhanced_nm1.0,proposed_enhanced,0,40.0,0.4,30.0,20.0,True,,2.1553931891682208,4.102152496217094,2.038647832845211,40.0,0.0,3.924000000000003,21.52189826965332,5.829556362777995,2.468196503408598,3.9240000000000004,True,AVOIDED,1.0,0.0,0.0,freeze,noise,22500027
proposed_enhanced_nm1.0,proposed_enhanced,0,40.0,0.4,35.0,20.0,True,,1.4947955446336891,4.06738792333732,1.5397127114380706,40.0,0.0,3.924000000000003,16.109716415405273,5.169084438389189,3.4490762113198645,3.9240000000000004,True,AVOIDED,1.0,0.0,0.0,freeze,noise,22500028
proposed_enhanced_nm1.0,proposed_enhanced,0,40.0,0.4,40.0,20.0,True,,1.9020643019131747,4.068647608273114,1.9882779080849502,40.0,0.0,3.924000000000003,20.671466827392578,5.576337957862597,2.692462526255323,3.9240000000000004,True,AVOIDED,1.0,0.0,0.0,freeze,noise,22500029
proposed_enhanced_nm1.0,proposed_enhanced,0,50.0,0.85,20.0,20.0,True,,1.3749011302029492,9.175859808018688,1.0283507624270962,50.0,0.0,8.3385,12.21954345703125,5.048958042236196,6.251445427884491,8.3385,True,AVOIDED,1.0,0.0,0.0,freeze,noise,22500030
proposed_enhanced_nm1.0,proposed_enhanced,0,50.0,0.85,25.0,20.0,True,,0.8749692458798961,7.297834682155017,1.3761703297458985,50.0,0.0,8.338500000000018,18.241178512573242,4.549273433177717,4.67326940838413,8.3385,True,AVOIDED,1.0,0.0,0.0,freeze,noise,22500031
proposed_enhanced_nm1.0,proposed_enhanced,0,50.0,0.85,30.0,20.0,False,vehicle.ue4.audi.tt,0.0,0.0,0.6138724976000636,38.20936349056264,11.790636509437359,8.338500000000018,0.0,3.833298199048349,10.75175387398628,8.3385,True,COLLISION with vehicle.ue4.audi.tt,1.0,0.0,0.0,freeze,noise,22500032
proposed_enhanced_nm1.0,proposed_enhanced,0,50.0,0.85,35.0,20.0,True,,1.282818156992799,9.046357090180177,1.0049640659373305,50.0,0.0,8.338500000000018,13.001171112060547,4.95712234429062,6.639201261619354,8.3385,True,AVOIDED,1.0,0.0,0.0,freeze,noise,22500033
proposed_enhanced_nm1.0,proposed_enhanced,0,50.0,0.85,40.0,20.0,True,,3.5520382551702774,9.04660370265828,1.305084581052742,50.0,0.0,8.338500000000018,14.872554779052734,7.226342442468098,5.16126828009213,8.3385,True,AVOIDED,1.0,0.0,0.0,freeze,noise,22500034
proposed_enhanced_nm1.0,proposed_enhanced,0,50.0,0.4,20.0,20.0,False,vehicle.ue4.audi.tt,0.0,0.0,1.0283095496803998,30.89710919269787,19.10289080730213,3.9239999999999853,0.0,3.931804011362903,6.252550149773482,3.9240000000000004,True,COLLISION with vehicle.ue4.audi.tt,1.0,0.0,0.0,freeze,noise,22500035
proposed_enhanced_nm1.0,proposed_enhanced,0,50.0,0.4,25.0,20.0,False,vehicle.ue4.audi.tt,0.0,0.0,1.3758346436684956,38.277805660868836,11.722194339131166,3.924000000000003,0.0,3.8306275281397872,4.67320867168864,3.9240000000000004,True,COLLISION with vehicle.ue4.audi.tt,1.0,0.0,0.0,freeze,noise,22500036
proposed_enhanced_nm1.0,proposed_enhanced,0,50.0,0.4,30.0,20.0,False,vehicle.ue4.audi.tt,0.0,4.007391647311071,1.693193044708282,46.58131720679985,3.4186827932001513,3.924000000000003,0.0,3.812527564164065,3.810387753672799,3.9240000000000004,True,COLLISION with vehicle.ue4.audi.tt,1.0,0.0,0.0,freeze,noise,22500037
proposed_enhanced_nm1.0,proposed_enhanced,0,50.0,0.4,35.0,20.0,True,,2.0889202753311755,3.9921376942202413,2.0676783353048585,50.0,0.0,3.924000000000003,27.380136489868164,5.763090991476515,3.138659343808589,3.9240000000000004,True,AVOIDED,1.0,0.0,0.0,freeze,noise,22500038
proposed_enhanced_nm1.0,proposed_enhanced,0,50.0,0.4,40.0,20.0,True,,2.7691629545334076,4.044261702267722,2.4010143280389222,50.0,0.0,3.924000000000003,31.530816078186035,6.443467141831229,2.716103077871017,3.9240000000000004,True,AVOIDED,1.0,0.0,0.0,freeze,noise,22500039
proposed_enhanced_nm1.0,proposed_enhanced,0,60.0,0.85,20.0,20.0,False,vehicle.ue4.audi.tt,0.0,0.0,0.8715222210920067,44.84740935167251,15.152590648327486,8.3385,0.0,3.8926817520277406,9.086393451542861,8.3385,True,COLLISION with vehicle.ue4.audi.tt,1.0,0.0,0.0,freeze,noise,22500040
proposed_enhanced_nm1.0,proposed_enhanced,0,60.0,0.85,25.0,20.0,False,vehicle.ue4.audi.tt,0.0,9.372595569412068,1.1321023594448238,54.23739127255613,5.762608727443871,8.3385,0.0,3.822031398329796,6.9582527156196,8.3385,True,COLLISION with vehicle.ue4.audi.tt,1.0,0.0,0.0,freeze,noise,22500041
proposed_enhanced_nm1.0,proposed_enhanced,0,60.0,0.85,30.0,20.0,True,,1.4158730453846964,8.750764436743168,1.450181401363242,60.0,0.0,8.3385,22.80453109741211,5.090005748068549,5.434061926855033,8.3385,True,AVOIDED,1.0,0.0,0.0,freeze,noise,22500042
proposed_enhanced_nm1.0,proposed_enhanced,0,60.0,0.85,35.0,20.0,True,,1.5316854288116692,7.395423127591812,1.6290762440361455,60.0,0.0,8.3385,26.002399444580078,5.205814247585729,4.844194827724752,8.3385,True,AVOIDED,1.0,0.0,0.0,freeze,noise,22500043
proposed_enhanced_nm1.0,proposed_enhanced,0,60.0,0.85,40.0,20.0,False,vehicle.ue4.audi.tt,0.0,8.76915442590436,0.9409190833451215,57.005421690817684,2.994578309182313,8.3385,0.0,3.812551458609789,8.58376355436793,8.3385,True,COLLISION with vehicle.ue4.audi.tt,1.0,0.0,0.0,freeze,noise,22500044
proposed_enhanced_nm1.0,proposed_enhanced,0,60.0,0.4,20.0,20.0,False,vehicle.ue4.audi.tt,0.0,0.0,0.8715254526935651,23.42066973115253,36.57933026884747,3.924000000000021,0.0,4.306487111253795,9.086313642403866,3.9240000000000004,True,COLLISION with vehicle.ue4.audi.tt,1.0,0.0,0.0,freeze,noise,22500045
proposed_enhanced_nm1.0,proposed_enhanced,0,60.0,0.4,25.0,20.0,False,vehicle.ue4.audi.tt,0.0,0.0,1.1320984504324096,38.97266202140629,21.027337978593703,3.924000000000021,0.0,3.8361552806586485,6.958298042137608,3.9240000000000004,True,COLLISION with vehicle.ue4.audi.tt,1.0,0.0,0.0,freeze,noise,22500046
proposed_enhanced_nm1.0,proposed_enhanced,0,60.0,0.4,30.0,20.0,False,vehicle.ue4.audi.tt,0.0,0.0,1.450180316163522,43.5424292271081,16.4575707728919,3.924000000000021,0.0,3.8264777487467945,5.434038122471865,3.9240000000000004,True,COLLISION with vehicle.ue4.audi.tt,1.0,0.0,0.0,freeze,noise,22500047
proposed_enhanced_nm1.0,proposed_enhanced,0,60.0,0.4,35.0,20.0,False,vehicle.ue4.audi.tt,0.0,0.0,1.7309820417473594,47.550827681529086,12.449172318470913,3.924000000000021,0.0,3.8217315018061844,4.564112807088881,3.9240000000000004,True,COLLISION with vehicle.ue4.audi.tt,1.0,0.0,0.0,freeze,noise,22500048
proposed_enhanced_nm1.0,proposed_enhanced,0,60.0,0.4,40.0,20.0,False,vehicle.ue4.audi.tt,0.0,4.065042883689418,2.016186606957437,56.80056542842427,3.1994345715757304,3.924000000000021,0.0,3.814060065192188,3.9298737880746435,3.9240000000000004,True,COLLISION with vehicle.ue4.audi.tt,1.0,0.0,0.0,freeze,noise,22500049
proposed_enhanced_nm2.0,proposed_enhanced,0,20.0,0.85,20.0,20.0,True,,1.7713257047563822,10.882339824516956,0.654076818597187,20.0,0.0,8.3385,1.8276214599609375,5.445462198216896,4.207768634090469,8.3385,True,AVOIDED,2.0,0.0,0.0,freeze,noise,22510000
proposed_enhanced_nm2.0,proposed_enhanced,0,20.0,0.85,25.0,20.0,True,,1.7303256165320855,10.046404880943777,0.7543054709655203,20.0,0.0,8.3385,2.4196548461914062,5.4046298038299065,3.6487255012595154,8.3385,True,AVOIDED,2.0,0.0,0.0,freeze,noise,22510001
proposed_enhanced_nm2.0,proposed_enhanced,0,20.0,0.85,30.0,20.0,True,,2.199762564252328,4.418370633368622,1.1019022778215308,20.0,0.0,8.3385,3.8773536682128906,5.873871587351168,2.4905924229170484,8.3385,True,AVOIDED,2.0,0.0,0.0,freeze,noise,22510002
proposed_enhanced_nm2.0,proposed_enhanced,0,20.0,0.85,35.0,20.0,True,,3.5867593746404838,10.046959337970135,0.954521540650474,20.0,0.0,8.3385,1.6639137268066406,7.261063561938305,2.883286592751476,8.3385,True,AVOIDED,2.0,0.0,0.0,freeze,noise,22510003
proposed_enhanced_nm2.0,proposed_enhanced,0,20.0,0.85,40.0,20.0,True,,1.4285525453805041,6.098291130019387,0.8543579502251964,20.0,0.0,8.3385,3.2724990844726562,5.102658571450507,3.2212055015095,8.3385,True,AVOIDED,2.0,0.0,0.0,freeze,noise,22510004
proposed_enhanced_nm2.0,proposed_enhanced,0,20.0,0.4,20.0,20.0,True,,3.217439418511498,4.332851456237871,1.2113955522833106,20.0,0.0,3.924000000000003,3.686115264892578,6.891686464848017,2.1930514476901584,3.9240000000000004,True,AVOIDED,2.0,0.0,0.0,freeze,noise,22510005
proposed_enhanced_nm2.0,proposed_enhanced,0,20.0,0.4,25.0,20.0,True,,4.869357448702376,4.332851456237871,1.555066672630608,20.0,0.0,3.924000000000003,3.6861190795898438,8.543604435306671,1.7694374691448977,3.9240000000000004,True,AVOIDED,2.0,0.0,0.0,freeze,noise,22510006
proposed_enhanced_nm2.0,proposed_enhanced,0,20.0,0.4,30.0,20.0,True,,1.7530659967924782,3.1841339686164796,1.4547413650808925,20.0,0.0,3.924000000000003,6.253322601318359,5.4272330402352384,1.8913475476609942,3.9240000000000004,True,AVOIDED,2.0,0.0,0.0,freeze,noise,22510007
proposed_enhanced_nm2.0,proposed_enhanced,0,20.0,0.4,35.0,20.0,True,,4.058743812955363,4.261197495773653,1.6012360783277277,20.0,0.0,3.924000000000003,4.772144317626953,7.733048000253184,1.7138428687062193,3.9240000000000004,True,AVOIDED,2.0,0.0,0.0,freeze,noise,22510008
proposed_enhanced_nm2.0,proposed_enhanced,0,20.0,0.4,40.0,20.0,True,,2.2758881937208333,0.0,1.254575534246842,20.0,0.0,3.924000000000003,4.627147674560547,5.950192381018654,2.1933704124841276,3.9240000000000004,True,AVOIDED,2.0,0.0,0.0,freeze,noise,22510009
proposed_enhanced_nm2.0,proposed_enhanced,0,30.0,0.85,20.0,20.0,True,,0.6841074552273767,9.518908671994051,0.5363649016095646,30.0,0.0,8.3385,4.110576629638672,4.358156433903039,6.9185551592001575,8.3385,True,AVOIDED,2.0,0.0,0.0,freeze,noise,22510010
proposed_enhanced_nm2.0,proposed_enhanced,0,30.0,0.85,25.0,20.0,True,,2.839187221458279,9.28728990065528,0.9968238849737138,30.0,0.0,8.3385,5.677417755126953,6.513319849293705,4.011684722312797,8.3385,True,AVOIDED,2.0,0.0,0.0,freeze,noise,22510011
proposed_enhanced_nm2.0,proposed_enhanced,0,30.0,0.85,30.0,20.0,True,,3.8235158008567645,9.065571412084793,0.9291649362382562,30.0,0.0,8.3385,3.8647994995117188,7.497709382910346,4.4481006053515255,8.3385,True,AVOIDED,2.0,0.0,0.0,freeze,noise,22510012
proposed_enhanced_nm2.0,proposed_enhanced,0,30.0,0.85,35.0,20.0,True,,1.851553907269495,5.7098590259066535,1.1302992689775375,30.0,0.0,8.3385,7.493190765380859,5.525686584433804,3.660178760630404,8.3385,True,AVOIDED,2.0,0.0,0.0,freeze,noise,22510013
proposed_enhanced_nm2.0,proposed_enhanced,0,30.0,0.85,40.0,20.0,True,,2.293393219280002,3.5017205108711247,1.4791217582966756,30.0,0.0,8.3385,9.946727752685547,5.967697406577823,2.7946678001774217,8.3385,True,AVOIDED,2.0,0.0,0.0,freeze,noise,22510014
proposed_enhanced_nm2.0,proposed_enhanced,0,30.0,0.4,20.0,20.0,True,,1.1993374199957962,4.153228522447525,1.587975167140971,30.0,0.0,3.924000000000003,12.696598052978516,4.873641607293617,2.2036449020803137,3.9240000000000004,True,AVOIDED,2.0,0.0,0.0,freeze,noise,22510015
proposed_enhanced_nm2.0,proposed_enhanced,0,30.0,0.4,25.0,20.0,True,,1.4896982628515953,4.108554568889793,1.1524483666416514,30.0,0.0,3.924000000000003,8.682491302490234,5.1638576390058555,3.3316693273856473,3.9240000000000004,True,AVOIDED,2.0,0.0,0.0,freeze,noise,22510016
proposed_enhanced_nm2.0,proposed_enhanced,0,30.0,0.4,30.0,20.0,True,,1.6278076864952844,3.86883317006296,1.7090420013711591,30.0,0.0,3.924000000000003,13.095218658447266,5.301974730924526,2.3185766122253804,3.9240000000000004,True,AVOIDED,2.0,0.0,0.0,freeze,noise,22510017
proposed_enhanced_nm2.0,proposed_enhanced,0,30.0,0.4,35.0,20.0,True,,2.786856789783708,3.138231822209185,2.0790636504245215,30.0,0.0,3.924000000000003,14.417692184448242,6.461019885565182,1.9881488384870496,3.9240000000000004,True,AVOIDED,2.0,0.0,0.0,freeze,noise,22510018
proposed_enhanced_nm2.0,proposed_enhanced,0,30.0,0.4,40.0,20.0,True,,5.814490102463411,4.153442104302504,1.9770552984121057,30.0,0.0,3.924000000000003,10.561277389526367,9.488794289761232,2.088566232210166,3.9240000000000004,True,AVOIDED,2.0,0.0,0.0,freeze,noise,22510019
proposed_enhanced_nm2.0,proposed_enhanced,0,40.0,0.85,20.0,20.0,False,vehicle.ue4.audi.tt,0.0,0.0,0.15037646216813683,20.710827764739257,19.289172235260743,8.338499999999982,0.0,3.8883575887983284,33.19125425725412,8.3385,True,COLLISION with vehicle.ue4.audi.tt,2.0,0.0,0.0,freeze,noise,22510020
proposed_enhanced_nm2.0,proposed_enhanced,0,40.0,0.85,25.0,20.0,False,vehicle.ue4.audi.tt,0.0,8.62440697473196,0.6149612830747088,39.399104871108065,0.6008951288919321,8.3385,0.0,3.8158108518826235,8.417455933979024,8.3385,True,COLLISION with vehicle.ue4.audi.tt,2.0,0.0,0.0,freeze,noise,22510021
proposed_enhanced_nm2.0,proposed_enhanced,0,40.0,0.85,30.0,20.0,True,,2.41667520803298,9.514435123968141,0.9608428615518894,40.0,0.0,8.338500000000018,8.563575744628906,6.090754403690758,5.530616895128892,8.3385,True,AVOIDED,2.0,0.0,0.0,freeze,noise,22510022
proposed_enhanced_nm2.0,proposed_enhanced,0,40.0,0.85,35.0,20.0,True,,1.349352538646107,5.098246249832536,1.3702009551277832,40.0,0.0,8.3385,14.048385620117188,5.023431868141458,3.95599612425383,8.3385,True,AVOIDED,2.0,0.0,0.0,freeze,noise,22510023
proposed_enhanced_nm2.0,proposed_enhanced,0,40.0,0.85,40.0,20.0,True,,1.902576143874123,5.099947416575229,1.4460354002661064,40.0,0.0,8.3385,14.046314239501953,5.576685856549943,3.8194841246594464,8.3385,True,AVOIDED,2.0,0.0,0.0,freeze,noise,22510024
proposed_enhanced_nm2.0,proposed_enhanced,0,40.0,0.4,20.0,20.0,False,vehicle.ue4.audi.tt,0.0,0.0,1.2518607036226785,33.08860290601171,6.911397093988291,3.924000000000003,0.0,3.820263313116803,3.9603839026224663,3.9240000000000004,True,COLLISION with vehicle.ue4.audi.tt,2.0,0.0,0.0,freeze,noise,22510025
proposed_enhanced_nm2.0,proposed_enhanced,0,40.0,0.4,25.0,20.0,True,,3.1537491825335966,4.068847346471196,1.6838269796147827,40.0,0.0,3.924000000000003,16.106365203857422,6.828026636260867,2.9670315408161603,3.9240000000000004,True,AVOIDED,2.0,0.0,0.0,freeze,noise,22510026
proposed_enhanced_nm2.0,proposed_enhanced,0,40.0,0.4,30.0,20.0,True,,2.4259508594047805,0.0,2.0900487491880138,40.0,0.0,3.924000000000003,21.801767349243164,6.1002550467026015,2.409627343899123,3.9240000000000004,True,AVOIDED,2.0,0.0,0.0,freeze,noise,22510027
proposed_enhanced_nm2.0,proposed_enhanced,0,40.0,0.4,35.0,20.0,True,,2.4714614264827137,4.034495733544858,1.5397127114380706,40.0,0.0,3.924000000000003,15.132467269897461,6.145765613780535,3.4490762113198645,3.9240000000000004,True,AVOIDED,2.0,0.0,0.0,freeze,noise,22510028
proposed_enhanced_nm2.0,proposed_enhanced,0,40.0,0.4,40.0,20.0,True,,3.96518527702558,4.102160749543544,1.9882779080849502,40.0,0.0,3.924000000000003,18.60717010498047,7.639344602206771,2.692462526255323,3.9240000000000004,True,AVOIDED,2.0,0.0,0.0,freeze,noise,22510029
proposed_enhanced_nm2.0,proposed_enhanced,0,50.0,0.85,20.0,20.0,True,,0.9796568158611416,8.731047913330707,1.0283507624270962,50.0,0.0,8.3385,12.61520004272461,4.653785715354404,6.251445427884491,8.3385,True,AVOIDED,2.0,0.0,0.0,freeze,noise,22510030
proposed_enhanced_nm2.0,proposed_enhanced,0,50.0,0.85,25.0,20.0,True,,1.1389041823567156,8.258539286993571,1.3215179926725467,50.0,0.0,8.338500000000018,17.286537170410156,4.812979606822237,4.850457329186079,8.3385,True,AVOIDED,2.0,0.0,0.0,freeze,noise,22510031
proposed_enhanced_nm2.0,proposed_enhanced,0,50.0,0.85,30.0,20.0,False,vehicle.ue4.audi.tt,0.0,0.0,0.613945021705189,38.19292828846796,11.807071711532037,8.338500000000018,0.0,3.8331226666580007,10.750528962788541,8.3385,True,COLLISION with vehicle.ue4.audi.tt,2.0,0.0,0.0,freeze,noise,22510032
proposed_enhanced_nm2.0,proposed_enhanced,0,50.0,0.85,35.0,20.0,True,,1.282818156992799,9.046357090180177,1.0049640659373305,50.0,0.0,8.338500000000018,13.001171112060547,4.95712234429062,6.639201261619354,8.3385,True,AVOIDED,2.0,0.0,0.0,freeze,noise,22510033
proposed_enhanced_nm2.0,proposed_enhanced,0,50.0,0.85,40.0,20.0,True,,2.495888798345331,9.04660370265828,1.3507387427231656,50.0,0.0,8.338500000000018,16.6195125579834,6.170192985643152,4.970826623211005,8.3385,True,AVOIDED,2.0,0.0,0.0,freeze,noise,22510034
proposed_enhanced_nm2.0,proposed_enhanced,0,50.0,0.4,20.0,20.0,False,vehicle.ue4.audi.tt,0.0,0.0,1.0283095496803998,30.89710919269787,19.10289080730213,3.9239999999999853,0.0,3.931804011362903,6.252550149773482,3.9240000000000004,True,COLLISION with vehicle.ue4.audi.tt,2.0,0.0,0.0,freeze,noise,22510035
proposed_enhanced_nm2.0,proposed_enhanced,0,50.0,0.4,25.0,20.0,False,vehicle.ue4.audi.tt,0.0,0.0,1.3758346436684956,38.277805660868836,11.722194339131166,3.924000000000003,0.0,3.8306275281397872,4.67320867168864,3.9240000000000004,True,COLLISION with vehicle.ue4.audi.tt,2.0,0.0,0.0,freeze,noise,22510036
proposed_enhanced_nm2.0,proposed_enhanced,0,50.0,0.4,30.0,20.0,True,,0.17951965028795547,4.043905941500906,1.693193044708282,50.0,0.0,3.924000000000003,23.768539428710938,3.8538238375857765,3.810387753672799,3.9240000000000004,True,AVOIDED,2.0,0.0,0.0,freeze,noise,22510037
proposed_enhanced_nm2.0,proposed_enhanced,0,50.0,0.4,35.0,20.0,True,,4.8785145733058926,4.017899664530882,2.0676783353048585,50.0,0.0,3.924000000000003,24.589216232299805,8.552818760603714,3.138659343808589,3.9240000000000004,True,AVOIDED,2.0,0.0,0.0,freeze,noise,22510038
proposed_enhanced_nm2.0,proposed_enhanced,0,50.0,0.4,40.0,20.0,True,,3.5021173598886675,4.070678056387523,2.4010143280389222,50.0,0.0,3.924000000000003,30.797471046447754,7.1764215471864885,2.716103077871017,3.9240000000000004,True,AVOIDED,2.0,0.0,0.0,freeze,noise,22510039
proposed_enhanced_nm2.0,proposed_enhanced,0,60.0,0.85,20.0,20.0,False,vehicle.ue4.audi.tt,0.0,0.0,0.8715222210920067,44.84740935167251,15.152590648327486,8.3385,0.0,3.8926817520277406,9.086393451542861,8.3385,True,COLLISION with vehicle.ue4.audi.tt,2.0,0.0,0.0,freeze,noise,22510040
proposed_enhanced_nm2.0,proposed_enhanced,0,60.0,0.85,25.0,20.0,True,,0.5394924928235163,8.499512357079121,1.1321023594448238,60.0,0.0,8.3385,17.8830509185791,4.213796680121337,6.9582527156196,8.3385,True,AVOIDED,2.0,0.0,0.0,freeze,noise,22510041
proposed_enhanced_nm2.0,proposed_enhanced,0,60.0,0.85,30.0,20.0,True,,2.263766157601389,8.853525974925764,1.450181401363242,60.0,0.0,8.3385,21.9559326171875,5.937894993676592,5.434061926855033,8.3385,True,AVOIDED,2.0,0.0,0.0,freeze,noise,22510042
proposed_enhanced_nm2.0,proposed_enhanced,0,60.0,0.85,35.0,20.0,True,,1.7110351413336007,6.586699103954385,1.7309784479218406,60.0,0.0,8.3385,27.479822158813477,5.385091474846609,4.564096871698413,8.3385,True,AVOIDED,2.0,0.0,0.0,freeze,noise,22510043
proposed_enhanced_nm2.0,proposed_enhanced,0,60.0,0.85,40.0,20.0,False,vehicle.ue4.audi.tt,0.0,8.76915442590436,0.9409190833451215,57.005421690817684,2.994578309182313,8.3385,0.0,3.812551458609789,8.58376355436793,8.3385,True,COLLISION with vehicle.ue4.audi.tt,2.0,0.0,0.0,freeze,noise,22510044
proposed_enhanced_nm2.0,proposed_enhanced,0,60.0,0.4,20.0,20.0,False,vehicle.ue4.audi.tt,0.0,0.0,0.8715254526935651,23.42066973115253,36.57933026884747,3.924000000000021,0.0,4.306487111253795,9.086313642403866,3.9240000000000004,True,COLLISION with vehicle.ue4.audi.tt,2.0,0.0,0.0,freeze,noise,22510045
proposed_enhanced_nm2.0,proposed_enhanced,0,60.0,0.4,25.0,20.0,False,vehicle.ue4.audi.tt,0.0,0.0,1.1320984504324096,38.97266202140629,21.027337978593703,3.924000000000021,0.0,3.8361552806586485,6.958298042137608,3.9240000000000004,True,COLLISION with vehicle.ue4.audi.tt,2.0,0.0,0.0,freeze,noise,22510046
proposed_enhanced_nm2.0,proposed_enhanced,0,60.0,0.4,30.0,20.0,False,vehicle.ue4.audi.tt,0.0,0.0,1.450180316163522,43.5424292271081,16.4575707728919,3.924000000000021,0.0,3.8264777487467945,5.434038122471865,3.9240000000000004,True,COLLISION with vehicle.ue4.audi.tt,2.0,0.0,0.0,freeze,noise,22510047
proposed_enhanced_nm2.0,proposed_enhanced,0,60.0,0.4,35.0,20.0,False,vehicle.ue4.audi.tt,0.0,0.0,1.7309820417473594,47.550827681529086,12.449172318470913,3.924000000000021,0.0,3.8217315018061844,4.564112807088881,3.9240000000000004,True,COLLISION with vehicle.ue4.audi.tt,2.0,0.0,0.0,freeze,noise,22510048
proposed_enhanced_nm2.0,proposed_enhanced,0,60.0,0.4,40.0,20.0,False,vehicle.ue4.audi.tt,0.0,4.065042883689418,2.016186606957437,56.80056542842427,3.1994345715757304,3.924000000000021,0.0,3.814060065192188,3.9298737880746435,3.9240000000000004,True,COLLISION with vehicle.ue4.audi.tt,2.0,0.0,0.0,freeze,noise,22510049
