label,controller,delay_frames,ego_speed_kmh,lead_speed_kmh,mu,headway_thw,headway_d,avoided,collision_with,s_clearance,a_b_mfdd,t_c_warn,dv_speed_var,collision_speed_kmh,peak_decel,brake_distance,min_dist,a_req_at_brake,a_max,is_conflict,result_txt,noise_sigma_m,noise_sigma_vr,dropout_p,dropout_mode,test_mode,seed,comp_source,comp_L_frames
baseline_d0f,baseline,0,20.0,20.0,0.85,1.0,5.555555555555555,True,,0.2019138357252963,10.453119983521168,1.0276972509210658,20.0,0.0,8.3385,2.132364273071289,4.9696979544055315,3.854961683271183,8.3385,True,AVOIDED,0.0,0.0,0.0,freeze,latency,11800000,,0
baseline_d0f,baseline,0,20.0,20.0,0.4,1.0,5.555555555555555,False,vehicle.ue4.audi.tt,0.0,0.0,1.027180161973942,8.740139531155819,11.259860468844181,3.924000000000003,0.0,4.895692838747953,3.8561031592528154,3.9240000000000004,True,COLLISION with vehicle.ue4.audi.tt,0.0,0.0,0.0,freeze,latency,11800001,,0
baseline_d0f,baseline,0,20.0,20.0,0.85,1.5,8.333333333333332,True,,1.0720443767769625,7.71498521924589,1.524544481957731,20.0,0.0,8.3385,2.937509536743164,5.839683536933365,3.642869055510605,8.3385,True,AVOIDED,0.0,0.0,0.0,freeze,latency,11800002,,0
baseline_d0f,baseline,0,20.0,20.0,0.4,1.5,8.333333333333332,False,vehicle.ue4.audi.tt,0.0,0.0,1.5241210236795302,15.290130420854286,4.709869579145714,3.924000000000003,0.0,4.907146465258253,3.6433767610283385,3.9240000000000004,True,COLLISION with vehicle.ue4.audi.tt,0.0,0.0,0.0,freeze,latency,11800003,,0
baseline_d0f,baseline,0,20.0,20.0,0.85,2.0,11.11111111111111,True,,1.3276138311944292,3.659027209484476,1.5769579829209088,20.0,0.0,3.335400049701338,4.358022689819336,6.095344544088494,2.6408963823463054,8.3385,True,AVOIDED,0.0,0.0,0.0,freeze,latency,11800004,,0
baseline_d0f,baseline,0,20.0,20.0,0.4,2.0,11.11111111111111,True,,0.20682145183274603,4.2613863048976794,1.5765482544638727,20.0,0.0,3.924000000000003,5.478311538696289,4.974672327687238,2.641128431557853,3.9240000000000004,True,AVOIDED,0.0,0.0,0.0,freeze,latency,11800005,,0
baseline_d0f,baseline,0,20.0,20.0,0.85,2.5,13.88888888888889,True,,3.0063323975487704,3.6585754881056736,1.5634631974108213,20.0,0.0,3.335400049701338,4.358644485473633,7.774063110438267,2.049671399985566,8.3385,True,AVOIDED,0.0,0.0,0.0,freeze,latency,11800006,,0
baseline_d0f,baseline,0,20.0,20.0,0.4,2.5,13.88888888888889,True,,0.5348053098150531,2.690518840616939,1.5631356248428965,20.0,0.0,3.924000000000003,6.829681396484375,5.302518856568293,2.0498076930225118,3.9240000000000004,True,AVOIDED,0.0,0.0,0.0,freeze,latency,11800007,,0
baseline_d0f,baseline,0,20.0,20.0,0.85,3.0,16.666666666666664,True,,4.4040851689989235,3.6574361751269278,1.5926756334445036,20.0,0.0,3.335400049701338,4.360797882080078,9.171817789249273,1.7271808654896244,8.3385,True,AVOIDED,0.0,0.0,0.0,freeze,latency,11800008,,0
baseline_d0f,baseline,0,20.0,20.0,0.4,3.0,16.666666666666664,True,,0.7004127617523199,2.0046487547329166,1.592566214080907,20.0,0.0,3.924000000000003,8.063982009887695,5.468263637606812,1.7272761451054515,3.9240000000000004,True,AVOIDED,0.0,0.0,0.0,freeze,latency,11800009,,0
baseline_d0f,baseline,0,30.0,30.0,0.85,1.0,8.333333333333334,True,,0.12737656277324128,9.287440317700943,1.4913584999013962,30.0,0.0,8.3385,5.677133560180664,4.895063406621209,5.527246761241946,8.3385,True,AVOIDED,0.0,0.0,0.0,freeze,latency,11800010,,0
baseline_d0f,baseline,0,30.0,30.0,0.4,1.0,8.333333333333334,False,vehicle.ue4.audi.tt,0.0,0.0,1.4965137535196515,17.77346760029708,12.226532399702918,3.924000000000003,0.0,4.92810249338815,5.529156961112872,3.9240000000000004,True,COLLISION with vehicle.ue4.audi.tt,0.0,0.0,0.0,freeze,latency,11800011,,0
baseline_d0f,baseline,0,30.0,30.0,0.85,1.5,12.5,True,,10.828506470244266,3.531742353532066,0.8962995844680557,30.0,0.0,3.335400049701338,9.485336303710938,12.086236954205217,4.452967812325008,8.3385,True,AVOIDED,0.0,0.0,0.0,freeze,latency,11800012,,0
baseline_d0f,baseline,0,30.0,30.0,0.4,1.5,12.5,False,vehicle.ue4.audi.tt,0.0,0.0,1.5001870955425671,20.78264135038605,9.21735864961395,3.924000000000003,0.0,4.922472001971764,4.542613936001572,3.9240000000000004,True,COLLISION with vehicle.ue4.audi.tt,0.0,0.0,0.0,freeze,latency,11800013,,0
baseline_d0f,baseline,0,30.0,30.0,0.85,2.0,16.666666666666668,True,,1.5107250217146735,4.938377924045225,1.558501907856058,30.0,0.0,8.3385,8.07876968383789,6.27849197412271,3.553040417315222,8.3385,True,AVOIDED,0.0,0.0,0.0,freeze,latency,11800014,,0
baseline_d0f,baseline,0,30.0,30.0,0.4,2.0,16.666666666666668,False,vehicle.ue4.audi.tt,0.0,0.0,1.5556423846254275,22.251260737266104,7.748739262733896,3.924000000000003,0.0,4.906608638545983,3.5536331835203545,3.9240000000000004,True,COLLISION with vehicle.ue4.audi.tt,0.0,0.0,0.0,freeze,latency,11800015,,0
baseline_d0f,baseline,0,30.0,30.0,0.85,2.5,20.833333333333336,True,,1.730516606536093,3.502564285803724,1.555509886909128,30.0,0.0,3.335400049701338,9.959571838378906,6.498367482390585,2.9208720157525128,8.3385,True,AVOIDED,0.0,0.0,0.0,freeze,latency,11800016,,0
baseline_d0f,baseline,0,30.0,30.0,0.4,2.5,20.833333333333336,False,vehicle.ue4.audi.tt,0.0,0.0,1.5568011846642291,23.030408738648983,6.969591261351017,3.924000000000003,0.0,4.898860932119428,2.921264935779513,3.9240000000000004,True,COLLISION with vehicle.ue4.audi.tt,0.0,0.0,0.0,freeze,latency,11800017,,0
baseline_d0f,baseline,0,30.0,30.0,0.85,3.0,25.0,True,,2.9992240114637587,3.501718372541213,1.5663577887799187,30.0,0.0,3.335400049701338,9.961446762084961,7.767074887318251,2.6387316278142037,8.3385,True,AVOIDED,0.0,0.0,0.0,freeze,latency,11800018,,0
baseline_d0f,baseline,0,30.0,30.0,0.4,3.0,25.0,False,vehicle.ue4.audi.tt,0.0,0.0,1.564538689948,24.378391647114846,5.621608352885156,3.924000000000003,0.0,4.909687560513702,2.6390243405774925,3.9240000000000004,True,COLLISION with vehicle.ue4.audi.tt,0.0,0.0,0.0,freeze,latency,11800019,,0
baseline_d0f,baseline,0,40.0,40.0,0.85,1.0,11.11111111111111,False,vehicle.ue4.audi.tt,0.0,0.0,1.463429358931834,32.86637118689079,7.133628813109211,8.3385,0.0,4.906415428690845,6.585243016700176,8.3385,True,COLLISION with vehicle.ue4.audi.tt,0.0,0.0,0.0,freeze,latency,11800020,,0
baseline_d0f,baseline,0,40.0,40.0,0.4,1.0,11.11111111111111,False,vehicle.ue4.audi.tt,0.0,0.0,1.4625655724835638,23.458496655187854,16.541503344812146,3.9239999999999853,0.0,4.919025429714253,6.587173239442366,3.9240000000000004,True,COLLISION with vehicle.ue4.audi.tt,0.0,0.0,0.0,freeze,latency,11800021,,0
baseline_d0f,baseline,0,40.0,40.0,0.85,1.5,16.666666666666664,False,vehicle.ue4.audi.tt,0.0,8.92490351418854,1.4978989383190238,37.41658734701361,2.5834126529863894,8.338500000000018,0.0,4.894690617894768,5.610379576220253,8.3385,True,COLLISION with vehicle.ue4.audi.tt,0.0,0.0,0.0,freeze,latency,11800022,,0
baseline_d0f,baseline,0,40.0,40.0,0.4,1.5,16.666666666666664,False,vehicle.ue4.audi.tt,0.0,0.0,1.4979309987928373,26.110008614152303,13.889991385847697,3.924000000000003,0.0,4.9055557769639435,5.610950213515961,3.9240000000000004,True,COLLISION with vehicle.ue4.audi.tt,0.0,0.0,0.0,freeze,latency,11800023,,0
baseline_d0f,baseline,0,40.0,40.0,0.85,2.0,22.22222222222222,True,,0.9787410214319259,6.835319143198157,1.5352075693094698,40.0,0.0,8.3385,12.093549728393555,5.746363019271489,4.646139043398756,8.3385,True,AVOIDED,0.0,0.0,0.0,freeze,latency,11800024,,0
baseline_d0f,baseline,0,40.0,40.0,0.4,2.0,22.22222222222222,False,vehicle.ue4.audi.tt,0.0,0.0,1.5346654269310267,26.964320445550694,13.035679554449306,3.924000000000003,0.0,4.939426449615423,4.6472998193919,3.9240000000000004,True,COLLISION with vehicle.ue4.audi.tt,0.0,0.0,0.0,freeze,latency,11800025,,0
baseline_d0f,baseline,0,40.0,40.0,0.85,2.5,27.77777777777778,True,,1.4725434958939632,5.219126710515103,1.517171235020837,40.0,0.0,8.3385,13.846500396728516,6.240394371748455,3.970144486766125,8.3385,True,AVOIDED,0.0,0.0,0.0,freeze,latency,11800026,,0
baseline_d0f,baseline,0,40.0,40.0,0.4,2.5,27.77777777777778,False,vehicle.ue4.audi.tt,0.0,0.0,1.5170054847351226,27.7373532942963,12.262646705703698,3.924000000000003,0.0,4.91310166039766,3.9704487614236386,3.9240000000000004,True,COLLISION with vehicle.ue4.audi.tt,0.0,0.0,0.0,freeze,latency,11800027,,0
baseline_d0f,baseline,0,40.0,40.0,0.85,3.0,33.33333333333333,True,,1.5411349219426969,4.038347363173135,1.592462827843923,40.0,0.0,8.3385,16.02057647705078,6.308795072785682,3.468196068378685,8.3385,True,AVOIDED,0.0,0.0,0.0,freeze,latency,11800028,,0
baseline_d0f,baseline,0,40.0,40.0,0.4,3.0,33.33333333333333,False,vehicle.ue4.audi.tt,0.0,0.0,1.592781703536857,28.577360523132906,11.422639476867094,3.924000000000003,0.0,4.922974686552187,3.4679312656333,3.9240000000000004,True,COLLISION with vehicle.ue4.audi.tt,0.0,0.0,0.0,freeze,latency,11800029,,0
baseline_d0f,baseline,0,50.0,50.0,0.85,1.0,13.88888888888889,False,vehicle.ue4.audi.tt,0.0,0.0,1.5396789646693683,36.371841164407755,13.628158835592249,8.338500000000018,0.0,4.933880086112321,7.339271753267539,8.3385,True,COLLISION with vehicle.ue4.audi.tt,0.0,0.0,0.0,freeze,latency,11800030,,0
baseline_d0f,baseline,0,50.0,50.0,0.4,1.0,13.88888888888889,False,vehicle.ue4.audi.tt,0.0,0.0,1.5414885258865976,26.078885444881553,23.921114555118447,3.9239999999999853,0.0,4.899126578404428,7.337281362407446,3.9240000000000004,True,COLLISION with vehicle.ue4.audi.tt,0.0,0.0,0.0,freeze,latency,11800031,,0
baseline_d0f,baseline,0,50.0,50.0,0.85,1.5,20.833333333333336,False,vehicle.ue4.audi.tt,0.0,0.0,1.5366633997877233,39.88675204671759,10.11324795328241,8.338500000000018,0.0,4.921982277488087,6.602333366155927,8.3385,True,COLLISION with vehicle.ue4.audi.tt,0.0,0.0,0.0,freeze,latency,11800032,,0
baseline_d0f,baseline,0,50.0,50.0,0.4,1.5,20.833333333333336,False,vehicle.ue4.audi.tt,0.0,0.0,1.5369289512874023,30.446771582148187,19.553228417851813,3.9239999999999853,0.0,4.899681247845509,6.603225939597002,3.9240000000000004,True,COLLISION with vehicle.ue4.audi.tt,0.0,0.0,0.0,freeze,latency,11800033,,0
baseline_d0f,baseline,0,50.0,50.0,0.85,2.0,27.77777777777778,False,vehicle.ue4.audi.tt,0.0,0.0,1.5387210192923593,42.83421272808645,7.165787271913549,8.3385,0.0,4.91748862549032,5.759141036102191,8.3385,True,COLLISION with vehicle.ue4.audi.tt,0.0,0.0,0.0,freeze,latency,11800034,,0
baseline_d0f,baseline,0,50.0,50.0,0.4,2.0,27.77777777777778,False,vehicle.ue4.audi.tt,0.0,0.0,1.5380030540665015,31.43132428664935,18.56867571335065,3.9239999999999853,0.0,4.918584833502005,5.759328130792308,3.9240000000000004,True,COLLISION with vehicle.ue4.audi.tt,0.0,0.0,0.0,freeze,latency,11800035,,0
baseline_d0f,baseline,0,50.0,50.0,0.85,2.5,34.72222222222222,True,,0.1683500967284015,6.567985614938648,1.5828040117239706,50.0,0.0,8.3385,19.157581329345703,4.9359530090479655,4.923026994393354,8.3385,True,AVOIDED,0.0,0.0,0.0,freeze,latency,11800036,,0
baseline_d0f,baseline,0,50.0,50.0,0.4,2.5,34.72222222222222,False,vehicle.ue4.audi.tt,0.0,0.0,1.5819599028718807,31.970880585481353,18.029119414518647,3.9239999999999853,0.0,4.936582053937945,4.923476883813943,3.9240000000000004,True,COLLISION with vehicle.ue4.audi.tt,0.0,0.0,0.0,freeze,latency,11800037,,0
baseline_d0f,baseline,0,50.0,50.0,0.85,3.0,41.66666666666667,False,,0.0,0.0,1.5530828909371022,50.0,0.0,3.3354000497013203,0.0,11.28359317338748,4.444667012930342,8.3385,True,NO BRAKE / passed,0.0,0.0,0.0,freeze,latency,11800038,,0
baseline_d0f,baseline,0,50.0,50.0,0.4,3.0,41.66666666666667,False,,0.0,0.0,1.55346833250409,50.0,0.0,3.9239999999999853,0.0,10.91912409555383,4.444685535881227,3.9240000000000004,True,NO BRAKE / passed,0.0,0.0,0.0,freeze,latency,11800039,,0
baseline_d0f,baseline,0,60.0,60.0,0.85,1.0,16.666666666666668,False,vehicle.ue4.audi.tt,0.0,0.0,1.5414337970136753,38.1851233173585,21.814876682641493,8.338499999999982,0.0,4.899555210549338,8.178634435944101,8.3385,True,COLLISION with vehicle.ue4.audi.tt,0.0,0.0,0.0,freeze,latency,11800040,,0
baseline_d0f,baseline,0,60.0,60.0,0.4,1.0,16.666666666666668,False,vehicle.ue4.audi.tt,0.0,0.0,1.5426327367458859,30.715187954248602,29.284812045751398,3.9239999999999853,0.0,4.916126253274321,8.171760926367462,3.9240000000000004,True,COLLISION with vehicle.ue4.audi.tt,0.0,0.0,0.0,freeze,latency,11800041,,0
baseline_d0f,baseline,0,60.0,60.0,0.85,1.5,25.0,False,vehicle.ue4.audi.tt,0.0,0.0,1.5179003642955156,44.11457368289726,15.885426317102741,8.338499999999982,0.0,4.96635080334963,7.723672276625629,8.3385,True,COLLISION with vehicle.ue4.audi.tt,0.0,0.0,0.0,freeze,latency,11800042,,0
baseline_d0f,baseline,0,60.0,60.0,0.4,1.5,25.0,False,vehicle.ue4.audi.tt,0.0,0.0,1.5179303995262177,35.65139792928109,24.348602070718908,3.9239999999999853,0.0,4.990619807087106,7.724693973202227,3.9240000000000004,True,COLLISION with vehicle.ue4.audi.tt,0.0,0.0,0.0,freeze,latency,11800043,,0
baseline_d0f,baseline,0,60.0,60.0,0.85,2.0,33.333333333333336,False,,0.0,0.0,1.5878646170813733,60.0,0.0,8.338499999999982,0.0,8.24083328394134,6.755292853330584,8.3385,True,NO BRAKE / passed,0.0,0.0,0.0,freeze,latency,11800044,,0
baseline_d0f,baseline,0,60.0,60.0,0.4,2.0,33.333333333333336,False,,0.0,0.0,1.5876596103857359,60.0,0.0,3.9239999999999853,0.0,8.101230621449048,6.755814378925434,3.9240000000000004,True,NO BRAKE / passed,0.0,0.0,0.0,freeze,latency,11800045,,0
baseline_d0f,baseline,0,60.0,60.0,0.85,2.5,41.66666666666667,False,,0.0,0.0,1.5878978870973606,60.0,0.0,3.3354000497013203,0.0,16.25029754815325,6.002032820303024,8.3385,True,NO BRAKE / passed,0.0,0.0,0.0,freeze,latency,11800046,,0
baseline_d0f,baseline,0,60.0,60.0,0.4,2.5,41.66666666666667,False,,0.0,0.0,1.5876460410358477,60.0,0.0,1.5696000233888796,0.0,16.487026217557965,6.002366512836536,3.9240000000000004,True,NO BRAKE / passed,0.0,0.0,0.0,freeze,latency,11800047,,0
baseline_d0f,baseline,0,60.0,60.0,0.85,3.0,50.0,False,,0.0,0.0,1.5531412837826004,60.0,0.0,3.3354000497013203,0.0,24.612155915762973,5.411479914972096,8.3385,True,NO BRAKE / passed,0.0,0.0,0.0,freeze,latency,11800048,,0
baseline_d0f,baseline,0,60.0,60.0,0.4,3.0,50.0,False,,0.0,0.0,1.5528560793872372,60.0,0.0,1.5696000233888796,0.0,24.487895967343547,5.411740493118561,3.9240000000000004,True,NO BRAKE / passed,0.0,0.0,0.0,freeze,latency,11800049,,0
baseline_d4f,baseline,4,20.0,20.0,0.85,1.0,5.555555555555555,False,vehicle.ue4.audi.tt,0.0,0.0,0.19936290766111397,7.145015571629784,12.854984428370216,8.3385,0.0,4.906482697873405,10.989080837156738,8.3385,True,COLLISION with vehicle.ue4.audi.tt,0.0,0.0,0.0,freeze,latency,11840000,,0
baseline_d4f,baseline,4,20.0,20.0,0.4,1.0,5.555555555555555,False,vehicle.ue4.audi.tt,0.0,0.0,0.19924750429983826,6.365756088116239,13.634243911883761,3.924000000000003,0.0,4.919015893836408,10.993834356511538,3.9240000000000004,True,COLLISION with vehicle.ue4.audi.tt,0.0,0.0,0.0,freeze,latency,11840001,,0
baseline_d4f,baseline,4,20.0,20.0,0.85,1.5,8.333333333333332,True,,0.21853447486843436,9.608088058502371,0.763968767644508,20.0,0.0,8.3385,2.688884735107422,4.986253743667402,5.126813767198609,8.3385,True,AVOIDED,0.0,0.0,0.0,freeze,latency,11840002,,0
baseline_d4f,baseline,4,20.0,20.0,0.4,1.5,8.333333333333332,False,vehicle.ue4.audi.tt,0.0,0.0,0.7637303179399831,12.922248530547677,7.077751469452324,3.924000000000003,0.0,4.9098415392458294,5.127695868345429,3.9240000000000004,True,COLLISION with vehicle.ue4.audi.tt,0.0,0.0,0.0,freeze,latency,11840003,,0
baseline_d4f,baseline,4,20.0,20.0,0.85,2.0,11.11111111111111,True,,1.0261516575198835,5.1735438694308105,0.9701622027854706,20.0,0.0,8.3385,3.557870864868164,5.794002533374376,3.2882735659520312,8.3385,True,AVOIDED,0.0,0.0,0.0,freeze,latency,11840004,,0
baseline_d4f,baseline,4,20.0,20.0,0.4,2.0,11.11111111111111,False,vehicle.ue4.audi.tt,0.0,0.0,0.9699192792650284,15.075259153510318,4.924740846489682,3.924000000000003,0.0,4.902425779105201,3.288622387228563,3.9240000000000004,True,COLLISION with vehicle.ue4.audi.tt,0.0,0.0,0.0,freeze,latency,11840005,,0
baseline_d4f,baseline,4,20.0,20.0,0.85,2.5,13.88888888888889,True,,1.9042930605320114,3.6583654231388554,1.1355760585213421,20.0,0.0,3.335400049701338,4.358943939208984,6.672019958725375,2.4161781460704046,8.3385,True,AVOIDED,0.0,0.0,0.0,freeze,latency,11840006,,0
baseline_d4f,baseline,4,20.0,20.0,0.4,2.5,13.88888888888889,False,vehicle.ue4.audi.tt,0.0,0.0,1.135489605829364,16.708044653503595,3.2919553464964055,3.924000000000003,0.0,4.8928891490224045,2.4163623690086666,3.9240000000000004,True,COLLISION with vehicle.ue4.audi.tt,0.0,0.0,0.0,freeze,latency,11840007,,0
baseline_d4f,baseline,4,20.0,20.0,0.85,3.0,16.666666666666664,True,,3.302757263605189,3.6579978674862454,1.3921160985308931,20.0,0.0,3.335400049701338,4.359958648681641,8.070487976481326,1.9754115938062764,8.3385,True,AVOIDED,0.0,0.0,0.0,freeze,latency,11840008,,0
baseline_d4f,baseline,4,20.0,20.0,0.4,3.0,16.666666666666664,False,vehicle.ue4.audi.tt,0.0,2.2397436543395615,1.39200878772205,19.579501359836218,0.4204986401637827,3.924000000000003,0.0,4.892347349521575,1.9755367873295822,3.9240000000000004,True,COLLISION with vehicle.ue4.audi.tt,0.0,0.0,0.0,freeze,latency,11840009,,0
baseline_d4f,baseline,4,30.0,30.0,0.85,1.0,8.333333333333334,False,vehicle.ue4.audi.tt,0.0,0.0,0.729844378578023,20.012818832667406,9.987181167332594,8.3385,0.0,4.897037513779118,8.104984495119513,8.3385,True,COLLISION with vehicle.ue4.audi.tt,0.0,0.0,0.0,freeze,latency,11840010,,0
baseline_d4f,baseline,4,30.0,30.0,0.4,1.0,8.333333333333334,False,vehicle.ue4.audi.tt,0.0,0.0,0.7312167076160889,15.821550154958738,14.178449845041262,3.924000000000003,0.0,4.943321236627063,8.108274098307549,3.9240000000000004,True,COLLISION with vehicle.ue4.audi.tt,0.0,0.0,0.0,freeze,latency,11840011,,0
baseline_d4f,baseline,4,30.0,30.0,0.85,1.5,12.5,False,vehicle.ue4.audi.tt,0.0,0.0,0.9554581498416795,25.497908293836552,4.502091706163446,8.3385,0.0,4.906948234403001,5.824211749348759,8.3385,True,COLLISION with vehicle.ue4.audi.tt,0.0,0.0,0.0,freeze,latency,11840012,,0
baseline_d4f,baseline,4,30.0,30.0,0.4,1.5,12.5,False,vehicle.ue4.audi.tt,0.0,0.0,0.9564808478153507,18.795183400197985,11.204816599802015,3.924000000000003,0.0,4.934471131892818,5.8257247245048065,3.9240000000000004,True,COLLISION with vehicle.ue4.audi.tt,0.0,0.0,0.0,freeze,latency,11840013,,0
baseline_d4f,baseline,4,30.0,30.0,0.85,2.0,16.666666666666668,True,,0.7636623753540732,6.226390715138064,1.0947374869746265,30.0,0.0,8.3385,7.170934677124023,5.531253851851491,4.298202480315941,8.3385,True,AVOIDED,0.0,0.0,0.0,freeze,latency,11840014,,0
baseline_d4f,baseline,4,30.0,30.0,0.4,2.0,16.666666666666668,False,vehicle.ue4.audi.tt,0.0,0.0,1.092987038489153,20.432942569012994,9.567057430987008,3.924000000000003,0.0,4.919910453304924,4.299092695669043,3.9240000000000004,True,COLLISION with vehicle.ue4.audi.tt,0.0,0.0,0.0,freeze,latency,11840015,,0
baseline_d4f,baseline,4,30.0,30.0,0.85,2.5,20.833333333333336,True,,1.0213261573230774,4.090453053484257,1.212731995967634,30.0,0.0,8.3385,9.013877868652344,5.789013001495966,3.4073182283470844,8.3385,True,AVOIDED,0.0,0.0,0.0,freeze,latency,11840016,,0
baseline_d4f,baseline,4,30.0,30.0,0.4,2.5,20.833333333333336,False,vehicle.ue4.audi.tt,0.0,0.0,1.2137853939234433,20.861862215811755,9.138137784188245,3.924000000000003,0.0,4.910205844217012,3.407834114297082,3.9240000000000004,True,COLLISION with vehicle.ue4.audi.tt,0.0,0.0,0.0,freeze,latency,11840017,,0
baseline_d4f,baseline,4,30.0,30.0,0.85,3.0,25.0,True,,1.3443244770452383,3.501718372541213,1.3663464184981884,30.0,0.0,3.335400049701338,9.961446762084961,6.1121753528997305,3.0249853112878258,8.3385,True,AVOIDED,0.0,0.0,0.0,freeze,latency,11840018,,0
baseline_d4f,baseline,4,30.0,30.0,0.4,3.0,25.0,False,vehicle.ue4.audi.tt,0.0,0.0,1.3647443936102197,22.038935072057022,7.961064927942976,3.924000000000003,0.0,4.922088944310804,3.025388149851385,3.9240000000000004,True,COLLISION with vehicle.ue4.audi.tt,0.0,0.0,0.0,freeze,latency,11840019,,0
baseline_d4f,baseline,4,40.0,40.0,0.85,1.0,11.11111111111111,False,vehicle.ue4.audi.tt,0.0,0.0,0.8756074937147528,26.05332701778665,13.946672982213352,8.3385,0.0,4.919059536727243,8.743117185153839,8.3385,True,COLLISION with vehicle.ue4.audi.tt,0.0,0.0,0.0,freeze,latency,11840020,,0
baseline_d4f,baseline,4,40.0,40.0,0.4,1.0,11.11111111111111,False,vehicle.ue4.audi.tt,0.0,0.0,0.8751343863809555,20.16180148821102,19.83819851178898,3.9239999999999853,0.0,4.897378931377074,8.74444540734935,3.9240000000000004,True,COLLISION with vehicle.ue4.audi.tt,0.0,0.0,0.0,freeze,latency,11840021,,0
baseline_d4f,baseline,4,40.0,40.0,0.85,1.5,16.666666666666664,False,vehicle.ue4.audi.tt,0.0,0.0,1.0351132236646037,30.23457961449418,9.765420385505818,8.3385,0.0,4.929866669368284,7.041424666662751,8.3385,True,COLLISION with vehicle.ue4.audi.tt,0.0,0.0,0.0,freeze,latency,11840022,,0
baseline_d4f,baseline,4,40.0,40.0,0.4,1.5,16.666666666666664,False,vehicle.ue4.audi.tt,0.0,0.0,1.0350812993606475,23.508453952218417,16.491546047781583,3.9239999999999853,0.0,4.9167939279973645,7.042388483023219,3.9240000000000004,True,COLLISION with vehicle.ue4.audi.tt,0.0,0.0,0.0,freeze,latency,11840023,,0
baseline_d4f,baseline,4,40.0,40.0,0.85,2.0,22.22222222222222,False,vehicle.ue4.audi.tt,0.0,0.0,1.134286564099166,34.331252409548455,5.668747590451548,8.338500000000018,0.0,4.915229809498038,5.5897429045990155,8.3385,True,COLLISION with vehicle.ue4.audi.tt,0.0,0.0,0.0,freeze,latency,11840024,,0
baseline_d4f,baseline,4,40.0,40.0,0.4,2.0,22.22222222222222,False,vehicle.ue4.audi.tt,0.0,0.0,1.1338110003088078,24.818909237686327,15.181090762313673,3.9239999999999853,0.0,4.916511643030532,5.5914424315902735,3.9240000000000004,True,COLLISION with vehicle.ue4.audi.tt,0.0,0.0,0.0,freeze,latency,11840025,,0
baseline_d4f,baseline,4,40.0,40.0,0.85,2.5,27.77777777777778,False,vehicle.ue4.audi.tt,0.0,5.900817814410924,1.188778447302535,38.598641473451295,1.4013585265487079,8.3385,0.0,4.892730777990976,4.645473035571714,8.3385,True,COLLISION with vehicle.ue4.audi.tt,0.0,0.0,0.0,freeze,latency,11840026,,0
baseline_d4f,baseline,4,40.0,40.0,0.4,2.5,27.77777777777778,False,vehicle.ue4.audi.tt,0.0,0.0,1.1888201502848774,25.48476010874171,14.515239891258291,3.924000000000003,0.0,4.914253235349676,4.645884813211673,3.9240000000000004,True,COLLISION with vehicle.ue4.audi.tt,0.0,0.0,0.0,freeze,latency,11840027,,0
baseline_d4f,baseline,4,40.0,40.0,0.85,3.0,33.33333333333333,True,,0.5721476984134828,4.637068702055508,1.3922065534487515,40.0,0.0,8.3385,14.781688690185547,5.339998574267975,3.966928132863808,8.3385,True,AVOIDED,0.0,0.0,0.0,freeze,latency,11840028,,0
baseline_d4f,baseline,4,40.0,40.0,0.4,3.0,33.33333333333333,False,vehicle.ue4.audi.tt,0.0,0.0,1.3924666017400982,27.084074919019315,12.915925080980687,3.924000000000003,0.0,4.90341298047175,3.96659779384114,3.9240000000000004,True,COLLISION with vehicle.ue4.audi.tt,0.0,0.0,0.0,freeze,latency,11840029,,0
baseline_d4f,baseline,4,50.0,50.0,0.85,1.0,13.88888888888889,False,vehicle.ue4.audi.tt,0.0,0.0,1.003460044140363,30.145847281061716,19.854152718938284,8.338500000000018,0.0,4.925571539786962,9.313744075747058,8.3385,True,COLLISION with vehicle.ue4.audi.tt,0.0,0.0,0.0,freeze,latency,11840030,,0
baseline_d4f,baseline,4,50.0,50.0,0.4,1.0,13.88888888888889,False,vehicle.ue4.audi.tt,0.0,0.0,1.0035467449680004,25.311161593261765,24.688838406738235,3.9239999999999853,0.0,4.905585533116036,9.318251515252257,3.9240000000000004,True,COLLISION with vehicle.ue4.audi.tt,0.0,0.0,0.0,freeze,latency,11840031,,0
baseline_d4f,baseline,4,50.0,50.0,0.85,1.5,20.833333333333336,False,vehicle.ue4.audi.tt,0.0,0.0,1.1107990800769274,34.43961630635854,15.56038369364146,8.338499999999982,0.0,4.90118074270257,8.16594284665818,8.3385,True,COLLISION with vehicle.ue4.audi.tt,0.0,0.0,0.0,freeze,latency,11840032,,0
baseline_d4f,baseline,4,50.0,50.0,0.4,1.5,20.833333333333336,False,vehicle.ue4.audi.tt,0.0,0.0,1.1108376309358685,28.653550765527168,21.346449234472832,3.9239999999999853,0.0,4.899290700630436,8.167858421185397,3.9240000000000004,True,COLLISION with vehicle.ue4.audi.tt,0.0,0.0,0.0,freeze,latency,11840033,,0
baseline_d4f,baseline,4,50.0,50.0,0.85,2.0,27.77777777777778,False,vehicle.ue4.audi.tt,0.0,0.0,1.1688908850900483,36.95587068870251,13.044129311297489,8.338500000000018,0.0,4.925861598015267,6.908683782026902,8.3385,True,COLLISION with vehicle.ue4.audi.tt,0.0,0.0,0.0,freeze,latency,11840034,,0
baseline_d4f,baseline,4,50.0,50.0,0.4,2.0,27.77777777777778,False,vehicle.ue4.audi.tt,0.0,0.0,1.1683735821838197,29.740132231997148,20.259867768002852,3.9239999999999853,0.0,4.939744334306133,6.908853525194052,3.9240000000000004,True,COLLISION with vehicle.ue4.audi.tt,0.0,0.0,0.0,freeze,latency,11840035,,0
baseline_d4f,baseline,4,50.0,50.0,0.85,2.5,34.72222222222222,False,vehicle.ue4.audi.tt,0.0,0.0,1.241480175800436,38.88966703014445,11.110332969855547,8.3385,0.0,4.899644860929796,5.7556154081535755,8.3385,True,COLLISION with vehicle.ue4.audi.tt,0.0,0.0,0.0,freeze,latency,11840036,,0
baseline_d4f,baseline,4,50.0,50.0,0.4,2.5,34.72222222222222,False,vehicle.ue4.audi.tt,0.0,0.0,1.2408259042946808,30.56140988420019,19.43859011579981,3.9239999999999853,0.0,4.977248163644335,5.756140591319737,3.9240000000000004,True,COLLISION with vehicle.ue4.audi.tt,0.0,0.0,0.0,freeze,latency,11840037,,0
baseline_d4f,baseline,4,50.0,50.0,0.85,3.0,41.66666666666667,False,,0.0,0.0,1.3531075454744064,50.0,0.0,3.3354000497013203,0.0,11.46854492516448,5.101627635267165,8.3385,True,NO BRAKE / passed,0.0,0.0,0.0,freeze,latency,11840038,,0
baseline_d4f,baseline,4,50.0,50.0,0.4,3.0,41.66666666666667,False,,0.0,0.0,1.3534279721109381,50.0,0.0,1.5696000233888796,0.0,11.15300925081736,5.101682456378316,3.9240000000000004,True,NO BRAKE / passed,0.0,0.0,0.0,freeze,latency,11840039,,0
baseline_d4f,baseline,4,60.0,60.0,0.85,1.0,16.666666666666668,False,vehicle.ue4.audi.tt,0.0,0.0,1.0546417261490215,33.68314266964994,26.31685733035006,8.338499999999982,0.0,4.911373138728561,10.151701880201367,8.3385,True,COLLISION with vehicle.ue4.audi.tt,0.0,0.0,0.0,freeze,latency,11840040,,0
baseline_d4f,baseline,4,60.0,60.0,0.4,1.0,16.666666666666668,False,vehicle.ue4.audi.tt,0.0,0.0,1.0552988735575157,28.555942153141714,31.444057846858286,3.9239999999999853,0.0,4.978389333385295,10.149838241248757,3.9240000000000004,True,COLLISION with vehicle.ue4.audi.tt,0.0,0.0,0.0,freeze,latency,11840041,,0
baseline_d4f,baseline,4,60.0,60.0,0.85,1.5,25.0,False,vehicle.ue4.audi.tt,0.0,0.0,1.1272584689226723,39.10692967771631,20.893070322283688,8.338499999999982,0.0,4.898285753231562,9.481403369900773,8.3385,True,COLLISION with vehicle.ue4.audi.tt,0.0,0.0,0.0,freeze,latency,11840042,,0
baseline_d4f,baseline,4,60.0,60.0,0.4,1.5,25.0,False,vehicle.ue4.audi.tt,0.0,0.0,1.1271868468154527,34.0069582017553,25.993041798244697,3.9239999999999853,0.0,4.977467410306199,9.482601227860556,3.9240000000000004,True,COLLISION with vehicle.ue4.audi.tt,0.0,0.0,0.0,freeze,latency,11840043,,0
baseline_d4f,baseline,4,60.0,60.0,0.85,2.0,33.333333333333336,False,,0.0,0.0,1.2298864730637769,60.0,0.0,8.338499999999982,0.0,8.425735474971637,8.067643809727066,8.3385,True,NO BRAKE / passed,0.0,0.0,0.0,freeze,latency,11840044,,0
baseline_d4f,baseline,4,60.0,60.0,0.4,2.0,33.333333333333336,False,,0.0,0.0,1.2296918429068033,60.0,0.0,3.9239999999999853,0.0,8.38717271223289,8.068265585518043,3.9240000000000004,True,NO BRAKE / passed,0.0,0.0,0.0,freeze,latency,11840045,,0
baseline_d4f,baseline,4,60.0,60.0,0.85,2.5,41.66666666666667,False,,0.0,0.0,1.2622215373141135,60.0,0.0,3.3354000497013203,0.0,16.515815736512643,7.022934793999116,8.3385,True,NO BRAKE / passed,0.0,0.0,0.0,freeze,latency,11840046,,0
baseline_d4f,baseline,4,60.0,60.0,0.4,2.5,41.66666666666667,False,,0.0,0.0,1.2620051540529171,60.0,0.0,1.5696000233888796,0.0,16.272926333628092,7.023391210343164,3.9240000000000004,True,NO BRAKE / passed,0.0,0.0,0.0,freeze,latency,11840047,,0
baseline_d4f,baseline,4,60.0,60.0,0.85,3.0,50.0,False,,0.0,0.0,1.3311883207596167,60.0,0.0,3.3354000497013203,0.0,25.20958709838738,6.224241354226437,8.3385,True,NO BRAKE / passed,0.0,0.0,0.0,freeze,latency,11840048,,0
baseline_d4f,baseline,4,60.0,60.0,0.4,3.0,50.0,False,,0.0,0.0,1.3311078561744822,60.0,0.0,1.569600023388844,0.0,25.195163728491156,6.224588343193254,3.9240000000000004,True,NO BRAKE / passed,0.0,0.0,0.0,freeze,latency,11840049,,0
baseline_d8f,baseline,8,20.0,20.0,0.85,1.0,5.555555555555555,False,vehicle.ue4.audi.tt,0.0,0.0,0.0,5.713282639162758,14.286717360837242,0.0,0.0,4.9217739122693045,0.0,8.3385,True,COLLISION with vehicle.ue4.audi.tt,0.0,0.0,0.0,freeze,latency,11880000,,0
baseline_d8f,baseline,8,20.0,20.0,0.4,1.0,5.555555555555555,False,vehicle.ue4.audi.tt,0.0,0.0,0.0,5.715610086983789,14.284389913016211,0.0,0.0,4.9218521202430665,0.0,3.9240000000000004,True,COLLISION with vehicle.ue4.audi.tt,0.0,0.0,0.0,freeze,latency,11880001,,0
baseline_d8f,baseline,8,20.0,20.0,0.85,1.5,8.333333333333332,False,vehicle.ue4.audi.tt,0.0,0.0,0.3774297653796596,13.358891345328415,6.641108654671585,8.3385,0.0,4.908620839532294,8.297389604123511,8.3385,True,COLLISION with vehicle.ue4.audi.tt,0.0,0.0,0.0,freeze,latency,11880002,,0
baseline_d8f,baseline,8,20.0,20.0,0.4,1.5,8.333333333333332,False,vehicle.ue4.audi.tt,0.0,0.0,0.3772855638428962,11.10253871802504,8.89746128197496,3.924000000000003,0.0,4.924104710456049,8.299638022366459,3.9240000000000004,True,COLLISION with vehicle.ue4.audi.tt,0.0,0.0,0.0,freeze,latency,11880003,,0
baseline_d8f,baseline,8,20.0,20.0,0.85,2.0,11.11111111111111,True,,0.4318313602442432,7.0880709252074645,0.6313706030237114,20.0,0.0,8.3385,3.0504512786865234,5.199682236098735,4.345710811389609,8.3385,True,AVOIDED,0.0,0.0,0.0,freeze,latency,11880004,,0
baseline_d8f,baseline,8,20.0,20.0,0.4,2.0,11.11111111111111,False,vehicle.ue4.audi.tt,0.0,0.0,0.631280476161502,13.39673253790751,6.6032674620924885,3.924000000000003,0.0,4.921897912262074,4.346301656340237,3.9240000000000004,True,COLLISION with vehicle.ue4.audi.tt,0.0,0.0,0.0,freeze,latency,11880005,,0
baseline_d8f,baseline,8,20.0,20.0,0.85,2.5,13.88888888888889,True,,0.8010482791889633,3.6570451921126144,0.9347561144126298,20.0,0.0,3.335400049701338,4.360080718994141,5.568778992076815,2.933117754417611,8.3385,True,AVOIDED,0.0,0.0,0.0,freeze,latency,11880006,,0
baseline_d8f,baseline,8,20.0,20.0,0.4,2.5,13.88888888888889,False,vehicle.ue4.audi.tt,0.0,0.0,0.9346683715697507,14.285284853441297,5.714715146558704,3.924000000000003,0.0,4.909070972587626,2.9333916901798127,3.9240000000000004,True,COLLISION with vehicle.ue4.audi.tt,0.0,0.0,0.0,freeze,latency,11880007,,0
baseline_d8f,baseline,8,20.0,20.0,0.85,3.0,16.666666666666664,True,,2.2012100368505916,3.6581947631146803,1.1925825667687182,20.0,0.0,3.335400049701338,4.359895706176758,6.968940749725898,2.306926899651912,8.3385,True,AVOIDED,0.0,0.0,0.0,freeze,latency,11880008,,0
baseline_d8f,baseline,8,20.0,20.0,0.4,3.0,16.666666666666664,False,vehicle.ue4.audi.tt,0.0,0.0,1.1924938119662711,15.432971245182356,4.567028754817644,3.924000000000003,0.0,4.894615179717399,2.307098443313853,3.9240000000000004,True,COLLISION with vehicle.ue4.audi.tt,0.0,0.0,0.0,freeze,latency,11880009,,0
baseline_d8f,baseline,8,30.0,30.0,0.85,1.0,8.333333333333334,False,vehicle.ue4.audi.tt,0.0,0.0,0.3470033613048194,14.19849042014084,15.80150957985916,8.3385,0.0,4.910030365240668,13.508939598671276,8.3385,True,COLLISION with vehicle.ue4.audi.tt,0.0,0.0,0.0,freeze,latency,11880010,,0
baseline_d8f,baseline,8,30.0,30.0,0.4,1.0,8.333333333333334,False,vehicle.ue4.audi.tt,0.0,0.0,0.34737453696364895,13.462026106201325,16.537973893798675,3.924000000000003,0.0,4.92283440437402,13.516951188365471,3.9240000000000004,True,COLLISION with vehicle.ue4.audi.tt,0.0,0.0,0.0,freeze,latency,11880011,,0
baseline_d8f,baseline,8,30.0,30.0,0.85,1.5,12.5,False,vehicle.ue4.audi.tt,0.0,0.0,0.5901133098786533,20.432706727494157,9.567293272505845,8.3385,0.0,4.918846224166483,8.129067656184594,8.3385,True,COLLISION with vehicle.ue4.audi.tt,0.0,0.0,0.0,freeze,latency,11880012,,0
baseline_d8f,baseline,8,30.0,30.0,0.4,1.5,12.5,False,vehicle.ue4.audi.tt,0.0,0.0,0.5905298357106631,17.027604335794813,12.97239566420519,3.924000000000003,0.0,4.936801962041807,8.131952847118997,3.9240000000000004,True,COLLISION with vehicle.ue4.audi.tt,0.0,0.0,0.0,freeze,latency,11880013,,0
baseline_d8f,baseline,8,30.0,30.0,0.85,2.0,16.666666666666668,False,vehicle.ue4.audi.tt,0.0,0.0,0.7588844496720883,24.96609931997067,5.033900680029329,8.3385,0.0,4.911098493914003,5.446033504240752,8.3385,True,COLLISION with vehicle.ue4.audi.tt,0.0,0.0,0.0,freeze,latency,11880014,,0
baseline_d8f,baseline,8,30.0,30.0,0.4,2.0,16.666666666666668,False,vehicle.ue4.audi.tt,0.0,0.0,0.7578959124326325,18.493402775007258,11.506597224992742,3.924000000000003,0.0,4.922672306271685,5.447470085697335,3.9240000000000004,True,COLLISION with vehicle.ue4.audi.tt,0.0,0.0,0.0,freeze,latency,11880015,,0
baseline_d8f,baseline,8,30.0,30.0,0.85,2.5,20.833333333333336,True,,0.303068220979438,4.940071141021698,1.0127431186830926,30.0,0.0,8.3385,8.07723617553711,5.07091909683393,4.080188554536679,8.3385,True,AVOIDED,0.0,0.0,0.0,freeze,latency,11880016,,0
baseline_d8f,baseline,8,30.0,30.0,0.4,2.5,20.833333333333336,False,vehicle.ue4.audi.tt,0.0,0.0,1.0136138148709342,19.007879984643402,10.9921200153566,3.924000000000003,0.0,4.9128913895644954,4.080916915992823,3.9240000000000004,True,COLLISION with vehicle.ue4.audi.tt,0.0,0.0,0.0,freeze,latency,11880017,,0
baseline_d8f,baseline,8,30.0,30.0,0.85,3.0,25.0,True,,0.63556126562756,4.089459785386086,1.1663716912638284,30.0,0.0,8.3385,9.015312194824219,5.403259533618148,3.5437015100393623,8.3385,True,AVOIDED,0.0,0.0,0.0,freeze,latency,11880018,,0
baseline_d8f,baseline,8,30.0,30.0,0.4,3.0,25.0,False,vehicle.ue4.audi.tt,0.0,0.0,1.1649724824058694,19.724456168272013,10.275543831727989,3.924000000000003,0.0,4.900386954026839,3.5442704601954413,3.9240000000000004,True,COLLISION with vehicle.ue4.audi.tt,0.0,0.0,0.0,freeze,latency,11880019,,0
baseline_d8f,baseline,8,40.0,40.0,0.85,1.0,11.11111111111111,False,vehicle.ue4.audi.tt,0.0,0.0,0.502359144941864,20.775902747684984,19.224097252315016,8.338499999999982,0.0,4.911409244856384,12.847708979128964,8.3385,True,COLLISION with vehicle.ue4.audi.tt,0.0,0.0,0.0,freeze,latency,11880020,,0
baseline_d8f,baseline,8,40.0,40.0,0.4,1.0,11.11111111111111,False,vehicle.ue4.audi.tt,0.0,0.0,0.5020541204397674,18.908337477309274,21.091662522690726,3.9239999999999853,0.0,4.962635112256324,12.85153273373056,3.9240000000000004,True,COLLISION with vehicle.ue4.audi.tt,0.0,0.0,0.0,freeze,latency,11880021,,0
baseline_d8f,baseline,8,40.0,40.0,0.85,1.5,16.666666666666664,False,vehicle.ue4.audi.tt,0.0,0.0,0.6904426780288755,25.103436597219137,14.896563402780865,8.338500000000018,0.0,4.900840697232075,9.446869798020717,8.3385,True,COLLISION with vehicle.ue4.audi.tt,0.0,0.0,0.0,freeze,latency,11880022,,0
baseline_d8f,baseline,8,40.0,40.0,0.4,1.5,16.666666666666664,False,vehicle.ue4.audi.tt,0.0,0.0,0.6903711293454258,22.75604181690277,17.24395818309723,3.9239999999999853,0.0,4.919994413772533,9.44864301310953,3.9240000000000004,True,COLLISION with vehicle.ue4.audi.tt,0.0,0.0,0.0,freeze,latency,11880023,,0
baseline_d8f,baseline,8,40.0,40.0,0.85,2.0,22.22222222222222,False,vehicle.ue4.audi.tt,0.0,0.0,0.8107543874670878,28.212248700986876,11.787751299013122,8.3385,0.0,4.91335993073116,7.036709744515264,8.3385,True,COLLISION with vehicle.ue4.audi.tt,0.0,0.0,0.0,freeze,latency,11880024,,0
baseline_d8f,baseline,8,40.0,40.0,0.4,2.0,22.22222222222222,False,vehicle.ue4.audi.tt,0.0,0.0,0.8103272956154459,23.247192013421206,16.752807986578794,3.9239999999999853,0.0,4.915317596475652,7.039309563089405,3.9240000000000004,True,COLLISION with vehicle.ue4.audi.tt,0.0,0.0,0.0,freeze,latency,11880025,,0
baseline_d8f,baseline,8,40.0,40.0,0.85,2.5,27.77777777777778,False,vehicle.ue4.audi.tt,0.0,0.0,0.9886612058814385,31.03015127457283,8.969848725427168,8.3385,0.0,4.922885044913051,5.586162793730725,8.3385,True,COLLISION with vehicle.ue4.audi.tt,0.0,0.0,0.0,freeze,latency,11880026,,0
baseline_d8f,baseline,8,40.0,40.0,0.4,2.5,27.77777777777778,False,vehicle.ue4.audi.tt,0.0,0.0,0.988680228902419,23.994066419979294,16.005933580020706,3.9239999999999853,0.0,4.947712552822225,5.586783946479364,3.9240000000000004,True,COLLISION with vehicle.ue4.audi.tt,0.0,0.0,0.0,freeze,latency,11880027,,0
baseline_d8f,baseline,8,40.0,40.0,0.85,3.0,33.33333333333333,False,vehicle.ue4.audi.tt,0.0,0.0,1.192012034128367,33.09012558682554,6.909874413174459,8.3385,0.0,4.911183948954207,4.633194846641852,8.3385,True,COLLISION with vehicle.ue4.audi.tt,0.0,0.0,0.0,freeze,latency,11880028,,0
baseline_d8f,baseline,8,40.0,40.0,0.4,3.0,33.33333333333333,False,vehicle.ue4.audi.tt,0.0,0.0,1.192273362550087,24.839010671496485,15.160989328503515,3.9239999999999853,0.0,4.946869362585445,4.632750203411284,3.9240000000000004,True,COLLISION with vehicle.ue4.audi.tt,0.0,0.0,0.0,freeze,latency,11880029,,0
baseline_d8f,baseline,8,50.0,50.0,0.85,1.0,13.88888888888889,False,vehicle.ue4.audi.tt,0.0,0.0,0.6321274543223282,24.779989518381967,25.220010481618033,8.338500000000018,0.0,4.898674230316869,12.727312922069409,8.3385,True,COLLISION with vehicle.ue4.audi.tt,0.0,0.0,0.0,freeze,latency,11880030,,0
baseline_d8f,baseline,8,50.0,50.0,0.4,1.0,13.88888888888889,False,vehicle.ue4.audi.tt,0.0,0.0,0.6320142621930446,22.805633131232103,27.194366868767897,3.9239999999999853,0.0,4.953734846491934,12.735317639125032,3.9240000000000004,True,COLLISION with vehicle.ue4.audi.tt,0.0,0.0,0.0,freeze,latency,11880031,,0
baseline_d8f,baseline,8,50.0,50.0,0.85,1.5,20.833333333333336,True,,9.273187678483042,3.400298894716668,1.122278003140841,50.0,0.0,3.335400049701338,27.218982696533203,14.041038554337534,6.020185602328554,8.3385,True,AVOIDED,0.0,0.0,0.0,freeze,latency,11880032,,0
baseline_d8f,baseline,8,50.0,50.0,0.4,1.5,20.833333333333336,False,vehicle.ue4.audi.tt,0.0,0.0,0.7748829210762556,27.27135934215151,22.72864065784849,3.9239999999999853,0.0,4.988319139212097,10.690206890019024,3.9240000000000004,True,COLLISION with vehicle.ue4.audi.tt,0.0,0.0,0.0,freeze,latency,11880033,,0
baseline_d8f,baseline,8,50.0,50.0,0.85,2.0,27.77777777777778,False,vehicle.ue4.audi.tt,0.0,0.0,0.8581179956749266,33.40580385491921,16.594196145080783,8.338499999999982,0.0,4.9656183712223445,8.657822408898031,8.3385,True,COLLISION with vehicle.ue4.audi.tt,0.0,0.0,0.0,freeze,latency,11880034,,0
baseline_d8f,baseline,8,50.0,50.0,0.4,2.0,27.77777777777778,False,vehicle.ue4.audi.tt,0.0,0.0,0.8587543090950494,27.918166249149404,22.081833750850596,3.9239999999999853,0.0,4.9216383245190425,8.647985345849676,3.9240000000000004,True,COLLISION with vehicle.ue4.audi.tt,0.0,0.0,0.0,freeze,latency,11880035,,0
baseline_d8f,baseline,8,50.0,50.0,0.85,2.5,34.72222222222222,False,vehicle.ue4.audi.tt,0.0,0.0,0.999955108981612,34.408841672191556,15.591158327808445,8.338499999999982,0.0,4.915566808548318,6.903282467674051,8.3385,True,COLLISION with vehicle.ue4.audi.tt,0.0,0.0,0.0,freeze,latency,11880036,,0
baseline_d8f,baseline,8,50.0,50.0,0.4,2.5,34.72222222222222,False,vehicle.ue4.audi.tt,0.0,0.0,0.9995982288494545,29.178170534234376,20.821829465765624,3.9239999999999853,0.0,4.964210054116037,6.904033538037859,3.9240000000000004,True,COLLISION with vehicle.ue4.audi.tt,0.0,0.0,0.0,freeze,latency,11880037,,0
baseline_d8f,baseline,8,50.0,50.0,0.85,3.0,41.66666666666667,False,,0.0,0.0,1.1531067310947036,50.0,0.0,3.3354000497013203,0.0,11.390984516925776,5.98647805202478,8.3385,True,NO BRAKE / passed,0.0,0.0,0.0,freeze,latency,11880038,,0
baseline_d8f,baseline,8,50.0,50.0,0.4,3.0,41.66666666666667,False,,0.0,0.0,1.1533708276311228,50.0,0.0,1.5696000233888796,0.0,11.490399502167733,5.986595698713523,3.9240000000000004,True,NO BRAKE / passed,0.0,0.0,0.0,freeze,latency,11880039,,0
baseline_d8f,baseline,8,60.0,60.0,0.85,1.0,16.666666666666668,False,vehicle.ue4.audi.tt,0.0,0.0,0.6972039022124866,29.640990839806964,30.359009160193036,8.338499999999982,0.0,4.972879716907575,13.382846284619038,8.3385,True,COLLISION with vehicle.ue4.audi.tt,0.0,0.0,0.0,freeze,latency,11880040,,0
baseline_d8f,baseline,8,60.0,60.0,0.4,1.0,16.666666666666668,False,vehicle.ue4.audi.tt,0.0,0.0,0.6972185773184016,25.741175149762114,34.258824850237886,3.9239999999999853,0.0,4.936592246445592,13.386902236557411,3.9240000000000004,True,COLLISION with vehicle.ue4.audi.tt,0.0,0.0,0.0,freeze,latency,11880041,,0
baseline_d8f,baseline,8,60.0,60.0,0.85,1.5,25.0,False,vehicle.ue4.audi.tt,0.0,0.0,0.8054955575321474,35.60322495486202,24.39677504513798,8.338499999999982,0.0,4.947628467309306,12.300200565941086,8.3385,True,COLLISION with vehicle.ue4.audi.tt,0.0,0.0,0.0,freeze,latency,11880042,,0
baseline_d8f,baseline,8,60.0,60.0,0.4,1.5,25.0,False,vehicle.ue4.audi.tt,0.0,0.0,0.8042632733481907,32.25768283712448,27.742317162875526,3.9239999999999853,0.0,4.869442726768658,12.31697805469183,3.9240000000000004,True,COLLISION with vehicle.ue4.audi.tt,0.0,0.0,0.0,freeze,latency,11880043,,0
baseline_d8f,baseline,8,60.0,60.0,0.85,2.0,33.333333333333336,False,,0.0,0.0,0.9247844099735577,60.0,0.0,3.3354000497013203,0.0,8.492301942167385,10.014932874406814,8.3385,True,NO BRAKE / passed,0.0,0.0,0.0,freeze,latency,11880044,,0
baseline_d8f,baseline,8,60.0,60.0,0.4,2.0,33.333333333333336,False,,0.0,0.0,0.924601319110293,60.0,0.0,1.5696000233888796,0.0,8.091255201912691,10.015854549355394,3.9240000000000004,True,NO BRAKE / passed,0.0,0.0,0.0,freeze,latency,11880045,,0
baseline_d8f,baseline,8,60.0,60.0,0.85,2.5,41.66666666666667,False,,0.0,0.0,0.9789316296085878,60.0,0.0,3.3354000497013203,0.0,16.21481704887547,8.46844553700913,8.3385,True,NO BRAKE / passed,0.0,0.0,0.0,freeze,latency,11880046,,0
baseline_d8f,baseline,8,60.0,60.0,0.4,2.5,41.66666666666667,False,,0.0,0.0,0.9788629038150205,60.0,0.0,1.569600023388844,0.0,16.12132263496857,8.469072060106344,3.9240000000000004,True,NO BRAKE / passed,0.0,0.0,0.0,freeze,latency,11880047,,0
baseline_d8f,baseline,8,60.0,60.0,0.85,3.0,50.0,False,,0.0,0.0,0.0,60.0,0.0,0.0,0.0,25.175376893322685,0.0,8.3385,True,NO BRAKE / passed,0.0,0.0,0.0,freeze,latency,11880048,,0
baseline_d8f,baseline,8,60.0,60.0,0.4,3.0,50.0,False,,0.0,0.0,0.0,60.0,0.0,0.0,0.0,25.1741371171672,0.0,3.9240000000000004,True,NO BRAKE / passed,0.0,0.0,0.0,freeze,latency,11880049,,0
baseline_d16f,baseline,16,20.0,20.0,0.85,1.0,5.555555555555555,False,vehicle.ue4.audi.tt,0.0,0.0,0.0,5.713282639162758,14.286717360837242,0.0,0.0,4.9217739122693045,0.0,8.3385,True,COLLISION with vehicle.ue4.audi.tt,0.0,0.0,0.0,freeze,latency,12350000,,0
baseline_d16f,baseline,16,20.0,20.0,0.4,1.0,5.555555555555555,False,vehicle.ue4.audi.tt,0.0,0.0,0.0,5.715610086983789,14.284389913016211,0.0,0.0,4.9218521202430665,0.0,3.9240000000000004,True,COLLISION with vehicle.ue4.audi.tt,0.0,0.0,0.0,freeze,latency,12350001,,0
baseline_d16f,baseline,16,20.0,20.0,0.85,1.5,8.333333333333332,False,vehicle.ue4.audi.tt,0.0,0.0,0.0,10.020277820332552,9.979722179667448,0.0,0.0,4.9210109761835055,0.0,8.3385,True,COLLISION with vehicle.ue4.audi.tt,0.0,0.0,0.0,freeze,latency,12350002,,0
baseline_d16f,baseline,16,20.0,20.0,0.4,1.5,8.333333333333332,False,vehicle.ue4.audi.tt,0.0,0.0,0.0,10.023037973257042,9.976962026742958,0.0,0.0,4.920530328296952,0.0,3.9240000000000004,True,COLLISION with vehicle.ue4.audi.tt,0.0,0.0,0.0,freeze,latency,12350003,,0
baseline_d16f,baseline,16,20.0,20.0,0.85,2.0,11.11111111111111,False,vehicle.ue4.audi.tt,0.0,0.0,0.2318261369598216,11.480770296020134,8.519229703979866,3.335400049701338,0.0,4.9156818404696185,11.836179658474444,8.3385,True,COLLISION with vehicle.ue4.audi.tt,0.0,0.0,0.0,freeze,latency,12350004,,0
baseline_d16f,baseline,16,20.0,20.0,0.4,2.0,11.11111111111111,False,vehicle.ue4.audi.tt,0.0,0.0,0.23173668394164548,10.791579813740084,9.208420186259916,1.5696000233888618,0.0,4.926868491020588,11.840671507499598,3.9240000000000004,True,COLLISION with vehicle.ue4.audi.tt,0.0,0.0,0.0,freeze,latency,12350005,,0
baseline_d16f,baseline,16,20.0,20.0,0.85,2.5,13.88888888888889,False,vehicle.ue4.audi.tt,0.0,0.0,0.5362577205256541,14.28266209918392,5.717337900816079,3.335400049701338,0.0,4.914058685302827,5.116556625615377,8.3385,True,COLLISION with vehicle.ue4.audi.tt,0.0,0.0,0.0,freeze,latency,12350006,,0
baseline_d16f,baseline,16,20.0,20.0,0.4,2.5,13.88888888888889,False,vehicle.ue4.audi.tt,0.0,0.0,0.5361691915392537,11.797910731221045,8.202089268778955,1.5696000233888618,0.0,4.9219093485928305,5.117401743291784,3.9240000000000004,True,COLLISION with vehicle.ue4.audi.tt,0.0,0.0,0.0,freeze,latency,12350007,,0
baseline_d16f,baseline,16,20.0,20.0,0.85,3.0,16.666666666666664,True,,0.193796184661859,3.9117856321827316,0.7919876203203601,20.0,0.0,8.3385,4.1637420654296875,4.961452510981655,3.4737809898067047,8.3385,True,AVOIDED,0.0,0.0,0.0,freeze,latency,12350008,,0
baseline_d16f,baseline,16,20.0,20.0,0.4,3.0,16.666666666666664,False,vehicle.ue4.audi.tt,0.0,0.0,0.7919050568635195,12.558545996836632,7.4414540031633685,1.5696000233888618,0.0,4.897399908852185,3.474164179038137,3.9240000000000004,True,COLLISION with vehicle.ue4.audi.tt,0.0,0.0,0.0,freeze,latency,12350009,,0
baseline_d16f,baseline,16,30.0,30.0,0.85,1.0,8.333333333333334,False,vehicle.ue4.audi.tt,0.0,0.0,0.0,12.422980462497996,17.577019537502004,0.0,0.0,4.952165631314739,0.0,8.3385,True,COLLISION with vehicle.ue4.audi.tt,0.0,0.0,0.0,freeze,latency,12350010,,0
baseline_d16f,baseline,16,30.0,30.0,0.4,1.0,8.333333333333334,False,vehicle.ue4.audi.tt,0.0,0.0,0.0,12.462044666699267,17.537955333300733,0.0,0.0,4.952976230094973,0.0,3.9240000000000004,True,COLLISION with vehicle.ue4.audi.tt,0.0,0.0,0.0,freeze,latency,12350011,,0
baseline_d16f,baseline,16,30.0,30.0,0.85,1.5,12.5,False,vehicle.ue4.audi.tt,0.0,0.0,0.10506708882306272,15.731370993777869,14.268629006222131,3.335400049701338,0.0,4.899633478692974,39.32917585796777,8.3385,True,COLLISION with vehicle.ue4.audi.tt,0.0,0.0,0.0,freeze,latency,12350012,,0
baseline_d16f,baseline,16,30.0,30.0,0.4,1.5,12.5,False,vehicle.ue4.audi.tt,0.0,0.0,0.10500463798718443,15.0345037573677,14.9654962426323,1.5696000233888796,0.0,4.916698480032675,39.39326630737547,3.9240000000000004,True,COLLISION with vehicle.ue4.audi.tt,0.0,0.0,0.0,freeze,latency,12350013,,0
baseline_d16f,baseline,16,30.0,30.0,0.85,2.0,16.666666666666668,False,vehicle.ue4.audi.tt,0.0,0.0,0.3589282115957219,17.42238008932644,12.577619910673562,3.335400049701338,0.0,4.925907163164758,11.515439094599992,8.3385,True,COLLISION with vehicle.ue4.audi.tt,0.0,0.0,0.0,freeze,latency,12350014,,0
baseline_d16f,baseline,16,30.0,30.0,0.4,2.0,16.666666666666668,False,vehicle.ue4.audi.tt,0.0,0.0,0.3583432354878665,16.390282366035073,13.609717633964928,1.5696000233888796,0.0,4.9594230655581955,11.522247773177398,3.9240000000000004,True,COLLISION with vehicle.ue4.audi.tt,0.0,0.0,0.0,freeze,latency,12350015,,0
baseline_d16f,baseline,16,30.0,30.0,0.85,2.5,20.833333333333336,False,vehicle.ue4.audi.tt,0.0,0.0,0.6127733781529325,19.634586950780868,10.365413049219132,3.335400049701338,0.0,4.9408874591002,6.743566674507407,8.3385,True,COLLISION with vehicle.ue4.audi.tt,0.0,0.0,0.0,freeze,latency,12350016,,0
baseline_d16f,baseline,16,30.0,30.0,0.4,2.5,20.833333333333336,False,vehicle.ue4.audi.tt,0.0,0.0,0.6132279783131671,16.909970506002928,13.09002949399707,1.5696000233888796,0.0,4.900012969976642,6.745505877925523,3.9240000000000004,True,COLLISION with vehicle.ue4.audi.tt,0.0,0.0,0.0,freeze,latency,12350017,,0
baseline_d16f,baseline,16,30.0,30.0,0.85,3.0,25.0,False,vehicle.ue4.audi.tt,0.0,0.0,0.7663570939472922,20.712972415786943,9.287027584213057,3.335400049701338,0.0,4.901264343936814,5.393377500331063,8.3385,True,COLLISION with vehicle.ue4.audi.tt,0.0,0.0,0.0,freeze,latency,12350018,,0
baseline_d16f,baseline,16,30.0,30.0,0.4,3.0,25.0,False,vehicle.ue4.audi.tt,0.0,0.0,0.7653636616804901,17.286677622106133,12.713322377893865,1.5696000233888796,0.0,4.93751923087689,5.394765636162588,3.9240000000000004,True,COLLISION with vehicle.ue4.audi.tt,0.0,0.0,0.0,freeze,latency,12350019,,0
baseline_d16f,baseline,16,40.0,40.0,0.85,1.0,11.11111111111111,False,vehicle.ue4.audi.tt,0.0,0.0,0.016220857959390263,16.43767057277741,23.56232942722259,3.335400049701338,0.0,4.893899691275543,0.0,8.3385,True,COLLISION with vehicle.ue4.audi.tt,0.0,0.0,0.0,freeze,latency,12350020,,0
baseline_d16f,baseline,16,40.0,40.0,0.4,1.0,11.11111111111111,False,vehicle.ue4.audi.tt,0.0,0.0,0.01625279928212413,16.439104200905742,23.560895799094258,1.5696000233888618,0.0,4.8938617778241875,0.0,3.9240000000000004,True,COLLISION with vehicle.ue4.audi.tt,0.0,0.0,0.0,freeze,latency,12350021,,0
baseline_d16f,baseline,16,40.0,40.0,0.85,1.5,16.666666666666664,False,vehicle.ue4.audi.tt,0.0,0.0,0.18084108016554723,21.31768047213748,18.68231952786252,3.3354000497013203,0.0,4.938531422875893,30.537567495242712,8.3385,True,COLLISION with vehicle.ue4.audi.tt,0.0,0.0,0.0,freeze,latency,12350022,,0
baseline_d16f,baseline,16,40.0,40.0,0.4,1.5,16.666666666666664,False,vehicle.ue4.audi.tt,0.0,0.0,0.18074702949537652,20.510556329293703,19.489443670706297,1.5696000233888796,0.0,4.960929875266695,30.556979680669066,3.9240000000000004,True,COLLISION with vehicle.ue4.audi.tt,0.0,0.0,0.0,freeze,latency,12350023,,0
baseline_d16f,baseline,16,40.0,40.0,0.85,2.0,22.22222222222222,False,vehicle.ue4.audi.tt,0.0,0.0,0.38452719970271526,22.956044038998716,17.043955961001284,3.3354000497013203,0.0,4.921292316360523,14.36255129119929,8.3385,True,COLLISION with vehicle.ue4.audi.tt,0.0,0.0,0.0,freeze,latency,12350024,,0
baseline_d16f,baseline,16,40.0,40.0,0.4,2.0,22.22222222222222,False,vehicle.ue4.audi.tt,0.0,0.0,0.3842605215527926,21.083207634934094,18.916792365065906,1.5696000233888796,0.0,4.919945041657359,14.373985007144297,3.9240000000000004,True,COLLISION with vehicle.ue4.audi.tt,0.0,0.0,0.0,freeze,latency,12350025,,0
baseline_d16f,baseline,16,40.0,40.0,0.85,2.5,27.77777777777778,False,vehicle.ue4.audi.tt,0.0,0.0,0.5882585549747769,23.68748455015244,16.31251544984756,3.3354000497013203,0.0,4.900866994155292,9.388505487992537,8.3385,True,COLLISION with vehicle.ue4.audi.tt,0.0,0.0,0.0,freeze,latency,12350026,,0
baseline_d16f,baseline,16,40.0,40.0,0.4,2.5,27.77777777777778,False,vehicle.ue4.audi.tt,0.0,0.0,0.5882084403155404,21.784219536425066,18.215780463574934,1.5696000233888796,0.0,4.979286712252302,9.390388359188723,3.9240000000000004,True,COLLISION with vehicle.ue4.audi.tt,0.0,0.0,0.0,freeze,latency,12350027,,0
baseline_d16f,baseline,16,40.0,40.0,0.85,3.0,33.33333333333333,False,vehicle.ue4.audi.tt,0.0,0.0,0.7916082194865199,25.72441834954691,14.275581650453093,3.335400049701338,0.0,4.942290239406094,6.976726439878301,8.3385,True,COLLISION with vehicle.ue4.audi.tt,0.0,0.0,0.0,freeze,latency,12350028,,0
baseline_d16f,baseline,16,40.0,40.0,0.4,3.0,33.33333333333333,False,vehicle.ue4.audi.tt,0.0,0.0,0.7918166666557936,22.239068323788796,17.760931676211204,1.5696000233888796,0.0,4.917118724052887,6.9757852590353435,3.9240000000000004,True,COLLISION with vehicle.ue4.audi.tt,0.0,0.0,0.0,freeze,latency,12350029,,0
baseline_d16f,baseline,16,50.0,50.0,0.85,1.0,13.88888888888889,False,vehicle.ue4.audi.tt,0.0,0.0,0.11041216877425472,20.612576474894166,29.387423525105834,3.3354000497013203,0.0,4.896564730239367,48.347466807001425,8.3385,True,COLLISION with vehicle.ue4.audi.tt,0.0,0.0,0.0,freeze,latency,12350030,,0
baseline_d16f,baseline,16,50.0,50.0,0.4,1.0,13.88888888888889,False,vehicle.ue4.audi.tt,0.0,0.0,0.11014410244787733,20.34639426320401,29.65360573679599,1.5696000233888796,0.0,4.895366451646315,48.460194395981745,3.9240000000000004,True,COLLISION with vehicle.ue4.audi.tt,0.0,0.0,0.0,freeze,latency,12350031,,0
baseline_d16f,baseline,16,50.0,50.0,0.85,1.5,20.833333333333336,False,vehicle.ue4.audi.tt,0.0,0.0,0.2557728042229729,26.425552779058957,23.574447220941043,3.3354000497013203,0.0,4.897381396275552,28.18809096446596,8.3385,True,COLLISION with vehicle.ue4.audi.tt,0.0,0.0,0.0,freeze,latency,12350032,,0
baseline_d16f,baseline,16,50.0,50.0,0.4,1.5,20.833333333333336,False,vehicle.ue4.audi.tt,0.0,0.0,0.25557973048027055,25.205806159498746,24.794193840501254,1.5696000233888796,0.0,4.923588146492947,28.214458181979865,3.9240000000000004,True,COLLISION with vehicle.ue4.audi.tt,0.0,0.0,0.0,freeze,latency,12350033,,0
baseline_d16f,baseline,16,50.0,50.0,0.85,2.0,27.77777777777778,False,vehicle.ue4.audi.tt,0.0,0.0,0.39665124971832455,27.78992647392765,22.21007352607235,3.3354000497013203,0.0,4.9942627830733075,17.403325676340533,8.3385,True,COLLISION with vehicle.ue4.audi.tt,0.0,0.0,0.0,freeze,latency,12350034,,0
baseline_d16f,baseline,16,50.0,50.0,0.4,2.0,27.77777777777778,False,vehicle.ue4.audi.tt,0.0,0.0,0.3965509720148693,25.7355577029985,24.2644422970015,1.5696000233888796,0.0,4.903119208254335,17.4032115115428,3.9240000000000004,True,COLLISION with vehicle.ue4.audi.tt,0.0,0.0,0.0,freeze,latency,12350035,,0
baseline_d16f,baseline,16,50.0,50.0,0.85,2.5,34.72222222222222,False,vehicle.ue4.audi.tt,0.0,0.0,0.599967845988889,28.626840545979423,21.373159454020577,3.3354000497013203,0.0,4.9024451604165025,11.505760666346886,8.3385,True,COLLISION with vehicle.ue4.audi.tt,0.0,0.0,0.0,freeze,latency,12350036,,0
baseline_d16f,baseline,16,50.0,50.0,0.4,2.5,34.72222222222222,False,vehicle.ue4.audi.tt,0.0,0.0,0.5997192952040689,26.865766932810576,23.134233067189424,1.5696000233888796,0.0,4.955022184348042,11.507548769322673,3.9240000000000004,True,COLLISION with vehicle.ue4.audi.tt,0.0,0.0,0.0,freeze,latency,12350037,,0
baseline_d16f,baseline,16,50.0,50.0,0.85,3.0,41.66666666666667,False,,0.0,0.0,0.7531120519808099,50.0,0.0,3.3354000497013203,0.0,11.222107903958344,9.166080813983013,8.3385,True,NO BRAKE / passed,0.0,0.0,0.0,freeze,latency,12350038,,0
baseline_d16f,baseline,16,50.0,50.0,0.4,3.0,41.66666666666667,False,,0.0,0.0,0.7532711380598914,50.0,0.0,1.5696000233888796,0.0,11.12879573220199,9.166518038910182,3.9240000000000004,True,NO BRAKE / passed,0.0,0.0,0.0,freeze,latency,12350039,,0
baseline_d16f,baseline,16,60.0,60.0,0.85,1.0,16.666666666666668,False,vehicle.ue4.audi.tt,0.0,0.0,0.1721017969390986,25.045557103918235,34.954442896081765,3.3354000497013203,0.0,4.989089968052741,37.53296355003447,8.3385,True,COLLISION with vehicle.ue4.audi.tt,0.0,0.0,0.0,freeze,latency,12350040,,0
baseline_d16f,baseline,16,60.0,60.0,0.4,1.0,16.666666666666668,False,vehicle.ue4.audi.tt,0.0,0.0,0.17208022119388947,24.448915045189665,35.551084954810335,1.569600023388844,0.0,4.962512971477946,37.55033952897586,3.9240000000000004,True,COLLISION with vehicle.ue4.audi.tt,0.0,0.0,0.0,freeze,latency,12350041,,0
baseline_d16f,baseline,16,60.0,60.0,0.85,1.5,25.0,False,vehicle.ue4.audi.tt,0.0,0.0,0.29124086240619046,30.72286925076649,29.27713074923351,3.3354000497013203,0.0,4.978534707927602,30.19911593172419,8.3385,True,COLLISION with vehicle.ue4.audi.tt,0.0,0.0,0.0,freeze,latency,12350042,,0
baseline_d16f,baseline,16,60.0,60.0,0.4,1.5,25.0,False,vehicle.ue4.audi.tt,0.0,0.0,0.29115579595673613,30.70720144511255,29.29279855488745,1.569600023388844,0.0,4.988866433010579,30.20731847629192,3.9240000000000004,True,COLLISION with vehicle.ue4.audi.tt,0.0,0.0,0.0,freeze,latency,12350043,,0
baseline_d16f,baseline,16,60.0,60.0,0.85,2.0,33.333333333333336,False,,0.0,0.0,0.4253778969853923,60.0,0.0,3.3354000497013203,0.0,7.824298860292733,19.478028924899352,8.3385,True,NO BRAKE / passed,0.0,0.0,0.0,freeze,latency,12350044,,0
baseline_d16f,baseline,16,60.0,60.0,0.4,2.0,33.333333333333336,False,,0.0,0.0,0.4252995296772506,60.0,0.0,1.569600023388844,0.0,8.561187757287493,19.48134711976558,3.9240000000000004,True,NO BRAKE / passed,0.0,0.0,0.0,freeze,latency,12350045,,0
baseline_d16f,baseline,16,60.0,60.0,0.85,2.5,41.66666666666667,False,,0.0,0.0,0.0,60.0,0.0,0.0,0.0,16.840492249960523,0.0,8.3385,True,NO BRAKE / passed,0.0,0.0,0.0,freeze,latency,12350046,,0
baseline_d16f,baseline,16,60.0,60.0,0.4,2.5,41.66666666666667,False,,0.0,0.0,0.0,60.0,0.0,0.0,0.0,16.839260104277074,0.0,3.9240000000000004,True,NO BRAKE / passed,0.0,0.0,0.0,freeze,latency,12350047,,0
baseline_d16f,baseline,16,60.0,60.0,0.85,3.0,50.0,False,,0.0,0.0,0.0,60.0,0.0,0.0,0.0,25.175376893322685,0.0,8.3385,True,NO BRAKE / passed,0.0,0.0,0.0,freeze,latency,12350048,,0
baseline_d16f,baseline,16,60.0,60.0,0.4,3.0,50.0,False,,0.0,0.0,0.0,60.0,0.0,0.0,0.0,25.1741371171672,0.0,3.9240000000000004,True,NO BRAKE / passed,0.0,0.0,0.0,freeze,latency,12350049,,0
proposed_d0f,proposed,0,20.0,20.0,0.85,1.0,5.555555555555555,True,,0.2019138357252963,10.453119983521168,1.0276972509210658,20.0,0.0,8.3385,2.132364273071289,4.9696979544055315,3.854961683271183,8.3385,True,AVOIDED,0.0,0.0,0.0,freeze,latency,12210000,,0
proposed_d0f,proposed,0,20.0,20.0,0.4,1.0,5.555555555555555,False,vehicle.ue4.audi.tt,0.0,0.0,1.027180161973942,10.052963990272419,9.947036009727581,3.924000000000003,0.0,4.898561490335623,3.8561031592528154,3.9240000000000004,True,COLLISION with vehicle.ue4.audi.tt,0.0,0.0,0.0,freeze,latency,12210001,,0
proposed_d0f,proposed,0,20.0,20.0,0.85,1.5,8.333333333333332,True,,1.0720443767769625,7.71498521924589,1.524544481957731,20.0,0.0,8.3385,2.937509536743164,5.839683536933365,3.642869055510605,8.3385,True,AVOIDED,0.0,0.0,0.0,freeze,latency,12210002,,0
proposed_d0f,proposed,0,20.0,20.0,0.4,1.5,8.333333333333332,False,vehicle.ue4.audi.tt,0.0,4.457639972928761,1.5241210236795302,18.05292716950635,1.9470728304936498,3.924000000000003,0.0,4.8937015636645675,3.6433767610283385,3.9240000000000004,True,COLLISION with vehicle.ue4.audi.tt,0.0,0.0,0.0,freeze,latency,12210003,,0
proposed_d0f,proposed,0,20.0,20.0,0.85,2.0,11.11111111111111,True,,1.3276138311944292,3.659027209484476,1.5769579829209088,20.0,0.0,3.335400049701338,4.358022689819336,6.095344544088494,2.6408963823463054,8.3385,True,AVOIDED,0.0,0.0,0.0,freeze,latency,12210004,,0
proposed_d0f,proposed,0,20.0,20.0,0.4,2.0,11.11111111111111,True,,1.5198879304243915,4.0531298286702,1.5765482544638727,20.0,0.0,3.924000000000003,4.165262222290039,6.287603384526088,2.641128431557853,3.9240000000000004,True,AVOIDED,0.0,0.0,0.0,freeze,latency,12210005,,0
proposed_d0f,proposed,0,20.0,20.0,0.85,2.5,13.88888888888889,True,,3.0063323975487704,3.6585754881056736,1.5634631974108213,20.0,0.0,3.335400049701338,4.358644485473633,7.774063110438267,2.049671399985566,8.3385,True,AVOIDED,0.0,0.0,0.0,freeze,latency,12210006,,0
proposed_d0f,proposed,0,20.0,20.0,0.4,2.5,13.88888888888889,True,,3.165334705810249,4.334045105616085,1.7337599816727003,20.0,0.0,3.924000000000003,4.474906921386719,7.933135990600315,1.974836052488238,3.9240000000000004,True,AVOIDED,0.0,0.0,0.0,freeze,latency,12210007,,0
proposed_d0f,proposed,0,20.0,20.0,0.85,3.0,16.666666666666664,True,,4.4040851689989235,3.6574361751269278,1.5926756334445036,20.0,0.0,3.335400049701338,4.360797882080078,9.171817789249273,1.7271808654896244,8.3385,True,AVOIDED,0.0,0.0,0.0,freeze,latency,12210008,,0
proposed_d0f,proposed,0,20.0,20.0,0.4,3.0,16.666666666666664,True,,3.186069491784326,3.3241366557309386,1.6928175800883754,20.0,0.0,3.924000000000003,6.129241943359375,7.953920367638818,1.6249603754545856,3.9240000000000004,True,AVOIDED,0.0,0.0,0.0,freeze,latency,12210009,,0
proposed_d0f,proposed,0,30.0,30.0,0.85,1.0,8.333333333333334,True,,0.12737656277324128,9.287440317700943,1.4913584999013962,30.0,0.0,8.3385,5.677133560180664,4.895063406621209,5.527246761241946,8.3385,True,AVOIDED,0.0,0.0,0.0,freeze,latency,12210010,,0
proposed_d0f,proposed,0,30.0,30.0,0.4,1.0,8.333333333333334,False,vehicle.ue4.audi.tt,0.0,0.0,1.4965137535196515,19.782304558389427,10.217695441610571,3.924000000000003,0.0,4.898994453221884,5.529156961112872,3.9240000000000004,True,COLLISION with vehicle.ue4.audi.tt,0.0,0.0,0.0,freeze,latency,12210011,,0
proposed_d0f,proposed,0,30.0,30.0,0.85,1.5,12.5,True,,1.2146989160911073,8.359683304687305,1.4978341553493797,30.0,0.0,8.3385,6.274269104003906,5.982298022320891,4.541629174900243,8.3385,True,AVOIDED,0.0,0.0,0.0,freeze,latency,12210012,,0
proposed_d0f,proposed,0,30.0,30.0,0.4,1.5,12.5,False,vehicle.ue4.audi.tt,0.0,0.0,1.6806460601179907,23.38853205173725,6.6114679482627485,3.924000000000003,0.0,4.90334511157686,4.302019118095181,3.9240000000000004,True,COLLISION with vehicle.ue4.audi.tt,0.0,0.0,0.0,freeze,latency,12210013,,0
proposed_d0f,proposed,0,30.0,30.0,0.85,2.0,16.666666666666668,True,,1.5107250217146735,4.938377924045225,1.558501907856058,30.0,0.0,8.3385,8.07876968383789,6.27849197412271,3.553040417315222,8.3385,True,AVOIDED,0.0,0.0,0.0,freeze,latency,12210014,,0
proposed_d0f,proposed,0,30.0,30.0,0.4,2.0,16.666666666666668,True,,0.3628559120931305,4.0200385010662805,1.7045799907018522,30.0,0.0,3.924000000000003,9.638933181762695,5.130706787947623,3.406237288102827,3.9240000000000004,True,AVOIDED,0.0,0.0,0.0,freeze,latency,12210015,,0
proposed_d0f,proposed,0,30.0,30.0,0.85,2.5,20.833333333333336,True,,1.730516606536093,3.502564285803724,1.555509886909128,30.0,0.0,3.335400049701338,9.959571838378906,6.498367482390585,2.9208720157525128,8.3385,True,AVOIDED,0.0,0.0,0.0,freeze,latency,12210016,,0
proposed_d0f,proposed,0,30.0,30.0,0.4,2.5,20.833333333333336,True,,2.227457136795225,4.107618692874129,1.6726036807602376,30.0,0.0,3.924000000000003,9.874568939208984,6.995166869044345,2.8207196643833763,3.9240000000000004,True,AVOIDED,0.0,0.0,0.0,freeze,latency,12210017,,0
proposed_d0f,proposed,0,30.0,30.0,0.85,3.0,25.0,True,,2.9992240114637587,3.501718372541213,1.5663577887799187,30.0,0.0,3.335400049701338,9.961446762084961,7.767074887318251,2.6387316278142037,8.3385,True,AVOIDED,0.0,0.0,0.0,freeze,latency,12210018,,0
proposed_d0f,proposed,0,30.0,30.0,0.4,3.0,25.0,True,,2.7447416973140175,4.019362245863514,1.7642192354390471,30.0,0.0,3.924000000000003,11.869022369384766,7.51259257316851,2.3401724697625426,3.9240000000000004,True,AVOIDED,0.0,0.0,0.0,freeze,latency,12210019,,0
proposed_d0f,proposed,0,40.0,40.0,0.85,1.0,11.11111111111111,False,vehicle.ue4.audi.tt,0.0,0.0,1.463429358931834,32.86637118689079,7.133628813109211,8.3385,0.0,4.906415428690845,6.585243016700176,8.3385,True,COLLISION with vehicle.ue4.audi.tt,0.0,0.0,0.0,freeze,latency,12210020,,0
proposed_d0f,proposed,0,40.0,40.0,0.4,1.0,11.11111111111111,False,vehicle.ue4.audi.tt,0.0,0.0,1.6890733126384643,25.553071265360295,14.446928734639707,3.924000000000003,0.0,4.911443727228645,6.179789901881997,3.9240000000000004,True,COLLISION with vehicle.ue4.audi.tt,0.0,0.0,0.0,freeze,latency,12210021,,0
proposed_d0f,proposed,0,40.0,40.0,0.85,1.5,16.666666666666664,False,vehicle.ue4.audi.tt,0.0,8.92490351418854,1.4978989383190238,37.41658734701361,2.5834126529863894,8.338500000000018,0.0,4.894690617894768,5.610379576220253,8.3385,True,COLLISION with vehicle.ue4.audi.tt,0.0,0.0,0.0,freeze,latency,12210022,,0
proposed_d0f,proposed,0,40.0,40.0,0.4,1.5,16.666666666666664,False,vehicle.ue4.audi.tt,0.0,0.0,1.6350227773608492,28.19659092310946,11.803409076890537,3.924000000000003,0.0,4.9335403492961865,5.339216118426095,3.9240000000000004,True,COLLISION with vehicle.ue4.audi.tt,0.0,0.0,0.0,freeze,latency,12210023,,0
proposed_d0f,proposed,0,40.0,40.0,0.85,2.0,22.22222222222222,True,,0.9787410214319259,6.835319143198157,1.5352075693094698,40.0,0.0,8.3385,12.093549728393555,5.746363019271489,4.646139043398756,8.3385,True,AVOIDED,0.0,0.0,0.0,freeze,latency,12210024,,0
proposed_d0f,proposed,0,40.0,40.0,0.4,2.0,22.22222222222222,False,vehicle.ue4.audi.tt,0.0,0.0,1.6466820579698962,30.693706294651918,9.306293705348084,3.924000000000003,0.0,4.900303038887395,4.461548951861006,3.9240000000000004,True,COLLISION with vehicle.ue4.audi.tt,0.0,0.0,0.0,freeze,latency,12210025,,0
proposed_d0f,proposed,0,40.0,40.0,0.85,2.5,27.77777777777778,True,,1.4725434958939632,5.219126710515103,1.517171235020837,40.0,0.0,8.3385,13.846500396728516,6.240394371748455,3.970144486766125,8.3385,True,AVOIDED,0.0,0.0,0.0,freeze,latency,12210026,,0
proposed_d0f,proposed,0,40.0,40.0,0.4,2.5,27.77777777777778,False,vehicle.ue4.audi.tt,0.0,0.0,1.7233232145391437,35.38317577083746,4.616824229162541,3.924000000000003,0.0,4.89838071952262,3.7017406674007964,3.9240000000000004,True,COLLISION with vehicle.ue4.audi.tt,0.0,0.0,0.0,freeze,latency,12210027,,0
proposed_d0f,proposed,0,40.0,40.0,0.85,3.0,33.33333333333333,True,,1.5411349219426969,4.038347363173135,1.592462827843923,40.0,0.0,8.3385,16.02057647705078,6.308795072785682,3.468196068378685,8.3385,True,AVOIDED,0.0,0.0,0.0,freeze,latency,12210028,,0
proposed_d0f,proposed,0,40.0,40.0,0.4,3.0,33.33333333333333,False,vehicle.ue4.audi.tt,0.0,4.071406704155395,1.741385303191896,38.152655602336864,1.8473443976631392,3.924000000000003,0.0,4.8936969902138046,3.1700601478943344,3.9240000000000004,True,COLLISION with vehicle.ue4.audi.tt,0.0,0.0,0.0,freeze,latency,12210029,,0
proposed_d0f,proposed,0,50.0,50.0,0.85,1.0,13.88888888888889,False,vehicle.ue4.audi.tt,0.0,0.0,1.5396789646693683,36.66377224145344,13.336227758546565,8.338500000000018,0.0,4.898197431135843,7.339271753267539,8.3385,True,COLLISION with vehicle.ue4.audi.tt,0.0,0.0,0.0,freeze,latency,12210030,,0
proposed_d0f,proposed,0,50.0,50.0,0.4,1.0,13.88888888888889,False,vehicle.ue4.audi.tt,0.0,0.0,1.7164911934183178,30.041764113443694,19.958235886556306,3.9239999999999853,0.0,4.896302886050009,6.96504338213326,3.9240000000000004,True,COLLISION with vehicle.ue4.audi.tt,0.0,0.0,0.0,freeze,latency,12210031,,0
proposed_d0f,proposed,0,50.0,50.0,0.85,1.5,20.833333333333336,False,vehicle.ue4.audi.tt,0.0,0.0,1.5366633997877233,40.20938745174117,9.790612548258828,8.338500000000018,0.0,4.910530580327268,6.602333366155927,8.3385,True,COLLISION with vehicle.ue4.audi.tt,0.0,0.0,0.0,freeze,latency,12210032,,0
proposed_d0f,proposed,0,50.0,50.0,0.4,1.5,20.833333333333336,False,vehicle.ue4.audi.tt,0.0,0.0,1.8005841024339466,34.00823884526677,15.991761154733235,3.9239999999999853,0.0,4.964412064007339,6.028715698443331,3.9240000000000004,True,COLLISION with vehicle.ue4.audi.tt,0.0,0.0,0.0,freeze,latency,12210033,,0
proposed_d0f,proposed,0,50.0,50.0,0.85,2.0,27.77777777777778,False,vehicle.ue4.audi.tt,0.0,0.0,1.5387210192923593,42.83421272808645,7.165787271913549,8.3385,0.0,4.91748862549032,5.759141036102191,8.3385,True,COLLISION with vehicle.ue4.audi.tt,0.0,0.0,0.0,freeze,latency,12210034,,0
proposed_d0f,proposed,0,50.0,50.0,0.4,2.0,27.77777777777778,False,vehicle.ue4.audi.tt,0.0,0.0,1.8758773454259712,35.69036043183026,14.309639568169741,3.924000000000003,0.0,4.92826173705589,5.1196161237839455,3.9240000000000004,True,COLLISION with vehicle.ue4.audi.tt,0.0,0.0,0.0,freeze,latency,12210035,,0
proposed_d0f,proposed,0,50.0,50.0,0.85,2.5,34.72222222222222,True,,0.1683500967284015,6.567985614938648,1.5828040117239706,50.0,0.0,8.3385,19.157581329345703,4.9359530090479655,4.923026994393354,8.3385,True,AVOIDED,0.0,0.0,0.0,freeze,latency,12210036,,0
proposed_d0f,proposed,0,50.0,50.0,0.4,2.5,34.72222222222222,False,vehicle.ue4.audi.tt,0.0,0.0,1.8801603817024044,37.975257370104366,12.024742629895634,3.924000000000003,0.0,4.901952945143511,4.4464088089142955,3.9240000000000004,True,COLLISION with vehicle.ue4.audi.tt,0.0,0.0,0.0,freeze,latency,12210037,,0
proposed_d0f,proposed,0,50.0,50.0,0.85,3.0,41.66666666666667,False,,0.0,0.0,1.5530828909371022,50.0,0.0,3.3354000497013203,0.0,11.28359317338748,4.444667012930342,8.3385,True,NO BRAKE / passed,0.0,0.0,0.0,freeze,latency,12210038,,0
proposed_d0f,proposed,0,50.0,50.0,0.4,3.0,41.66666666666667,False,,0.0,0.0,1.85516823812604,50.0,0.0,3.9239999999999853,0.0,11.315742836699938,3.934965505443924,3.9240000000000004,True,NO BRAKE / passed,0.0,0.0,0.0,freeze,latency,12210039,,0
proposed_d0f,proposed,0,60.0,60.0,0.85,1.0,16.666666666666668,False,vehicle.ue4.audi.tt,0.0,0.0,1.5414337970136753,42.49440935203448,17.505590647965523,8.3385,0.0,4.93773651968574,8.178634435944101,8.3385,True,COLLISION with vehicle.ue4.audi.tt,0.0,0.0,0.0,freeze,latency,12210040,,0
proposed_d0f,proposed,0,60.0,60.0,0.4,1.0,16.666666666666668,False,vehicle.ue4.audi.tt,0.0,0.0,1.8668001920773456,34.88671566199865,25.113284338001353,3.924000000000021,0.0,4.950706827817439,7.443964148995502,3.9240000000000004,True,COLLISION with vehicle.ue4.audi.tt,0.0,0.0,0.0,freeze,latency,12210041,,0
proposed_d0f,proposed,0,60.0,60.0,0.85,1.5,25.0,False,vehicle.ue4.audi.tt,0.0,0.0,1.5179003642955156,45.9941303187355,14.0058696812645,8.3385,0.0,4.927204492445811,7.723672276625629,8.3385,True,COLLISION with vehicle.ue4.audi.tt,0.0,0.0,0.0,freeze,latency,12210042,,0
proposed_d0f,proposed,0,60.0,60.0,0.4,1.5,25.0,False,vehicle.ue4.audi.tt,0.0,0.0,1.8759172085135993,39.37090026826789,20.629099731732108,3.924000000000021,0.0,4.919212490880085,6.789588489867011,3.9240000000000004,True,COLLISION with vehicle.ue4.audi.tt,0.0,0.0,0.0,freeze,latency,12210043,,0
proposed_d0f,proposed,0,60.0,60.0,0.85,2.0,33.333333333333336,False,,0.0,0.0,1.5878646170813733,60.0,0.0,8.338499999999982,0.0,8.477176667676295,6.755292853330584,8.3385,True,NO BRAKE / passed,0.0,0.0,0.0,freeze,latency,12210044,,0
proposed_d0f,proposed,0,60.0,60.0,0.4,2.0,33.333333333333336,False,,0.0,0.0,1.905220588643226,60.0,0.0,3.9239999999999853,0.0,8.275402069234726,6.018425054777364,3.9240000000000004,True,NO BRAKE / passed,0.0,0.0,0.0,freeze,latency,12210045,,0
proposed_d0f,proposed,0,60.0,60.0,0.85,2.5,41.66666666666667,False,,0.0,0.0,1.5878978870973606,60.0,0.0,3.3354000497013203,0.0,16.25029754815325,6.002032820303024,8.3385,True,NO BRAKE / passed,0.0,0.0,0.0,freeze,latency,12210046,,0
proposed_d0f,proposed,0,60.0,60.0,0.4,2.5,41.66666666666667,False,,0.0,0.0,1.9657996293202769,60.0,0.0,3.9239999999999853,0.0,16.5469818127879,5.244704754638414,3.9240000000000004,True,NO BRAKE / passed,0.0,0.0,0.0,freeze,latency,12210047,,0
proposed_d0f,proposed,0,60.0,60.0,0.85,3.0,50.0,False,,0.0,0.0,1.5531412837826004,60.0,0.0,3.3354000497013203,0.0,24.612155915762973,5.411479914972096,8.3385,True,NO BRAKE / passed,0.0,0.0,0.0,freeze,latency,12210048,,0
proposed_d0f,proposed,0,60.0,60.0,0.4,3.0,50.0,False,,0.0,0.0,1.98339868966077,60.0,0.0,3.9239999999999853,0.0,24.765625001696947,4.646705466069283,3.9240000000000004,True,NO BRAKE / passed,0.0,0.0,0.0,freeze,latency,12210049,,0
proposed_d4f,proposed,4,20.0,20.0,0.85,1.0,5.555555555555555,False,vehicle.ue4.audi.tt,0.0,0.0,0.19936290766111397,7.145015571629784,12.854984428370216,8.3385,0.0,4.906482697873405,10.989080837156738,8.3385,True,COLLISION with vehicle.ue4.audi.tt,0.0,0.0,0.0,freeze,latency,12250000,,0
proposed_d4f,proposed,4,20.0,20.0,0.4,1.0,5.555555555555555,False,vehicle.ue4.audi.tt,0.0,0.0,0.19924750429983826,6.851662473415077,13.148337526584923,3.924000000000003,0.0,4.906871805977347,10.993834356511538,3.9240000000000004,True,COLLISION with vehicle.ue4.audi.tt,0.0,0.0,0.0,freeze,latency,12250001,,0
proposed_d4f,proposed,4,20.0,20.0,0.85,1.5,8.333333333333332,True,,0.21853447486843436,9.608088058502371,0.763968767644508,20.0,0.0,8.3385,2.688884735107422,4.986253743667402,5.126813767198609,8.3385,True,AVOIDED,0.0,0.0,0.0,freeze,latency,12250002,,0
proposed_d4f,proposed,4,20.0,20.0,0.4,1.5,8.333333333333332,False,vehicle.ue4.audi.tt,0.0,0.0,0.7637303179399831,14.742308007333182,5.257691992666817,3.924000000000003,0.0,4.909479144379838,5.127695868345429,3.9240000000000004,True,COLLISION with vehicle.ue4.audi.tt,0.0,0.0,0.0,freeze,latency,12250003,,0
proposed_d4f,proposed,4,20.0,20.0,0.85,2.0,11.11111111111111,True,,1.0261516575198835,5.1735438694308105,0.9701622027854706,20.0,0.0,8.3385,3.557870864868164,5.794002533374376,3.2882735659520312,8.3385,True,AVOIDED,0.0,0.0,0.0,freeze,latency,12250004,,0
proposed_d4f,proposed,4,20.0,20.0,0.4,2.0,11.11111111111111,True,,0.5768814174311823,4.260289308368844,0.9699192792650284,20.0,0.0,3.924000000000003,4.006654739379883,5.3447322932856745,3.288622387228563,3.9240000000000004,True,AVOIDED,0.0,0.0,0.0,freeze,latency,12250005,,0
proposed_d4f,proposed,4,20.0,20.0,0.85,2.5,13.88888888888889,True,,1.9042930605320114,3.6583654231388554,1.1355760585213421,20.0,0.0,3.335400049701338,4.358943939208984,6.672019958725375,2.4161781460704046,8.3385,True,AVOIDED,0.0,0.0,0.0,freeze,latency,12250006,,0
proposed_d4f,proposed,4,20.0,20.0,0.4,2.5,13.88888888888889,True,,2.2175788938473264,4.187315633410535,1.188209768120914,20.0,0.0,3.924000000000003,4.320930480957031,6.985429769701819,2.315047027228491,3.9240000000000004,True,AVOIDED,0.0,0.0,0.0,freeze,latency,12250007,,0
proposed_d4f,proposed,4,20.0,20.0,0.85,3.0,16.666666666666664,True,,3.302757263605189,3.6579978674862454,1.3921160985308931,20.0,0.0,3.335400049701338,4.359958648681641,8.070487976481326,1.9754115938062764,8.3385,True,AVOIDED,0.0,0.0,0.0,freeze,latency,12250008,,0
proposed_d4f,proposed,4,20.0,20.0,0.4,3.0,16.666666666666664,True,,2.5969581644707205,4.052942909633682,1.4927937050271598,20.0,0.0,3.924000000000003,5.616546630859375,7.364660267131935,1.8429513218050455,3.9240000000000004,True,AVOIDED,0.0,0.0,0.0,freeze,latency,12250009,,0
proposed_d4f,proposed,4,30.0,30.0,0.85,1.0,8.333333333333334,False,vehicle.ue4.audi.tt,0.0,0.0,0.729844378578023,20.012818832667406,9.987181167332594,8.3385,0.0,4.897037513779118,8.104984495119513,8.3385,True,COLLISION with vehicle.ue4.audi.tt,0.0,0.0,0.0,freeze,latency,12250010,,0
proposed_d4f,proposed,4,30.0,30.0,0.4,1.0,8.333333333333334,False,vehicle.ue4.audi.tt,0.0,0.0,0.7312167076160889,17.799918414990444,12.200081585009558,3.924000000000003,0.0,4.908821112660468,8.108274098307549,3.9240000000000004,True,COLLISION with vehicle.ue4.audi.tt,0.0,0.0,0.0,freeze,latency,12250011,,0
proposed_d4f,proposed,4,30.0,30.0,0.85,1.5,12.5,False,vehicle.ue4.audi.tt,0.0,0.0,0.9554581498416795,25.497908293836552,4.502091706163446,8.3385,0.0,4.906948234403001,5.824211749348759,8.3385,True,COLLISION with vehicle.ue4.audi.tt,0.0,0.0,0.0,freeze,latency,12250012,,0
proposed_d4f,proposed,4,30.0,30.0,0.4,1.5,12.5,False,vehicle.ue4.audi.tt,0.0,0.0,1.0665651159420528,21.175635856080746,8.824364143919253,3.924000000000003,0.0,4.9252624546917145,5.4433214651215405,3.9240000000000004,True,COLLISION with vehicle.ue4.audi.tt,0.0,0.0,0.0,freeze,latency,12250013,,0
proposed_d4f,proposed,4,30.0,30.0,0.85,2.0,16.666666666666668,True,,0.7636623753540732,6.226390715138064,1.0947374869746265,30.0,0.0,8.3385,7.170934677124023,5.531253851851491,4.298202480315941,8.3385,True,AVOIDED,0.0,0.0,0.0,freeze,latency,12250014,,0
proposed_d4f,proposed,4,30.0,30.0,0.4,2.0,16.666666666666668,False,vehicle.ue4.audi.tt,0.0,0.0,1.198088511637955,24.431570953323885,5.568429046676114,3.924000000000003,0.0,4.909175911041851,4.083327667328311,3.9240000000000004,True,COLLISION with vehicle.ue4.audi.tt,0.0,0.0,0.0,freeze,latency,12250015,,0
proposed_d4f,proposed,4,30.0,30.0,0.85,2.5,20.833333333333336,True,,1.0213261573230774,4.090453053484257,1.212731995967634,30.0,0.0,8.3385,9.013877868652344,5.789013001495966,3.4073182283470844,8.3385,True,AVOIDED,0.0,0.0,0.0,freeze,latency,12250016,,0
proposed_d4f,proposed,4,30.0,30.0,0.4,2.5,20.833333333333336,True,,1.0414104462953908,4.1532194983457815,1.2612129627816788,30.0,0.0,3.924000000000003,9.405719757080078,5.809261322149883,3.2734973445001367,3.9240000000000004,True,AVOIDED,0.0,0.0,0.0,freeze,latency,12250017,,0
proposed_d4f,proposed,4,30.0,30.0,0.85,3.0,25.0,True,,1.3443244770452383,3.501718372541213,1.3663464184981884,30.0,0.0,3.335400049701338,9.961446762084961,6.1121753528997305,3.0249853112878258,8.3385,True,AVOIDED,0.0,0.0,0.0,freeze,latency,12250018,,0
proposed_d4f,proposed,4,30.0,30.0,0.4,3.0,25.0,True,,1.5163596089197844,4.063103373756054,1.564538689948,30.0,0.0,3.924000000000003,11.4425048828125,6.284073156105799,2.6390243405774925,3.9240000000000004,True,AVOIDED,0.0,0.0,0.0,freeze,latency,12250019,,0
proposed_d4f,proposed,4,40.0,40.0,0.85,1.0,11.11111111111111,False,vehicle.ue4.audi.tt,0.0,0.0,0.8756074937147528,26.05332701778665,13.946672982213352,8.3385,0.0,4.919059536727243,8.743117185153839,8.3385,True,COLLISION with vehicle.ue4.audi.tt,0.0,0.0,0.0,freeze,latency,12250020,,0
proposed_d4f,proposed,4,40.0,40.0,0.4,1.0,11.11111111111111,False,vehicle.ue4.audi.tt,0.0,0.0,0.9998283198413984,22.422194143779095,17.577805856220905,3.9239999999999853,0.0,4.89556504242635,8.090798770542394,3.9240000000000004,True,COLLISION with vehicle.ue4.audi.tt,0.0,0.0,0.0,freeze,latency,12250021,,0
proposed_d4f,proposed,4,40.0,40.0,0.85,1.5,16.666666666666664,False,vehicle.ue4.audi.tt,0.0,0.0,1.0351132236646037,30.23457961449418,9.765420385505818,8.3385,0.0,4.929866669368284,7.041424666662751,8.3385,True,COLLISION with vehicle.ue4.audi.tt,0.0,0.0,0.0,freeze,latency,12250022,,0
proposed_d4f,proposed,4,40.0,40.0,0.4,1.5,16.666666666666664,False,vehicle.ue4.audi.tt,0.0,0.0,1.1326094385329213,26.491491713956705,13.508508286043297,3.924000000000003,0.0,4.942008972184124,6.624603610655263,3.9240000000000004,True,COLLISION with vehicle.ue4.audi.tt,0.0,0.0,0.0,freeze,latency,12250023,,0
proposed_d4f,proposed,4,40.0,40.0,0.85,2.0,22.22222222222222,False,vehicle.ue4.audi.tt,0.0,0.0,1.134286564099166,34.331252409548455,5.668747590451548,8.338500000000018,0.0,4.915229809498038,5.5897429045990155,8.3385,True,COLLISION with vehicle.ue4.audi.tt,0.0,0.0,0.0,freeze,latency,12250024,,0
proposed_d4f,proposed,4,40.0,40.0,0.4,2.0,22.22222222222222,False,vehicle.ue4.audi.tt,0.0,0.0,1.2839065595040795,28.45031146530053,11.54968853469947,3.924000000000003,0.0,4.902545933173273,5.07712628215793,3.9240000000000004,True,COLLISION with vehicle.ue4.audi.tt,0.0,0.0,0.0,freeze,latency,12250025,,0
proposed_d4f,proposed,4,40.0,40.0,0.85,2.5,27.77777777777778,False,vehicle.ue4.audi.tt,0.0,5.900817814410924,1.188778447302535,38.598641473451295,1.4013585265487079,8.3385,0.0,4.892730777990976,4.645473035571714,8.3385,True,COLLISION with vehicle.ue4.audi.tt,0.0,0.0,0.0,freeze,latency,12250026,,0
proposed_d4f,proposed,4,40.0,40.0,0.4,2.5,27.77777777777778,False,vehicle.ue4.audi.tt,0.0,0.0,1.331244599850116,31.574963992022173,8.425036007977827,3.924000000000003,0.0,4.926613198273542,4.28528018479586,3.9240000000000004,True,COLLISION with vehicle.ue4.audi.tt,0.0,0.0,0.0,freeze,latency,12250027,,0
proposed_d4f,proposed,4,40.0,40.0,0.85,3.0,33.33333333333333,True,,0.5721476984134828,4.637068702055508,1.3922065534487515,40.0,0.0,8.3385,14.781688690185547,5.339998574267975,3.966928132863808,8.3385,True,AVOIDED,0.0,0.0,0.0,freeze,latency,12250028,,0
proposed_d4f,proposed,4,40.0,40.0,0.4,3.0,33.33333333333333,False,vehicle.ue4.audi.tt,0.0,0.0,1.5390763335063833,32.597955102895035,7.402044897104966,3.924000000000003,0.0,4.917550380866038,3.581534874183464,3.9240000000000004,True,COLLISION with vehicle.ue4.audi.tt,0.0,0.0,0.0,freeze,latency,12250029,,0
proposed_d4f,proposed,4,50.0,50.0,0.85,1.0,13.88888888888889,False,vehicle.ue4.audi.tt,0.0,0.0,1.003460044140363,30.712614988779297,19.287385011220703,8.338500000000018,0.0,4.897255165214232,9.313744075747058,8.3385,True,COLLISION with vehicle.ue4.audi.tt,0.0,0.0,0.0,freeze,latency,12250030,,0
proposed_d4f,proposed,4,50.0,50.0,0.4,1.0,13.88888888888889,False,vehicle.ue4.audi.tt,0.0,0.0,1.1156746507584203,27.727970601748236,22.272029398251764,3.9239999999999853,0.0,4.945972692951777,8.734568562735838,3.9240000000000004,True,COLLISION with vehicle.ue4.audi.tt,0.0,0.0,0.0,freeze,latency,12250031,,0
proposed_d4f,proposed,4,50.0,50.0,0.85,1.5,20.833333333333336,False,vehicle.ue4.audi.tt,0.0,0.0,1.1107990800769274,34.43961630635854,15.56038369364146,8.338499999999982,0.0,4.90118074270257,8.16594284665818,8.3385,True,COLLISION with vehicle.ue4.audi.tt,0.0,0.0,0.0,freeze,latency,12250032,,0
proposed_d4f,proposed,4,50.0,50.0,0.4,1.5,20.833333333333336,False,vehicle.ue4.audi.tt,0.0,0.0,1.3099285833264835,31.831514642578547,18.168485357421453,3.9239999999999853,0.0,4.935969298461431,7.301587220678324,3.9240000000000004,True,COLLISION with vehicle.ue4.audi.tt,0.0,0.0,0.0,freeze,latency,12250033,,0
proposed_d4f,proposed,4,50.0,50.0,0.85,2.0,27.77777777777778,False,vehicle.ue4.audi.tt,0.0,0.0,1.1688908850900483,37.400863240945554,12.599136759054446,8.338500000000018,0.0,4.903339836186609,6.908683782026902,8.3385,True,COLLISION with vehicle.ue4.audi.tt,0.0,0.0,0.0,freeze,latency,12250034,,0
proposed_d4f,proposed,4,50.0,50.0,0.4,2.0,27.77777777777778,False,vehicle.ue4.audi.tt,0.0,0.0,1.4395958233366453,33.81690508975663,16.183094910243366,3.9239999999999853,0.0,4.964215939600933,6.008106194339076,3.9240000000000004,True,COLLISION with vehicle.ue4.audi.tt,0.0,0.0,0.0,freeze,latency,12250035,,0
proposed_d4f,proposed,4,50.0,50.0,0.85,2.5,34.72222222222222,False,vehicle.ue4.audi.tt,0.0,0.0,1.241480175800436,38.88966703014445,11.110332969855547,8.3385,0.0,4.899644860929796,5.7556154081535755,8.3385,True,COLLISION with vehicle.ue4.audi.tt,0.0,0.0,0.0,freeze,latency,12250036,,0
proposed_d4f,proposed,4,50.0,50.0,0.4,2.5,34.72222222222222,False,vehicle.ue4.audi.tt,0.0,0.0,1.4924870061042945,35.79363685901559,14.206363140984406,3.924000000000003,0.0,4.913680145703661,5.1061631091440605,3.9240000000000004,True,COLLISION with vehicle.ue4.audi.tt,0.0,0.0,0.0,freeze,latency,12250037,,0
proposed_d4f,proposed,4,50.0,50.0,0.85,3.0,41.66666666666667,False,,0.0,0.0,1.3531075454744064,50.0,0.0,3.3354000497013203,0.0,11.46854492516448,5.101627635267165,8.3385,True,NO BRAKE / passed,0.0,0.0,0.0,freeze,latency,12250038,,0
proposed_d4f,proposed,4,50.0,50.0,0.4,3.0,41.66666666666667,False,,0.0,0.0,1.55346833250409,50.0,0.0,3.9239999999999853,0.0,11.121699983012553,4.444685535881227,3.9240000000000004,True,NO BRAKE / passed,0.0,0.0,0.0,freeze,latency,12250039,,0
proposed_d4f,proposed,4,60.0,60.0,0.85,1.0,16.666666666666668,False,vehicle.ue4.audi.tt,0.0,0.0,1.0546417261490215,36.168421315744524,23.831578684255476,8.338499999999982,0.0,4.941696214069306,10.151701880201367,8.3385,True,COLLISION with vehicle.ue4.audi.tt,0.0,0.0,0.0,freeze,latency,12250040,,0
proposed_d4f,proposed,4,60.0,60.0,0.4,1.0,16.666666666666668,False,vehicle.ue4.audi.tt,0.0,0.0,1.2753277910516767,31.203698662878043,28.796301337121957,3.924000000000021,0.0,4.933311464340406,9.064344851678927,3.9240000000000004,True,COLLISION with vehicle.ue4.audi.tt,0.0,0.0,0.0,freeze,latency,12250041,,0
proposed_d4f,proposed,4,60.0,60.0,0.85,1.5,25.0,False,vehicle.ue4.audi.tt,0.0,0.0,1.1272584689226723,41.28338036281732,18.71661963718268,8.338499999999982,0.0,4.936939583229408,9.481403369900773,8.3385,True,COLLISION with vehicle.ue4.audi.tt,0.0,0.0,0.0,freeze,latency,12250042,,0
proposed_d4f,proposed,4,60.0,60.0,0.4,1.5,25.0,False,vehicle.ue4.audi.tt,0.0,0.0,1.4103526953015952,37.67955095028769,22.320449049712305,3.924000000000021,0.0,4.952068523798177,8.099723429983012,3.9240000000000004,True,COLLISION with vehicle.ue4.audi.tt,0.0,0.0,0.0,freeze,latency,12250043,,0
proposed_d4f,proposed,4,60.0,60.0,0.85,2.0,33.333333333333336,False,,0.0,0.0,1.2298864730637769,60.0,0.0,8.338499999999982,0.0,8.033470155415783,8.067643809727066,8.3385,True,NO BRAKE / passed,0.0,0.0,0.0,freeze,latency,12250044,,0
proposed_d4f,proposed,4,60.0,60.0,0.4,2.0,33.333333333333336,False,,0.0,0.0,1.4934540757247192,60.0,0.0,3.9239999999999853,0.0,8.00632858942649,7.042793541945185,3.9240000000000004,True,NO BRAKE / passed,0.0,0.0,0.0,freeze,latency,12250045,,0
proposed_d4f,proposed,4,60.0,60.0,0.85,2.5,41.66666666666667,False,,0.0,0.0,1.2622215373141135,60.0,0.0,3.3354000497013203,0.0,16.515815736512643,7.022934793999116,8.3385,True,NO BRAKE / passed,0.0,0.0,0.0,freeze,latency,12250046,,0
proposed_d4f,proposed,4,60.0,60.0,0.4,2.5,41.66666666666667,False,,0.0,0.0,1.5876460410358477,60.0,0.0,3.9239999999999853,0.0,16.697929385214078,6.002366512836536,3.9240000000000004,True,NO BRAKE / passed,0.0,0.0,0.0,freeze,latency,12250047,,0
proposed_d4f,proposed,4,60.0,60.0,0.85,3.0,50.0,False,,0.0,0.0,1.3311883207596167,60.0,0.0,3.3354000497013203,0.0,25.20958709838738,6.224241354226437,8.3385,True,NO BRAKE / passed,0.0,0.0,0.0,freeze,latency,12250048,,0
proposed_d4f,proposed,4,60.0,60.0,0.4,3.0,50.0,False,,0.0,0.0,1.6341426702666266,60.0,0.0,3.9239999999999853,0.0,24.5300483721114,5.237599715632542,3.9240000000000004,True,NO BRAKE / passed,0.0,0.0,0.0,freeze,latency,12250049,,0
proposed_d8f,proposed,8,20.0,20.0,0.85,1.0,5.555555555555555,False,vehicle.ue4.audi.tt,0.0,0.0,0.0,5.713282639162758,14.286717360837242,0.0,0.0,4.9217739122693045,0.0,8.3385,True,COLLISION with vehicle.ue4.audi.tt,0.0,0.0,0.0,freeze,latency,12290000,,0
proposed_d8f,proposed,8,20.0,20.0,0.4,1.0,5.555555555555555,False,vehicle.ue4.audi.tt,0.0,0.0,0.0,5.715610086983789,14.284389913016211,0.0,0.0,4.9218521202430665,0.0,3.9240000000000004,True,COLLISION with vehicle.ue4.audi.tt,0.0,0.0,0.0,freeze,latency,12290001,,0
proposed_d8f,proposed,8,20.0,20.0,0.85,1.5,8.333333333333332,False,vehicle.ue4.audi.tt,0.0,0.0,0.3774297653796596,13.358891345328415,6.641108654671585,8.3385,0.0,4.908620839532294,8.297389604123511,8.3385,True,COLLISION with vehicle.ue4.audi.tt,0.0,0.0,0.0,freeze,latency,12290002,,0
proposed_d8f,proposed,8,20.0,20.0,0.4,1.5,8.333333333333332,False,vehicle.ue4.audi.tt,0.0,0.0,0.3772855638428962,12.177027435663188,7.822972564336811,3.924000000000003,0.0,4.8995132458670785,8.299638022366459,3.9240000000000004,True,COLLISION with vehicle.ue4.audi.tt,0.0,0.0,0.0,freeze,latency,12290003,,0
proposed_d8f,proposed,8,20.0,20.0,0.85,2.0,11.11111111111111,True,,0.4318313602442432,7.0880709252074645,0.6313706030237114,20.0,0.0,8.3385,3.0504512786865234,5.199682236098735,4.345710811389609,8.3385,True,AVOIDED,0.0,0.0,0.0,freeze,latency,12290004,,0
proposed_d8f,proposed,8,20.0,20.0,0.4,2.0,11.11111111111111,False,vehicle.ue4.audi.tt,0.0,0.0,0.631280476161502,15.936813228734964,4.063186771265036,3.924000000000003,0.0,4.903684643431939,4.346301656340237,3.9240000000000004,True,COLLISION with vehicle.ue4.audi.tt,0.0,0.0,0.0,freeze,latency,12290005,,0
proposed_d8f,proposed,8,20.0,20.0,0.85,2.5,13.88888888888889,True,,0.8010482791889633,3.6570451921126144,0.9347561144126298,20.0,0.0,3.335400049701338,4.360080718994141,5.568778992076815,2.933117754417611,8.3385,True,AVOIDED,0.0,0.0,0.0,freeze,latency,12290006,,0
proposed_d8f,proposed,8,20.0,20.0,0.4,2.5,13.88888888888889,True,,1.1157436609138927,4.187432590616102,0.9881159231099369,20.0,0.0,3.924000000000003,4.320959091186523,5.883594536768385,2.7842341868283564,3.9240000000000004,True,AVOIDED,0.0,0.0,0.0,freeze,latency,12290007,,0
proposed_d8f,proposed,8,20.0,20.0,0.85,3.0,16.666666666666664,True,,2.2012100368505916,3.6581947631146803,1.1925825667687182,20.0,0.0,3.335400049701338,4.359895706176758,6.968940749725898,2.306926899651912,8.3385,True,AVOIDED,0.0,0.0,0.0,freeze,latency,12290008,,0
proposed_d8f,proposed,8,20.0,20.0,0.4,3.0,16.666666666666664,True,,2.0492458394874333,4.189139533031917,1.292683738941427,20.0,0.0,3.924000000000003,5.062173843383789,6.8170967153419255,2.1282661194156223,3.9240000000000004,True,AVOIDED,0.0,0.0,0.0,freeze,latency,12290009,,0
proposed_d8f,proposed,8,30.0,30.0,0.85,1.0,8.333333333333334,False,vehicle.ue4.audi.tt,0.0,0.0,0.3470033613048194,14.19849042014084,15.80150957985916,8.3385,0.0,4.910030365240668,13.508939598671276,8.3385,True,COLLISION with vehicle.ue4.audi.tt,0.0,0.0,0.0,freeze,latency,12290010,,0
proposed_d8f,proposed,8,30.0,30.0,0.4,1.0,8.333333333333334,False,vehicle.ue4.audi.tt,0.0,0.0,0.34737453696364895,14.321559942115421,15.678440057884579,3.924000000000003,0.0,4.909355163577021,13.516951188365471,3.9240000000000004,True,COLLISION with vehicle.ue4.audi.tt,0.0,0.0,0.0,freeze,latency,12290011,,0
proposed_d8f,proposed,8,30.0,30.0,0.85,1.5,12.5,False,vehicle.ue4.audi.tt,0.0,0.0,0.5901133098786533,20.432706727494157,9.567293272505845,8.3385,0.0,4.918846224166483,8.129067656184594,8.3385,True,COLLISION with vehicle.ue4.audi.tt,0.0,0.0,0.0,freeze,latency,12290012,,0
proposed_d8f,proposed,8,30.0,30.0,0.4,1.5,12.5,False,vehicle.ue4.audi.tt,0.0,0.0,0.6699285433072207,18.877659563038677,11.122340436961325,3.924000000000003,0.0,4.9408645786491245,7.398818110754544,3.9240000000000004,True,COLLISION with vehicle.ue4.audi.tt,0.0,0.0,0.0,freeze,latency,12290013,,0
proposed_d8f,proposed,8,30.0,30.0,0.85,2.0,16.666666666666668,False,vehicle.ue4.audi.tt,0.0,0.0,0.7588844496720883,24.96609931997067,5.033900680029329,8.3385,0.0,4.911098493914003,5.446033504240752,8.3385,True,COLLISION with vehicle.ue4.audi.tt,0.0,0.0,0.0,freeze,latency,12290014,,0
proposed_d8f,proposed,8,30.0,30.0,0.4,2.0,16.666666666666668,False,vehicle.ue4.audi.tt,0.0,0.0,0.8267539622755274,21.268874613596353,8.731125386403646,3.924000000000003,0.0,4.89900207787794,5.109567438350352,3.9240000000000004,True,COLLISION with vehicle.ue4.audi.tt,0.0,0.0,0.0,freeze,latency,12290015,,0
proposed_d8f,proposed,8,30.0,30.0,0.85,2.5,20.833333333333336,True,,0.303068220979438,4.940071141021698,1.0127431186830926,30.0,0.0,8.3385,8.07723617553711,5.07091909683393,4.080188554536679,8.3385,True,AVOIDED,0.0,0.0,0.0,freeze,latency,12290016,,0
proposed_d8f,proposed,8,30.0,30.0,0.4,2.5,20.833333333333336,False,vehicle.ue4.audi.tt,0.0,0.0,1.061497666951173,25.532521270052943,4.467478729947058,3.924000000000003,0.0,4.897991181067251,3.889651205506817,3.9240000000000004,True,COLLISION with vehicle.ue4.audi.tt,0.0,0.0,0.0,freeze,latency,12290017,,0
proposed_d8f,proposed,8,30.0,30.0,0.85,3.0,25.0,True,,0.63556126562756,4.089459785386086,1.1663716912638284,30.0,0.0,8.3385,9.015312194824219,5.403259533618148,3.5437015100393623,8.3385,True,AVOIDED,0.0,0.0,0.0,freeze,latency,12290018,,0
proposed_d8f,proposed,8,30.0,30.0,0.4,3.0,25.0,True,,0.29715175850783027,4.10744510238887,1.3647443936102197,30.0,0.0,3.924000000000003,11.006816864013672,5.064865305200185,3.025388149851385,3.9240000000000004,True,AVOIDED,0.0,0.0,0.0,freeze,latency,12290019,,0
proposed_d8f,proposed,8,40.0,40.0,0.85,1.0,11.11111111111111,False,vehicle.ue4.audi.tt,0.0,0.0,0.502359144941864,20.775902747684984,19.224097252315016,8.338499999999982,0.0,4.911409244856384,12.847708979128964,8.3385,True,COLLISION with vehicle.ue4.audi.tt,0.0,0.0,0.0,freeze,latency,12290020,,0
proposed_d8f,proposed,8,40.0,40.0,0.4,1.0,11.11111111111111,False,vehicle.ue4.audi.tt,0.0,0.0,0.585997070961092,19.896979368246384,20.103020631753616,3.9239999999999853,0.0,4.927726747287333,11.49802196869802,3.9240000000000004,True,COLLISION with vehicle.ue4.audi.tt,0.0,0.0,0.0,freeze,latency,12290021,,0
proposed_d8f,proposed,8,40.0,40.0,0.85,1.5,16.666666666666664,False,vehicle.ue4.audi.tt,0.0,0.0,0.6904426780288755,25.103436597219137,14.896563402780865,8.338500000000018,0.0,4.900840697232075,9.446869798020717,8.3385,True,COLLISION with vehicle.ue4.audi.tt,0.0,0.0,0.0,freeze,latency,12290022,,0
proposed_d8f,proposed,8,40.0,40.0,0.4,1.5,16.666666666666664,False,vehicle.ue4.audi.tt,0.0,0.0,0.7665075466186281,24.12377633426656,15.876223665733443,3.9239999999999853,0.0,4.898052240009436,8.705682906673692,3.9240000000000004,True,COLLISION with vehicle.ue4.audi.tt,0.0,0.0,0.0,freeze,latency,12290023,,0
proposed_d8f,proposed,8,40.0,40.0,0.85,2.0,22.22222222222222,False,vehicle.ue4.audi.tt,0.0,0.0,0.8107543874670878,28.212248700986876,11.787751299013122,8.3385,0.0,4.91335993073116,7.036709744515264,8.3385,True,COLLISION with vehicle.ue4.audi.tt,0.0,0.0,0.0,freeze,latency,12290024,,0
proposed_d8f,proposed,8,40.0,40.0,0.4,2.0,22.22222222222222,False,vehicle.ue4.audi.tt,0.0,0.0,0.8832880381492121,26.238239794496838,13.761760205503162,3.924000000000003,0.0,4.9546814074561984,6.607158655874639,3.9240000000000004,True,COLLISION with vehicle.ue4.audi.tt,0.0,0.0,0.0,freeze,latency,12290025,,0
proposed_d8f,proposed,8,40.0,40.0,0.85,2.5,27.77777777777778,False,vehicle.ue4.audi.tt,0.0,0.0,0.9886612058814385,31.03015127457283,8.969848725427168,8.3385,0.0,4.922885044913051,5.586162793730725,8.3385,True,COLLISION with vehicle.ue4.audi.tt,0.0,0.0,0.0,freeze,latency,12290026,,0
proposed_d8f,proposed,8,40.0,40.0,0.4,2.5,27.77777777777778,False,vehicle.ue4.audi.tt,0.0,0.0,1.0888183766624846,28.986766693418474,11.013233306581524,3.924000000000003,0.0,4.92837957351387,5.073075176650183,3.9240000000000004,True,COLLISION with vehicle.ue4.audi.tt,0.0,0.0,0.0,freeze,latency,12290027,,0
proposed_d8f,proposed,8,40.0,40.0,0.85,3.0,33.33333333333333,False,vehicle.ue4.audi.tt,0.0,0.0,1.192012034128367,33.09012558682554,6.909874413174459,8.3385,0.0,4.911183948954207,4.633194846641852,8.3385,True,COLLISION with vehicle.ue4.audi.tt,0.0,0.0,0.0,freeze,latency,12290028,,0
proposed_d8f,proposed,8,40.0,40.0,0.4,3.0,33.33333333333333,False,vehicle.ue4.audi.tt,0.0,0.0,1.339323326699661,30.35029262919682,9.649707370803181,3.924000000000003,0.0,4.929005697936904,4.115753485857089,3.9240000000000004,True,COLLISION with vehicle.ue4.audi.tt,0.0,0.0,0.0,freeze,latency,12290029,,0
proposed_d8f,proposed,8,50.0,50.0,0.85,1.0,13.88888888888889,False,vehicle.ue4.audi.tt,0.0,0.0,0.6321274543223282,26.88360345995851,23.11639654004149,8.338500000000018,0.0,4.922928063385687,12.727312922069409,8.3385,True,COLLISION with vehicle.ue4.audi.tt,0.0,0.0,0.0,freeze,latency,12290030,,0
proposed_d8f,proposed,8,50.0,50.0,0.4,1.0,13.88888888888889,False,vehicle.ue4.audi.tt,0.0,0.0,0.7141215302991455,24.21055731359054,25.78944268640946,3.9239999999999853,0.0,4.897475579504748,11.664184101651415,3.9240000000000004,True,COLLISION with vehicle.ue4.audi.tt,0.0,0.0,0.0,freeze,latency,12290031,,0
proposed_d8f,proposed,8,50.0,50.0,0.85,1.5,20.833333333333336,False,vehicle.ue4.audi.tt,0.0,0.0,0.7749540304108004,31.534214399802647,18.465785600197353,8.338499999999982,0.0,4.978836431981328,10.686722637107561,8.3385,True,COLLISION with vehicle.ue4.audi.tt,0.0,0.0,0.0,freeze,latency,12290032,,0
proposed_d8f,proposed,8,50.0,50.0,0.4,1.5,20.833333333333336,False,vehicle.ue4.audi.tt,0.0,0.0,0.9338580574520148,30.217386578229586,19.782613421770414,3.9239999999999853,0.0,4.982964661851524,9.263288797157083,3.9240000000000004,True,COLLISION with vehicle.ue4.audi.tt,0.0,0.0,0.0,freeze,latency,12290033,,0
proposed_d8f,proposed,8,50.0,50.0,0.85,2.0,27.77777777777778,False,vehicle.ue4.audi.tt,0.0,0.0,0.8590948234303987,33.34518551027002,16.65481448972998,8.338499999999982,0.0,4.965244386963906,8.647817270991617,8.3385,True,COLLISION with vehicle.ue4.audi.tt,0.0,0.0,0.0,freeze,latency,12290034,,0
proposed_d8f,proposed,8,50.0,50.0,0.4,2.0,27.77777777777778,False,vehicle.ue4.audi.tt,0.0,0.0,1.0870406061112605,31.495286787029233,18.504713212970767,3.9239999999999853,0.0,4.954117349162806,7.272910416100022,3.9240000000000004,True,COLLISION with vehicle.ue4.audi.tt,0.0,0.0,0.0,freeze,latency,12290035,,0
proposed_d8f,proposed,8,50.0,50.0,0.85,2.5,34.72222222222222,False,vehicle.ue4.audi.tt,0.0,0.0,0.999955108981612,34.408841672191556,15.591158327808445,8.338499999999982,0.0,4.915566808548318,6.903282467674051,8.3385,True,COLLISION with vehicle.ue4.audi.tt,0.0,0.0,0.0,freeze,latency,12290036,,0
proposed_d8f,proposed,8,50.0,50.0,0.4,2.5,34.72222222222222,False,vehicle.ue4.audi.tt,0.0,0.0,1.1643134866321851,33.73458408573209,16.265415914267912,3.9239999999999853,0.0,4.948528553038373,6.002868790498381,3.9240000000000004,True,COLLISION with vehicle.ue4.audi.tt,0.0,0.0,0.0,freeze,latency,12290037,,0
proposed_d8f,proposed,8,50.0,50.0,0.85,3.0,41.66666666666667,False,,0.0,0.0,1.1531067310947036,50.0,0.0,3.3354000497013203,0.0,11.390984516925776,5.98647805202478,8.3385,True,NO BRAKE / passed,0.0,0.0,0.0,freeze,latency,12290038,,0
proposed_d8f,proposed,8,50.0,50.0,0.4,3.0,41.66666666666667,False,,0.0,0.0,1.3534279721109381,50.0,0.0,3.9239999999999853,0.0,11.002072333498822,5.101682456378316,3.9240000000000004,True,NO BRAKE / passed,0.0,0.0,0.0,freeze,latency,12290039,,0
proposed_d8f,proposed,8,60.0,60.0,0.85,1.0,16.666666666666668,False,vehicle.ue4.audi.tt,0.0,0.0,0.6972039022124866,30.953025059021076,29.046974940978924,8.338499999999982,0.0,4.9298252850495174,13.382846284619038,8.3385,True,COLLISION with vehicle.ue4.audi.tt,0.0,0.0,0.0,freeze,latency,12290040,,0
proposed_d8f,proposed,8,60.0,60.0,0.4,1.0,16.666666666666668,False,vehicle.ue4.audi.tt,0.0,0.0,0.8641586173360867,29.0189633017219,30.9810366982781,3.924000000000021,0.0,4.955875519455784,11.549019417256455,3.9240000000000004,True,COLLISION with vehicle.ue4.audi.tt,0.0,0.0,0.0,freeze,latency,12290041,,0
proposed_d8f,proposed,8,60.0,60.0,0.85,1.5,25.0,False,vehicle.ue4.audi.tt,0.0,0.0,0.8054955575321474,37.18501268394529,22.81498731605471,8.338499999999982,0.0,4.890236168517096,12.300200565941086,8.3385,True,COLLISION with vehicle.ue4.audi.tt,0.0,0.0,0.0,freeze,latency,12290042,,0
proposed_d8f,proposed,8,60.0,60.0,0.4,1.5,25.0,False,vehicle.ue4.audi.tt,0.0,0.0,1.0402223933829033,35.1692374910392,24.830762508960806,3.924000000000021,0.0,4.898109588324816,10.059166996425434,3.9240000000000004,True,COLLISION with vehicle.ue4.audi.tt,0.0,0.0,0.0,freeze,latency,12290043,,0
proposed_d8f,proposed,8,60.0,60.0,0.85,2.0,33.333333333333336,False,,0.0,0.0,0.9247844099735577,60.0,0.0,8.338499999999982,0.0,8.50474929933921,10.014932874406814,8.3385,True,NO BRAKE / passed,0.0,0.0,0.0,freeze,latency,12290044,,0
proposed_d8f,proposed,8,60.0,60.0,0.4,2.0,33.333333333333336,False,,0.0,0.0,1.1502433579379396,60.0,0.0,3.9239999999999853,0.0,7.981159210312894,8.478300660096599,3.9240000000000004,True,NO BRAKE / passed,0.0,0.0,0.0,freeze,latency,12290045,,0
proposed_d8f,proposed,8,60.0,60.0,0.85,2.5,41.66666666666667,False,,0.0,0.0,0.9789316296085878,60.0,0.0,3.3354000497013203,0.0,16.21481704887547,8.46844553700913,8.3385,True,NO BRAKE / passed,0.0,0.0,0.0,freeze,latency,12290046,,0
proposed_d8f,proposed,8,60.0,60.0,0.4,2.5,41.66666666666667,False,,0.0,0.0,1.2620051540529171,60.0,0.0,3.9239999999999853,0.0,16.3315086395115,7.023391210343164,3.9240000000000004,True,NO BRAKE / passed,0.0,0.0,0.0,freeze,latency,12290047,,0
proposed_d8f,proposed,8,60.0,60.0,0.85,3.0,50.0,False,,0.0,0.0,0.0,60.0,0.0,0.0,0.0,25.175376893322685,0.0,8.3385,True,NO BRAKE / passed,0.0,0.0,0.0,freeze,latency,12290048,,0
proposed_d8f,proposed,8,60.0,60.0,0.4,3.0,50.0,False,,0.0,0.0,1.3820684518737594,60.0,0.0,1.569600023388844,0.0,25.21168518234472,5.998521878966145,3.9240000000000004,True,NO BRAKE / passed,0.0,0.0,0.0,freeze,latency,12290049,,0
proposed_d16f,proposed,16,20.0,20.0,0.85,1.0,5.555555555555555,False,vehicle.ue4.audi.tt,0.0,0.0,0.0,5.713282639162758,14.286717360837242,0.0,0.0,4.9217739122693045,0.0,8.3385,True,COLLISION with vehicle.ue4.audi.tt,0.0,0.0,0.0,freeze,latency,12760000,,0
proposed_d16f,proposed,16,20.0,20.0,0.4,1.0,5.555555555555555,False,vehicle.ue4.audi.tt,0.0,0.0,0.0,5.715610086983789,14.284389913016211,0.0,0.0,4.9218521202430665,0.0,3.9240000000000004,True,COLLISION with vehicle.ue4.audi.tt,0.0,0.0,0.0,freeze,latency,12760001,,0
proposed_d16f,proposed,16,20.0,20.0,0.85,1.5,8.333333333333332,False,vehicle.ue4.audi.tt,0.0,0.0,0.0,10.020277820332552,9.979722179667448,0.0,0.0,4.9210109761835055,0.0,8.3385,True,COLLISION with vehicle.ue4.audi.tt,0.0,0.0,0.0,freeze,latency,12760002,,0
proposed_d16f,proposed,16,20.0,20.0,0.4,1.5,8.333333333333332,False,vehicle.ue4.audi.tt,0.0,0.0,0.0,10.023037973257042,9.976962026742958,0.0,0.0,4.920530328296952,0.0,3.9240000000000004,True,COLLISION with vehicle.ue4.audi.tt,0.0,0.0,0.0,freeze,latency,12760003,,0
proposed_d16f,proposed,16,20.0,20.0,0.85,2.0,11.11111111111111,False,vehicle.ue4.audi.tt,0.0,0.0,0.2318261369598216,11.480770296020134,8.519229703979866,3.335400049701338,0.0,4.9156818404696185,11.836179658474444,8.3385,True,COLLISION with vehicle.ue4.audi.tt,0.0,0.0,0.0,freeze,latency,12760004,,0
proposed_d16f,proposed,16,20.0,20.0,0.4,2.0,11.11111111111111,False,vehicle.ue4.audi.tt,0.0,0.0,0.23173668394164548,11.2810909183665,8.7189090816335,3.924000000000003,0.0,4.923660306081586,11.840671507499598,3.9240000000000004,True,COLLISION with vehicle.ue4.audi.tt,0.0,0.0,0.0,freeze,latency,12760005,,0
proposed_d16f,proposed,16,20.0,20.0,0.85,2.5,13.88888888888889,False,vehicle.ue4.audi.tt,0.0,0.0,0.5362577205256541,14.28266209918392,5.717337900816079,3.335400049701338,0.0,4.914058685302827,5.116556625615377,8.3385,True,COLLISION with vehicle.ue4.audi.tt,0.0,0.0,0.0,freeze,latency,12760006,,0
proposed_d16f,proposed,16,20.0,20.0,0.4,2.5,13.88888888888889,False,vehicle.ue4.audi.tt,0.0,0.0,0.58759568064079,14.476745837750373,5.523254162249627,3.924000000000003,0.0,4.911121380845828,4.682025991967664,3.9240000000000004,True,COLLISION with vehicle.ue4.audi.tt,0.0,0.0,0.0,freeze,latency,12760007,,0
proposed_d16f,proposed,16,20.0,20.0,0.85,3.0,16.666666666666664,True,,0.193796184661859,3.9117856321827316,0.7919876203203601,20.0,0.0,8.3385,4.1637420654296875,4.961452510981655,3.4737809898067047,8.3385,True,AVOIDED,0.0,0.0,0.0,freeze,latency,12760008,,0
proposed_d16f,proposed,16,20.0,20.0,0.4,3.0,16.666666666666664,False,vehicle.ue4.audi.tt,0.0,0.0,0.891845392446356,17.31309667216571,2.6869033278342913,3.924000000000003,0.0,4.895977031431372,3.084499074818966,3.9240000000000004,True,COLLISION with vehicle.ue4.audi.tt,0.0,0.0,0.0,freeze,latency,12760009,,0
proposed_d16f,proposed,16,30.0,30.0,0.85,1.0,8.333333333333334,False,vehicle.ue4.audi.tt,0.0,0.0,0.0,12.422980462497996,17.577019537502004,0.0,0.0,4.952165631314739,0.0,8.3385,True,COLLISION with vehicle.ue4.audi.tt,0.0,0.0,0.0,freeze,latency,12760010,,0
proposed_d16f,proposed,16,30.0,30.0,0.4,1.0,8.333333333333334,False,vehicle.ue4.audi.tt,0.0,0.0,0.0,12.462044666699267,17.537955333300733,0.0,0.0,4.952976230094973,0.0,3.9240000000000004,True,COLLISION with vehicle.ue4.audi.tt,0.0,0.0,0.0,freeze,latency,12760011,,0
proposed_d16f,proposed,16,30.0,30.0,0.85,1.5,12.5,False,vehicle.ue4.audi.tt,0.0,0.0,0.10506708882306272,15.731370993777869,14.268629006222131,3.335400049701338,0.0,4.899633478692974,39.32917585796777,8.3385,True,COLLISION with vehicle.ue4.audi.tt,0.0,0.0,0.0,freeze,latency,12760012,,0
proposed_d16f,proposed,16,30.0,30.0,0.4,1.5,12.5,False,vehicle.ue4.audi.tt,0.0,0.0,0.15469553102618322,15.513504621223891,14.486495378776109,3.924000000000003,0.0,4.898874286039726,26.690127742891505,3.9240000000000004,True,COLLISION with vehicle.ue4.audi.tt,0.0,0.0,0.0,freeze,latency,12760013,,0
proposed_d16f,proposed,16,30.0,30.0,0.85,2.0,16.666666666666668,False,vehicle.ue4.audi.tt,0.0,0.0,0.3589282115957219,17.42238008932644,12.577619910673562,3.335400049701338,0.0,4.925907163164758,11.515439094599992,8.3385,True,COLLISION with vehicle.ue4.audi.tt,0.0,0.0,0.0,freeze,latency,12760014,,0
proposed_d16f,proposed,16,30.0,30.0,0.4,2.0,16.666666666666668,False,vehicle.ue4.audi.tt,0.0,0.0,0.4091497463427632,17.308674605619316,12.691325394380685,3.924000000000003,0.0,4.93905264893653,10.109881897412604,3.9240000000000004,True,COLLISION with vehicle.ue4.audi.tt,0.0,0.0,0.0,freeze,latency,12760015,,0
proposed_d16f,proposed,16,30.0,30.0,0.85,2.5,20.833333333333336,False,vehicle.ue4.audi.tt,0.0,0.0,0.6127733781529325,19.634586950780868,10.365413049219132,3.335400049701338,0.0,4.9408874591002,6.743566674507407,8.3385,True,COLLISION with vehicle.ue4.audi.tt,0.0,0.0,0.0,freeze,latency,12760016,,0
proposed_d16f,proposed,16,30.0,30.0,0.4,2.5,20.833333333333336,False,vehicle.ue4.audi.tt,0.0,0.0,0.6619175589723485,19.73971454180502,10.26028545819498,3.924000000000003,0.0,4.944488527405148,6.237903039744913,3.9240000000000004,True,COLLISION with vehicle.ue4.audi.tt,0.0,0.0,0.0,freeze,latency,12760017,,0
proposed_d16f,proposed,16,30.0,30.0,0.85,3.0,25.0,False,vehicle.ue4.audi.tt,0.0,0.0,0.7663570939472922,20.712972415786943,9.287027584213057,3.335400049701338,0.0,4.901264343936814,5.393377500331063,8.3385,True,COLLISION with vehicle.ue4.audi.tt,0.0,0.0,0.0,freeze,latency,12760018,,0
proposed_d16f,proposed,16,30.0,30.0,0.4,3.0,25.0,False,vehicle.ue4.audi.tt,0.0,0.0,0.9651651589986476,21.348156312309094,8.651843687690906,3.924000000000003,0.0,4.9298935769453225,4.2779803528277975,3.9240000000000004,True,COLLISION with vehicle.ue4.audi.tt,0.0,0.0,0.0,freeze,latency,12760019,,0
proposed_d16f,proposed,16,40.0,40.0,0.85,1.0,11.11111111111111,False,vehicle.ue4.audi.tt,0.0,0.0,0.016220857959390263,16.43767057277741,23.56232942722259,3.335400049701338,0.0,4.893899691275543,0.0,8.3385,True,COLLISION with vehicle.ue4.audi.tt,0.0,0.0,0.0,freeze,latency,12760020,,0
proposed_d16f,proposed,16,40.0,40.0,0.4,1.0,11.11111111111111,False,vehicle.ue4.audi.tt,0.0,0.0,0.05840848370376681,16.603721554553708,23.396278445446292,1.5696000233888796,0.0,4.894044877290365,50.0,3.9240000000000004,True,COLLISION with vehicle.ue4.audi.tt,0.0,0.0,0.0,freeze,latency,12760021,,0
proposed_d16f,proposed,16,40.0,40.0,0.85,1.5,16.666666666666664,False,vehicle.ue4.audi.tt,0.0,0.0,0.18084108016554723,21.31768047213748,18.68231952786252,3.3354000497013203,0.0,4.938531422875893,30.537567495242712,8.3385,True,COLLISION with vehicle.ue4.audi.tt,0.0,0.0,0.0,freeze,latency,12760022,,0
proposed_d16f,proposed,16,40.0,40.0,0.4,1.5,16.666666666666664,False,vehicle.ue4.audi.tt,0.0,0.0,0.2305572109905745,21.300029884949105,18.699970115050895,3.9239999999999853,0.0,4.939334982411511,23.941957304479796,3.9240000000000004,True,COLLISION with vehicle.ue4.audi.tt,0.0,0.0,0.0,freeze,latency,12760023,,0
proposed_d16f,proposed,16,40.0,40.0,0.85,2.0,22.22222222222222,False,vehicle.ue4.audi.tt,0.0,0.0,0.38452719970271526,22.956044038998716,17.043955961001284,3.3354000497013203,0.0,4.921292316360523,14.36255129119929,8.3385,True,COLLISION with vehicle.ue4.audi.tt,0.0,0.0,0.0,freeze,latency,12760024,,0
proposed_d16f,proposed,16,40.0,40.0,0.4,2.0,22.22222222222222,False,vehicle.ue4.audi.tt,0.0,0.0,0.4332652916153522,22.23915472641601,17.76084527358399,3.9239999999999853,0.0,4.903606770963747,12.722328507780883,3.9240000000000004,True,COLLISION with vehicle.ue4.audi.tt,0.0,0.0,0.0,freeze,latency,12760025,,0
proposed_d16f,proposed,16,40.0,40.0,0.85,2.5,27.77777777777778,False,vehicle.ue4.audi.tt,0.0,0.0,0.5882585549747769,23.68748455015244,16.31251544984756,3.3354000497013203,0.0,4.900866994155292,9.388505487992537,8.3385,True,COLLISION with vehicle.ue4.audi.tt,0.0,0.0,0.0,freeze,latency,12760026,,0
proposed_d16f,proposed,16,40.0,40.0,0.4,2.5,27.77777777777778,False,vehicle.ue4.audi.tt,0.0,0.0,0.6883239845912883,24.747781010431098,15.2522189895689,3.9239999999999853,0.0,4.923901131679248,8.02457101756787,3.9240000000000004,True,COLLISION with vehicle.ue4.audi.tt,0.0,0.0,0.0,freeze,latency,12760027,,0
proposed_d16f,proposed,16,40.0,40.0,0.85,3.0,33.33333333333333,False,vehicle.ue4.audi.tt,0.0,0.0,0.7916082194865199,25.72441834954691,14.275581650453093,3.335400049701338,0.0,4.942290239406094,6.976726439878301,8.3385,True,COLLISION with vehicle.ue4.audi.tt,0.0,0.0,0.0,freeze,latency,12760028,,0
proposed_d16f,proposed,16,40.0,40.0,0.4,3.0,33.33333333333333,False,vehicle.ue4.audi.tt,0.0,0.0,0.9397481647144609,25.846274809194927,14.153725190805073,3.924000000000003,0.0,4.928536611659718,5.86559436711036,3.9240000000000004,True,COLLISION with vehicle.ue4.audi.tt,0.0,0.0,0.0,freeze,latency,12760029,,0
proposed_d16f,proposed,16,50.0,50.0,0.85,1.0,13.88888888888889,False,vehicle.ue4.audi.tt,0.0,0.0,0.11041216877425472,20.612576474894166,29.387423525105834,3.3354000497013203,0.0,4.896564730239367,48.347466807001425,8.3385,True,COLLISION with vehicle.ue4.audi.tt,0.0,0.0,0.0,freeze,latency,12760030,,0
proposed_d16f,proposed,16,50.0,50.0,0.4,1.0,13.88888888888889,False,vehicle.ue4.audi.tt,0.0,0.0,0.165347907902329,20.42164097224172,29.57835902775828,3.9239999999999853,0.0,4.896625721537861,35.924320230947906,3.9240000000000004,True,COLLISION with vehicle.ue4.audi.tt,0.0,0.0,0.0,freeze,latency,12760031,,0
proposed_d16f,proposed,16,50.0,50.0,0.85,1.5,20.833333333333336,False,vehicle.ue4.audi.tt,0.0,0.0,0.2557728042229729,26.425552779058957,23.574447220941043,3.3354000497013203,0.0,4.897381396275552,28.18809096446596,8.3385,True,COLLISION with vehicle.ue4.audi.tt,0.0,0.0,0.0,freeze,latency,12760032,,0
proposed_d16f,proposed,16,50.0,50.0,0.4,1.5,20.833333333333336,False,vehicle.ue4.audi.tt,0.0,0.0,0.3722823951746163,26.415450479652836,23.584549520347164,3.9239999999999853,0.0,4.899060897024391,19.98358933977088,3.9240000000000004,True,COLLISION with vehicle.ue4.audi.tt,0.0,0.0,0.0,freeze,latency,12760033,,0
proposed_d16f,proposed,16,50.0,50.0,0.85,2.0,27.77777777777778,False,vehicle.ue4.audi.tt,0.0,0.0,0.39665124971832455,27.78992647392765,22.21007352607235,3.3354000497013203,0.0,4.9942627830733075,17.403325676340533,8.3385,True,COLLISION with vehicle.ue4.audi.tt,0.0,0.0,0.0,freeze,latency,12760034,,0
proposed_d16f,proposed,16,50.0,50.0,0.4,2.0,27.77777777777778,False,vehicle.ue4.audi.tt,0.0,0.0,0.546835351760995,28.128524171026314,21.871475828973686,3.9239999999999853,0.0,4.9671355714492815,12.626640378537571,3.9240000000000004,True,COLLISION with vehicle.ue4.audi.tt,0.0,0.0,0.0,freeze,latency,12760035,,0
proposed_d16f,proposed,16,50.0,50.0,0.85,2.5,34.72222222222222,False,vehicle.ue4.audi.tt,0.0,0.0,0.599967845988889,28.626840545979423,21.373159454020577,3.3354000497013203,0.0,4.9024451604165025,11.505760666346886,8.3385,True,COLLISION with vehicle.ue4.audi.tt,0.0,0.0,0.0,freeze,latency,12760036,,0
proposed_d16f,proposed,16,50.0,50.0,0.4,2.5,34.72222222222222,False,vehicle.ue4.audi.tt,0.0,0.0,0.7501247266890004,29.959444115063448,20.040555884936552,3.9239999999999853,0.0,4.976572520080721,9.204832344502467,3.9240000000000004,True,COLLISION with vehicle.ue4.audi.tt,0.0,0.0,0.0,freeze,latency,12760037,,0
proposed_d16f,proposed,16,50.0,50.0,0.85,3.0,41.66666666666667,False,,0.0,0.0,0.7531120519808099,50.0,0.0,3.3354000497013203,0.0,11.222107903958344,9.166080813983013,8.3385,True,NO BRAKE / passed,0.0,0.0,0.0,freeze,latency,12760038,,0
proposed_d16f,proposed,16,50.0,50.0,0.4,3.0,41.66666666666667,False,,0.0,0.0,0.9533269764399351,50.0,0.0,3.9239999999999853,0.0,11.296026147825728,7.242901840802516,3.9240000000000004,True,NO BRAKE / passed,0.0,0.0,0.0,freeze,latency,12760039,,0
proposed_d16f,proposed,16,60.0,60.0,0.85,1.0,16.666666666666668,False,vehicle.ue4.audi.tt,0.0,0.0,0.1721017969390986,25.045557103918235,34.954442896081765,3.3354000497013203,0.0,4.989089968052741,37.53296355003447,8.3385,True,COLLISION with vehicle.ue4.audi.tt,0.0,0.0,0.0,freeze,latency,12760040,,0
proposed_d16f,proposed,16,60.0,60.0,0.4,1.0,16.666666666666668,False,vehicle.ue4.audi.tt,0.0,0.0,0.28765317103799704,25.306380332863355,34.693619667136645,3.924000000000021,0.0,4.986180230658393,25.829805765337834,3.9240000000000004,True,COLLISION with vehicle.ue4.audi.tt,0.0,0.0,0.0,freeze,latency,12760041,,0
proposed_d16f,proposed,16,60.0,60.0,0.85,1.5,25.0,False,vehicle.ue4.audi.tt,0.0,0.0,0.29124086240619046,30.72286925076649,29.27713074923351,3.3354000497013203,0.0,4.978534707927602,30.19911593172419,8.3385,True,COLLISION with vehicle.ue4.audi.tt,0.0,0.0,0.0,freeze,latency,12760042,,0
proposed_d16f,proposed,16,60.0,60.0,0.4,1.5,25.0,False,vehicle.ue4.audi.tt,0.0,0.0,0.468402517018106,31.840011279624136,28.159988720375864,3.924000000000021,0.0,4.954230415909467,19.52383155510562,3.9240000000000004,True,COLLISION with vehicle.ue4.audi.tt,0.0,0.0,0.0,freeze,latency,12760043,,0
proposed_d16f,proposed,16,60.0,60.0,0.85,2.0,33.333333333333336,False,,0.0,0.0,0.4253778969853923,60.0,0.0,3.3354000497013203,0.0,7.824298860292733,19.478028924899352,8.3385,True,NO BRAKE / passed,0.0,0.0,0.0,freeze,latency,12760044,,0
proposed_d16f,proposed,16,60.0,60.0,0.4,2.0,33.333333333333336,False,,0.0,0.0,0.5941308275617352,60.0,0.0,3.9239999999999853,0.0,7.888713851038048,14.383197711721861,3.9240000000000004,True,NO BRAKE / passed,0.0,0.0,0.0,freeze,latency,12760045,,0
proposed_d16f,proposed,16,60.0,60.0,0.85,2.5,41.66666666666667,False,,0.0,0.0,0.0,60.0,0.0,0.0,0.0,16.840492249960523,0.0,8.3385,True,NO BRAKE / passed,0.0,0.0,0.0,freeze,latency,12760046,,0
proposed_d16f,proposed,16,60.0,60.0,0.4,2.5,41.66666666666667,False,,0.0,0.0,0.778820634661901,60.0,0.0,1.569600023388844,0.0,16.847869875999613,10.644673653623787,3.9240000000000004,True,NO BRAKE / passed,0.0,0.0,0.0,freeze,latency,12760047,,0
proposed_d16f,proposed,16,60.0,60.0,0.85,3.0,50.0,False,,0.0,0.0,0.0,60.0,0.0,0.0,0.0,25.175376893322685,0.0,8.3385,True,NO BRAKE / passed,0.0,0.0,0.0,freeze,latency,12760048,,0
proposed_d16f,proposed,16,60.0,60.0,0.4,3.0,50.0,False,,0.0,0.0,0.0,60.0,0.0,0.0,0.0,25.1741371171672,0.0,3.9240000000000004,True,NO BRAKE / passed,0.0,0.0,0.0,freeze,latency,12760049,,0
proposed_enhanced_d0f,proposed_enhanced,0,20.0,20.0,0.85,1.0,5.555555555555555,False,vehicle.ue4.audi.tt,0.0,0.0,0.6471768661997551,12.853515888292925,7.146484111707075,8.3385,0.0,4.898595811398653,5.379311396698433,8.3385,True,COLLISION with vehicle.ue4.audi.tt,0.0,0.0,0.0,freeze,latency,21380000,,0
proposed_enhanced_d0f,proposed_enhanced,0,20.0,20.0,0.4,1.0,5.555555555555555,False,vehicle.ue4.audi.tt,0.0,0.0,1.027180161973942,10.052963990272419,9.947036009727581,3.924000000000003,0.0,4.898561490335623,3.8561031592528154,3.9240000000000004,True,COLLISION with vehicle.ue4.audi.tt,0.0,0.0,0.0,freeze,latency,21380001,,0
proposed_enhanced_d0f,proposed_enhanced,0,20.0,20.0,0.85,1.5,8.333333333333332,False,vehicle.ue4.audi.tt,0.0,8.747900989638335,0.763968767644508,18.40271108096782,1.5972889190321817,8.3385,0.0,4.892934809223656,5.126813767198609,8.3385,True,COLLISION with vehicle.ue4.audi.tt,0.0,0.0,0.0,freeze,latency,21380002,,0
proposed_enhanced_d0f,proposed_enhanced,0,20.0,20.0,0.4,1.5,8.333333333333332,True,,0.36039162570407246,4.333562408930642,3.2878006473730355,20.0,0.0,3.924000000000003,4.475374221801758,5.128196725191456,2.7077764563321014,3.9240000000000004,True,AVOIDED,0.0,0.0,0.0,freeze,latency,21380003,,0
proposed_enhanced_d0f,proposed_enhanced,0,20.0,20.0,0.85,2.0,11.11111111111111,False,vehicle.ue4.audi.tt,0.0,8.579298649367136,0.5314333532093125,19.092192044909073,0.9078079550909274,8.3385,0.0,4.891550064396961,5.162627905783898,8.3385,True,COLLISION with vehicle.ue4.audi.tt,0.0,0.0,0.0,freeze,latency,21380004,,0
proposed_enhanced_d0f,proposed_enhanced,0,20.0,20.0,0.4,2.0,11.11111111111111,True,,0.23027039610579436,3.4811560438182867,2.0627964482367553,20.0,0.0,3.924000000000003,6.005826950073242,4.9981212719602865,2.400623323390641,3.9240000000000004,True,AVOIDED,0.0,0.0,0.0,freeze,latency,21380005,,0
proposed_enhanced_d0f,proposed_enhanced,0,20.0,20.0,0.85,2.5,13.88888888888889,True,,0.14384079059568666,8.554016678348559,0.5362577205256541,20.0,0.0,8.3385,2.8138370513916016,4.91147804342501,5.116556625615377,8.3385,True,AVOIDED,0.0,0.0,0.0,freeze,latency,21380006,,0
proposed_enhanced_d0f,proposed_enhanced,0,20.0,20.0,0.4,2.5,13.88888888888889,True,,0.25819981049509,3.4822714254592206,1.135489605829364,20.0,0.0,3.924000000000003,6.00452995300293,5.026050686349582,2.4163623690086666,3.9240000000000004,True,AVOIDED,0.0,0.0,0.0,freeze,latency,21380007,,0
proposed_enhanced_d0f,proposed_enhanced,0,20.0,20.0,0.85,3.0,16.666666666666664,True,,0.16598513442296436,8.553987968343948,0.5402700870624839,20.0,0.0,8.3385,2.813844680786133,4.933622387356617,5.078505333963074,8.3385,True,AVOIDED,0.0,0.0,0.0,freeze,latency,21380008,,0
proposed_enhanced_d0f,proposed_enhanced,0,20.0,20.0,0.4,3.0,16.666666666666664,True,,0.28067399282851824,3.4824260656651744,1.139573924017096,20.0,0.0,3.924000000000003,6.004188537597656,5.04852486868301,2.407787586860677,3.9240000000000004,True,AVOIDED,0.0,0.0,0.0,freeze,latency,21380009,,0
proposed_enhanced_d0f,proposed_enhanced,0,30.0,30.0,0.85,1.0,8.333333333333334,True,,0.3387184219646695,8.776374924336977,1.4913584999013962,30.0,0.0,8.3385,5.465799331665039,5.106561670259699,5.527246761241946,8.3385,True,AVOIDED,0.0,0.0,0.0,freeze,latency,21380010,,0
proposed_enhanced_d0f,proposed_enhanced,0,30.0,30.0,0.4,1.0,8.333333333333334,False,vehicle.ue4.audi.tt,0.0,0.0,4.9528214313640655,24.014697579073776,5.985302420926226,3.924000000000003,0.0,4.906347285972629,3.0257385914018777,3.9240000000000004,True,COLLISION with vehicle.ue4.audi.tt,0.0,0.0,0.0,freeze,latency,21380011,,0
proposed_enhanced_d0f,proposed_enhanced,0,30.0,30.0,0.85,1.5,12.5,True,,0.38725104666590937,8.359689398119565,1.1946598123514136,30.0,0.0,8.3385,6.274269104003906,5.154848245557473,5.105013915470057,8.3385,True,AVOIDED,0.0,0.0,0.0,freeze,latency,21380012,,0
proposed_enhanced_d0f,proposed_enhanced,0,30.0,30.0,0.4,1.5,12.5,True,,0.8767453695234302,4.0628730741844175,7.039928856539185,30.0,0.0,3.924000000000003,10.333917617797852,5.644460823953505,2.605715723502676,3.9240000000000004,True,AVOIDED,0.0,0.0,0.0,freeze,latency,21380013,,0
proposed_enhanced_d0f,proposed_enhanced,0,30.0,30.0,0.85,2.0,16.666666666666668,True,,0.23279767067777346,7.780864668668057,0.8262377116512014,30.0,0.0,8.3385,6.460597991943359,5.000648546532266,5.108425233623513,8.3385,True,AVOIDED,0.0,0.0,0.0,freeze,latency,21380014,,0
proposed_enhanced_d0f,proposed_enhanced,0,30.0,30.0,0.4,2.0,16.666666666666668,True,,0.6561069521477272,3.6239197408958055,5.406214663990653,30.0,0.0,3.924000000000003,13.482925415039062,5.423824313598004,2.354910280474239,3.9240000000000004,True,AVOIDED,0.0,0.0,0.0,freeze,latency,21380015,,0
proposed_enhanced_d0f,proposed_enhanced,0,30.0,30.0,0.85,2.5,20.833333333333336,True,,0.2648029558516498,7.780869947502465,0.8127615046510833,30.0,0.0,8.3385,6.460596084594727,5.032653831706142,5.084197525527865,8.3385,True,AVOIDED,0.0,0.0,0.0,freeze,latency,21380016,,0
proposed_enhanced_d0f,proposed_enhanced,0,30.0,30.0,0.4,2.5,20.833333333333336,True,,0.6881313327256509,3.623918595807379,2.4527353006508,30.0,0.0,3.924000000000003,13.482927322387695,5.455848694178474,2.4066832729938303,3.9240000000000004,True,AVOIDED,0.0,0.0,0.0,freeze,latency,21380017,,0
proposed_enhanced_d0f,proposed_enhanced,0,30.0,30.0,0.85,3.0,25.0,True,,0.29419141127554926,7.780869947502465,0.8163194591760159,30.0,0.0,8.3385,6.460597991943359,5.0620422871300415,5.062084572133394,8.3385,True,AVOIDED,0.0,0.0,0.0,freeze,latency,21380018,,0
proposed_enhanced_d0f,proposed_enhanced,0,30.0,30.0,0.4,3.0,25.0,True,,0.5253506047229184,3.505575885472131,1.71781762276468,30.0,0.0,3.924000000000003,13.675098419189453,5.293201480577411,2.4079269064192053,3.9240000000000004,True,AVOIDED,0.0,0.0,0.0,freeze,latency,21380019,,0
proposed_enhanced_d0f,proposed_enhanced,0,40.0,40.0,0.85,1.0,11.11111111111111,True,,0.5030083500627951,8.773324390796875,2.692657534160436,40.0,0.0,8.338500000000018,10.836496353149414,5.270611272618607,5.06810458044935,8.3385,True,AVOIDED,0.0,0.0,0.0,freeze,latency,21380020,,0
proposed_enhanced_d0f,proposed_enhanced,0,40.0,40.0,0.4,1.0,11.11111111111111,False,vehicle.ue4.audi.tt,0.0,0.0,8.431018850202848,32.405790887485395,7.594209112514604,3.924000000000003,0.0,4.905776983938589,2.9880569700825594,3.9240000000000004,True,COLLISION with vehicle.ue4.audi.tt,0.0,0.0,0.0,freeze,latency,21380021,,0
proposed_enhanced_d0f,proposed_enhanced,0,40.0,40.0,0.85,1.5,16.666666666666664,True,,0.5761935207546047,7.8698251675568525,1.8025247211739661,40.0,0.0,8.338500000000018,11.353862762451172,5.343777362315518,5.088887378132945,8.3385,True,AVOIDED,0.0,0.0,0.0,freeze,latency,21380022,,0
proposed_enhanced_d0f,proposed_enhanced,0,40.0,40.0,0.4,1.5,16.666666666666664,True,,1.4904270212504018,4.102447160543259,10.767244843514392,40.0,0.0,3.924000000000003,17.061918258666992,6.258140567986307,2.772708082814638,3.9240000000000004,True,AVOIDED,0.0,0.0,0.0,freeze,latency,21380023,,0
proposed_enhanced_d0f,proposed_enhanced,0,40.0,40.0,0.85,2.0,22.22222222222222,True,,0.6144828647136267,7.869828205186927,1.3226811405982255,40.0,0.0,8.338500000000018,11.353860855102539,5.382066703852514,5.07331159838516,8.3385,True,AVOIDED,0.0,0.0,0.0,freeze,latency,21380024,,0
proposed_enhanced_d0f,proposed_enhanced,0,40.0,40.0,0.4,2.0,22.22222222222222,True,,1.2000484481169398,4.155098673313346,11.630982374266992,40.0,0.0,3.924000000000003,22.355558395385742,5.967899323971432,2.3924182958008458,3.9240000000000004,True,AVOIDED,0.0,0.0,0.0,freeze,latency,21380025,,0
proposed_enhanced_d0f,proposed_enhanced,0,40.0,40.0,0.85,2.5,27.77777777777778,True,,0.6533587054483814,7.86983428045411,1.0887917497618929,40.0,0.0,8.338500000000018,11.35385513305664,5.420942542028935,5.072571981346971,8.3385,True,AVOIDED,0.0,0.0,0.0,freeze,latency,21380026,,0
proposed_enhanced_d0f,proposed_enhanced,0,40.0,40.0,0.4,2.5,27.77777777777778,True,,1.050806242676945,3.606014861589962,5.482309516429624,40.0,0.0,3.924000000000003,24.202226638793945,5.818519789248377,2.4035816946748283,3.9240000000000004,True,AVOIDED,0.0,0.0,0.0,freeze,latency,21380027,,0
proposed_enhanced_d0f,proposed_enhanced,0,40.0,40.0,0.85,3.0,33.33333333333333,True,,0.4395047039162101,7.468276649157195,1.0919185986076827,40.0,0.0,8.3385,11.602493286132812,5.207355579770702,5.057943462688225,8.3385,True,AVOIDED,0.0,0.0,0.0,freeze,latency,21380028,,0
proposed_enhanced_d0f,proposed_enhanced,0,40.0,40.0,0.4,3.0,33.33333333333333,True,,1.127241732743844,3.445246854897612,3.462446767008977,40.0,0.0,3.924000000000003,24.714298248291016,5.895077349810822,2.354953719344767,3.9240000000000004,True,AVOIDED,0.0,0.0,0.0,freeze,latency,21380029,,0
proposed_enhanced_d0f,proposed_enhanced,0,50.0,50.0,0.85,1.0,13.88888888888889,True,,0.8584386354391338,8.60801632929169,3.86339005375091,50.0,0.0,8.338500000000018,16.95696258544922,5.626121665157446,5.059716746881487,8.3385,True,AVOIDED,0.0,0.0,0.0,freeze,latency,21380030,,0
proposed_enhanced_d0f,proposed_enhanced,0,50.0,50.0,0.4,1.0,13.88888888888889,False,vehicle.ue4.audi.tt,0.0,0.0,12.090469770811548,40.038301899653966,9.961698100346032,3.924000000000003,0.0,4.9100193805634404,3.060013661557994,3.9240000000000004,True,COLLISION with vehicle.ue4.audi.tt,0.0,0.0,0.0,freeze,latency,21380031,,0
proposed_enhanced_d0f,proposed_enhanced,0,50.0,50.0,0.85,1.5,20.833333333333336,True,,0.939524032805175,7.887537014781814,2.495463597108241,50.0,0.0,8.338500000000018,17.609840393066406,5.707126949843713,5.137411953157986,8.3385,True,AVOIDED,0.0,0.0,0.0,freeze,latency,21380032,,0
proposed_enhanced_d0f,proposed_enhanced,0,50.0,50.0,0.4,1.5,20.833333333333336,True,,1.7210312476202283,4.043936227498041,20.88953445192476,50.0,0.0,3.924000000000003,25.797504425048828,6.4888821234747205,2.5044600698531863,3.9240000000000004,True,AVOIDED,0.0,0.0,0.0,freeze,latency,21380033,,0
proposed_enhanced_d0f,proposed_enhanced,0,50.0,50.0,0.85,2.0,27.77777777777778,True,,0.9800932926783519,7.887537014781814,1.8750877715917242,50.0,0.0,8.3385,17.609840393066406,5.747696210048844,5.119825793862402,8.3385,True,AVOIDED,0.0,0.0,0.0,freeze,latency,21380034,,0
proposed_enhanced_d0f,proposed_enhanced,0,50.0,50.0,0.4,2.0,27.77777777777778,True,,2.244193507871845,4.044263242493696,20.24694054632457,50.0,0.0,3.924000000000003,31.530807495117188,7.012044383726337,2.4338772825315904,3.9240000000000004,True,AVOIDED,0.0,0.0,0.0,freeze,latency,21380035,,0
proposed_enhanced_d0f,proposed_enhanced,0,50.0,50.0,0.85,2.5,34.72222222222222,True,,0.7049213427061334,7.556610402705241,1.4922864416326875,50.0,0.0,8.338500000000018,17.930797576904297,5.472596742713541,5.106136741608403,8.3385,True,AVOIDED,0.0,0.0,0.0,freeze,latency,21380036,,0
proposed_enhanced_d0f,proposed_enhanced,0,50.0,50.0,0.4,2.5,34.72222222222222,True,,1.5802311819736818,3.8292706230436453,13.06381489978681,50.0,0.0,3.924000000000003,37.07072448730469,6.347948549448973,2.401690740866674,3.9240000000000004,True,AVOIDED,0.0,0.0,0.0,freeze,latency,21380037,,0
proposed_enhanced_d0f,proposed_enhanced,0,50.0,50.0,0.85,3.0,41.66666666666667,False,,0.0,0.0,1.3531075454744064,50.0,0.0,8.338500000000018,0.0,11.480786285804475,5.101627635267165,8.3385,True,NO BRAKE / passed,0.0,0.0,0.0,freeze,latency,21380038,,0
proposed_enhanced_d0f,proposed_enhanced,0,50.0,50.0,0.4,3.0,41.66666666666667,False,,0.0,0.0,6.736072333349342,50.0,0.0,3.924000000000003,0.0,11.416171669923472,2.3779319813894504,3.9240000000000004,True,NO BRAKE / passed,0.0,0.0,0.0,freeze,latency,21380039,,0
proposed_enhanced_d0f,proposed_enhanced,0,60.0,60.0,0.85,1.0,16.666666666666668,True,,1.133745196783174,8.853525974925764,5.014598163561872,60.0,0.0,8.3385,24.04142189025879,5.901424411260809,5.170435827998376,8.3385,True,AVOIDED,0.0,0.0,0.0,freeze,latency,21380040,,0
proposed_enhanced_d0f,proposed_enhanced,0,60.0,60.0,0.4,1.0,16.666666666666668,False,vehicle.ue4.audi.tt,0.0,0.0,15.172868847843377,47.336875595064356,12.663124404935644,3.924000000000021,0.0,4.914605376059551,3.158024112356161,3.9240000000000004,True,COLLISION with vehicle.ue4.audi.tt,0.0,0.0,0.0,freeze,latency,21380041,,0
proposed_enhanced_d0f,proposed_enhanced,0,60.0,60.0,0.85,1.5,25.0,True,,1.2646358050096431,7.660055643069512,3.434464607524483,60.0,0.0,8.3385,25.618444442749023,6.032238720342709,5.130475650487677,8.3385,True,AVOIDED,0.0,0.0,0.0,freeze,latency,21380042,,0
proposed_enhanced_d0f,proposed_enhanced,0,60.0,60.0,0.4,1.5,25.0,True,,1.0019528243140607,3.9637762115709787,25.851985469291943,60.0,0.0,3.924000000000021,35.82144355773926,5.769803700168553,2.6500126442433465,3.9240000000000004,True,AVOIDED,0.0,0.0,0.0,freeze,latency,21380043,,0
proposed_enhanced_d0f,proposed_enhanced,0,60.0,60.0,0.85,2.0,33.333333333333336,False,,0.0,0.0,2.559036087672698,60.0,0.0,8.3385,0.0,8.549518586281378,5.099229681011995,8.3385,True,NO BRAKE / passed,0.0,0.0,0.0,freeze,latency,21380044,,0
proposed_enhanced_d0f,proposed_enhanced,0,60.0,60.0,0.4,2.0,33.333333333333336,False,,0.0,0.0,24.885423623084712,60.0,0.0,3.924000000000003,0.0,8.484893561972706,2.6461654613091667,3.9240000000000004,True,NO BRAKE / passed,0.0,0.0,0.0,freeze,latency,21380045,,0
proposed_enhanced_d0f,proposed_enhanced,0,60.0,60.0,0.85,2.5,41.66666666666667,False,,0.0,0.0,2.069420174107407,60.0,0.0,3.3354000497013203,0.0,16.37025833304196,5.084939954542317,8.3385,True,NO BRAKE / passed,0.0,0.0,0.0,freeze,latency,21380046,,0
proposed_enhanced_d0f,proposed_enhanced,0,60.0,60.0,0.4,2.5,41.66666666666667,False,,0.0,0.0,23.707574942477038,60.0,0.0,3.9239999999999853,0.0,16.70346070239973,2.45039335977478,3.9240000000000004,True,NO BRAKE / passed,0.0,0.0,0.0,freeze,latency,21380047,,0
proposed_enhanced_d0f,proposed_enhanced,0,60.0,60.0,0.85,3.0,50.0,False,,0.0,0.0,1.716136131151897,60.0,0.0,3.3354000497013203,0.0,24.76255798480751,5.076422321911266,8.3385,True,NO BRAKE / passed,0.0,0.0,0.0,freeze,latency,21380048,,0
proposed_enhanced_d0f,proposed_enhanced,0,60.0,60.0,0.4,3.0,50.0,False,,0.0,0.0,14.498573094392802,60.0,0.0,3.9239999999999853,0.0,24.879261143057743,2.397880462972209,3.9240000000000004,True,NO BRAKE / passed,0.0,0.0,0.0,freeze,latency,21380049,,0
proposed_enhanced_d4f,proposed_enhanced,4,20.0,20.0,0.85,1.0,5.555555555555555,False,vehicle.ue4.audi.tt,0.0,0.0,0.12281620907681731,6.345921885110874,13.654078114889126,3.335400049701338,0.0,4.9188480388434614,14.360781960719958,8.3385,True,COLLISION with vehicle.ue4.audi.tt,0.0,0.0,0.0,freeze,latency,21420000,,0
proposed_enhanced_d4f,proposed_enhanced,4,20.0,20.0,0.4,1.0,5.555555555555555,False,vehicle.ue4.audi.tt,0.0,0.0,0.19924750429983826,6.851662473415077,13.148337526584923,3.924000000000003,0.0,4.906871805977347,10.993834356511538,3.9240000000000004,True,COLLISION with vehicle.ue4.audi.tt,0.0,0.0,0.0,freeze,latency,21420001,,0
proposed_enhanced_d4f,proposed_enhanced,4,20.0,20.0,0.85,1.5,8.333333333333332,False,vehicle.ue4.audi.tt,0.0,0.0,0.3774297653796596,13.358891345328415,6.641108654671585,8.3385,0.0,4.908620839532294,8.297389604123511,8.3385,True,COLLISION with vehicle.ue4.audi.tt,0.0,0.0,0.0,freeze,latency,21420002,,0
proposed_enhanced_d4f,proposed_enhanced,4,20.0,20.0,0.4,1.5,8.333333333333332,False,vehicle.ue4.audi.tt,0.0,0.0,1.2711517278440916,15.296703437088391,4.703296562911609,3.924000000000003,0.0,4.907857905640136,3.951572664241318,3.9240000000000004,True,COLLISION with vehicle.ue4.audi.tt,0.0,0.0,0.0,freeze,latency,21420003,,0
proposed_enhanced_d4f,proposed_enhanced,4,20.0,20.0,0.85,2.0,11.11111111111111,False,vehicle.ue4.audi.tt,0.0,0.0,0.331672961015413,13.378479811396812,6.6215201886031885,8.3385,0.0,4.919620513917887,8.27201737845651,8.3385,True,COLLISION with vehicle.ue4.audi.tt,0.0,0.0,0.0,freeze,latency,21420004,,0
proposed_enhanced_d4f,proposed_enhanced,4,20.0,20.0,0.4,2.0,11.11111111111111,False,vehicle.ue4.audi.tt,0.0,0.0,1.2317177483904018,15.512453241360923,4.487546758639077,3.924000000000003,0.0,4.9006328713428715,2.9298799331778724,3.9240000000000004,True,COLLISION with vehicle.ue4.audi.tt,0.0,0.0,0.0,freeze,latency,21420005,,0
proposed_enhanced_d4f,proposed_enhanced,4,20.0,20.0,0.85,2.5,13.88888888888889,False,vehicle.ue4.audi.tt,0.0,0.0,0.3364583839710937,12.879097241620734,7.120902758379265,8.3385,0.0,4.921764374114697,8.154501489433,8.3385,True,COLLISION with vehicle.ue4.audi.tt,0.0,0.0,0.0,freeze,latency,21420006,,0
proposed_enhanced_d4f,proposed_enhanced,4,20.0,20.0,0.4,2.5,13.88888888888889,False,vehicle.ue4.audi.tt,0.0,0.0,0.9346683715697507,15.482328562062978,4.517671437937021,3.924000000000003,0.0,4.897735610782555,2.9333916901798127,3.9240000000000004,True,COLLISION with vehicle.ue4.audi.tt,0.0,0.0,0.0,freeze,latency,21420007,,0
proposed_enhanced_d4f,proposed_enhanced,4,20.0,20.0,0.85,3.0,16.666666666666664,False,vehicle.ue4.audi.tt,0.0,0.0,0.34047858261829184,12.947877944649427,7.052122055350573,8.3385,0.0,4.917594937160123,8.058215704999864,8.3385,True,COLLISION with vehicle.ue4.audi.tt,0.0,0.0,0.0,freeze,latency,21420008,,0
proposed_enhanced_d4f,proposed_enhanced,4,20.0,20.0,0.4,3.0,16.666666666666664,False,vehicle.ue4.audi.tt,0.0,0.0,0.9397868287720406,15.450587603477622,4.549412396522378,3.924000000000003,0.0,4.894399703753326,2.919710757427028,3.9240000000000004,True,COLLISION with vehicle.ue4.audi.tt,0.0,0.0,0.0,freeze,latency,21420009,,0
proposed_enhanced_d4f,proposed_enhanced,4,30.0,30.0,0.85,1.0,8.333333333333334,False,vehicle.ue4.audi.tt,0.0,0.0,0.729844378578023,20.012818832667406,9.987181167332594,8.3385,0.0,4.897037513779118,8.104984495119513,8.3385,True,COLLISION with vehicle.ue4.audi.tt,0.0,0.0,0.0,freeze,latency,21420010,,0
proposed_enhanced_d4f,proposed_enhanced,4,30.0,30.0,0.4,1.0,8.333333333333334,False,vehicle.ue4.audi.tt,0.0,0.0,1.4965137535196515,20.842034741008085,9.157965258991913,3.924000000000003,0.0,4.935810108733865,5.529156961112872,3.9240000000000004,True,COLLISION with vehicle.ue4.audi.tt,0.0,0.0,0.0,freeze,latency,21420011,,0
proposed_enhanced_d4f,proposed_enhanced,4,30.0,30.0,0.85,1.5,12.5,False,vehicle.ue4.audi.tt,0.0,0.0,0.7582597754704228,21.805428858680358,8.19457114131964,8.3385,0.0,4.914482240942212,6.783365237515526,8.3385,True,COLLISION with vehicle.ue4.audi.tt,0.0,0.0,0.0,freeze,latency,21420012,,0
proposed_enhanced_d4f,proposed_enhanced,4,30.0,30.0,0.4,1.5,12.5,False,vehicle.ue4.audi.tt,0.0,0.0,2.8913926677831507,24.98189955074186,5.018100449258139,3.924000000000003,0.0,4.899606847651498,3.4913692731644366,3.9240000000000004,True,COLLISION with vehicle.ue4.audi.tt,0.0,0.0,0.0,freeze,latency,21420013,,0
proposed_enhanced_d4f,proposed_enhanced,4,30.0,30.0,0.85,2.0,16.666666666666668,False,vehicle.ue4.audi.tt,0.0,0.0,0.6089002876843055,21.846317968380585,8.153682031619415,8.3385,0.0,4.90696338007689,6.786336002337325,8.3385,True,COLLISION with vehicle.ue4.audi.tt,0.0,0.0,0.0,freeze,latency,21420014,,0
proposed_enhanced_d4f,proposed_enhanced,4,30.0,30.0,0.4,2.0,16.666666666666668,False,vehicle.ue4.audi.tt,0.0,0.0,3.087660405030261,24.837062360255068,5.16293763974493,3.924000000000003,0.0,4.896377566035805,2.7239317177820763,3.9240000000000004,True,COLLISION with vehicle.ue4.audi.tt,0.0,0.0,0.0,freeze,latency,21420015,,0
proposed_enhanced_d4f,proposed_enhanced,4,30.0,30.0,0.85,2.5,20.833333333333336,False,vehicle.ue4.audi.tt,0.0,0.0,0.6127733781529325,21.682572317018202,8.317427682981798,8.3385,0.0,4.908359541915419,6.743566674507407,8.3385,True,COLLISION with vehicle.ue4.audi.tt,0.0,0.0,0.0,freeze,latency,21420016,,0
proposed_enhanced_d4f,proposed_enhanced,4,30.0,30.0,0.4,2.5,20.833333333333336,False,vehicle.ue4.audi.tt,0.0,0.0,1.8056867205425549,25.218539051144955,4.781460948855045,3.924000000000003,0.0,4.907711030026241,2.7260663960576483,3.9240000000000004,True,COLLISION with vehicle.ue4.audi.tt,0.0,0.0,0.0,freeze,latency,21420017,,0
proposed_enhanced_d4f,proposed_enhanced,4,30.0,30.0,0.85,3.0,25.0,False,vehicle.ue4.audi.tt,0.0,0.0,0.6163183871157842,21.694167681638106,8.305832318361894,8.3385,0.0,4.900890427306845,6.704716467298071,8.3385,True,COLLISION with vehicle.ue4.audi.tt,0.0,0.0,0.0,freeze,latency,21420018,,0
proposed_enhanced_d4f,proposed_enhanced,4,30.0,30.0,0.4,3.0,25.0,False,vehicle.ue4.audi.tt,0.0,0.0,1.5176576727164632,25.185879322771264,4.814120677228738,3.924000000000003,0.0,4.905395549613646,2.725564425060676,3.9240000000000004,True,COLLISION with vehicle.ue4.audi.tt,0.0,0.0,0.0,freeze,latency,21420019,,0
proposed_enhanced_d4f,proposed_enhanced,4,40.0,40.0,0.85,1.0,11.11111111111111,False,vehicle.ue4.audi.tt,0.0,0.0,1.463429358931834,31.62516439317839,8.374835606821609,8.3385,0.0,4.923804915844845,6.585243016700176,8.3385,True,COLLISION with vehicle.ue4.audi.tt,0.0,0.0,0.0,freeze,latency,21420020,,0
proposed_enhanced_d4f,proposed_enhanced,4,40.0,40.0,0.4,1.0,11.11111111111111,False,vehicle.ue4.audi.tt,0.0,0.0,2.6940764304711227,29.252947115416234,10.747052884583766,3.924000000000003,0.0,4.910789505732871,5.068426302007576,3.9240000000000004,True,COLLISION with vehicle.ue4.audi.tt,0.0,0.0,0.0,freeze,latency,21420021,,0
proposed_enhanced_d4f,proposed_enhanced,4,40.0,40.0,0.85,1.5,16.666666666666664,False,vehicle.ue4.audi.tt,0.0,0.0,1.2468057055931854,30.958574371280122,9.041425628719878,8.338500000000018,0.0,4.932315618468215,6.248368817724047,8.3385,True,COLLISION with vehicle.ue4.audi.tt,0.0,0.0,0.0,freeze,latency,21420022,,0
proposed_enhanced_d4f,proposed_enhanced,4,40.0,40.0,0.4,1.5,16.666666666666664,False,vehicle.ue4.audi.tt,0.0,0.0,4.462356775052037,35.35378415763637,4.64621584236363,3.924000000000003,0.0,4.907497422449195,3.633356206347765,3.9240000000000004,True,COLLISION with vehicle.ue4.audi.tt,0.0,0.0,0.0,freeze,latency,21420023,,0
proposed_enhanced_d4f,proposed_enhanced,4,40.0,40.0,0.85,2.0,22.22222222222222,False,vehicle.ue4.audi.tt,0.0,0.0,0.9648030947434129,30.98683765193293,9.013162348067068,8.338500000000018,0.0,4.92654022894571,6.225995549093826,8.3385,True,COLLISION with vehicle.ue4.audi.tt,0.0,0.0,0.0,freeze,latency,21420024,,0
proposed_enhanced_d4f,proposed_enhanced,4,40.0,40.0,0.4,2.0,22.22222222222222,False,vehicle.ue4.audi.tt,0.0,0.0,5.72459174768646,35.33165384700171,4.668346152998288,3.924000000000003,0.0,4.907638634446746,2.8180037354168483,3.9240000000000004,True,COLLISION with vehicle.ue4.audi.tt,0.0,0.0,0.0,freeze,latency,21420025,,0
proposed_enhanced_d4f,proposed_enhanced,4,40.0,40.0,0.85,2.5,27.77777777777778,False,vehicle.ue4.audi.tt,0.0,0.0,0.888552956295663,30.944121911342783,9.055878088657218,8.3385,0.0,4.918298465136042,6.215482801744456,8.3385,True,COLLISION with vehicle.ue4.audi.tt,0.0,0.0,0.0,freeze,latency,21420026,,0
proposed_enhanced_d4f,proposed_enhanced,4,40.0,40.0,0.4,2.5,27.77777777777778,False,vehicle.ue4.audi.tt,0.0,0.0,3.864843458108564,35.45532116252258,4.544678837477421,3.924000000000003,0.0,4.9013902250328325,2.6384295086024885,3.9240000000000004,True,COLLISION with vehicle.ue4.audi.tt,0.0,0.0,0.0,freeze,latency,21420027,,0
proposed_enhanced_d4f,proposed_enhanced,4,40.0,40.0,0.85,3.0,33.33333333333333,False,vehicle.ue4.audi.tt,0.0,0.0,0.8917089788791946,30.943203417397932,9.056796582602068,8.3385,0.0,4.90977681614957,6.193534924344403,8.3385,True,COLLISION with vehicle.ue4.audi.tt,0.0,0.0,0.0,freeze,latency,21420028,,0
proposed_enhanced_d4f,proposed_enhanced,4,40.0,40.0,0.4,3.0,33.33333333333333,False,vehicle.ue4.audi.tt,0.0,0.0,2.729846115501961,35.760266911661745,4.239733088338256,3.924000000000003,0.0,4.902275919198976,2.573660113328933,3.9240000000000004,True,COLLISION with vehicle.ue4.audi.tt,0.0,0.0,0.0,freeze,latency,21420029,,0
proposed_enhanced_d4f,proposed_enhanced,4,50.0,50.0,0.85,1.0,13.88888888888889,False,vehicle.ue4.audi.tt,0.0,0.0,2.1711950919702714,39.635500825219985,10.364499174780013,8.3385,0.0,4.909244767573729,6.289960050818963,8.3385,True,COLLISION with vehicle.ue4.audi.tt,0.0,0.0,0.0,freeze,latency,21420030,,0
proposed_enhanced_d4f,proposed_enhanced,4,50.0,50.0,0.4,1.0,13.88888888888889,False,vehicle.ue4.audi.tt,0.0,0.0,3.8683210056297717,36.7693794580655,13.230620541934503,3.924000000000003,0.0,4.898641787792224,5.061519931779933,3.9240000000000004,True,COLLISION with vehicle.ue4.audi.tt,0.0,0.0,0.0,freeze,latency,21420031,,0
proposed_enhanced_d4f,proposed_enhanced,4,50.0,50.0,0.85,1.5,20.833333333333336,False,vehicle.ue4.audi.tt,0.0,0.0,1.8000506318620244,40.737302162547735,9.262697837452269,8.338500000000018,0.0,4.935341414404405,6.028237642867426,8.3385,True,COLLISION with vehicle.ue4.audi.tt,0.0,0.0,0.0,freeze,latency,21420032,,0
proposed_enhanced_d4f,proposed_enhanced,4,50.0,50.0,0.4,1.5,20.833333333333336,False,vehicle.ue4.audi.tt,0.0,0.0,6.967486007613299,44.55255412973399,5.44744587026601,3.924000000000003,0.0,4.908578721439621,3.6978574229587564,3.9240000000000004,True,COLLISION with vehicle.ue4.audi.tt,0.0,0.0,0.0,freeze,latency,21420033,,0
proposed_enhanced_d4f,proposed_enhanced,4,50.0,50.0,0.85,2.0,27.77777777777778,False,vehicle.ue4.audi.tt,0.0,0.0,1.4391261575887642,40.71588162951979,9.284118370480208,8.3385,0.0,4.927647135498607,6.008463209554854,8.3385,True,COLLISION with vehicle.ue4.audi.tt,0.0,0.0,0.0,freeze,latency,21420034,,0
proposed_enhanced_d4f,proposed_enhanced,4,50.0,50.0,0.4,2.0,27.77777777777778,False,vehicle.ue4.audi.tt,0.0,4.166471944554302,8.61010853322913,45.84575019457567,4.1542498054243255,3.924000000000003,0.0,4.902152815492074,3.0129735296000657,3.9240000000000004,True,COLLISION with vehicle.ue4.audi.tt,0.0,0.0,0.0,freeze,latency,21420035,,0
proposed_enhanced_d4f,proposed_enhanced,4,50.0,50.0,0.85,2.5,34.72222222222222,False,vehicle.ue4.audi.tt,0.0,0.0,1.1641888683079369,40.6440871851365,9.355912814863505,8.3385,0.0,4.918752672087942,6.002809650617584,8.3385,True,COLLISION with vehicle.ue4.audi.tt,0.0,0.0,0.0,freeze,latency,21420036,,0
proposed_enhanced_d4f,proposed_enhanced,4,50.0,50.0,0.4,2.5,34.72222222222222,False,vehicle.ue4.audi.tt,0.0,4.111038531322308,7.754598416935946,45.80278009081766,4.197219909182338,3.924000000000003,0.0,4.897048600544333,2.647664709582317,3.9240000000000004,True,COLLISION with vehicle.ue4.audi.tt,0.0,0.0,0.0,freeze,latency,21420037,,0
proposed_enhanced_d4f,proposed_enhanced,4,50.0,50.0,0.85,3.0,41.66666666666667,False,,0.0,0.0,1.1531067310947036,50.0,0.0,3.3354000497013203,0.0,11.390984516925776,5.98647805202478,8.3385,True,NO BRAKE / passed,0.0,0.0,0.0,freeze,latency,21420038,,0
proposed_enhanced_d4f,proposed_enhanced,4,50.0,50.0,0.4,3.0,41.66666666666667,False,,0.0,0.0,5.093953636604295,50.0,0.0,3.924000000000003,0.0,11.25904509012433,2.552970375397143,3.9240000000000004,True,NO BRAKE / passed,0.0,0.0,0.0,freeze,latency,21420039,,0
proposed_enhanced_d4f,proposed_enhanced,4,60.0,60.0,0.85,1.0,16.666666666666668,False,vehicle.ue4.audi.tt,0.0,0.0,2.8453613429656817,50.680594794277795,9.319405205722202,8.3385,0.0,4.897563934898348,6.2698877287179515,8.3385,True,COLLISION with vehicle.ue4.audi.tt,0.0,0.0,0.0,freeze,latency,21420040,,0
proposed_enhanced_d4f,proposed_enhanced,4,60.0,60.0,0.4,1.0,16.666666666666668,False,vehicle.ue4.audi.tt,0.0,0.0,4.954046496534788,43.60918004471564,16.390819955284357,3.924000000000021,0.0,4.91363952471694,5.170352956634742,3.9240000000000004,True,COLLISION with vehicle.ue4.audi.tt,0.0,0.0,0.0,freeze,latency,21420041,,0
proposed_enhanced_d4f,proposed_enhanced,4,60.0,60.0,0.85,1.5,25.0,False,vehicle.ue4.audi.tt,0.0,0.0,2.505204433201749,49.97178210021038,10.028217899789617,8.3385,0.0,4.909294735832897,5.845768063792746,8.3385,True,COLLISION with vehicle.ue4.audi.tt,0.0,0.0,0.0,freeze,latency,21420042,,0
proposed_enhanced_d4f,proposed_enhanced,4,60.0,60.0,0.4,1.5,25.0,False,vehicle.ue4.audi.tt,0.0,0.0,8.544558610592425,51.89678040569759,8.10321959430241,3.924000000000021,0.0,4.924020017356038,3.9353385606129008,3.9240000000000004,True,COLLISION with vehicle.ue4.audi.tt,0.0,0.0,0.0,freeze,latency,21420043,,0
proposed_enhanced_d4f,proposed_enhanced,4,60.0,60.0,0.85,2.0,33.333333333333336,False,,0.0,0.0,2.0196785619851165,60.0,0.0,8.338499999999982,0.0,8.556076051784437,5.808268327171033,8.3385,True,NO BRAKE / passed,0.0,0.0,0.0,freeze,latency,21420044,,0
proposed_enhanced_d4f,proposed_enhanced,4,60.0,60.0,0.4,2.0,33.333333333333336,False,,0.0,0.0,10.526885508774146,60.0,0.0,3.924000000000003,0.0,8.435605955180378,3.2857617563208144,3.9240000000000004,True,NO BRAKE / passed,0.0,0.0,0.0,freeze,latency,21420045,,0
proposed_enhanced_d4f,proposed_enhanced,4,60.0,60.0,0.85,2.5,41.66666666666667,False,,0.0,0.0,1.6753681201684782,60.0,0.0,3.3354000497013203,0.0,16.387012483427327,5.79312271222198,8.3385,True,NO BRAKE / passed,0.0,0.0,0.0,freeze,latency,21420046,,0
proposed_enhanced_d4f,proposed_enhanced,4,60.0,60.0,0.4,2.5,41.66666666666667,False,,0.0,0.0,11.786349755480563,60.0,0.0,3.9239999999999853,0.0,16.701042275407552,2.8062733297286786,3.9240000000000004,True,NO BRAKE / passed,0.0,0.0,0.0,freeze,latency,21420047,,0
proposed_enhanced_d4f,proposed_enhanced,4,60.0,60.0,0.85,3.0,50.0,False,,0.0,0.0,1.4311342663887445,60.0,0.0,3.3354000497013203,0.0,24.49495315701495,5.789479838751494,8.3385,True,NO BRAKE / passed,0.0,0.0,0.0,freeze,latency,21420048,,0
proposed_enhanced_d4f,proposed_enhanced,4,60.0,60.0,0.4,3.0,50.0,False,,0.0,0.0,9.603588860784326,60.0,0.0,3.9239999999999853,0.0,24.657295263716733,2.568683455142516,3.9240000000000004,True,NO BRAKE / passed,0.0,0.0,0.0,freeze,latency,21420049,,0
proposed_enhanced_d8f,proposed_enhanced,8,20.0,20.0,0.85,1.0,5.555555555555555,False,vehicle.ue4.audi.tt,0.0,0.0,0.0,5.713282639162758,14.286717360837242,0.0,0.0,4.9217739122693045,0.0,8.3385,True,COLLISION with vehicle.ue4.audi.tt,0.0,0.0,0.0,freeze,latency,21460000,,0
proposed_enhanced_d8f,proposed_enhanced,8,20.0,20.0,0.4,1.0,5.555555555555555,False,vehicle.ue4.audi.tt,0.0,0.0,0.0,5.715610086983789,14.284389913016211,0.0,0.0,4.9218521202430665,0.0,3.9240000000000004,True,COLLISION with vehicle.ue4.audi.tt,0.0,0.0,0.0,freeze,latency,21460001,,0
proposed_enhanced_d8f,proposed_enhanced,8,20.0,20.0,0.85,1.5,8.333333333333332,False,vehicle.ue4.audi.tt,0.0,0.0,0.1276620844154335,10.986404084683546,9.013595915316454,3.335400049701338,0.0,4.93514253656648,21.492317566205188,8.3385,True,COLLISION with vehicle.ue4.audi.tt,0.0,0.0,0.0,freeze,latency,21460002,,0
proposed_enhanced_d8f,proposed_enhanced,8,20.0,20.0,0.4,1.5,8.333333333333332,False,vehicle.ue4.audi.tt,0.0,0.0,0.6505272070596357,12.901724376246749,7.098275623753251,3.924000000000003,0.0,4.9172153569384545,5.671847627284944,3.9240000000000004,True,COLLISION with vehicle.ue4.audi.tt,0.0,0.0,0.0,freeze,latency,21460003,,0
proposed_enhanced_d8f,proposed_enhanced,8,20.0,20.0,0.85,2.0,11.11111111111111,False,vehicle.ue4.audi.tt,0.0,0.0,0.13192771925088836,10.904634089434012,9.095365910565988,3.335400049701338,0.0,4.9335556094880815,20.79815951469388,8.3385,True,COLLISION with vehicle.ue4.audi.tt,0.0,0.0,0.0,freeze,latency,21460004,,0
proposed_enhanced_d8f,proposed_enhanced,8,20.0,20.0,0.4,2.0,11.11111111111111,False,vehicle.ue4.audi.tt,0.0,0.0,0.7610580394964859,13.277783946057932,6.722216053942068,3.924000000000003,0.0,4.908630385184661,3.752525372165337,3.9240000000000004,True,COLLISION with vehicle.ue4.audi.tt,0.0,0.0,0.0,freeze,latency,21460005,,0
proposed_enhanced_d8f,proposed_enhanced,8,20.0,20.0,0.85,2.5,13.88888888888889,False,vehicle.ue4.audi.tt,0.0,0.0,0.13668865986206846,10.969594338830284,9.030405661169716,3.335400049701338,0.0,4.927011489868308,20.07227344493248,8.3385,True,COLLISION with vehicle.ue4.audi.tt,0.0,0.0,0.0,freeze,latency,21460006,,0
proposed_enhanced_d8f,proposed_enhanced,8,20.0,20.0,0.4,2.5,13.88888888888889,False,vehicle.ue4.audi.tt,0.0,0.0,0.7360267578984658,13.312547270100499,6.6874527298995,3.924000000000003,0.0,4.9029407650921915,3.728039638433856,3.9240000000000004,True,COLLISION with vehicle.ue4.audi.tt,0.0,0.0,0.0,freeze,latency,21460007,,0
proposed_enhanced_d8f,proposed_enhanced,8,20.0,20.0,0.85,3.0,16.666666666666664,False,vehicle.ue4.audi.tt,0.0,0.0,0.14068982932558322,10.806738016392028,9.193261983607972,3.335400049701338,0.0,4.925323535698585,19.501491246635652,8.3385,True,COLLISION with vehicle.ue4.audi.tt,0.0,0.0,0.0,freeze,latency,21460008,,0
proposed_enhanced_d8f,proposed_enhanced,8,20.0,20.0,0.4,3.0,16.666666666666664,False,vehicle.ue4.audi.tt,0.0,0.0,0.7396821728063921,13.207318737019595,6.792681262980405,3.924000000000003,0.0,4.903804783171548,3.708535796562015,3.9240000000000004,True,COLLISION with vehicle.ue4.audi.tt,0.0,0.0,0.0,freeze,latency,21460009,,0
proposed_enhanced_d8f,proposed_enhanced,8,30.0,30.0,0.85,1.0,8.333333333333334,False,vehicle.ue4.audi.tt,0.0,0.0,0.3470033613048194,14.19849042014084,15.80150957985916,3.335400049701338,0.0,4.910030365240668,13.508939598671276,8.3385,True,COLLISION with vehicle.ue4.audi.tt,0.0,0.0,0.0,freeze,latency,21460010,,0
proposed_enhanced_d8f,proposed_enhanced,8,30.0,30.0,0.4,1.0,8.333333333333334,False,vehicle.ue4.audi.tt,0.0,0.0,0.7312167076160889,17.799918414990444,12.200081585009558,3.924000000000003,0.0,4.908821112660468,8.108274098307549,3.9240000000000004,True,COLLISION with vehicle.ue4.audi.tt,0.0,0.0,0.0,freeze,latency,21460011,,0
proposed_enhanced_d8f,proposed_enhanced,8,30.0,30.0,0.85,1.5,12.5,False,vehicle.ue4.audi.tt,0.0,0.0,0.44291731872414114,17.70573019420765,12.29426980579235,3.335400049701338,0.0,4.912166759339319,10.151929959810667,8.3385,True,COLLISION with vehicle.ue4.audi.tt,0.0,0.0,0.0,freeze,latency,21460012,,0
proposed_enhanced_d8f,proposed_enhanced,8,30.0,30.0,0.4,1.5,12.5,False,vehicle.ue4.audi.tt,0.0,0.0,1.6806460601179907,21.749169212954435,8.250830787045567,3.924000000000003,0.0,4.921754861375435,4.302019118095181,3.9240000000000004,True,COLLISION with vehicle.ue4.audi.tt,0.0,0.0,0.0,freeze,latency,21460013,,0
proposed_enhanced_d8f,proposed_enhanced,8,30.0,30.0,0.85,2.0,16.666666666666668,False,vehicle.ue4.audi.tt,0.0,0.0,0.4089055895756632,17.56496446267502,12.43503553732498,3.335400049701338,0.0,4.9137345056813615,10.105515915327105,8.3385,True,COLLISION with vehicle.ue4.audi.tt,0.0,0.0,0.0,freeze,latency,21460014,,0
proposed_enhanced_d8f,proposed_enhanced,8,30.0,30.0,0.4,2.0,16.666666666666668,False,vehicle.ue4.audi.tt,0.0,0.0,2.0455165017974943,22.49376345871932,7.5062365412806775,3.924000000000003,0.0,4.919376377504641,3.146961439605661,3.9240000000000004,True,COLLISION with vehicle.ue4.audi.tt,0.0,0.0,0.0,freeze,latency,21460015,,0
proposed_enhanced_d8f,proposed_enhanced,8,30.0,30.0,0.85,2.5,20.833333333333336,False,vehicle.ue4.audi.tt,0.0,0.0,0.4127779884273923,17.76444741523069,12.23555258476931,3.335400049701338,0.0,4.901012426178428,10.010897473216986,8.3385,True,COLLISION with vehicle.ue4.audi.tt,0.0,0.0,0.0,freeze,latency,21460016,,0
proposed_enhanced_d8f,proposed_enhanced,8,30.0,30.0,0.4,2.5,20.833333333333336,False,vehicle.ue4.audi.tt,0.0,0.0,1.3418445348693522,22.49511686591372,7.504883134086281,3.924000000000003,0.0,4.913043976831198,3.148199982808692,3.9240000000000004,True,COLLISION with vehicle.ue4.audi.tt,0.0,0.0,0.0,freeze,latency,21460017,,0
proposed_enhanced_d8f,proposed_enhanced,8,30.0,30.0,0.85,3.0,25.0,False,vehicle.ue4.audi.tt,0.0,0.0,0.41630763428191087,17.60011331377715,12.39988668622285,3.335400049701338,0.0,4.902851189106818,9.925556519169936,8.3385,True,COLLISION with vehicle.ue4.audi.tt,0.0,0.0,0.0,freeze,latency,21460018,,0
proposed_enhanced_d8f,proposed_enhanced,8,30.0,30.0,0.4,3.0,25.0,False,vehicle.ue4.audi.tt,0.0,0.0,1.317471401121542,22.137659185734975,7.862340814265026,3.924000000000003,0.0,4.92449956116502,3.1397371070900575,3.9240000000000004,True,COLLISION with vehicle.ue4.audi.tt,0.0,0.0,0.0,freeze,latency,21460019,,0
proposed_enhanced_d8f,proposed_enhanced,8,40.0,40.0,0.85,1.0,11.11111111111111,False,vehicle.ue4.audi.tt,0.0,0.0,0.8756074937147528,23.289227288239065,16.710772711760935,8.3385,0.0,4.897388266997717,8.743117185153839,8.3385,True,COLLISION with vehicle.ue4.audi.tt,0.0,0.0,0.0,freeze,latency,21460020,,0
proposed_enhanced_d8f,proposed_enhanced,8,40.0,40.0,0.4,1.0,11.11111111111111,False,vehicle.ue4.audi.tt,0.0,0.0,1.4625655724835638,25.794024807306016,14.205975192693986,3.924000000000003,0.0,4.897527702646254,6.587173239442366,3.9240000000000004,True,COLLISION with vehicle.ue4.audi.tt,0.0,0.0,0.0,freeze,latency,21460021,,0
proposed_enhanced_d8f,proposed_enhanced,8,40.0,40.0,0.85,1.5,16.666666666666664,False,vehicle.ue4.audi.tt,0.0,0.0,0.8521240370190664,25.906716249376842,14.09328375062316,8.338500000000018,0.0,4.939317666960952,8.06597123978946,8.3385,True,COLLISION with vehicle.ue4.audi.tt,0.0,0.0,0.0,freeze,latency,21460022,,0
proposed_enhanced_d8f,proposed_enhanced,8,40.0,40.0,0.4,1.5,16.666666666666664,False,vehicle.ue4.audi.tt,0.0,0.0,2.687835337660262,31.154104256347317,8.845895743652685,3.924000000000003,0.0,4.9324455409481125,4.282466426505499,3.9240000000000004,True,COLLISION with vehicle.ue4.audi.tt,0.0,0.0,0.0,freeze,latency,21460023,,0
proposed_enhanced_d8f,proposed_enhanced,8,40.0,40.0,0.85,2.0,22.22222222222222,False,vehicle.ue4.audi.tt,0.0,0.0,0.6847839669177922,26.084320803564733,13.915679196435267,8.338500000000018,0.0,4.92860643912737,8.064499612098013,8.3385,True,COLLISION with vehicle.ue4.audi.tt,0.0,0.0,0.0,freeze,latency,21460024,,0
proposed_enhanced_d8f,proposed_enhanced,8,40.0,40.0,0.4,2.0,22.22222222222222,False,vehicle.ue4.audi.tt,0.0,0.0,3.6777067549167453,31.19164587791937,8.808354122080628,3.924000000000003,0.0,4.901691570250193,3.17202304605914,3.9240000000000004,True,COLLISION with vehicle.ue4.audi.tt,0.0,0.0,0.0,freeze,latency,21460025,,0
proposed_enhanced_d8f,proposed_enhanced,8,40.0,40.0,0.85,2.5,27.77777777777778,False,vehicle.ue4.audi.tt,0.0,0.0,0.6883553981197422,26.172209331127476,13.827790668872522,8.338500000000018,0.0,4.914490976638522,8.023222333835362,8.3385,True,COLLISION with vehicle.ue4.audi.tt,0.0,0.0,0.0,freeze,latency,21460026,,0
proposed_enhanced_d8f,proposed_enhanced,8,40.0,40.0,0.4,2.5,27.77777777777778,False,vehicle.ue4.audi.tt,0.0,0.0,2.884532046357445,31.434582734423163,8.565417265576837,3.924000000000003,0.0,4.900230831120012,2.9193492419199973,3.9240000000000004,True,COLLISION with vehicle.ue4.audi.tt,0.0,0.0,0.0,freeze,latency,21460027,,0
proposed_enhanced_d8f,proposed_enhanced,8,40.0,40.0,0.85,3.0,33.33333333333333,False,vehicle.ue4.audi.tt,0.0,0.0,0.6915072071437897,25.984131355927943,14.015868644072059,8.3385,0.0,4.915933225193497,7.986669246584945,8.3385,True,COLLISION with vehicle.ue4.audi.tt,0.0,0.0,0.0,freeze,latency,21460028,,0
proposed_enhanced_d8f,proposed_enhanced,8,40.0,40.0,0.4,3.0,33.33333333333333,False,vehicle.ue4.audi.tt,0.0,0.0,2.2477634203940173,31.761246510912386,8.238753489087616,3.924000000000003,0.0,4.922810389945339,2.8390275494233665,3.9240000000000004,True,COLLISION with vehicle.ue4.audi.tt,0.0,0.0,0.0,freeze,latency,21460029,,0
proposed_enhanced_d8f,proposed_enhanced,8,50.0,50.0,0.85,1.0,13.88888888888889,False,vehicle.ue4.audi.tt,0.0,0.0,1.38275595842427,31.99976665935837,18.00023334064163,8.338499999999982,0.0,4.910202236834884,7.751055989153923,8.3385,True,COLLISION with vehicle.ue4.audi.tt,0.0,0.0,0.0,freeze,latency,21460030,,0
proposed_enhanced_d8f,proposed_enhanced,8,50.0,50.0,0.4,1.0,13.88888888888889,False,vehicle.ue4.audi.tt,0.0,0.0,2.1691951266612293,32.85607649393228,17.143923506067726,3.9239999999999853,0.0,4.91118560180305,6.290320779747998,3.9240000000000004,True,COLLISION with vehicle.ue4.audi.tt,0.0,0.0,0.0,freeze,latency,21460031,,0
proposed_enhanced_d8f,proposed_enhanced,8,50.0,50.0,0.85,1.5,20.833333333333336,False,vehicle.ue4.audi.tt,0.0,0.0,1.3098020992141004,35.16163995815658,14.838360041843423,8.3385,0.0,4.945816223290675,7.300206436444625,8.3385,True,COLLISION with vehicle.ue4.audi.tt,0.0,0.0,0.0,freeze,latency,21460032,,0
proposed_enhanced_d8f,proposed_enhanced,8,50.0,50.0,0.4,1.5,20.833333333333336,False,vehicle.ue4.audi.tt,0.0,0.0,4.034113787462233,39.94766270249261,10.052337297507396,3.924000000000003,0.0,4.929943850344956,4.31138518476947,3.9240000000000004,True,COLLISION with vehicle.ue4.audi.tt,0.0,0.0,0.0,freeze,latency,21460033,,0
proposed_enhanced_d8f,proposed_enhanced,8,50.0,50.0,0.85,2.0,27.77777777777778,False,vehicle.ue4.audi.tt,0.0,0.0,1.086726738283848,34.93444281477153,15.065557185228469,8.3385,0.0,4.945160081195982,7.2734124472971065,8.3385,True,COLLISION with vehicle.ue4.audi.tt,0.0,0.0,0.0,freeze,latency,21460034,,0
proposed_enhanced_d8f,proposed_enhanced,8,50.0,50.0,0.4,2.0,27.77777777777778,False,vehicle.ue4.audi.tt,0.0,0.0,5.318623782247235,41.265591042646406,8.734408957353592,3.924000000000003,0.0,4.933740138181717,3.3677805840177877,3.9240000000000004,True,COLLISION with vehicle.ue4.audi.tt,0.0,0.0,0.0,freeze,latency,21460035,,0
proposed_enhanced_d8f,proposed_enhanced,8,50.0,50.0,0.85,2.5,34.72222222222222,False,vehicle.ue4.audi.tt,0.0,0.0,0.9499606375238862,34.984841529433716,15.015158470566286,8.3385,0.0,4.931416846339644,7.266627187298438,8.3385,True,COLLISION with vehicle.ue4.audi.tt,0.0,0.0,0.0,freeze,latency,21460036,,0
proposed_enhanced_d8f,proposed_enhanced,8,50.0,50.0,0.4,2.5,34.72222222222222,False,vehicle.ue4.audi.tt,0.0,0.0,5.397538489589643,40.938965625828786,9.061034374171216,3.924000000000003,0.0,4.924775684415645,2.876448627378453,3.9240000000000004,True,COLLISION with vehicle.ue4.audi.tt,0.0,0.0,0.0,freeze,latency,21460037,,0
proposed_enhanced_d8f,proposed_enhanced,8,50.0,50.0,0.85,3.0,41.66666666666667,False,,0.0,0.0,0.9531122965744381,50.0,0.0,3.3354000497013203,0.0,10.926152314576687,7.242682124317688,8.3385,True,NO BRAKE / passed,0.0,0.0,0.0,freeze,latency,21460038,,0
proposed_enhanced_d8f,proposed_enhanced,8,50.0,50.0,0.4,3.0,41.66666666666667,False,,0.0,0.0,4.01089855339676,50.0,0.0,3.9239999999999853,0.0,11.368777910456005,2.755917574435643,3.9240000000000004,True,NO BRAKE / passed,0.0,0.0,0.0,freeze,latency,21460039,,0
proposed_enhanced_d8f,proposed_enhanced,8,60.0,60.0,0.85,1.0,16.666666666666668,False,vehicle.ue4.audi.tt,0.0,0.0,1.8661718235966427,41.857792301974605,18.142207698025395,8.338499999999982,0.0,4.955585483860596,7.447490817245453,8.3385,True,COLLISION with vehicle.ue4.audi.tt,0.0,0.0,0.0,freeze,latency,21460040,,0
proposed_enhanced_d8f,proposed_enhanced,8,60.0,60.0,0.4,1.0,16.666666666666668,False,vehicle.ue4.audi.tt,0.0,0.0,2.8365129382140597,39.30269173520303,20.69730826479697,3.924000000000021,0.0,4.948490180787111,6.266543997194018,3.9240000000000004,True,COLLISION with vehicle.ue4.audi.tt,0.0,0.0,0.0,freeze,latency,21460041,,0
proposed_enhanced_d8f,proposed_enhanced,8,60.0,60.0,0.85,1.5,25.0,False,vehicle.ue4.audi.tt,0.0,0.0,1.8760116667027376,44.84865491609426,15.151345083905735,8.3385,0.0,4.960521702879243,6.788642219978265,8.3385,True,COLLISION with vehicle.ue4.audi.tt,0.0,0.0,0.0,freeze,latency,21460042,,0
proposed_enhanced_d8f,proposed_enhanced,8,60.0,60.0,0.4,1.5,25.0,False,vehicle.ue4.audi.tt,0.0,0.0,5.0155809360481935,47.87258038950414,12.127419610495865,3.924000000000021,0.0,4.936516187719018,4.539792338127096,3.9240000000000004,True,COLLISION with vehicle.ue4.audi.tt,0.0,0.0,0.0,freeze,latency,21460043,,0
proposed_enhanced_d8f,proposed_enhanced,8,60.0,60.0,0.85,2.0,33.333333333333336,False,,0.0,0.0,1.5878646170813733,60.0,0.0,8.338499999999982,0.0,8.541755677515784,6.755292853330584,8.3385,True,NO BRAKE / passed,0.0,0.0,0.0,freeze,latency,21460044,,0
proposed_enhanced_d8f,proposed_enhanced,8,60.0,60.0,0.4,2.0,33.333333333333336,False,,0.0,0.0,6.537780090899322,60.0,0.0,3.924000000000003,0.0,8.469315697929124,3.645619445854399,3.9240000000000004,True,NO BRAKE / passed,0.0,0.0,0.0,freeze,latency,21460045,,0
proposed_enhanced_d8f,proposed_enhanced,8,60.0,60.0,0.85,2.5,41.66666666666667,False,,0.0,0.0,1.3386015800032642,60.0,0.0,3.3354000497013203,0.0,16.611270906144252,6.7368093047116115,8.3385,True,NO BRAKE / passed,0.0,0.0,0.0,freeze,latency,21460046,,0
proposed_enhanced_d8f,proposed_enhanced,8,60.0,60.0,0.4,2.5,41.66666666666667,False,,0.0,0.0,7.774253384290722,60.0,0.0,3.9239999999999853,0.0,16.56092835800906,3.0430820947152313,3.9240000000000004,True,NO BRAKE / passed,0.0,0.0,0.0,freeze,latency,21460047,,0
proposed_enhanced_d8f,proposed_enhanced,8,60.0,60.0,0.85,3.0,50.0,False,,0.0,0.0,1.2312167154585651,60.0,0.0,3.3354000497013203,0.0,25.175376893322685,6.729602646827348,8.3385,True,NO BRAKE / passed,0.0,0.0,0.0,freeze,latency,21460048,,0
proposed_enhanced_d8f,proposed_enhanced,8,60.0,60.0,0.4,3.0,50.0,False,,0.0,0.0,7.063224315511328,60.0,0.0,1.5696000233888796,0.0,24.585506454568097,2.7386060229373954,3.9240000000000004,True,NO BRAKE / passed,0.0,0.0,0.0,freeze,latency,21460049,,0
proposed_enhanced_d16f,proposed_enhanced,16,20.0,20.0,0.85,1.0,5.555555555555555,False,vehicle.ue4.audi.tt,0.0,0.0,0.0,5.713282639162758,14.286717360837242,0.0,0.0,4.9217739122693045,0.0,8.3385,True,COLLISION with vehicle.ue4.audi.tt,0.0,0.0,0.0,freeze,latency,21930000,,0
proposed_enhanced_d16f,proposed_enhanced,16,20.0,20.0,0.4,1.0,5.555555555555555,False,vehicle.ue4.audi.tt,0.0,0.0,0.0,5.715610086983789,14.284389913016211,0.0,0.0,4.9218521202430665,0.0,3.9240000000000004,True,COLLISION with vehicle.ue4.audi.tt,0.0,0.0,0.0,freeze,latency,21930001,,0
proposed_enhanced_d16f,proposed_enhanced,16,20.0,20.0,0.85,1.5,8.333333333333332,False,vehicle.ue4.audi.tt,0.0,0.0,0.0,10.020277820332552,9.979722179667448,0.0,0.0,4.9210109761835055,0.0,8.3385,True,COLLISION with vehicle.ue4.audi.tt,0.0,0.0,0.0,freeze,latency,21930002,,0
proposed_enhanced_d16f,proposed_enhanced,16,20.0,20.0,0.4,1.5,8.333333333333332,False,vehicle.ue4.audi.tt,0.0,0.0,0.07785826348334915,10.3685123265019,9.6314876734981,1.5696000233888618,0.0,4.927047738621219,35.33113352587111,3.9240000000000004,True,COLLISION with vehicle.ue4.audi.tt,0.0,0.0,0.0,freeze,latency,21930003,,0
proposed_enhanced_d16f,proposed_enhanced,16,20.0,20.0,0.85,2.0,11.11111111111111,False,vehicle.ue4.audi.tt,0.0,0.0,0.0,9.934932605457197,10.065067394542803,0.0,0.0,4.944562912378869,0.0,8.3385,True,COLLISION with vehicle.ue4.audi.tt,0.0,0.0,0.0,freeze,latency,21930004,,0
proposed_enhanced_d16f,proposed_enhanced,16,20.0,20.0,0.4,2.0,11.11111111111111,False,vehicle.ue4.audi.tt,0.0,0.0,0.33158317173184715,10.970985596979723,9.029014403020277,1.5696000233888618,0.0,4.916629833965048,8.274200828574212,3.9240000000000004,True,COLLISION with vehicle.ue4.audi.tt,0.0,0.0,0.0,freeze,latency,21930005,,0
proposed_enhanced_d16f,proposed_enhanced,16,20.0,20.0,0.85,2.5,13.88888888888889,False,vehicle.ue4.audi.tt,0.0,0.0,0.0,9.985047566349357,10.014952433650643,0.0,0.0,4.939674378272249,0.0,8.3385,True,COLLISION with vehicle.ue4.audi.tt,0.0,0.0,0.0,freeze,latency,21930006,,0
proposed_enhanced_d16f,proposed_enhanced,16,20.0,20.0,0.4,2.5,13.88888888888889,False,vehicle.ue4.audi.tt,0.0,0.0,0.33637020870439394,11.017802754407688,8.982197245592312,1.5696000233888618,0.0,4.908241293296929,8.156637008392513,3.9240000000000004,True,COLLISION with vehicle.ue4.audi.tt,0.0,0.0,0.0,freeze,latency,21930007,,0
proposed_enhanced_d16f,proposed_enhanced,16,20.0,20.0,0.85,3.0,16.666666666666664,False,vehicle.ue4.audi.tt,0.0,0.0,0.0,9.835959327316575,10.164040672683425,0.0,0.0,4.937389382137769,0.0,8.3385,True,COLLISION with vehicle.ue4.audi.tt,0.0,0.0,0.0,freeze,latency,21930008,,0
proposed_enhanced_d16f,proposed_enhanced,16,20.0,20.0,0.4,3.0,16.666666666666664,False,vehicle.ue4.audi.tt,0.0,0.0,0.34059476676485684,10.951854850036357,9.048145149963643,1.5696000233888618,0.0,4.909326582341417,8.055466945332393,3.9240000000000004,True,COLLISION with vehicle.ue4.audi.tt,0.0,0.0,0.0,freeze,latency,21930009,,0
proposed_enhanced_d16f,proposed_enhanced,16,30.0,30.0,0.85,1.0,8.333333333333334,False,vehicle.ue4.audi.tt,0.0,0.0,0.0,12.422980462497996,17.577019537502004,0.0,0.0,4.952165631314739,0.0,8.3385,True,COLLISION with vehicle.ue4.audi.tt,0.0,0.0,0.0,freeze,latency,21930010,,0
proposed_enhanced_d16f,proposed_enhanced,16,30.0,30.0,0.4,1.0,8.333333333333334,False,vehicle.ue4.audi.tt,0.0,0.0,0.08943187707413616,12.951645095795051,17.04835490420495,3.924000000000003,0.0,4.948160214098209,39.190316580716136,3.9240000000000004,True,COLLISION with vehicle.ue4.audi.tt,0.0,0.0,0.0,freeze,latency,21930011,,0
proposed_enhanced_d16f,proposed_enhanced,16,30.0,30.0,0.85,1.5,12.5,False,vehicle.ue4.audi.tt,0.0,0.0,0.0,14.645917435579292,15.354082564420708,0.0,0.0,4.91577935467703,0.0,8.3385,True,COLLISION with vehicle.ue4.audi.tt,0.0,0.0,0.0,freeze,latency,21930012,,0
proposed_enhanced_d16f,proposed_enhanced,16,30.0,30.0,0.4,1.5,12.5,False,vehicle.ue4.audi.tt,0.0,0.0,0.6699285433072207,17.54610265318344,12.453897346816559,3.924000000000003,0.0,4.912130358597678,7.398818110754544,3.9240000000000004,True,COLLISION with vehicle.ue4.audi.tt,0.0,0.0,0.0,freeze,latency,21930013,,0
proposed_enhanced_d16f,proposed_enhanced,16,30.0,30.0,0.85,2.0,16.666666666666668,False,vehicle.ue4.audi.tt,0.0,0.0,0.0,14.925401193542353,15.074598806457647,0.0,0.0,4.899402658016474,0.0,8.3385,True,COLLISION with vehicle.ue4.audi.tt,0.0,0.0,0.0,freeze,latency,21930014,,0
proposed_enhanced_d16f,proposed_enhanced,16,30.0,30.0,0.4,2.0,16.666666666666668,False,vehicle.ue4.audi.tt,0.0,0.0,0.999965611024487,17.80068004355141,12.19931995644859,3.924000000000003,0.0,4.902767183326499,4.537473738941066,3.9240000000000004,True,COLLISION with vehicle.ue4.audi.tt,0.0,0.0,0.0,freeze,latency,21930015,,0
proposed_enhanced_d16f,proposed_enhanced,16,30.0,30.0,0.85,2.5,20.833333333333336,False,vehicle.ue4.audi.tt,0.0,0.0,0.0,14.775282948436088,15.224717051563912,0.0,0.0,4.901550307225117,0.0,8.3385,True,COLLISION with vehicle.ue4.audi.tt,0.0,0.0,0.0,freeze,latency,21930016,,0
proposed_enhanced_d16f,proposed_enhanced,16,30.0,30.0,0.4,2.5,20.833333333333336,False,vehicle.ue4.audi.tt,0.0,0.0,0.9135101522466592,18.499506500073906,11.500493499926092,3.924000000000003,0.0,4.934059143199493,4.52808937278864,3.9240000000000004,True,COLLISION with vehicle.ue4.audi.tt,0.0,0.0,0.0,freeze,latency,21930017,,0
proposed_enhanced_d16f,proposed_enhanced,16,30.0,30.0,0.85,3.0,25.0,False,vehicle.ue4.audi.tt,0.0,0.0,0.0,14.481841662294151,15.518158337705849,0.0,0.0,4.903041923745816,0.0,8.3385,True,COLLISION with vehicle.ue4.audi.tt,0.0,0.0,0.0,freeze,latency,21930018,,0
proposed_enhanced_d16f,proposed_enhanced,16,30.0,30.0,0.4,3.0,25.0,False,vehicle.ue4.audi.tt,0.0,0.0,0.9170803815019467,18.50905769685531,11.490942303144688,3.924000000000003,0.0,4.945571969171411,4.510545663515437,3.9240000000000004,True,COLLISION with vehicle.ue4.audi.tt,0.0,0.0,0.0,freeze,latency,21930019,,0
proposed_enhanced_d16f,proposed_enhanced,16,40.0,40.0,0.85,1.0,11.11111111111111,False,vehicle.ue4.audi.tt,0.0,0.0,0.22806598445844944,18.75414298369934,21.24585701630066,3.3354000497013203,0.0,4.922874113087421,23.95996012036055,8.3385,True,COLLISION with vehicle.ue4.audi.tt,0.0,0.0,0.0,freeze,latency,21930020,,0
proposed_enhanced_d16f,proposed_enhanced,16,40.0,40.0,0.4,1.0,11.11111111111111,False,vehicle.ue4.audi.tt,0.0,0.0,0.5020541204397674,20.26594677902775,19.73405322097225,3.9239999999999853,0.0,4.9115848566696165,12.85153273373056,3.9240000000000004,True,COLLISION with vehicle.ue4.audi.tt,0.0,0.0,0.0,freeze,latency,21930021,,0
proposed_enhanced_d16f,proposed_enhanced,16,40.0,40.0,0.85,1.5,16.666666666666664,True,,9.550294884969649,0.0,0.0,40.0,0.0,3.335400049701338,17.835349082946777,14.318145760824141,0.0,8.3385,True,AVOIDED,0.0,0.0,0.0,freeze,latency,21930022,,0
proposed_enhanced_d16f,proposed_enhanced,16,40.0,40.0,0.4,1.5,16.666666666666664,False,vehicle.ue4.audi.tt,0.0,0.0,1.2468014596829657,26.121799516546425,13.878200483453575,3.924000000000003,0.0,4.958679255371736,6.2491143132637585,3.9240000000000004,True,COLLISION with vehicle.ue4.audi.tt,0.0,0.0,0.0,freeze,latency,21930023,,0
proposed_enhanced_d16f,proposed_enhanced,16,40.0,40.0,0.85,2.0,22.22222222222222,False,vehicle.ue4.audi.tt,0.0,0.0,0.2844258859921493,21.578962276364432,18.421037723635568,3.3354000497013203,0.0,4.919915462106609,19.41734747942877,8.3385,True,COLLISION with vehicle.ue4.audi.tt,0.0,0.0,0.0,freeze,latency,21930024,,0
proposed_enhanced_d16f,proposed_enhanced,16,40.0,40.0,0.4,2.0,22.22222222222222,False,vehicle.ue4.audi.tt,0.0,0.0,1.908812999198316,26.431007960370305,13.568992039629695,3.924000000000003,0.0,4.926899011771626,4.129683788668272,3.9240000000000004,True,COLLISION with vehicle.ue4.audi.tt,0.0,0.0,0.0,freeze,latency,21930025,,0
proposed_enhanced_d16f,proposed_enhanced,16,40.0,40.0,0.85,2.5,27.77777777777778,False,vehicle.ue4.audi.tt,0.0,0.0,0.2879519763047493,21.865794931422773,18.134205068577227,3.3354000497013203,0.0,4.899242306508927,19.179772426741497,8.3385,True,COLLISION with vehicle.ue4.audi.tt,0.0,0.0,0.0,freeze,latency,21930026,,0
proposed_enhanced_d16f,proposed_enhanced,16,40.0,40.0,0.4,2.5,27.77777777777778,False,vehicle.ue4.audi.tt,0.0,0.0,1.7233232145391437,26.617414773523144,13.382585226476857,3.924000000000003,0.0,4.937679518868065,3.7017406674007964,3.9240000000000004,True,COLLISION with vehicle.ue4.audi.tt,0.0,0.0,0.0,freeze,latency,21930027,,0
proposed_enhanced_d16f,proposed_enhanced,16,40.0,40.0,0.85,3.0,33.33333333333333,False,vehicle.ue4.audi.tt,0.0,0.0,0.29110543096458835,21.726517828509508,18.273482171490492,3.3354000497013203,0.0,4.9017709928140425,18.97210219615761,8.3385,True,COLLISION with vehicle.ue4.audi.tt,0.0,0.0,0.0,freeze,latency,21930028,,0
proposed_enhanced_d16f,proposed_enhanced,16,40.0,40.0,0.4,3.0,33.33333333333333,False,vehicle.ue4.audi.tt,0.0,0.0,1.5390763335063833,26.883297405622013,13.116702594377987,3.924000000000003,0.0,4.900147626574937,3.581534874183464,3.9240000000000004,True,COLLISION with vehicle.ue4.audi.tt,0.0,0.0,0.0,freeze,latency,21930029,,0
proposed_enhanced_d16f,proposed_enhanced,16,50.0,50.0,0.85,1.0,13.88888888888889,False,vehicle.ue4.audi.tt,0.0,0.0,0.5544114156030313,23.623288557370635,26.376711442629365,3.3354000497013203,0.0,4.912204777076729,14.01783036485844,8.3385,True,COLLISION with vehicle.ue4.audi.tt,0.0,0.0,0.0,freeze,latency,21930030,,0
proposed_enhanced_d16f,proposed_enhanced,16,50.0,50.0,0.4,1.0,13.88888888888889,False,vehicle.ue4.audi.tt,0.0,0.0,0.8984787359117183,26.15636510232034,23.84363489767966,3.9239999999999853,0.0,4.91351903841111,9.98740175958525,3.9240000000000004,True,COLLISION with vehicle.ue4.audi.tt,0.0,0.0,0.0,freeze,latency,21930031,,0
proposed_enhanced_d16f,proposed_enhanced,16,50.0,50.0,0.85,1.5,20.833333333333336,False,vehicle.ue4.audi.tt,0.0,0.0,0.6301800816549287,28.1772420247857,21.8227579752143,3.3354000497013203,0.0,4.942242027788643,12.637230487559396,8.3385,True,COLLISION with vehicle.ue4.audi.tt,0.0,0.0,0.0,freeze,latency,21930032,,0
proposed_enhanced_d16f,proposed_enhanced,16,50.0,50.0,0.4,1.5,20.833333333333336,False,vehicle.ue4.audi.tt,0.0,0.0,1.9474475271536413,33.91049999264392,16.089500007356076,3.9239999999999853,0.0,4.915106249932719,5.778687321108189,3.9240000000000004,True,COLLISION with vehicle.ue4.audi.tt,0.0,0.0,0.0,freeze,latency,21930033,,0
proposed_enhanced_d16f,proposed_enhanced,16,50.0,50.0,0.85,2.0,27.77777777777778,False,vehicle.ue4.audi.tt,0.0,0.0,0.5466460312008118,28.570305215445607,21.429694784554393,3.3354000497013203,0.0,4.920711763248017,12.627868968096589,8.3385,True,COLLISION with vehicle.ue4.audi.tt,0.0,0.0,0.0,freeze,latency,21930034,,0
proposed_enhanced_d16f,proposed_enhanced,16,50.0,50.0,0.4,2.0,27.77777777777778,False,vehicle.ue4.audi.tt,0.0,0.0,2.7974059735488828,35.24852673268087,14.751473267319124,3.924000000000003,0.0,4.930635277422029,4.1884472874834575,3.9240000000000004,True,COLLISION with vehicle.ue4.audi.tt,0.0,0.0,0.0,freeze,latency,21930035,,0
proposed_enhanced_d16f,proposed_enhanced,16,50.0,50.0,0.85,2.5,34.72222222222222,False,vehicle.ue4.audi.tt,0.0,0.0,0.5499678512878898,28.219270053075764,21.780729946924236,3.3354000497013203,0.0,4.92210939448735,12.551805298327263,8.3385,True,COLLISION with vehicle.ue4.audi.tt,0.0,0.0,0.0,freeze,latency,21930036,,0
proposed_enhanced_d16f,proposed_enhanced,16,50.0,50.0,0.4,2.5,34.72222222222222,False,vehicle.ue4.audi.tt,0.0,0.0,3.1467332504328915,35.9318686129795,14.068131387020504,3.924000000000003,0.0,4.9339913605110715,3.4485988810134662,3.9240000000000004,True,COLLISION with vehicle.ue4.audi.tt,0.0,0.0,0.0,freeze,latency,21930037,,0
proposed_enhanced_d16f,proposed_enhanced,16,50.0,50.0,0.85,3.0,41.66666666666667,False,,0.0,0.0,0.5531118221736468,50.0,0.0,3.3354000497013203,0.0,11.056061797913062,12.480453810512943,8.3385,True,NO BRAKE / passed,0.0,0.0,0.0,freeze,latency,21930038,,0
proposed_enhanced_d16f,proposed_enhanced,16,50.0,50.0,0.4,3.0,41.66666666666667,False,,0.0,0.0,2.631313701311832,50.0,0.0,3.9239999999999853,0.0,11.177644340921224,3.278777349556585,3.9240000000000004,True,NO BRAKE / passed,0.0,0.0,0.0,freeze,latency,21930039,,0
proposed_enhanced_d16f,proposed_enhanced,16,60.0,60.0,0.85,1.0,16.666666666666668,False,vehicle.ue4.audi.tt,0.0,0.0,0.8642592065426192,28.819100216901997,31.180899783098003,3.3354000497013203,0.0,4.934368205522541,11.54521717638688,8.3385,True,COLLISION with vehicle.ue4.audi.tt,0.0,0.0,0.0,freeze,latency,21930040,,0
proposed_enhanced_d16f,proposed_enhanced,16,60.0,60.0,0.4,1.0,16.666666666666668,False,vehicle.ue4.audi.tt,0.0,0.0,1.2753277910516767,32.96713018419389,27.03286981580611,3.924000000000021,0.0,4.929840089870385,9.064344851678927,3.9240000000000004,True,COLLISION with vehicle.ue4.audi.tt,0.0,0.0,0.0,freeze,latency,21930041,,0
proposed_enhanced_d16f,proposed_enhanced,16,60.0,60.0,0.85,1.5,25.0,False,vehicle.ue4.audi.tt,0.0,0.0,1.040370956767995,36.115144676193914,23.884855323806086,8.338499999999982,0.0,4.986607224846797,10.057867727017856,8.3385,True,COLLISION with vehicle.ue4.audi.tt,0.0,0.0,0.0,freeze,latency,21930042,,0
proposed_enhanced_d16f,proposed_enhanced,16,60.0,60.0,0.4,1.5,25.0,False,vehicle.ue4.audi.tt,0.0,0.0,2.5033208609853848,42.09510078511521,17.904899214884793,3.924000000000021,0.0,4.973655713048756,5.847296398554272,3.9240000000000004,True,COLLISION with vehicle.ue4.audi.tt,0.0,0.0,0.0,freeze,latency,21930043,,0
proposed_enhanced_d16f,proposed_enhanced,16,60.0,60.0,0.85,2.0,33.333333333333336,False,,0.0,0.0,0.9247844099735577,60.0,0.0,3.3354000497013203,0.0,8.492301942167385,10.014932874406814,8.3385,True,NO BRAKE / passed,0.0,0.0,0.0,freeze,latency,21930044,,0
proposed_enhanced_d16f,proposed_enhanced,16,60.0,60.0,0.4,2.0,33.333333333333336,False,,0.0,0.0,3.499950800074246,60.0,0.0,3.9239999999999853,0.0,8.309589504323359,4.427301854336194,3.9240000000000004,True,NO BRAKE / passed,0.0,0.0,0.0,freeze,latency,21930045,,0
proposed_enhanced_d16f,proposed_enhanced,16,60.0,60.0,0.85,2.5,41.66666666666667,False,,0.0,0.0,0.828329889029021,60.0,0.0,3.3354000497013203,0.0,16.874702455020323,10.002823158336515,8.3385,True,NO BRAKE / passed,0.0,0.0,0.0,freeze,latency,21930046,,0
proposed_enhanced_d16f,proposed_enhanced,16,60.0,60.0,0.4,2.5,41.66666666666667,False,,0.0,0.0,4.385353901021818,60.0,0.0,3.9239999999999853,0.0,16.458431244172786,3.5636627552319773,3.9240000000000004,True,NO BRAKE / passed,0.0,0.0,0.0,freeze,latency,21930047,,0
proposed_enhanced_d16f,proposed_enhanced,16,60.0,60.0,0.85,3.0,50.0,False,,0.0,0.0,0.0,60.0,0.0,0.0,0.0,25.175376893322685,0.0,8.3385,True,NO BRAKE / passed,0.0,0.0,0.0,freeze,latency,21930048,,0
proposed_enhanced_d16f,proposed_enhanced,16,60.0,60.0,0.4,3.0,50.0,False,,0.0,0.0,4.4209675023922275,60.0,0.0,1.5696000233888796,0.0,24.77054596125687,3.14983854514096,3.9240000000000004,True,NO BRAKE / passed,0.0,0.0,0.0,freeze,latency,21930049,,0
