label,controller,delay_frames,ego_speed_kmh,mu,trigger_d,dart_speed_kmh,avoided,collision_with,s_clearance,a_b_mfdd,t_c_warn,dv_speed_var,collision_speed_kmh,peak_decel,brake_distance,min_dist,a_req_at_brake,a_max,is_conflict,result_txt,noise_sigma_m,noise_sigma_vr,dropout_p,dropout_mode,test_mode,seed,comp_source,comp_L_frames
baseline_d0f,baseline,0,20.0,0.85,20.0,20.0,True,,3.9212336866446513,3.65837067446903,1.3394593668191859,20.0,0.0,3.335400049701338,4.358844757080078,7.595415864059919,1.8043026374285156,8.3385,True,AVOIDED,0.0,0.0,0.0,freeze,latency,11800000,,0
baseline_d0f,baseline,0,20.0,0.85,25.0,20.0,True,,4.195510218845238,3.657861365625391,1.5551013235364857,20.0,0.0,3.335400049701338,4.360408782958984,7.869696242314734,1.7694600564205454,8.3385,True,AVOIDED,0.0,0.0,0.0,freeze,latency,11800001,,0
baseline_d0f,baseline,0,20.0,0.85,30.0,20.0,True,,4.195523935893825,3.6579558658285976,1.555066672630608,20.0,0.0,3.335400049701338,4.360206604003906,7.869709915739904,1.7694374691448977,8.3385,True,AVOIDED,0.0,0.0,0.0,freeze,latency,11800002,,0
baseline_d0f,baseline,0,20.0,0.85,35.0,20.0,True,,4.195510218845238,3.657861365625391,1.5551013235364857,20.0,0.0,3.335400049701338,4.360408782958984,7.869696242314734,1.7694600564205454,8.3385,True,AVOIDED,0.0,0.0,0.0,freeze,latency,11800003,,0
baseline_d0f,baseline,0,20.0,0.85,40.0,20.0,True,,4.195523929089964,3.6579558658285976,1.5550666712901509,20.0,0.0,3.335400049701338,4.360206604003906,7.869709908935939,1.7694374700495903,8.3385,True,AVOIDED,0.0,0.0,0.0,freeze,latency,11800004,,0
baseline_d0f,baseline,0,20.0,0.4,20.0,20.0,True,,0.647919945814917,2.1984337156554634,1.3386192833366588,20.0,0.0,3.924000000000003,7.634922027587891,4.322224133112738,1.8044232680391243,3.9240000000000004,True,AVOIDED,0.0,0.0,0.0,freeze,latency,11800005,,0
baseline_d0f,baseline,0,20.0,0.4,25.0,20.0,True,,0.6614408025436234,2.073211922957024,1.555066672630608,20.0,0.0,3.924000000000003,7.896842956542969,4.335744989841444,1.7694374691448977,3.9240000000000004,True,AVOIDED,0.0,0.0,0.0,freeze,latency,11800006,,0
baseline_d0f,baseline,0,20.0,0.4,30.0,20.0,True,,0.6617082938193599,2.073176507422098,1.5551013235364857,20.0,0.0,3.924000000000003,7.897087097167969,4.336012481117181,1.7694600564205454,3.9240000000000004,True,AVOIDED,0.0,0.0,0.0,freeze,latency,11800007,,0
baseline_d0f,baseline,0,20.0,0.4,35.0,20.0,True,,0.6614408025436234,2.073211922957024,1.555066672630608,20.0,0.0,3.924000000000003,7.896842956542969,4.335744989841444,1.7694374691448977,3.9240000000000004,True,AVOIDED,0.0,0.0,0.0,freeze,latency,11800008,,0
baseline_d0f,baseline,0,20.0,0.4,40.0,20.0,True,,0.661712090292303,2.073176507422098,1.5551020153361288,20.0,0.0,3.924000000000003,7.897087097167969,4.336016277590124,1.769459268433238,3.9240000000000004,True,AVOIDED,0.0,0.0,0.0,freeze,latency,11800009,,0
baseline_d0f,baseline,0,30.0,0.85,20.0,20.0,True,,3.9326650882441907,3.501718372541213,1.589240310269733,30.0,0.0,3.335400049701338,9.961448669433594,7.606969275542012,2.203696841912894,8.3385,True,AVOIDED,0.0,0.0,0.0,freeze,latency,11800010,,0
baseline_d0f,baseline,0,30.0,0.85,25.0,20.0,True,,1.4732212832962626,4.331886701944831,1.1535649608842213,30.0,0.0,8.3385,8.699321746826172,5.147472094913993,3.3316057713605907,8.3385,True,AVOIDED,0.0,0.0,0.0,freeze,latency,11800011,,0
baseline_d0f,baseline,0,30.0,0.85,30.0,20.0,True,,3.1056197352822723,3.501718372541213,1.5791092051880642,30.0,0.0,3.335400049701338,9.961444854736328,6.779923922580093,2.6176888670134737,8.3385,True,AVOIDED,0.0,0.0,0.0,freeze,latency,11800012,,0
baseline_d0f,baseline,0,30.0,0.85,35.0,20.0,True,,3.106507068642766,0.0,1.580548262912407,30.0,0.0,3.335400049701338,9.959877014160156,6.780811255940587,2.6173803480059092,8.3385,True,AVOIDED,0.0,0.0,0.0,freeze,latency,11800013,,0
baseline_d0f,baseline,0,30.0,0.85,40.0,20.0,True,,3.105623532213931,3.501718372541213,1.5791096647943068,30.0,0.0,3.335400049701338,9.961444854736328,6.779927719511752,2.6176881040457913,8.3385,True,AVOIDED,0.0,0.0,0.0,freeze,latency,11800014,,0
baseline_d0f,baseline,0,30.0,0.4,20.0,20.0,False,vehicle.ue4.audi.tt,0.0,0.0,1.587975167140971,24.63102898449902,5.3689710155009776,3.924000000000003,0.0,3.8101861042736167,2.2036449020803137,3.9240000000000004,True,COLLISION with vehicle.ue4.audi.tt,0.0,0.0,0.0,freeze,latency,11800015,,0
baseline_d0f,baseline,0,30.0,0.4,25.0,20.0,False,vehicle.ue4.audi.tt,0.0,0.0,1.1524483666416514,22.288339529190758,7.711660470809241,3.924000000000003,0.0,3.8208499496696113,3.3316693273856473,3.9240000000000004,True,COLLISION with vehicle.ue4.audi.tt,0.0,0.0,0.0,freeze,latency,11800016,,0
baseline_d0f,baseline,0,30.0,0.4,30.0,20.0,False,vehicle.ue4.audi.tt,0.0,0.0,1.577512759407205,23.982823794189297,6.017176205810702,3.924000000000003,0.0,3.8216422586400993,2.617638337913078,3.9240000000000004,True,COLLISION with vehicle.ue4.audi.tt,0.0,0.0,0.0,freeze,latency,11800017,,0
baseline_d0f,baseline,0,30.0,0.4,35.0,20.0,False,vehicle.ue4.audi.tt,0.0,0.0,1.5791092051880642,23.978427517408754,6.021572482591248,3.924000000000003,0.0,3.8213329125157935,2.6176888670134737,3.9240000000000004,True,COLLISION with vehicle.ue4.audi.tt,0.0,0.0,0.0,freeze,latency,11800018,,0
baseline_d0f,baseline,0,30.0,0.4,40.0,20.0,False,vehicle.ue4.audi.tt,0.0,0.0,1.5775136790550224,23.982817306347748,6.01718269365225,3.924000000000003,0.0,3.8216383795034,2.6176368107185692,3.9240000000000004,True,COLLISION with vehicle.ue4.audi.tt,0.0,0.0,0.0,freeze,latency,11800019,,0
baseline_d0f,baseline,0,40.0,0.85,20.0,20.0,True,,1.4112985349541418,6.547570622823611,1.2511492783422866,40.0,0.0,8.3385,12.330005645751953,5.0853593058364766,3.961490876976411,8.3385,True,AVOIDED,0.0,0.0,0.0,freeze,latency,11800020,,0
baseline_d0f,baseline,0,40.0,0.85,25.0,20.0,True,,1.4176998844259536,3.76538043473354,1.5806811107489096,40.0,0.0,8.3385,16.740442276000977,5.091802032137474,3.1546168343696994,8.3385,True,AVOIDED,0.0,0.0,0.0,freeze,latency,11800021,,0
baseline_d0f,baseline,0,40.0,0.85,30.0,20.0,True,,0.7304379676569255,0.0,1.0500158739325576,40.0,0.0,8.3385,11.355209350585938,4.404475652589474,5.007797798736219,8.3385,True,AVOIDED,0.0,0.0,0.0,freeze,latency,11800022,,0
baseline_d0f,baseline,0,40.0,0.85,35.0,20.0,True,,1.5823564393882137,4.037112762822045,1.5394874871753652,40.0,0.0,8.3385,16.023054122924805,5.256443362897178,3.448934301588219,8.3385,True,AVOIDED,0.0,0.0,0.0,freeze,latency,11800023,,0
baseline_d0f,baseline,0,40.0,0.85,40.0,20.0,True,,1.5812645941922856,4.037136743979588,1.5928784294129137,40.0,0.0,8.3385,16.023218154907227,5.255408709153902,3.4611625695600736,8.3385,True,AVOIDED,0.0,0.0,0.0,freeze,latency,11800024,,0
baseline_d0f,baseline,0,40.0,0.4,20.0,20.0,False,vehicle.ue4.audi.tt,0.0,0.0,1.2518607036226785,27.323642004419558,12.676357995580442,3.924000000000003,0.0,3.8320153175838416,3.9603839026224663,3.9240000000000004,True,COLLISION with vehicle.ue4.audi.tt,0.0,0.0,0.0,freeze,latency,11800025,,0
baseline_d0f,baseline,0,40.0,0.4,25.0,20.0,False,vehicle.ue4.audi.tt,0.0,0.0,1.5801827437600193,28.080560056676703,11.919439943323296,3.924000000000003,0.0,3.829948472986753,3.155015665986659,3.9240000000000004,True,COLLISION with vehicle.ue4.audi.tt,0.0,0.0,0.0,freeze,latency,11800026,,0
baseline_d0f,baseline,0,40.0,0.4,30.0,20.0,False,vehicle.ue4.audi.tt,0.0,0.0,1.0489616162358588,26.38455681638669,13.615443183613309,3.924000000000003,0.0,3.842866675429067,5.00778443697093,3.9240000000000004,True,COLLISION with vehicle.ue4.audi.tt,0.0,0.0,0.0,freeze,latency,11800027,,0
baseline_d0f,baseline,0,40.0,0.4,35.0,20.0,False,vehicle.ue4.audi.tt,0.0,0.0,1.5397127114380706,27.992722190578665,12.007277809421335,3.924000000000003,0.0,3.8311647454694677,3.4490762113198645,3.9240000000000004,True,COLLISION with vehicle.ue4.audi.tt,0.0,0.0,0.0,freeze,latency,11800028,,0
baseline_d0f,baseline,0,40.0,0.4,40.0,20.0,False,vehicle.ue4.audi.tt,0.0,0.0,1.5926932086954897,27.938197183866908,12.061802816133092,3.924000000000003,0.0,3.830557253990921,3.461103302230078,3.9240000000000004,True,COLLISION with vehicle.ue4.audi.tt,0.0,0.0,0.0,freeze,latency,11800029,,0
baseline_d0f,baseline,0,50.0,0.85,20.0,20.0,False,vehicle.ue4.audi.tt,0.0,0.0,1.0283507624270962,40.06249266681665,9.937507333183348,8.3385,0.0,3.8466471779714833,6.251445427884491,8.3385,True,COLLISION with vehicle.ue4.audi.tt,0.0,0.0,0.0,freeze,latency,11800030,,0
baseline_d0f,baseline,0,50.0,0.85,25.0,20.0,True,,0.25844992026364544,6.805111960610857,1.3761703297458985,50.0,0.0,8.338500000000018,18.85797691345215,3.932616992230024,4.67326940838413,8.3385,True,AVOIDED,0.0,0.0,0.0,freeze,latency,11800031,,0
baseline_d0f,baseline,0,50.0,0.85,30.0,20.0,True,,0.9371726112655354,5.192653004512637,1.5915557582378868,50.0,0.0,8.338500000000018,21.630722045898438,4.611259613541595,4.0496133296805565,8.3385,True,AVOIDED,0.0,0.0,0.0,freeze,latency,11800032,,0
baseline_d0f,baseline,0,50.0,0.85,35.0,20.0,False,vehicle.ue4.audi.tt,0.0,0.0,1.0049640659373305,40.414044211306376,9.585955788693623,8.338500000000018,0.0,3.8209855844889145,6.639201261619354,8.3385,True,COLLISION with vehicle.ue4.audi.tt,0.0,0.0,0.0,freeze,latency,11800033,,0
baseline_d0f,baseline,0,50.0,0.85,40.0,20.0,False,vehicle.ue4.audi.tt,0.0,6.6319939582979135,1.3507387427231656,46.86250154596955,3.1374984540304514,8.338500000000018,0.0,3.8094106452592396,4.970826623211005,8.3385,True,COLLISION with vehicle.ue4.audi.tt,0.0,0.0,0.0,freeze,latency,11800034,,0
baseline_d0f,baseline,0,50.0,0.4,20.0,20.0,False,vehicle.ue4.audi.tt,0.0,0.0,1.0283095496803998,23.91344458790742,26.08655541209258,3.9239999999999853,0.0,4.073086779224774,6.252550149773482,3.9240000000000004,True,COLLISION with vehicle.ue4.audi.tt,0.0,0.0,0.0,freeze,latency,11800035,,0
baseline_d0f,baseline,0,50.0,0.4,25.0,20.0,False,vehicle.ue4.audi.tt,0.0,0.0,1.3758346436684956,32.092390915243925,17.907609084756075,3.9239999999999853,0.0,3.839655211212979,4.67320867168864,3.9240000000000004,True,COLLISION with vehicle.ue4.audi.tt,0.0,0.0,0.0,freeze,latency,11800036,,0
baseline_d0f,baseline,0,50.0,0.4,30.0,20.0,False,vehicle.ue4.audi.tt,0.0,0.0,1.5906147719509276,32.989133996371834,17.010866003628163,3.9239999999999853,0.0,3.8246105087974716,4.049862616492112,3.9240000000000004,True,COLLISION with vehicle.ue4.audi.tt,0.0,0.0,0.0,freeze,latency,11800037,,0
baseline_d0f,baseline,0,50.0,0.4,35.0,20.0,False,vehicle.ue4.audi.tt,0.0,0.0,1.0052796221372668,30.609216356394715,19.390783643605285,3.9239999999999853,0.0,3.8199346028442625,6.638729057848494,3.9240000000000004,True,COLLISION with vehicle.ue4.audi.tt,0.0,0.0,0.0,freeze,latency,11800038,,0
baseline_d0f,baseline,0,50.0,0.4,40.0,20.0,False,vehicle.ue4.audi.tt,0.0,0.0,1.35124442383934,32.06781511003177,17.932184889968227,3.9239999999999853,0.0,3.849526025675441,4.970579322990501,3.9240000000000004,True,COLLISION with vehicle.ue4.audi.tt,0.0,0.0,0.0,freeze,latency,11800039,,0
baseline_d0f,baseline,0,60.0,0.85,20.0,20.0,False,vehicle.ue4.audi.tt,0.0,0.0,0.8715222210920067,34.252382805151434,25.747617194848566,8.338499999999982,0.0,4.272007439648291,9.086393451542861,8.3385,True,COLLISION with vehicle.ue4.audi.tt,0.0,0.0,0.0,freeze,latency,11800040,,0
baseline_d0f,baseline,0,60.0,0.85,25.0,20.0,False,vehicle.ue4.audi.tt,0.0,0.0,1.1321023594448238,45.742719216938966,14.257280783061033,8.3385,0.0,3.8409955591786735,6.9582527156196,8.3385,True,COLLISION with vehicle.ue4.audi.tt,0.0,0.0,0.0,freeze,latency,11800041,,0
baseline_d0f,baseline,0,60.0,0.85,30.0,20.0,False,vehicle.ue4.audi.tt,0.0,0.0,1.450181401363242,49.330977715363765,10.669022284636236,8.3385,0.0,3.82948897945292,5.434061926855033,8.3385,True,COLLISION with vehicle.ue4.audi.tt,0.0,0.0,0.0,freeze,latency,11800042,,0
baseline_d0f,baseline,0,60.0,0.85,35.0,20.0,False,vehicle.ue4.audi.tt,0.0,0.0,1.5803770947163107,51.02194825211019,8.978051747889806,8.3385,0.0,3.821381361515876,4.997044622014167,8.3385,True,COLLISION with vehicle.ue4.audi.tt,0.0,0.0,0.0,freeze,latency,11800043,,0
baseline_d0f,baseline,0,60.0,0.85,40.0,20.0,False,vehicle.ue4.audi.tt,0.0,0.0,0.9409190833451215,42.99367392543163,17.00632607456837,8.338499999999982,0.0,3.8245848697137528,8.58376355436793,8.3385,True,COLLISION with vehicle.ue4.audi.tt,0.0,0.0,0.0,freeze,latency,11800044,,0
baseline_d0f,baseline,0,60.0,0.4,20.0,20.0,False,vehicle.ue4.audi.tt,0.0,0.0,0.8715254526935651,14.693154287502807,45.30684571249719,3.9239999999999853,0.0,3.8891209749824207,9.086313642403866,3.9240000000000004,True,COLLISION with vehicle.ue4.audi.tt,0.0,0.0,0.0,freeze,latency,11800045,,0
baseline_d0f,baseline,0,60.0,0.4,25.0,20.0,False,vehicle.ue4.audi.tt,0.0,0.0,1.1320984504324096,33.32021871866009,26.679781281339913,3.9239999999999853,0.0,3.8894141158943203,6.958298042137608,3.9240000000000004,True,COLLISION with vehicle.ue4.audi.tt,0.0,0.0,0.0,freeze,latency,11800046,,0
baseline_d0f,baseline,0,60.0,0.4,30.0,20.0,False,vehicle.ue4.audi.tt,0.0,0.0,1.4501192873057958,36.89033196771442,23.10966803228558,3.9239999999999853,0.0,3.845365950472434,5.434264361626166,3.9240000000000004,True,COLLISION with vehicle.ue4.audi.tt,0.0,0.0,0.0,freeze,latency,11800047,,0
baseline_d0f,baseline,0,60.0,0.4,35.0,20.0,False,vehicle.ue4.audi.tt,0.0,0.0,1.5804284649540075,37.95967651334732,22.040323486652678,3.9239999999999853,0.0,3.8606193455659343,4.99687544150238,3.9240000000000004,True,COLLISION with vehicle.ue4.audi.tt,0.0,0.0,0.0,freeze,latency,11800048,,0
baseline_d0f,baseline,0,60.0,0.4,40.0,20.0,False,vehicle.ue4.audi.tt,0.0,0.0,0.9409212699222992,35.03905696244409,24.96094303755591,3.9239999999999853,0.0,3.813551119606775,8.583711381289632,3.9240000000000004,True,COLLISION with vehicle.ue4.audi.tt,0.0,0.0,0.0,freeze,latency,11800049,,0
baseline_d4f,baseline,4,20.0,0.85,20.0,20.0,True,,2.8197950277680324,3.6582446467056164,1.230964686391843,20.0,0.0,3.335400049701338,4.359035491943359,6.493977226081519,2.1056815446437582,8.3385,True,AVOIDED,0.0,0.0,0.0,freeze,latency,11840000,,0
baseline_d4f,baseline,4,20.0,0.85,25.0,20.0,True,,3.094465319605292,3.658165883762774,1.3548854287098249,20.0,0.0,3.335400049701338,4.360008239746094,6.768651278773532,2.0309369092529024,8.3385,True,AVOIDED,0.0,0.0,0.0,freeze,latency,11840001,,0
baseline_d4f,baseline,4,20.0,0.85,30.0,20.0,True,,3.0936656136835836,3.6574361751269278,1.3546014050473771,20.0,0.0,3.335400049701338,4.360797882080078,6.76785161844697,2.0312117774734317,8.3385,True,AVOIDED,0.0,0.0,0.0,freeze,latency,11840002,,0
baseline_d4f,baseline,4,20.0,0.85,35.0,20.0,True,,3.094465319605292,3.658165883762774,1.3548854287098249,20.0,0.0,3.335400049701338,4.360008239746094,6.768651278773532,2.0309369092529024,8.3385,True,AVOIDED,0.0,0.0,0.0,freeze,latency,11840003,,0
baseline_d4f,baseline,4,20.0,0.85,40.0,20.0,True,,3.093665605769635,3.6574361751269278,1.3546014036009977,20.0,0.0,3.335400049701338,4.360797882080078,6.767851610532875,2.03121177878378,8.3385,True,AVOIDED,0.0,0.0,0.0,freeze,latency,11840004,,0
baseline_d4f,baseline,4,20.0,0.4,20.0,20.0,False,vehicle.ue4.audi.tt,0.0,2.516049446093101,1.2308577604441655,18.478540552914858,1.5214594470851406,3.924000000000003,0.0,3.811107579978316,2.10555102117186,3.9240000000000004,True,COLLISION with vehicle.ue4.audi.tt,0.0,0.0,0.0,freeze,latency,11840005,,0
baseline_d4f,baseline,4,20.0,0.4,25.0,20.0,False,vehicle.ue4.audi.tt,0.0,2.3544854767243892,1.3546014050473771,18.956027011950237,1.0439729880497617,3.924000000000003,0.0,3.8137831278118637,2.0312117774734317,3.9240000000000004,True,COLLISION with vehicle.ue4.audi.tt,0.0,0.0,0.0,freeze,latency,11840006,,0
baseline_d4f,baseline,4,20.0,0.4,30.0,20.0,False,vehicle.ue4.audi.tt,0.0,2.35468778182346,1.3548854287098249,18.952842783237635,1.0471572167623657,3.924000000000003,0.0,3.8144106059640936,2.0309369092529024,3.9240000000000004,True,COLLISION with vehicle.ue4.audi.tt,0.0,0.0,0.0,freeze,latency,11840007,,0
baseline_d4f,baseline,4,20.0,0.4,35.0,20.0,True,,0.19058327363095362,0.0,1.4014447385823068,20.0,0.0,3.924000000000003,7.5402374267578125,3.864830240293654,1.9583332174185017,3.9240000000000004,True,AVOIDED,0.0,0.0,0.0,freeze,latency,11840008,,0
baseline_d4f,baseline,4,20.0,0.4,40.0,20.0,False,vehicle.ue4.audi.tt,0.0,2.35468778182346,1.3548861203824984,18.952836478844453,1.0471635211555483,3.924000000000003,0.0,3.814410591433215,2.0309358712801564,3.9240000000000004,True,COLLISION with vehicle.ue4.audi.tt,0.0,0.0,0.0,freeze,latency,11840009,,0
baseline_d4f,baseline,4,30.0,0.85,20.0,20.0,True,,2.2786862925824156,3.5017205108711247,1.386586777033567,30.0,0.0,3.335400049701338,9.961441040039062,5.952990479880237,2.5219791753638003,8.3385,True,AVOIDED,0.0,0.0,0.0,freeze,latency,11840010,,0
baseline_d4f,baseline,4,30.0,0.85,25.0,20.0,True,,0.8739785662553716,5.478221908875266,0.9968238849737138,30.0,0.0,8.3385,7.644313812255859,4.548282753553193,4.011684722312797,8.3385,True,AVOIDED,0.0,0.0,0.0,freeze,latency,11840011,,0
baseline_d4f,baseline,4,30.0,0.85,30.0,20.0,True,,1.4519134982662774,3.501718372541213,1.379147874817109,30.0,0.0,3.335400049701338,9.961444854736328,5.126217685564098,2.9973121995519163,8.3385,True,AVOIDED,0.0,0.0,0.0,freeze,latency,11840012,,0
baseline_d4f,baseline,4,30.0,0.85,35.0,20.0,True,,1.4523908694130965,3.5019685748641662,1.3777267891960814,30.0,0.0,3.335400049701338,9.960929870605469,5.1266950567109175,2.997258042350015,8.3385,True,AVOIDED,0.0,0.0,0.0,freeze,latency,11840013,,0
baseline_d4f,baseline,4,30.0,0.85,40.0,20.0,True,,1.451917288575161,3.501718372541213,1.37914833428774,30.0,0.0,3.335400049701338,9.961444854736328,5.126221475872982,2.997311199448075,8.3385,True,AVOIDED,0.0,0.0,0.0,freeze,latency,11840014,,0
baseline_d4f,baseline,4,30.0,0.4,20.0,20.0,False,vehicle.ue4.audi.tt,0.0,0.0,1.3854859055946107,22.077358254758,7.922641745242001,3.924000000000003,0.0,3.818837682360247,2.5219207960661274,3.9240000000000004,True,COLLISION with vehicle.ue4.audi.tt,0.0,0.0,0.0,freeze,latency,11840015,,0
baseline_d4f,baseline,4,30.0,0.4,25.0,20.0,False,vehicle.ue4.audi.tt,0.0,0.0,0.9958098029143205,19.82116368500486,10.178836314995142,3.924000000000003,0.0,3.8264429712137487,4.011785511957171,3.9240000000000004,True,COLLISION with vehicle.ue4.audi.tt,0.0,0.0,0.0,freeze,latency,11840016,,0
baseline_d4f,baseline,4,30.0,0.4,30.0,20.0,False,vehicle.ue4.audi.tt,0.0,0.0,1.3777263294522952,21.430429775680523,8.56957022431948,3.924000000000003,0.0,3.8250215013024835,2.9972590433745787,3.9240000000000004,True,COLLISION with vehicle.ue4.audi.tt,0.0,0.0,0.0,freeze,latency,11840017,,0
baseline_d4f,baseline,4,30.0,0.4,35.0,20.0,False,vehicle.ue4.audi.tt,0.0,0.0,1.379147874817109,21.427333282197047,8.572666717802955,3.924000000000003,0.0,3.824653789232244,2.9973121995519163,3.9240000000000004,True,COLLISION with vehicle.ue4.audi.tt,0.0,0.0,0.0,freeze,latency,11840018,,0
baseline_d4f,baseline,4,30.0,0.4,40.0,20.0,False,vehicle.ue4.audi.tt,0.0,0.0,1.3777272489398618,21.430418376930955,8.569581623069045,3.924000000000003,0.0,3.825017650692488,2.997257041326119,3.9240000000000004,True,COLLISION with vehicle.ue4.audi.tt,0.0,0.0,0.0,freeze,latency,11840019,,0
baseline_d4f,baseline,4,40.0,0.85,20.0,20.0,False,vehicle.ue4.audi.tt,0.0,7.678197637368214,1.0462383641244073,36.77051650272742,3.2294834972725854,8.3385,0.0,3.8036852333555773,4.719482259463617,8.3385,True,COLLISION with vehicle.ue4.audi.tt,0.0,0.0,0.0,freeze,latency,11840020,,0
baseline_d4f,baseline,4,40.0,0.85,25.0,20.0,True,,0.8280070080298447,4.460423141848081,1.3842434728800794,40.0,0.0,8.3385,15.12289047241211,4.5021320515047325,3.61134080118464,8.3385,True,AVOIDED,0.0,0.0,0.0,freeze,latency,11840021,,0
baseline_d4f,baseline,4,40.0,0.85,30.0,20.0,False,vehicle.ue4.audi.tt,0.0,0.0,0.8744985452733318,33.212481445345354,6.787518554654646,8.338500000000018,0.0,3.821404023969327,6.164842930542527,8.3385,True,COLLISION with vehicle.ue4.audi.tt,0.0,0.0,0.0,freeze,latency,11840022,,0
baseline_d4f,baseline,4,40.0,0.85,35.0,20.0,True,,0.6146643778400014,4.635618013604658,1.3702009551277832,40.0,0.0,8.3385,14.78390884399414,4.288968565137822,3.95599612425383,8.3385,True,AVOIDED,0.0,0.0,0.0,freeze,latency,11840023,,0
baseline_d4f,baseline,4,40.0,0.85,40.0,20.0,True,,0.6131345522320499,4.635478896436476,1.3930959880353544,40.0,0.0,8.3385,14.78424072265625,4.287438739529871,3.957559777004735,8.3385,True,AVOIDED,0.0,0.0,0.0,freeze,latency,11840024,,0
baseline_d4f,baseline,4,40.0,0.4,20.0,20.0,False,vehicle.ue4.audi.tt,0.0,0.0,1.046964954574268,24.651054101119207,15.348945898880794,3.924000000000003,0.0,3.838218012387649,4.717663290954602,3.9240000000000004,True,COLLISION with vehicle.ue4.audi.tt,0.0,0.0,0.0,freeze,latency,11840025,,0
baseline_d4f,baseline,4,40.0,0.4,25.0,20.0,False,vehicle.ue4.audi.tt,0.0,0.0,1.383760040183002,26.616908903929552,13.383091096070448,3.924000000000003,0.0,3.8380487667287166,3.6119327255649023,3.9240000000000004,True,COLLISION with vehicle.ue4.audi.tt,0.0,0.0,0.0,freeze,latency,11840026,,0
baseline_d4f,baseline,4,40.0,0.4,30.0,20.0,False,vehicle.ue4.audi.tt,0.0,0.0,0.8741254791468105,24.212871654392245,15.787128345607755,3.9239999999999853,0.0,3.835595451642796,6.16441549612598,3.9240000000000004,True,COLLISION with vehicle.ue4.audi.tt,0.0,0.0,0.0,freeze,latency,11840027,,0
baseline_d4f,baseline,4,40.0,0.4,35.0,20.0,False,vehicle.ue4.audi.tt,0.0,0.0,1.3705769838972317,25.773200172978072,14.226799827021928,3.924000000000003,0.0,3.819028277311149,3.9561096411572114,3.9240000000000004,True,COLLISION with vehicle.ue4.audi.tt,0.0,0.0,0.0,freeze,latency,11840028,,0
baseline_d4f,baseline,4,40.0,0.4,40.0,20.0,False,vehicle.ue4.audi.tt,0.0,0.0,1.3929442453688674,25.77212805242975,14.227871947570252,3.924000000000003,0.0,3.8203626906426975,3.957476424914821,3.9240000000000004,True,COLLISION with vehicle.ue4.audi.tt,0.0,0.0,0.0,freeze,latency,11840029,,0
baseline_d4f,baseline,4,50.0,0.85,20.0,20.0,False,vehicle.ue4.audi.tt,0.0,0.0,0.8251043737093288,30.34526148347801,19.65473851652199,8.3385,0.0,3.999010645085129,7.766762818940709,8.3385,True,COLLISION with vehicle.ue4.audi.tt,0.0,0.0,0.0,freeze,latency,11840030,,0
baseline_d4f,baseline,4,50.0,0.85,25.0,20.0,False,vehicle.ue4.audi.tt,0.0,0.0,1.172875566223941,38.869373097457014,11.130626902542986,8.338500000000018,0.0,3.828368308325337,5.470597230148729,8.3385,True,COLLISION with vehicle.ue4.audi.tt,0.0,0.0,0.0,freeze,latency,11840031,,0
baseline_d4f,baseline,4,50.0,0.85,30.0,20.0,False,vehicle.ue4.audi.tt,0.0,0.0,1.3938131348881604,42.22311703625819,7.776882963741814,8.3385,0.0,3.8221496733091644,4.631069195172389,8.3385,True,COLLISION with vehicle.ue4.audi.tt,0.0,0.0,0.0,freeze,latency,11840032,,0
baseline_d4f,baseline,4,50.0,0.85,35.0,20.0,False,vehicle.ue4.audi.tt,0.0,0.0,0.8214318536533174,36.055816576313305,13.944183423686695,8.338500000000018,0.0,3.8413758631249335,8.267643379661592,8.3385,True,COLLISION with vehicle.ue4.audi.tt,0.0,0.0,0.0,freeze,latency,11840033,,0
baseline_d4f,baseline,4,50.0,0.85,40.0,20.0,False,vehicle.ue4.audi.tt,0.0,0.0,1.1699266167697713,38.848271876800695,11.151728123199309,8.338500000000018,0.0,3.8290336512912857,5.825799091023202,8.3385,True,COLLISION with vehicle.ue4.audi.tt,0.0,0.0,0.0,freeze,latency,11840034,,0
baseline_d4f,baseline,4,50.0,0.4,20.0,20.0,False,vehicle.ue4.audi.tt,0.0,0.0,0.8249089199307247,19.212416979878736,30.787583020121264,3.9239999999999853,0.0,4.1705937744200074,7.769280542248863,3.9240000000000004,True,COLLISION with vehicle.ue4.audi.tt,0.0,0.0,0.0,freeze,latency,11840035,,0
baseline_d4f,baseline,4,50.0,0.4,25.0,20.0,False,vehicle.ue4.audi.tt,0.0,0.0,1.1726620741646545,30.652714708490723,19.347285291509277,3.9239999999999853,0.0,3.8277601068805382,5.470290829535227,3.9240000000000004,True,COLLISION with vehicle.ue4.audi.tt,0.0,0.0,0.0,freeze,latency,11840036,,0
baseline_d4f,baseline,4,50.0,0.4,30.0,20.0,False,vehicle.ue4.audi.tt,0.0,0.0,1.3929525632208557,31.636344484656956,18.363655515343044,3.9239999999999853,0.0,3.852393591085312,4.631449188739962,3.9240000000000004,True,COLLISION with vehicle.ue4.audi.tt,0.0,0.0,0.0,freeze,latency,11840037,,0
baseline_d4f,baseline,4,50.0,0.4,35.0,20.0,False,vehicle.ue4.audi.tt,0.0,0.0,0.8216245336028773,27.844996123021406,22.155003876978594,3.9239999999999853,0.0,3.8316951434805198,8.266586513745024,3.9240000000000004,True,COLLISION with vehicle.ue4.audi.tt,0.0,0.0,0.0,freeze,latency,11840038,,0
baseline_d4f,baseline,4,50.0,0.4,40.0,20.0,False,vehicle.ue4.audi.tt,0.0,0.0,1.1704361336975697,29.966979800906667,20.033020199093333,3.9239999999999853,0.0,3.816452022059939,5.825437850539036,3.9240000000000004,True,COLLISION with vehicle.ue4.audi.tt,0.0,0.0,0.0,freeze,latency,11840039,,0
baseline_d4f,baseline,4,60.0,0.85,20.0,20.0,False,vehicle.ue4.audi.tt,0.0,0.0,0.670785902381957,21.931076390864355,38.068923609135645,8.338499999999982,0.0,4.074296420803999,11.79884231501812,8.3385,True,COLLISION with vehicle.ue4.audi.tt,0.0,0.0,0.0,freeze,latency,11840040,,0
baseline_d4f,baseline,4,60.0,0.85,25.0,20.0,False,vehicle.ue4.audi.tt,0.0,0.0,0.9294034956742118,40.31578482073415,19.68421517926585,8.338499999999982,0.0,3.8808082766871443,8.455953702939368,8.3385,True,COLLISION with vehicle.ue4.audi.tt,0.0,0.0,0.0,freeze,latency,11840041,,0
baseline_d4f,baseline,4,60.0,0.85,30.0,20.0,False,vehicle.ue4.audi.tt,0.0,0.0,1.2479717187943842,44.48092409326576,15.519075906734239,8.338499999999982,0.0,3.8459273421346483,6.304709176506745,8.3385,True,COLLISION with vehicle.ue4.audi.tt,0.0,0.0,0.0,freeze,latency,11840042,,0
baseline_d4f,baseline,4,60.0,0.85,35.0,20.0,False,vehicle.ue4.audi.tt,0.0,0.0,1.382176137367073,44.57668114756354,15.423318852436461,8.3385,0.0,3.8372731344593376,5.720491285490351,8.3385,True,COLLISION with vehicle.ue4.audi.tt,0.0,0.0,0.0,freeze,latency,11840043,,0
baseline_d4f,baseline,4,60.0,0.85,40.0,20.0,False,vehicle.ue4.audi.tt,0.0,0.0,0.7521993952529648,39.41006090877532,20.58993909122468,8.338499999999982,0.0,3.83614515936668,10.877773157613753,8.3385,True,COLLISION with vehicle.ue4.audi.tt,0.0,0.0,0.0,freeze,latency,11840044,,0
baseline_d4f,baseline,4,60.0,0.4,20.0,20.0,False,vehicle.ue4.audi.tt,0.0,0.0,0.6707924490490013,13.886727777883927,46.11327222211607,3.9239999999999853,0.0,4.022405303361853,11.798708468874347,3.9240000000000004,True,COLLISION with vehicle.ue4.audi.tt,0.0,0.0,0.0,freeze,latency,11840045,,0
baseline_d4f,baseline,4,60.0,0.4,25.0,20.0,False,vehicle.ue4.audi.tt,0.0,0.0,0.9293932185274408,29.112624932995317,30.887375067004683,3.9239999999999853,0.0,3.8822681376294166,8.456025404959096,3.9240000000000004,True,COLLISION with vehicle.ue4.audi.tt,0.0,0.0,0.0,freeze,latency,11840046,,0
baseline_d4f,baseline,4,60.0,0.4,30.0,20.0,False,vehicle.ue4.audi.tt,0.0,0.0,1.24797716245846,35.479617373237765,24.520382626762235,3.9239999999999853,0.0,3.873092073818039,6.304676199433903,3.9240000000000004,True,COLLISION with vehicle.ue4.audi.tt,0.0,0.0,0.0,freeze,latency,11840047,,0
baseline_d4f,baseline,4,60.0,0.4,35.0,20.0,False,vehicle.ue4.audi.tt,0.0,0.0,1.3821652324328484,35.45967874072058,24.540321259279423,3.9239999999999853,0.0,3.8335531050985683,5.720524057053115,3.9240000000000004,True,COLLISION with vehicle.ue4.audi.tt,0.0,0.0,0.0,freeze,latency,11840048,,0
baseline_d4f,baseline,4,60.0,0.4,40.0,20.0,False,vehicle.ue4.audi.tt,0.0,0.0,0.7522046308202278,33.90273605306351,26.097263946936494,3.9239999999999853,0.0,3.8588018679811706,10.877695585767759,3.9240000000000004,True,COLLISION with vehicle.ue4.audi.tt,0.0,0.0,0.0,freeze,latency,11840049,,0
baseline_d8f,baseline,8,20.0,0.85,20.0,20.0,True,,1.719482972579268,3.659027209484476,1.1019022778215308,20.0,0.0,3.335400049701338,4.3580169677734375,5.3936651856443,2.4905924229170484,8.3385,True,AVOIDED,0.0,0.0,0.0,freeze,latency,11880000,,0
baseline_d8f,baseline,8,20.0,0.85,25.0,20.0,True,,1.9931857548109528,3.6578508659042104,1.1546205321726486,20.0,0.0,3.335400049701338,4.360359191894531,5.667371842750573,2.383266193579067,8.3385,True,AVOIDED,0.0,0.0,0.0,freeze,latency,11880001,,0
baseline_d8f,baseline,8,20.0,0.85,30.0,20.0,True,,1.9930491736277816,3.6579978674862454,1.1541059223554937,20.0,0.0,3.335400049701338,4.359958648681641,5.667231339117221,2.3833850196249022,8.3385,True,AVOIDED,0.0,0.0,0.0,freeze,latency,11880002,,0
baseline_d8f,baseline,8,20.0,0.85,35.0,20.0,True,,1.9931857548109528,3.6578508659042104,1.1546205321726486,20.0,0.0,3.335400049701338,4.360359191894531,5.667371842750573,2.383266193579067,8.3385,True,AVOIDED,0.0,0.0,0.0,freeze,latency,11880003,,0
baseline_d8f,baseline,8,20.0,0.85,40.0,20.0,True,,1.9930491641890669,3.6579978674862454,1.1541059207856839,20.0,0.0,3.335400049701338,4.359958648681641,5.667231329678354,2.383385021628045,8.3385,True,AVOIDED,0.0,0.0,0.0,freeze,latency,11880004,,0
baseline_d8f,baseline,8,20.0,0.4,20.0,20.0,False,vehicle.ue4.audi.tt,0.0,0.0,1.101925096401156,14.8558773612856,5.144122638714401,3.924000000000003,0.0,3.8183863562706324,2.490761681243327,3.9240000000000004,True,COLLISION with vehicle.ue4.audi.tt,0.0,0.0,0.0,freeze,latency,11880005,,0
baseline_d8f,baseline,8,20.0,0.4,25.0,20.0,False,vehicle.ue4.audi.tt,0.0,0.0,1.1541059223554937,15.145451415201752,4.8545485847982475,3.924000000000003,0.0,3.8165001814936717,2.3833850196249022,3.9240000000000004,True,COLLISION with vehicle.ue4.audi.tt,0.0,0.0,0.0,freeze,latency,11880006,,0
baseline_d8f,baseline,8,20.0,0.4,30.0,20.0,False,vehicle.ue4.audi.tt,0.0,0.0,1.2016081950188058,15.658010522623183,4.341989477376817,3.924000000000003,0.0,3.8150911457721115,2.284084094315199,3.9240000000000004,True,COLLISION with vehicle.ue4.audi.tt,0.0,0.0,0.0,freeze,latency,11880007,,0
baseline_d8f,baseline,8,20.0,0.4,35.0,20.0,False,vehicle.ue4.audi.tt,0.0,0.0,1.1541059223554937,15.145452225455948,4.854547774544051,3.924000000000003,0.0,3.8165001956318942,2.3833850196249022,3.9240000000000004,True,COLLISION with vehicle.ue4.audi.tt,0.0,0.0,0.0,freeze,latency,11880008,,0
baseline_d8f,baseline,8,20.0,0.4,40.0,20.0,False,vehicle.ue4.audi.tt,0.0,0.0,1.1546212236387472,15.15291370295072,4.847086297049279,3.924000000000003,0.0,3.8171775090506843,2.383264764580292,3.9240000000000004,True,COLLISION with vehicle.ue4.audi.tt,0.0,0.0,0.0,freeze,latency,11880009,,0
baseline_d8f,baseline,8,30.0,0.85,20.0,20.0,True,,0.7279240310714759,3.5300063466736593,1.19331188447078,30.0,0.0,8.3385,9.85879135131836,4.402056717657821,2.9455558936373873,8.3385,True,AVOIDED,0.0,0.0,0.0,freeze,latency,11880010,,0
baseline_d8f,baseline,8,30.0,0.85,25.0,20.0,False,vehicle.ue4.audi.tt,0.0,0.0,0.830085204978121,26.069480557535364,3.9305194424646355,8.3385,0.0,3.8069628768898665,4.984353453698729,8.3385,True,COLLISION with vehicle.ue4.audi.tt,0.0,0.0,0.0,freeze,latency,11880011,,0
baseline_d8f,baseline,8,30.0,0.85,30.0,20.0,True,,0.64845521698465,4.011624083735937,1.1791666726187273,30.0,0.0,8.3385,9.110931396484375,4.32258410165729,3.5057084517887698,8.3385,True,AVOIDED,0.0,0.0,0.0,freeze,latency,11880012,,0
baseline_d8f,baseline,8,30.0,0.85,35.0,20.0,True,,0.6488075949553407,4.0116549545799565,1.1779613658463144,30.0,0.0,8.3385,9.110485076904297,4.322936516387709,3.505647659319184,8.3385,True,AVOIDED,0.0,0.0,0.0,freeze,latency,11880013,,0
baseline_d8f,baseline,8,30.0,0.85,40.0,20.0,True,,0.6484590018936096,4.011624083735937,1.1791671319160235,30.0,0.0,8.3385,9.110931396484375,4.32258788656502,3.5057070839961653,8.3385,True,AVOIDED,0.0,0.0,0.0,freeze,latency,11880014,,0
baseline_d8f,baseline,8,30.0,0.4,20.0,20.0,False,vehicle.ue4.audi.tt,0.0,0.0,1.1923399179215783,20.531287681317217,9.468712318682782,3.924000000000003,0.0,3.835341865457427,2.9454913281121406,3.9240000000000004,True,COLLISION with vehicle.ue4.audi.tt,0.0,0.0,0.0,freeze,latency,11880015,,0
baseline_d8f,baseline,8,30.0,0.4,25.0,20.0,False,vehicle.ue4.audi.tt,0.0,0.0,0.8292035355852461,18.18388345221686,11.816116547783137,3.924000000000003,0.0,3.830058822822255,4.984520522013013,3.9240000000000004,True,COLLISION with vehicle.ue4.audi.tt,0.0,0.0,0.0,freeze,latency,11880016,,0
baseline_d8f,baseline,8,30.0,0.4,30.0,20.0,False,vehicle.ue4.audi.tt,0.0,0.0,1.177960906194868,19.67400497428065,10.32599502571935,3.924000000000003,0.0,3.830409931641645,3.505649028530888,3.9240000000000004,True,COLLISION with vehicle.ue4.audi.tt,0.0,0.0,0.0,freeze,latency,11880017,,0
baseline_d8f,baseline,8,30.0,0.4,35.0,20.0,False,vehicle.ue4.audi.tt,0.0,0.0,1.1791666726187273,19.70231065852493,10.297689341475069,3.924000000000003,0.0,3.8320265982757125,3.5057084517887698,3.9240000000000004,True,COLLISION with vehicle.ue4.audi.tt,0.0,0.0,0.0,freeze,latency,11880018,,0
baseline_d8f,baseline,8,30.0,0.4,40.0,20.0,False,vehicle.ue4.audi.tt,0.0,0.0,1.1779618254977557,19.673993504832453,10.326006495167546,3.924000000000003,0.0,3.8304098750738635,3.505646290108547,3.9240000000000004,True,COLLISION with vehicle.ue4.audi.tt,0.0,0.0,0.0,freeze,latency,11880019,,0
baseline_d8f,baseline,8,40.0,0.85,20.0,20.0,False,vehicle.ue4.audi.tt,0.0,0.0,0.8465473286584715,28.5862523630654,11.413747636934598,8.3385,0.0,3.831999959948252,5.835759219291766,8.3385,True,COLLISION with vehicle.ue4.audi.tt,0.0,0.0,0.0,freeze,latency,11880020,,0
baseline_d8f,baseline,8,40.0,0.85,25.0,20.0,False,vehicle.ue4.audi.tt,0.0,0.0,1.1890828802723903,33.52747175263684,6.4725282473631545,8.3385,0.0,3.8194651536285273,4.220317462383706,8.3385,True,COLLISION with vehicle.ue4.audi.tt,0.0,0.0,0.0,freeze,latency,11880021,,0
baseline_d8f,baseline,8,40.0,0.85,30.0,20.0,False,vehicle.ue4.audi.tt,0.0,0.0,0.6938928198789863,27.430712857681947,12.569287142318053,8.3385,0.0,3.8317829754227617,7.946080631357774,8.3385,True,COLLISION with vehicle.ue4.audi.tt,0.0,0.0,0.0,freeze,latency,11880022,,0
baseline_d8f,baseline,8,40.0,0.85,35.0,20.0,False,vehicle.ue4.audi.tt,0.0,0.0,1.193207636385998,32.909810817766406,7.090189182233595,8.3385,0.0,3.8225190569759544,4.620051729500684,8.3385,True,COLLISION with vehicle.ue4.audi.tt,0.0,0.0,0.0,freeze,latency,11880023,,0
baseline_d8f,baseline,8,40.0,0.85,40.0,20.0,False,vehicle.ue4.audi.tt,0.0,0.0,1.1933169971182431,32.89002424487905,7.109975755120952,8.3385,0.0,3.821031300286942,4.620174970565136,8.3385,True,COLLISION with vehicle.ue4.audi.tt,0.0,0.0,0.0,freeze,latency,11880024,,0
baseline_d8f,baseline,8,40.0,0.4,20.0,20.0,False,vehicle.ue4.audi.tt,0.0,0.0,0.8472841476221151,23.482869079481173,16.517130920518827,3.9239999999999853,0.0,3.8668342878282704,5.832591076227689,3.9240000000000004,True,COLLISION with vehicle.ue4.audi.tt,0.0,0.0,0.0,freeze,latency,11880025,,0
baseline_d8f,baseline,8,40.0,0.4,25.0,20.0,False,vehicle.ue4.audi.tt,0.0,0.0,1.188636760331378,24.619390984623326,15.380609015376674,3.9239999999999853,0.0,3.8290576587664202,4.221210493647665,3.9240000000000004,True,COLLISION with vehicle.ue4.audi.tt,0.0,0.0,0.0,freeze,latency,11880026,,0
baseline_d8f,baseline,8,40.0,0.4,30.0,20.0,False,vehicle.ue4.audi.tt,0.0,0.0,0.6938688232698693,22.52727326224122,17.47272673775878,3.9239999999999853,0.0,3.8400446883581028,7.945570645581175,3.9240000000000004,True,COLLISION with vehicle.ue4.audi.tt,0.0,0.0,0.0,freeze,latency,11880027,,0
baseline_d8f,baseline,8,40.0,0.4,35.0,20.0,False,vehicle.ue4.audi.tt,0.0,0.0,1.1933166528837025,24.643467470662024,15.356532529337976,3.9239999999999853,0.0,3.831940407046271,4.620176304937403,3.9240000000000004,True,COLLISION with vehicle.ue4.audi.tt,0.0,0.0,0.0,freeze,latency,11880028,,0
baseline_d8f,baseline,8,40.0,0.4,40.0,20.0,False,vehicle.ue4.audi.tt,0.0,0.0,1.193207980491294,24.61345145012834,15.386548549871659,3.9239999999999853,0.0,3.8329418918669083,4.6200503952980245,3.9240000000000004,True,COLLISION with vehicle.ue4.audi.tt,0.0,0.0,0.0,freeze,latency,11880029,,0
baseline_d8f,baseline,8,50.0,0.85,20.0,20.0,False,vehicle.ue4.audi.tt,0.0,0.0,0.6253682512850457,22.29260033882403,27.70739966117597,8.338500000000018,0.0,4.199702528742883,10.251885740694501,8.3385,True,COLLISION with vehicle.ue4.audi.tt,0.0,0.0,0.0,freeze,latency,11880030,,0
baseline_d8f,baseline,8,50.0,0.85,25.0,20.0,False,vehicle.ue4.audi.tt,0.0,0.0,0.9734497820679839,34.65726673668365,15.342733263316346,8.338500000000018,0.0,3.8372726200274565,6.59539469338905,8.3385,True,COLLISION with vehicle.ue4.audi.tt,0.0,0.0,0.0,freeze,latency,11880031,,0
baseline_d8f,baseline,8,50.0,0.85,30.0,20.0,False,vehicle.ue4.audi.tt,0.0,0.0,1.1969512072172945,37.58622885935149,12.413771140648503,8.338500000000018,0.0,3.8308320141366132,5.405628791044833,8.3385,True,COLLISION with vehicle.ue4.audi.tt,0.0,0.0,0.0,freeze,latency,11880032,,0
baseline_d8f,baseline,8,50.0,0.85,35.0,20.0,False,vehicle.ue4.audi.tt,0.0,0.0,0.6344502527545771,31.943324328194013,18.056675671805987,8.338499999999982,0.0,3.859971470738151,10.87866872900343,8.3385,True,COLLISION with vehicle.ue4.audi.tt,0.0,0.0,0.0,freeze,latency,11880033,,0
baseline_d8f,baseline,8,50.0,0.85,40.0,20.0,False,vehicle.ue4.audi.tt,0.0,0.0,0.984609701038447,34.62278901188474,15.377210988115257,8.3385,0.0,3.837655312445065,7.011545756049556,8.3385,True,COLLISION with vehicle.ue4.audi.tt,0.0,0.0,0.0,freeze,latency,11880034,,0
baseline_d8f,baseline,8,50.0,0.4,20.0,20.0,False,vehicle.ue4.audi.tt,0.0,0.0,0.6250680005363485,18.00589635617256,31.99410364382744,3.9239999999999853,0.0,4.099733599080673,10.256952469040067,3.9240000000000004,True,COLLISION with vehicle.ue4.audi.tt,0.0,0.0,0.0,freeze,latency,11880035,,0
baseline_d8f,baseline,8,50.0,0.4,25.0,20.0,False,vehicle.ue4.audi.tt,0.0,0.0,0.9733527292153142,27.49514072224716,22.50485927775284,3.9239999999999853,0.0,3.8245826674127517,6.594604035419896,3.9240000000000004,True,COLLISION with vehicle.ue4.audi.tt,0.0,0.0,0.0,freeze,latency,11880036,,0
baseline_d8f,baseline,8,50.0,0.4,30.0,20.0,False,vehicle.ue4.audi.tt,0.0,0.0,1.1961981615169985,28.355088707240352,21.644911292759648,3.9239999999999853,0.0,3.831402067702891,5.406225081435416,3.9240000000000004,True,COLLISION with vehicle.ue4.audi.tt,0.0,0.0,0.0,freeze,latency,11880037,,0
baseline_d8f,baseline,8,50.0,0.4,35.0,20.0,False,vehicle.ue4.audi.tt,0.0,0.0,0.634666224835417,27.77255501420905,22.22744498579095,3.9239999999999853,0.0,3.8532060651294846,10.878357967595285,3.9240000000000004,True,COLLISION with vehicle.ue4.audi.tt,0.0,0.0,0.0,freeze,latency,11880038,,0
baseline_d8f,baseline,8,50.0,0.4,40.0,20.0,False,vehicle.ue4.audi.tt,0.0,0.0,0.9849192753949823,27.58103229036764,22.41896770963236,3.9239999999999853,0.0,3.8233474281417066,7.011049355920836,3.9240000000000004,True,COLLISION with vehicle.ue4.audi.tt,0.0,0.0,0.0,freeze,latency,11880039,,0
baseline_d8f,baseline,8,60.0,0.85,20.0,20.0,False,vehicle.ue4.audi.tt,0.0,0.0,0.4734404456634141,11.491515149633472,48.50848485036653,8.338499999999982,0.0,3.966618690406907,16.794691266305477,8.3385,True,COLLISION with vehicle.ue4.audi.tt,0.0,0.0,0.0,freeze,latency,11880040,,0
baseline_d8f,baseline,8,60.0,0.85,25.0,20.0,False,vehicle.ue4.audi.tt,0.0,0.0,0.7293550259576411,31.86282104865506,28.13717895134494,8.338499999999982,0.0,3.9298183001358287,10.775465526881122,8.3385,True,COLLISION with vehicle.ue4.audi.tt,0.0,0.0,0.0,freeze,latency,11880041,,0
baseline_d8f,baseline,8,60.0,0.85,30.0,20.0,False,vehicle.ue4.audi.tt,0.0,0.0,1.0486823537284997,39.20406639168807,20.795933608311927,8.338499999999982,0.0,3.8338628451284333,7.5070174821796645,8.3385,True,COLLISION with vehicle.ue4.audi.tt,0.0,0.0,0.0,freeze,latency,11880042,,0
baseline_d8f,baseline,8,60.0,0.85,35.0,20.0,False,vehicle.ue4.audi.tt,0.0,0.0,1.1845467375829604,40.41715435844036,19.582845641559643,8.338499999999982,0.0,3.8244640815756954,6.687393073815277,8.3385,True,COLLISION with vehicle.ue4.audi.tt,0.0,0.0,0.0,freeze,latency,11880043,,0
baseline_d8f,baseline,8,60.0,0.85,40.0,20.0,False,vehicle.ue4.audi.tt,0.0,0.0,0.5614762872172506,35.899244928329665,24.10075507167033,8.338499999999982,0.0,3.8701038299316397,14.75901027524638,8.3385,True,COLLISION with vehicle.ue4.audi.tt,0.0,0.0,0.0,freeze,latency,11880044,,0
baseline_d8f,baseline,8,60.0,0.4,20.0,20.0,False,vehicle.ue4.audi.tt,0.0,0.0,0.47344627941578377,6.099586732126006,53.900413267873994,3.9239999999999853,0.0,3.7756497850950503,16.79444400415208,3.9240000000000004,True,COLLISION with vehicle.ue4.audi.tt,0.0,0.0,0.0,freeze,latency,11880045,,0
baseline_d8f,baseline,8,60.0,0.4,25.0,20.0,False,vehicle.ue4.audi.tt,0.0,0.0,0.7293443298138454,24.817458224149554,35.182541775850446,3.9239999999999853,0.0,3.9986916464861713,10.775579789032683,3.9240000000000004,True,COLLISION with vehicle.ue4.audi.tt,0.0,0.0,0.0,freeze,latency,11880046,,0
baseline_d8f,baseline,8,60.0,0.4,30.0,20.0,False,vehicle.ue4.audi.tt,0.0,0.0,1.0486896109855894,33.63774314586689,26.362256854133104,3.9239999999999853,0.0,3.821405159636074,7.506969123169081,3.9240000000000004,True,COLLISION with vehicle.ue4.audi.tt,0.0,0.0,0.0,freeze,latency,11880047,,0
baseline_d8f,baseline,8,60.0,0.4,35.0,20.0,False,vehicle.ue4.audi.tt,0.0,0.0,1.1845365800980276,33.9007191415172,26.0992808584828,3.9239999999999853,0.0,3.816170763599002,6.687433236075528,3.9240000000000004,True,COLLISION with vehicle.ue4.audi.tt,0.0,0.0,0.0,freeze,latency,11880048,,0
baseline_d8f,baseline,8,60.0,0.4,40.0,20.0,False,vehicle.ue4.audi.tt,0.0,0.0,0.5614789120630674,31.74848079838765,28.25151920161235,3.9239999999999853,0.0,3.8127810871926515,14.758877029427037,3.9240000000000004,True,COLLISION with vehicle.ue4.audi.tt,0.0,0.0,0.0,freeze,latency,11880049,,0
baseline_d16f,baseline,16,20.0,0.85,20.0,20.0,False,vehicle.ue4.audi.tt,0.0,0.0,0.7025054100472324,17.191086146708535,2.8089138532914646,8.3385,0.0,3.8039843309061148,3.907562494996117,8.3385,True,COLLISION with vehicle.ue4.audi.tt,0.0,0.0,0.0,freeze,latency,12350000,,0
baseline_d16f,baseline,16,20.0,0.85,25.0,20.0,False,vehicle.ue4.audi.tt,0.0,0.0,0.7543054709655203,17.988056395346003,2.011943604653996,8.3385,0.0,3.8080691877083646,3.6487255012595154,8.3385,True,COLLISION with vehicle.ue4.audi.tt,0.0,0.0,0.0,freeze,latency,12350001,,0
baseline_d16f,baseline,16,20.0,0.85,30.0,20.0,False,vehicle.ue4.audi.tt,0.0,0.0,0.7542676314233697,17.988557429662652,2.011442570337349,8.3385,0.0,3.807302090253151,3.648870419825737,8.3385,True,COLLISION with vehicle.ue4.audi.tt,0.0,0.0,0.0,freeze,latency,12350002,,0
baseline_d16f,baseline,16,20.0,0.85,35.0,20.0,False,vehicle.ue4.audi.tt,0.0,0.0,0.7543054709655203,17.98805575000557,2.01194424999443,8.3385,0.0,3.8080691877083646,3.6487255012595154,8.3385,True,COLLISION with vehicle.ue4.audi.tt,0.0,0.0,0.0,freeze,latency,12350003,,0
baseline_d16f,baseline,16,20.0,0.85,40.0,20.0,False,vehicle.ue4.audi.tt,0.0,0.0,0.7542676295399836,17.988549486170882,2.0114505138291165,8.3385,0.0,3.807302076171278,3.6488704258461184,8.3385,True,COLLISION with vehicle.ue4.audi.tt,0.0,0.0,0.0,freeze,latency,12350004,,0
baseline_d16f,baseline,16,20.0,0.4,20.0,20.0,False,vehicle.ue4.audi.tt,0.0,0.0,0.7025244145417238,11.781347814009672,8.218652185990328,1.5696000233888618,0.0,3.8227825894611662,3.9074616818910677,3.9240000000000004,True,COLLISION with vehicle.ue4.audi.tt,0.0,0.0,0.0,freeze,latency,12350005,,0
baseline_d16f,baseline,16,20.0,0.4,25.0,20.0,False,vehicle.ue4.audi.tt,0.0,0.0,0.7542676314233697,11.92062935188913,8.07937064811087,1.5696000233888618,0.0,3.821579154532092,3.648870419825737,3.9240000000000004,True,COLLISION with vehicle.ue4.audi.tt,0.0,0.0,0.0,freeze,latency,12350006,,0
baseline_d16f,baseline,16,20.0,0.4,30.0,20.0,False,vehicle.ue4.audi.tt,0.0,0.0,0.7543054709655203,11.90828848258695,8.09171151741305,1.5696000233888618,0.0,3.821982190092753,3.6487255012595154,3.9240000000000004,True,COLLISION with vehicle.ue4.audi.tt,0.0,0.0,0.0,freeze,latency,12350007,,0
baseline_d16f,baseline,16,20.0,0.4,35.0,20.0,False,vehicle.ue4.audi.tt,0.0,0.0,0.7542676314233697,11.920630295692842,8.079369704307158,1.5696000233888618,0.0,3.821579154532092,3.648870419825737,3.9240000000000004,True,COLLISION with vehicle.ue4.audi.tt,0.0,0.0,0.0,freeze,latency,12350008,,0
baseline_d16f,baseline,16,20.0,0.4,40.0,20.0,False,vehicle.ue4.audi.tt,0.0,0.0,0.7543061620557834,11.908285193994637,8.091714806005363,1.5696000233888618,0.0,3.821982175615929,3.648722153624726,3.9240000000000004,True,COLLISION with vehicle.ue4.audi.tt,0.0,0.0,0.0,freeze,latency,12350009,,0
baseline_d16f,baseline,16,30.0,0.85,20.0,20.0,False,vehicle.ue4.audi.tt,0.0,0.0,0.8127066160321467,21.68169750052762,8.318302499472383,8.3385,0.0,3.819253106427049,4.409754395272241,8.3385,True,COLLISION with vehicle.ue4.audi.tt,0.0,0.0,0.0,freeze,latency,12350010,,0
baseline_d16f,baseline,16,30.0,0.85,25.0,20.0,False,vehicle.ue4.audi.tt,0.0,0.0,0.42983653077876943,17.7500958217118,12.249904178288201,3.335400049701338,0.0,3.8396049813703765,9.627905691984303,8.3385,True,COLLISION with vehicle.ue4.audi.tt,0.0,0.0,0.0,freeze,latency,12350011,,0
baseline_d16f,baseline,16,30.0,0.85,30.0,20.0,False,vehicle.ue4.audi.tt,0.0,0.0,0.7792487672891447,20.57708644246623,9.422913557533771,3.335400049701338,0.0,3.8277050347086963,5.305347869072875,8.3385,True,COLLISION with vehicle.ue4.audi.tt,0.0,0.0,0.0,freeze,latency,12350012,,0
baseline_d16f,baseline,16,30.0,0.85,35.0,20.0,False,vehicle.ue4.audi.tt,0.0,0.0,0.7784639980820746,20.576054590654554,9.423945409345446,3.335400049701338,0.0,3.827805168672174,5.305281323157405,8.3385,True,COLLISION with vehicle.ue4.audi.tt,0.0,0.0,0.0,freeze,latency,12350013,,0
baseline_d16f,baseline,16,30.0,0.85,40.0,20.0,False,vehicle.ue4.audi.tt,0.0,0.0,0.7799117602727715,20.56085053645208,9.43914946354792,3.335400049701338,0.0,3.8267095867791996,5.3051037765804665,8.3385,True,COLLISION with vehicle.ue4.audi.tt,0.0,0.0,0.0,freeze,latency,12350014,,0
baseline_d16f,baseline,16,30.0,0.4,20.0,20.0,False,vehicle.ue4.audi.tt,0.0,0.0,0.8120113258684468,17.68702466838461,12.312975331615393,1.5696000233888796,0.0,3.8401109932349105,4.409670633924368,3.9240000000000004,True,COLLISION with vehicle.ue4.audi.tt,0.0,0.0,0.0,freeze,latency,12350015,,0
baseline_d16f,baseline,16,30.0,0.4,25.0,20.0,False,vehicle.ue4.audi.tt,0.0,0.0,0.4293603567540998,15.907924039992219,14.092075960007781,1.5696000233888796,0.0,3.8243965119760763,9.628668642560687,3.9240000000000004,True,COLLISION with vehicle.ue4.audi.tt,0.0,0.0,0.0,freeze,latency,12350016,,0
baseline_d16f,baseline,16,30.0,0.4,30.0,20.0,False,vehicle.ue4.audi.tt,0.0,0.0,0.7784635386846538,17.013908736715983,12.986091263284015,1.5696000233888796,0.0,3.8282590356649147,5.305284457571184,3.9240000000000004,True,COLLISION with vehicle.ue4.audi.tt,0.0,0.0,0.0,freeze,latency,12350017,,0
baseline_d16f,baseline,16,30.0,0.4,35.0,20.0,False,vehicle.ue4.audi.tt,0.0,0.0,0.7792487672891447,16.93735176541761,13.06264823458239,1.5696000233888796,0.0,3.8270507330781482,5.305347869072875,3.9240000000000004,True,COLLISION with vehicle.ue4.audi.tt,0.0,0.0,0.0,freeze,latency,12350018,,0
baseline_d16f,baseline,16,30.0,0.4,40.0,20.0,False,vehicle.ue4.audi.tt,0.0,0.0,0.7784644574794995,17.01371654924893,12.98628345075107,1.5696000233888796,0.0,3.828258993393489,5.305278188747319,3.9240000000000004,True,COLLISION with vehicle.ue4.audi.tt,0.0,0.0,0.0,freeze,latency,12350019,,0
baseline_d16f,baseline,16,40.0,0.85,20.0,20.0,False,vehicle.ue4.audi.tt,0.0,0.0,0.4479305315206853,22.121244863911297,17.878755136088703,3.3354000497013203,0.0,3.86778060263917,11.059799092056371,8.3385,True,COLLISION with vehicle.ue4.audi.tt,0.0,0.0,0.0,freeze,latency,12350020,,0
baseline_d16f,baseline,16,40.0,0.85,25.0,20.0,False,vehicle.ue4.audi.tt,0.0,0.0,0.8035819020026682,25.768519226669838,14.231480773330164,3.335400049701338,0.0,3.818707820916497,6.339541424609583,8.3385,True,COLLISION with vehicle.ue4.audi.tt,0.0,0.0,0.0,freeze,latency,12350021,,0
baseline_d16f,baseline,16,40.0,0.85,30.0,20.0,False,vehicle.ue4.audi.tt,0.0,0.0,0.29440590396716576,20.721742488538677,19.278257511461323,3.3354000497013203,0.0,3.82068426922515,18.7324823930438,8.3385,True,COLLISION with vehicle.ue4.audi.tt,0.0,0.0,0.0,freeze,latency,12350022,,0
baseline_d16f,baseline,16,40.0,0.85,35.0,20.0,False,vehicle.ue4.audi.tt,0.0,0.0,0.7937568453871874,25.388451854763964,14.611548145236034,3.335400049701338,0.0,3.840861234226475,6.945692636908872,8.3385,True,COLLISION with vehicle.ue4.audi.tt,0.0,0.0,0.0,freeze,latency,12350023,,0
baseline_d16f,baseline,16,40.0,0.85,40.0,20.0,False,vehicle.ue4.audi.tt,0.0,0.0,0.7937797187618392,25.38850068655906,14.611499313440941,3.335400049701338,0.0,3.8394840632551372,6.9460614815887265,8.3385,True,COLLISION with vehicle.ue4.audi.tt,0.0,0.0,0.0,freeze,latency,12350024,,0
baseline_d16f,baseline,16,40.0,0.4,20.0,20.0,False,vehicle.ue4.audi.tt,0.0,0.0,0.4485820775667415,20.502173885924417,19.497826114075583,1.5696000233888796,0.0,3.8834461399063307,11.046098964179254,3.9240000000000004,True,COLLISION with vehicle.ue4.audi.tt,0.0,0.0,0.0,freeze,latency,12350025,,0
baseline_d16f,baseline,16,40.0,0.4,25.0,20.0,False,vehicle.ue4.audi.tt,0.0,0.0,0.8033114387111857,21.963303794441455,18.036696205558545,1.5696000233888796,0.0,3.821198031021687,6.341631198643727,3.9240000000000004,True,COLLISION with vehicle.ue4.audi.tt,0.0,0.0,0.0,freeze,latency,12350026,,0
baseline_d16f,baseline,16,40.0,0.4,30.0,20.0,False,vehicle.ue4.audi.tt,0.0,0.0,0.29446985085140864,20.100773362906608,19.899226637093392,1.5696000233888796,0.0,3.8312735322409224,18.727844521750324,3.9240000000000004,True,COLLISION with vehicle.ue4.audi.tt,0.0,0.0,0.0,freeze,latency,12350027,,0
baseline_d16f,baseline,16,40.0,0.4,35.0,20.0,False,vehicle.ue4.audi.tt,0.0,0.0,0.7937793748020774,21.921841288103252,18.078158711896748,1.5696000233888796,0.0,3.8315389658739027,6.9460644958923865,3.9240000000000004,True,COLLISION with vehicle.ue4.audi.tt,0.0,0.0,0.0,freeze,latency,12350028,,0
baseline_d16f,baseline,16,40.0,0.4,40.0,20.0,False,vehicle.ue4.audi.tt,0.0,0.0,0.793757189185421,21.919550827935765,18.080449172064235,1.5696000233888796,0.0,3.8329163680887675,6.945689623389038,3.9240000000000004,True,COLLISION with vehicle.ue4.audi.tt,0.0,0.0,0.0,freeze,latency,12350029,,0
baseline_d16f,baseline,16,50.0,0.85,20.0,20.0,False,vehicle.ue4.audi.tt,0.0,0.0,0.22669526399734197,15.625554544111907,34.37444545588809,3.3354000497013203,0.0,4.271869411824882,28.372362016058158,8.3385,True,COLLISION with vehicle.ue4.audi.tt,0.0,0.0,0.0,freeze,latency,12350030,,0
baseline_d16f,baseline,16,50.0,0.85,25.0,20.0,False,vehicle.ue4.audi.tt,0.0,0.0,0.5756097698597218,28.494242971336515,21.505757028663485,3.3354000497013203,0.0,3.8406807587076135,11.188376339011723,8.3385,True,COLLISION with vehicle.ue4.audi.tt,0.0,0.0,0.0,freeze,latency,12350031,,0
baseline_d16f,baseline,16,50.0,0.85,30.0,20.0,False,vehicle.ue4.audi.tt,0.0,0.0,0.8064010699937431,30.094440057995833,19.905559942004167,3.3354000497013203,0.0,3.8123766665086376,8.100156675696082,8.3385,True,COLLISION with vehicle.ue4.audi.tt,0.0,0.0,0.0,freeze,latency,12350032,,0
baseline_d16f,baseline,16,50.0,0.85,35.0,20.0,False,vehicle.ue4.audi.tt,0.0,0.0,0.23466616973257784,25.857479652244365,24.142520347755635,3.3354000497013203,0.0,3.802851424170631,29.418464634282714,8.3385,True,COLLISION with vehicle.ue4.audi.tt,0.0,0.0,0.0,freeze,latency,12350033,,0
baseline_d16f,baseline,16,50.0,0.85,40.0,20.0,False,vehicle.ue4.audi.tt,0.0,0.0,0.5845995162108927,28.41858687679242,21.58141312320758,3.3354000497013203,0.0,3.8405282302340895,11.81016066178501,8.3385,True,COLLISION with vehicle.ue4.audi.tt,0.0,0.0,0.0,freeze,latency,12350034,,0
baseline_d16f,baseline,16,50.0,0.4,20.0,20.0,False,vehicle.ue4.audi.tt,0.0,0.0,0.22598779016200787,14.55178298822036,35.44821701177964,1.5696000233888796,0.0,4.2431187465738365,28.452899401008125,3.9240000000000004,True,COLLISION with vehicle.ue4.audi.tt,0.0,0.0,0.0,freeze,latency,12350035,,0
baseline_d16f,baseline,16,50.0,0.4,25.0,20.0,False,vehicle.ue4.audi.tt,0.0,0.0,0.575670512288383,25.265995852747047,24.734004147252953,1.5696000233888796,0.0,3.8238571728815263,11.184235974815952,3.9240000000000004,True,COLLISION with vehicle.ue4.audi.tt,0.0,0.0,0.0,freeze,latency,12350036,,0
baseline_d16f,baseline,16,50.0,0.4,30.0,20.0,False,vehicle.ue4.audi.tt,0.0,0.0,0.8059371179860344,26.98361439974709,23.01638560025291,1.5696000233888796,0.0,3.8181139225051326,8.10166068174783,3.9240000000000004,True,COLLISION with vehicle.ue4.audi.tt,0.0,0.0,0.0,freeze,latency,12350037,,0
baseline_d16f,baseline,16,50.0,0.4,35.0,20.0,False,vehicle.ue4.audi.tt,0.0,0.0,0.23479332001106124,25.123087647579194,24.876912352420806,1.5696000233888796,0.0,3.843127207188809,29.414404618179287,3.9240000000000004,True,COLLISION with vehicle.ue4.audi.tt,0.0,0.0,0.0,freeze,latency,12350038,,0
baseline_d16f,baseline,16,50.0,0.4,40.0,20.0,False,vehicle.ue4.audi.tt,0.0,0.0,0.5848504286887476,25.374432388908673,24.625567611091327,1.5696000233888796,0.0,3.8224325521611062,11.807799368793892,3.9240000000000004,True,COLLISION with vehicle.ue4.audi.tt,0.0,0.0,0.0,freeze,latency,12350039,,0
baseline_d16f,baseline,16,60.0,0.85,20.0,20.0,False,vehicle.ue4.audi.tt,0.0,0.0,0.08498224524755651,4.723899743471769,55.27610025652823,3.3354000497013203,0.0,3.6309968361788276,50.0,8.3385,True,COLLISION with vehicle.ue4.audi.tt,0.0,0.0,0.0,freeze,latency,12350040,,0
baseline_d16f,baseline,16,60.0,0.85,25.0,20.0,False,vehicle.ue4.audi.tt,0.0,0.0,0.3293659773653853,23.3125429206141,36.6874570793859,3.3354000497013203,0.0,3.923786307615227,23.867909699161363,8.3385,True,COLLISION with vehicle.ue4.audi.tt,0.0,0.0,0.0,freeze,latency,12350041,,0
baseline_d16f,baseline,16,60.0,0.85,30.0,20.0,False,vehicle.ue4.audi.tt,0.0,0.0,0.6509930728497563,34.14545296506154,25.854547034938467,3.3354000497013203,0.0,3.8717647795645496,12.124558411722308,8.3385,True,COLLISION with vehicle.ue4.audi.tt,0.0,0.0,0.0,freeze,latency,12350042,,0
baseline_d16f,baseline,16,60.0,0.85,35.0,20.0,False,vehicle.ue4.audi.tt,0.0,0.0,0.7918797772341574,34.71493736747963,25.285062632520372,3.3354000497013203,0.0,3.7901926174334744,10.079858932357185,8.3385,True,COLLISION with vehicle.ue4.audi.tt,0.0,0.0,0.0,freeze,latency,12350043,,0
baseline_d16f,baseline,16,60.0,0.85,40.0,20.0,False,vehicle.ue4.audi.tt,0.0,0.0,0.1617466739408334,31.0204279636981,28.9795720363019,3.3354000497013203,0.0,3.9092358870160466,50.0,8.3385,True,COLLISION with vehicle.ue4.audi.tt,0.0,0.0,0.0,freeze,latency,12350044,,0
baseline_d16f,baseline,16,60.0,0.4,20.0,20.0,False,vehicle.ue4.audi.tt,0.0,0.0,0.08498652604253443,4.176652927077775,55.823347072922225,1.569600023388844,0.0,3.6248082647195865,50.0,3.9240000000000004,True,COLLISION with vehicle.ue4.audi.tt,0.0,0.0,0.0,freeze,latency,12350045,,0
baseline_d16f,baseline,16,60.0,0.4,25.0,20.0,False,vehicle.ue4.audi.tt,0.0,0.0,0.3293398832098818,21.267478288298108,38.73252171170189,1.5696000233888796,0.0,3.9035764034227447,23.86853858917589,3.9240000000000004,True,COLLISION with vehicle.ue4.audi.tt,0.0,0.0,0.0,freeze,latency,12350046,,0
baseline_d16f,baseline,16,60.0,0.4,30.0,20.0,False,vehicle.ue4.audi.tt,0.0,0.0,0.6509979159057065,31.24714197280926,28.75285802719074,1.5696000233888796,0.0,3.84743373373092,12.124440880867857,3.9240000000000004,True,COLLISION with vehicle.ue4.audi.tt,0.0,0.0,0.0,freeze,latency,12350047,,0
baseline_d16f,baseline,16,60.0,0.4,35.0,20.0,False,vehicle.ue4.audi.tt,0.0,0.0,0.791871558668394,31.565913314209322,28.434086685790678,1.5696000233888796,0.0,3.7916563655879667,10.079945129476329,3.9240000000000004,True,COLLISION with vehicle.ue4.audi.tt,0.0,0.0,0.0,freeze,latency,12350048,,0
baseline_d16f,baseline,16,60.0,0.4,40.0,20.0,False,vehicle.ue4.audi.tt,0.0,0.0,0.1617513097184122,30.289794947404904,29.710205052595096,1.569600023388844,0.0,3.906090805551419,50.0,3.9240000000000004,True,COLLISION with vehicle.ue4.audi.tt,0.0,0.0,0.0,freeze,latency,12350049,,0
proposed_d0f,proposed,0,20.0,0.85,20.0,20.0,True,,3.9212336866446513,3.65837067446903,1.3394593668191859,20.0,0.0,3.335400049701338,4.358844757080078,7.595415864059919,1.8043026374285156,8.3385,True,AVOIDED,0.0,0.0,0.0,freeze,latency,12210000,,0
proposed_d0f,proposed,0,20.0,0.85,25.0,20.0,True,,4.195510218845238,3.657861365625391,1.5551013235364857,20.0,0.0,3.335400049701338,4.360408782958984,7.869696242314734,1.7694600564205454,8.3385,True,AVOIDED,0.0,0.0,0.0,freeze,latency,12210001,,0
proposed_d0f,proposed,0,20.0,0.85,30.0,20.0,True,,4.195523935893825,3.6579558658285976,1.555066672630608,20.0,0.0,3.335400049701338,4.360206604003906,7.869709915739904,1.7694374691448977,8.3385,True,AVOIDED,0.0,0.0,0.0,freeze,latency,12210002,,0
proposed_d0f,proposed,0,20.0,0.85,35.0,20.0,True,,4.195510218845238,3.657861365625391,1.5551013235364857,20.0,0.0,3.335400049701338,4.360408782958984,7.869696242314734,1.7694600564205454,8.3385,True,AVOIDED,0.0,0.0,0.0,freeze,latency,12210003,,0
proposed_d0f,proposed,0,20.0,0.85,40.0,20.0,True,,4.195523929089964,3.6579558658285976,1.5550666712901509,20.0,0.0,3.335400049701338,4.360206604003906,7.869709908935939,1.7694374700495903,8.3385,True,AVOIDED,0.0,0.0,0.0,freeze,latency,12210004,,0
proposed_d0f,proposed,0,20.0,0.4,20.0,20.0,True,,3.2186599995222407,4.18864382576048,1.3386192833366588,20.0,0.0,3.924000000000003,5.0617828369140625,6.892964186820062,1.8044232680391243,3.9240000000000004,True,AVOIDED,0.0,0.0,0.0,freeze,latency,12210005,,0
proposed_d0f,proposed,0,20.0,0.4,25.0,20.0,True,,3.0510869704970087,2.8649918075643197,1.7555189743116142,20.0,0.0,3.924000000000003,6.606849670410156,6.72539115779483,1.567409144788136,3.9240000000000004,True,AVOIDED,0.0,0.0,0.0,freeze,latency,12210006,,0
proposed_d0f,proposed,0,20.0,0.4,30.0,20.0,True,,3.0504246821256995,2.864544209449814,1.7552582695695933,20.0,0.0,3.924000000000003,6.607891082763672,6.7247288694235205,1.5675922931020374,3.9240000000000004,True,AVOIDED,0.0,0.0,0.0,freeze,latency,12210007,,0
proposed_d0f,proposed,0,20.0,0.4,35.0,20.0,True,,3.0510869704970087,2.8649918075643197,1.7555189743116142,20.0,0.0,3.924000000000003,6.606849670410156,6.72539115779483,1.567409144788136,3.9240000000000004,True,AVOIDED,0.0,0.0,0.0,freeze,latency,12210008,,0
proposed_d0f,proposed,0,20.0,0.4,40.0,20.0,True,,3.0504284864370392,2.864544209449814,1.7552589614681762,20.0,0.0,3.924000000000003,6.607891082763672,6.72473267373486,1.567591674573954,3.9240000000000004,True,AVOIDED,0.0,0.0,0.0,freeze,latency,12210009,,0
proposed_d0f,proposed,0,30.0,0.85,20.0,20.0,True,,3.9326650882441907,3.501718372541213,1.589240310269733,30.0,0.0,3.335400049701338,9.961448669433594,7.606969275542012,2.203696841912894,8.3385,True,AVOIDED,0.0,0.0,0.0,freeze,latency,12210010,,0
proposed_d0f,proposed,0,30.0,0.85,25.0,20.0,True,,1.4732212832962626,4.331886701944831,1.1535649608842213,30.0,0.0,8.3385,8.699321746826172,5.147472094913993,3.3316057713605907,8.3385,True,AVOIDED,0.0,0.0,0.0,freeze,latency,12210011,,0
proposed_d0f,proposed,0,30.0,0.85,30.0,20.0,True,,3.1056197352822723,3.501718372541213,1.5791092051880642,30.0,0.0,3.335400049701338,9.961444854736328,6.779923922580093,2.6176888670134737,8.3385,True,AVOIDED,0.0,0.0,0.0,freeze,latency,12210012,,0
proposed_d0f,proposed,0,30.0,0.85,35.0,20.0,True,,3.106171173581699,3.5020199028370245,1.5775132192311272,30.0,0.0,3.335400049701338,9.960845947265625,6.78047536087952,2.6176375743156006,8.3385,True,AVOIDED,0.0,0.0,0.0,freeze,latency,12210013,,0
proposed_d0f,proposed,0,30.0,0.85,40.0,20.0,True,,3.105623532213931,3.501718372541213,1.5791096647943068,30.0,0.0,3.335400049701338,9.961444854736328,6.779927719511752,2.6176881040457913,8.3385,True,AVOIDED,0.0,0.0,0.0,freeze,latency,12210014,,0
proposed_d0f,proposed,0,30.0,0.4,20.0,20.0,True,,3.3330810557766055,4.153430070938013,1.587975167140971,30.0,0.0,3.924000000000003,10.561279296875,7.007385243074427,2.2036449020803137,3.9240000000000004,True,AVOIDED,0.0,0.0,0.0,freeze,latency,12210015,,0
proposed_d0f,proposed,0,30.0,0.4,25.0,20.0,True,,1.735646644075321,4.020213237314848,1.1524483666416514,30.0,0.0,3.924000000000003,8.436286926269531,5.409950831373142,3.3316693273856473,3.9240000000000004,True,AVOIDED,0.0,0.0,0.0,freeze,latency,12210016,,0
proposed_d0f,proposed,0,30.0,0.4,30.0,20.0,True,,2.8515099356190996,4.2007117416867015,1.7492078572231318,30.0,0.0,3.924000000000003,12.284679412841797,6.525814122916921,2.252335098594417,3.9240000000000004,True,AVOIDED,0.0,0.0,0.0,freeze,latency,12210017,,0
proposed_d0f,proposed,0,30.0,0.4,35.0,20.0,True,,2.651828845430469,4.154089000255718,1.7290123609883672,30.0,0.0,3.924000000000003,11.65677261352539,6.32613303272829,2.3901463996959005,3.9240000000000004,True,AVOIDED,0.0,0.0,0.0,freeze,latency,12210018,,0
proposed_d0f,proposed,0,30.0,0.4,40.0,20.0,True,,2.651711591415202,4.153947568581715,1.7308080242482524,30.0,0.0,3.924000000000003,11.657157897949219,6.326015778713023,2.390125282715792,3.9240000000000004,True,AVOIDED,0.0,0.0,0.0,freeze,latency,12210019,,0
proposed_d0f,proposed,0,40.0,0.85,20.0,20.0,True,,1.4112985349541418,6.547570622823611,1.2511492783422866,40.0,0.0,8.3385,12.330005645751953,5.0853593058364766,3.961490876976411,8.3385,True,AVOIDED,0.0,0.0,0.0,freeze,latency,12210020,,0
proposed_d0f,proposed,0,40.0,0.85,25.0,20.0,True,,1.4176998844259536,3.76538043473354,1.5806811107489096,40.0,0.0,8.3385,16.740442276000977,5.091802032137474,3.1546168343696994,8.3385,True,AVOIDED,0.0,0.0,0.0,freeze,latency,12210021,,0
proposed_d0f,proposed,0,40.0,0.85,30.0,20.0,True,,0.7296843913079281,7.866816028342706,1.0491368030451966,40.0,0.0,8.338500000000018,11.355693817138672,4.403767487520606,5.008331380756813,8.3385,True,AVOIDED,0.0,0.0,0.0,freeze,latency,12210022,,0
proposed_d0f,proposed,0,40.0,0.85,35.0,20.0,True,,1.5823564393882137,4.037112762822045,1.5394874871753652,40.0,0.0,8.3385,16.023054122924805,5.256443362897178,3.448934301588219,8.3385,True,AVOIDED,0.0,0.0,0.0,freeze,latency,12210023,,0
proposed_d0f,proposed,0,40.0,0.85,40.0,20.0,True,,1.5812645941922856,4.037136743979588,1.5928784294129137,40.0,0.0,8.3385,16.023218154907227,5.255408709153902,3.4611625695600736,8.3385,True,AVOIDED,0.0,0.0,0.0,freeze,latency,12210024,,0
proposed_d0f,proposed,0,40.0,0.4,20.0,20.0,False,vehicle.ue4.audi.tt,0.0,0.0,1.2505893656561895,33.2509324023686,6.749067597631403,3.924000000000003,0.0,3.8195473694503264,3.961428079871577,3.9240000000000004,True,COLLISION with vehicle.ue4.audi.tt,0.0,0.0,0.0,freeze,latency,12210025,,0
proposed_d0f,proposed,0,40.0,0.4,25.0,20.0,True,,0.6542422750209926,4.102078217773488,1.6838269796147827,40.0,0.0,3.924000000000003,18.60747528076172,4.32840932348464,2.9670315408161603,3.9240000000000004,True,AVOIDED,0.0,0.0,0.0,freeze,latency,12210026,,0
proposed_d0f,proposed,0,40.0,0.4,30.0,20.0,False,vehicle.ue4.audi.tt,0.0,0.0,1.0500163618674268,30.840581747880343,9.159418252119657,3.924000000000003,0.0,3.834334862706747,5.00775410400638,3.9240000000000004,True,COLLISION with vehicle.ue4.audi.tt,0.0,0.0,0.0,freeze,latency,12210027,,0
proposed_d0f,proposed,0,40.0,0.4,35.0,20.0,False,vehicle.ue4.audi.tt,0.0,0.0,1.5397127114380706,35.940346526438475,4.059653473561529,3.924000000000003,0.0,3.813987723645099,3.4490762113198645,3.9240000000000004,True,COLLISION with vehicle.ue4.audi.tt,0.0,0.0,0.0,freeze,latency,12210028,,0
proposed_d0f,proposed,0,40.0,0.4,40.0,20.0,False,vehicle.ue4.audi.tt,0.0,4.068938290684394,1.7466100848713002,38.76105602077197,1.2389439792280303,3.924000000000003,0.0,3.8095854684620067,3.162570608903506,3.9240000000000004,True,COLLISION with vehicle.ue4.audi.tt,0.0,0.0,0.0,freeze,latency,12210029,,0
proposed_d0f,proposed,0,50.0,0.85,20.0,20.0,False,vehicle.ue4.audi.tt,0.0,0.0,1.0283507624270962,40.21925492040715,9.780745079592844,8.3385,0.0,3.821803534183559,6.251445427884491,8.3385,True,COLLISION with vehicle.ue4.audi.tt,0.0,0.0,0.0,freeze,latency,12210030,,0
proposed_d0f,proposed,0,50.0,0.85,25.0,20.0,True,,0.25844992026364544,6.805111960610857,1.3761703297458985,50.0,0.0,8.338500000000018,18.85797691345215,3.932616992230024,4.67326940838413,8.3385,True,AVOIDED,0.0,0.0,0.0,freeze,latency,12210031,,0
proposed_d0f,proposed,0,50.0,0.85,30.0,20.0,True,,0.936152335654441,0.0,1.5914886549580785,50.0,0.0,8.338500000000018,21.630718231201172,4.610235539880017,4.049783573080824,8.3385,True,AVOIDED,0.0,0.0,0.0,freeze,latency,12210032,,0
proposed_d0f,proposed,0,50.0,0.85,35.0,20.0,False,vehicle.ue4.audi.tt,0.0,0.0,1.0049640659373305,41.66213717885746,8.337862821142533,8.338500000000018,0.0,3.819370655569132,6.639201261619354,8.3385,True,COLLISION with vehicle.ue4.audi.tt,0.0,0.0,0.0,freeze,latency,12210033,,0
proposed_d0f,proposed,0,50.0,0.85,40.0,20.0,False,vehicle.ue4.audi.tt,0.0,6.6319939582979135,1.3507387427231656,46.86250154596955,3.1374984540304514,8.338500000000018,0.0,3.8094106452592396,4.970826623211005,8.3385,True,COLLISION with vehicle.ue4.audi.tt,0.0,0.0,0.0,freeze,latency,12210034,,0
proposed_d0f,proposed,0,50.0,0.4,20.0,20.0,False,vehicle.ue4.audi.tt,0.0,0.0,1.0283319502056603,29.737728761723424,20.262271238276576,3.9239999999999853,0.0,3.9300470585077147,6.252701120937561,3.9240000000000004,True,COLLISION with vehicle.ue4.audi.tt,0.0,0.0,0.0,freeze,latency,12210035,,0
proposed_d0f,proposed,0,50.0,0.4,25.0,20.0,False,vehicle.ue4.audi.tt,0.0,0.0,1.3758346436684956,38.277805660868836,11.722194339131166,3.924000000000003,0.0,3.8306275281397872,4.67320867168864,3.9240000000000004,True,COLLISION with vehicle.ue4.audi.tt,0.0,0.0,0.0,freeze,latency,12210036,,0
proposed_d0f,proposed,0,50.0,0.4,30.0,20.0,False,vehicle.ue4.audi.tt,0.0,0.0,1.693193044708282,40.26723433992974,9.732765660070253,3.924000000000003,0.0,3.8350195311308455,3.810387753672799,3.9240000000000004,True,COLLISION with vehicle.ue4.audi.tt,0.0,0.0,0.0,freeze,latency,12210037,,0
proposed_d0f,proposed,0,50.0,0.4,35.0,20.0,False,vehicle.ue4.audi.tt,0.0,0.0,1.8680985585458059,41.21555843884309,8.784441561156912,3.924000000000003,0.0,3.8246420651867927,3.4749540424911953,3.9240000000000004,True,COLLISION with vehicle.ue4.audi.tt,0.0,0.0,0.0,freeze,latency,12210038,,0
proposed_d0f,proposed,0,50.0,0.4,40.0,20.0,False,vehicle.ue4.audi.tt,0.0,0.0,1.35124442383934,38.60190136028814,11.398098639711865,3.924000000000003,0.0,3.835937206855776,4.970579322990501,3.9240000000000004,True,COLLISION with vehicle.ue4.audi.tt,0.0,0.0,0.0,freeze,latency,12210039,,0
proposed_d0f,proposed,0,60.0,0.85,20.0,20.0,False,vehicle.ue4.audi.tt,0.0,0.0,0.8715222210920067,39.745355904858265,20.254644095141735,8.3385,0.0,4.090407565210569,9.086393451542861,8.3385,True,COLLISION with vehicle.ue4.audi.tt,0.0,0.0,0.0,freeze,latency,12210040,,0
proposed_d0f,proposed,0,60.0,0.85,25.0,20.0,False,vehicle.ue4.audi.tt,0.0,0.0,1.132043526121545,49.767400292234036,10.232599707765965,8.3385,0.0,3.8264345069233157,6.958616310030037,8.3385,True,COLLISION with vehicle.ue4.audi.tt,0.0,0.0,0.0,freeze,latency,12210041,,0
proposed_d0f,proposed,0,60.0,0.85,30.0,20.0,False,vehicle.ue4.audi.tt,0.0,0.0,1.450181401363242,51.995715916305194,8.004284083694804,8.3385,0.0,3.830084185564274,5.434061926855033,8.3385,True,COLLISION with vehicle.ue4.audi.tt,0.0,0.0,0.0,freeze,latency,12210042,,0
proposed_d0f,proposed,0,60.0,0.85,35.0,20.0,False,vehicle.ue4.audi.tt,0.0,0.0,1.5803770947163107,53.007566674699476,6.992433325300527,8.3385,0.0,3.8212801821063955,4.997044622014167,8.3385,True,COLLISION with vehicle.ue4.audi.tt,0.0,0.0,0.0,freeze,latency,12210043,,0
proposed_d0f,proposed,0,60.0,0.85,40.0,20.0,False,vehicle.ue4.audi.tt,0.0,0.0,0.9409190833451215,48.93927517079479,11.060724829205212,8.3385,0.0,3.8329056144586673,8.58376355436793,8.3385,True,COLLISION with vehicle.ue4.audi.tt,0.0,0.0,0.0,freeze,latency,12210044,,0
proposed_d0f,proposed,0,60.0,0.4,20.0,20.0,False,vehicle.ue4.audi.tt,0.0,0.0,0.8715254526935651,23.42066973115253,36.57933026884747,3.924000000000021,0.0,4.306487111253795,9.086313642403866,3.9240000000000004,True,COLLISION with vehicle.ue4.audi.tt,0.0,0.0,0.0,freeze,latency,12210045,,0
proposed_d0f,proposed,0,60.0,0.4,25.0,20.0,False,vehicle.ue4.audi.tt,0.0,0.0,1.1320984504324096,38.97266202140629,21.027337978593703,3.924000000000021,0.0,3.8361552806586485,6.958298042137608,3.9240000000000004,True,COLLISION with vehicle.ue4.audi.tt,0.0,0.0,0.0,freeze,latency,12210046,,0
proposed_d0f,proposed,0,60.0,0.4,30.0,20.0,False,vehicle.ue4.audi.tt,0.0,0.0,1.450180316163522,43.5424292271081,16.4575707728919,3.924000000000021,0.0,3.8264777487467945,5.434038122471865,3.9240000000000004,True,COLLISION with vehicle.ue4.audi.tt,0.0,0.0,0.0,freeze,latency,12210047,,0
proposed_d0f,proposed,0,60.0,0.4,35.0,20.0,False,vehicle.ue4.audi.tt,0.0,0.0,1.7309820417473594,45.117463337036234,14.882536662963764,3.924000000000003,0.0,3.842477448719962,4.564112807088881,3.9240000000000004,True,COLLISION with vehicle.ue4.audi.tt,0.0,0.0,0.0,freeze,latency,12210048,,0
proposed_d0f,proposed,0,60.0,0.4,40.0,20.0,False,vehicle.ue4.audi.tt,0.0,0.0,1.9655379048670716,45.622667065866615,14.377332934133383,3.924000000000003,0.0,3.8292173463962382,4.029359424110933,3.9240000000000004,True,COLLISION with vehicle.ue4.audi.tt,0.0,0.0,0.0,freeze,latency,12210049,,0
proposed_d4f,proposed,4,20.0,0.85,20.0,20.0,True,,2.8197950277680324,3.6582446467056164,1.230964686391843,20.0,0.0,3.335400049701338,4.359035491943359,6.493977226081519,2.1056815446437582,8.3385,True,AVOIDED,0.0,0.0,0.0,freeze,latency,12250000,,0
proposed_d4f,proposed,4,20.0,0.85,25.0,20.0,True,,3.094465319605292,3.658165883762774,1.3548854287098249,20.0,0.0,3.335400049701338,4.360008239746094,6.768651278773532,2.0309369092529024,8.3385,True,AVOIDED,0.0,0.0,0.0,freeze,latency,12250001,,0
proposed_d4f,proposed,4,20.0,0.85,30.0,20.0,True,,3.0936656136835836,3.6574361751269278,1.3546014050473771,20.0,0.0,3.335400049701338,4.360797882080078,6.76785161844697,2.0312117774734317,8.3385,True,AVOIDED,0.0,0.0,0.0,freeze,latency,12250002,,0
proposed_d4f,proposed,4,20.0,0.85,35.0,20.0,True,,3.094465319605292,3.658165883762774,1.3548854287098249,20.0,0.0,3.335400049701338,4.360008239746094,6.768651278773532,2.0309369092529024,8.3385,True,AVOIDED,0.0,0.0,0.0,freeze,latency,12250003,,0
proposed_d4f,proposed,4,20.0,0.85,40.0,20.0,True,,3.369940779200557,0.0,1.4014447371663974,20.0,0.0,3.335400049701338,4.358268737792969,7.044122950691597,1.9583332186079756,8.3385,True,AVOIDED,0.0,0.0,0.0,freeze,latency,12250004,,0
proposed_d4f,proposed,4,20.0,0.4,20.0,20.0,True,,3.0118281548273815,0.0,1.2309115887923647,20.0,0.0,3.924000000000003,4.16583251953125,6.685998903400638,2.1058526535973083,3.9240000000000004,True,AVOIDED,0.0,0.0,0.0,freeze,latency,12250005,,0
proposed_d4f,proposed,4,20.0,0.4,25.0,20.0,True,,2.6790803058127226,3.6339532295821435,1.555066672630608,20.0,0.0,3.924000000000003,5.8773956298828125,6.353338703174949,1.7694374691448977,3.9240000000000004,True,AVOIDED,0.0,0.0,0.0,freeze,latency,12250006,,0
proposed_d4f,proposed,4,20.0,0.4,30.0,20.0,True,,2.6791534878356194,3.6338910529754447,1.5551013235364857,20.0,0.0,3.924000000000003,5.877601623535156,6.35340816847399,1.7694600564205454,3.9240000000000004,True,AVOIDED,0.0,0.0,0.0,freeze,latency,12250007,,0
proposed_d4f,proposed,4,20.0,0.4,35.0,20.0,True,,2.6790803058127226,3.6339532295821435,1.555066672630608,20.0,0.0,3.924000000000003,5.8773956298828125,6.353338703174949,1.7694374691448977,3.9240000000000004,True,AVOIDED,0.0,0.0,0.0,freeze,latency,12250008,,0
proposed_d4f,proposed,4,20.0,0.4,40.0,20.0,True,,2.679157291388327,3.6338910529754447,1.5551020153361288,20.0,0.0,3.924000000000003,5.877601623535156,6.353411972026506,1.769459268433238,3.9240000000000004,True,AVOIDED,0.0,0.0,0.0,freeze,latency,12250009,,0
proposed_d4f,proposed,4,30.0,0.85,20.0,20.0,True,,2.2786862925824156,3.5017205108711247,1.386586777033567,30.0,0.0,3.335400049701338,9.961441040039062,5.952990479880237,2.5219791753638003,8.3385,True,AVOIDED,0.0,0.0,0.0,freeze,latency,12250010,,0
proposed_d4f,proposed,4,30.0,0.85,25.0,20.0,True,,0.8739785662553716,5.478221908875266,0.9968238849737138,30.0,0.0,8.3385,7.644313812255859,4.548282753553193,4.011684722312797,8.3385,True,AVOIDED,0.0,0.0,0.0,freeze,latency,12250011,,0
proposed_d4f,proposed,4,30.0,0.85,30.0,20.0,True,,1.4519134982662774,3.501718372541213,1.379147874817109,30.0,0.0,3.335400049701338,9.961444854736328,5.126217685564098,2.9973121995519163,8.3385,True,AVOIDED,0.0,0.0,0.0,freeze,latency,12250012,,0
proposed_d4f,proposed,4,30.0,0.85,35.0,20.0,True,,1.4523908694130965,3.5019685748641662,1.3777267891960814,30.0,0.0,3.335400049701338,9.960929870605469,5.1266950567109175,2.997258042350015,8.3385,True,AVOIDED,0.0,0.0,0.0,freeze,latency,12250013,,0
proposed_d4f,proposed,4,30.0,0.85,40.0,20.0,True,,1.451917288575161,3.501718372541213,1.37914833428774,30.0,0.0,3.335400049701338,9.961444854736328,5.126221475872982,2.997311199448075,8.3385,True,AVOIDED,0.0,0.0,0.0,freeze,latency,12250014,,0
proposed_d4f,proposed,4,30.0,0.4,20.0,20.0,True,,1.9064896349808818,4.0628730741844175,1.3854859055946107,30.0,0.0,3.924000000000003,10.333919525146484,5.58066047481574,2.5219207960661274,3.9240000000000004,True,AVOIDED,0.0,0.0,0.0,freeze,latency,12250015,,0
proposed_d4f,proposed,4,30.0,0.4,25.0,20.0,False,vehicle.ue4.audi.tt,0.0,4.020244240493949,0.9958098029143205,29.165185552790476,0.834814447209526,3.924000000000003,0.0,3.8094543444280373,4.011785511957171,3.9240000000000004,True,COLLISION with vehicle.ue4.audi.tt,0.0,0.0,0.0,freeze,latency,12250016,,0
proposed_d4f,proposed,4,30.0,0.4,30.0,20.0,True,,1.6117519929570108,0.0,1.6032054725664173,30.0,0.0,3.924000000000003,11.869022369384766,5.286056180254832,2.537499913739746,3.9240000000000004,True,AVOIDED,0.0,0.0,0.0,freeze,latency,12250017,,0
proposed_d4f,proposed,4,30.0,0.4,35.0,20.0,True,,1.4318759384761695,4.200585579679198,1.5290434514754159,30.0,0.0,3.924000000000003,11.222709655761719,5.1061801257739905,2.7027740850486635,3.9240000000000004,True,AVOIDED,0.0,0.0,0.0,freeze,latency,12250018,,0
proposed_d4f,proposed,4,30.0,0.4,40.0,20.0,True,,1.4319704235926656,4.2007117416867015,1.5306365453005986,30.0,0.0,3.924000000000003,11.222957611083984,5.106274610890487,2.7027411662969474,3.9240000000000004,True,AVOIDED,0.0,0.0,0.0,freeze,latency,12250019,,0
proposed_d4f,proposed,4,40.0,0.85,20.0,20.0,False,vehicle.ue4.audi.tt,0.0,7.678197637368214,1.0462383641244073,36.77051650272742,3.2294834972725854,8.3385,0.0,3.8036852333555773,4.719482259463617,8.3385,True,COLLISION with vehicle.ue4.audi.tt,0.0,0.0,0.0,freeze,latency,12250020,,0
proposed_d4f,proposed,4,40.0,0.85,25.0,20.0,True,,0.8280070080298447,4.460423141848081,1.3842434728800794,40.0,0.0,8.3385,15.12289047241211,4.5021320515047325,3.61134080118464,8.3385,True,AVOIDED,0.0,0.0,0.0,freeze,latency,12250021,,0
proposed_d4f,proposed,4,40.0,0.85,30.0,20.0,False,vehicle.ue4.audi.tt,0.0,0.0,0.8744985452733318,33.212481445345354,6.787518554654646,8.338500000000018,0.0,3.821404023969327,6.164842930542527,8.3385,True,COLLISION with vehicle.ue4.audi.tt,0.0,0.0,0.0,freeze,latency,12250022,,0
proposed_d4f,proposed,4,40.0,0.85,35.0,20.0,True,,0.6146643778400014,4.635618013604658,1.3702009551277832,40.0,0.0,8.3385,14.78390884399414,4.288968565137822,3.95599612425383,8.3385,True,AVOIDED,0.0,0.0,0.0,freeze,latency,12250023,,0
proposed_d4f,proposed,4,40.0,0.85,40.0,20.0,True,,0.6131345522320499,4.635478896436476,1.3930959880353544,40.0,0.0,8.3385,14.78424072265625,4.287438739529871,3.957559777004735,8.3385,True,AVOIDED,0.0,0.0,0.0,freeze,latency,12250024,,0
proposed_d4f,proposed,4,40.0,0.4,20.0,20.0,False,vehicle.ue4.audi.tt,0.0,0.0,1.046964954574268,29.402615634387985,10.597384365612015,3.924000000000003,0.0,3.824436355858704,4.717663290954602,3.9240000000000004,True,COLLISION with vehicle.ue4.audi.tt,0.0,0.0,0.0,freeze,latency,12250025,,0
proposed_d4f,proposed,4,40.0,0.4,25.0,20.0,False,vehicle.ue4.audi.tt,0.0,0.0,1.4817608612526953,33.496190833817025,6.503809166182974,3.924000000000003,0.0,3.8196483064313367,3.3682021659632118,3.9240000000000004,True,COLLISION with vehicle.ue4.audi.tt,0.0,0.0,0.0,freeze,latency,12250026,,0
proposed_d4f,proposed,4,40.0,0.4,30.0,20.0,False,vehicle.ue4.audi.tt,0.0,0.0,0.8741254791468105,27.636276486771663,12.363723513228335,3.924000000000003,0.0,3.8311351026307916,6.16441549612598,3.9240000000000004,True,COLLISION with vehicle.ue4.audi.tt,0.0,0.0,0.0,freeze,latency,12250027,,0
proposed_d4f,proposed,4,40.0,0.4,35.0,20.0,False,vehicle.ue4.audi.tt,0.0,0.0,1.3705769838972317,31.745422314419418,8.254577685580582,3.924000000000003,0.0,3.8216153753580056,3.9561096411572114,3.9240000000000004,True,COLLISION with vehicle.ue4.audi.tt,0.0,0.0,0.0,freeze,latency,12250028,,0
proposed_d4f,proposed,4,40.0,0.4,40.0,20.0,False,vehicle.ue4.audi.tt,0.0,0.0,1.5463949261776495,32.25903259171354,7.740967408286459,3.924000000000003,0.0,3.823460470242649,3.5720722233306628,3.9240000000000004,True,COLLISION with vehicle.ue4.audi.tt,0.0,0.0,0.0,freeze,latency,12250029,,0
proposed_d4f,proposed,4,50.0,0.85,20.0,20.0,False,vehicle.ue4.audi.tt,0.0,0.0,0.8251043737093288,31.507605435788065,18.492394564211935,8.3385,0.0,4.010484677489783,7.766762818940709,8.3385,True,COLLISION with vehicle.ue4.audi.tt,0.0,0.0,0.0,freeze,latency,12250030,,0
proposed_d4f,proposed,4,50.0,0.85,25.0,20.0,False,vehicle.ue4.audi.tt,0.0,0.0,1.172875566223941,38.869373097457014,11.130626902542986,8.338500000000018,0.0,3.828368308325337,5.470597230148729,8.3385,True,COLLISION with vehicle.ue4.audi.tt,0.0,0.0,0.0,freeze,latency,12250031,,0
proposed_d4f,proposed,4,50.0,0.85,30.0,20.0,False,vehicle.ue4.audi.tt,0.0,0.0,1.3938131348881604,42.22311703625819,7.776882963741814,8.3385,0.0,3.8221496733091644,4.631069195172389,8.3385,True,COLLISION with vehicle.ue4.audi.tt,0.0,0.0,0.0,freeze,latency,12250032,,0
proposed_d4f,proposed,4,50.0,0.85,35.0,20.0,False,vehicle.ue4.audi.tt,0.0,0.0,0.8215348332011302,36.0676760314794,13.932323968520597,8.338500000000018,0.0,3.8285394445624052,8.266929885897758,8.3385,True,COLLISION with vehicle.ue4.audi.tt,0.0,0.0,0.0,freeze,latency,12250033,,0
proposed_d4f,proposed,4,50.0,0.85,40.0,20.0,False,vehicle.ue4.audi.tt,0.0,0.0,1.1699266167697713,38.848271876800695,11.151728123199309,8.338500000000018,0.0,3.8290336512912857,5.825799091023202,8.3385,True,COLLISION with vehicle.ue4.audi.tt,0.0,0.0,0.0,freeze,latency,12250034,,0
proposed_d4f,proposed,4,50.0,0.4,20.0,20.0,False,vehicle.ue4.audi.tt,0.0,0.0,0.8249089199307247,25.938487285660965,24.061512714339035,3.9239999999999853,0.0,3.9357549704739907,7.769280542248863,3.9240000000000004,True,COLLISION with vehicle.ue4.audi.tt,0.0,0.0,0.0,freeze,latency,12250035,,0
proposed_d4f,proposed,4,50.0,0.4,25.0,20.0,False,vehicle.ue4.audi.tt,0.0,0.0,1.1726620741646545,35.55065179781639,14.449348202183609,3.924000000000003,0.0,3.837152725295864,5.470290829535227,3.9240000000000004,True,COLLISION with vehicle.ue4.audi.tt,0.0,0.0,0.0,freeze,latency,12250036,,0
proposed_d4f,proposed,4,50.0,0.4,30.0,20.0,False,vehicle.ue4.audi.tt,0.0,0.0,1.4916298145059934,37.152048129656144,12.847951870343854,3.924000000000003,0.0,3.823754700904094,4.321289169984538,3.9240000000000004,True,COLLISION with vehicle.ue4.audi.tt,0.0,0.0,0.0,freeze,latency,12250037,,0
proposed_d4f,proposed,4,50.0,0.4,35.0,20.0,False,vehicle.ue4.audi.tt,0.0,0.0,1.6734475785372707,38.370225879116454,11.629774120883548,3.924000000000003,0.0,3.838470847586491,3.8907570748426785,3.9240000000000004,True,COLLISION with vehicle.ue4.audi.tt,0.0,0.0,0.0,freeze,latency,12250038,,0
proposed_d4f,proposed,4,50.0,0.4,40.0,20.0,False,vehicle.ue4.audi.tt,0.0,0.0,1.1704361336975697,35.3277473579904,14.672252642009605,3.924000000000003,0.0,3.8323338158779263,5.825437850539036,3.9240000000000004,True,COLLISION with vehicle.ue4.audi.tt,0.0,0.0,0.0,freeze,latency,12250039,,0
proposed_d4f,proposed,4,60.0,0.85,20.0,20.0,False,vehicle.ue4.audi.tt,0.0,0.0,0.670785902381957,33.77176684184995,26.22823315815005,8.338499999999982,0.0,4.2309648970959435,11.79884231501812,8.3385,True,COLLISION with vehicle.ue4.audi.tt,0.0,0.0,0.0,freeze,latency,12250040,,0
proposed_d4f,proposed,4,60.0,0.85,25.0,20.0,False,vehicle.ue4.audi.tt,0.0,0.0,0.9294034956742118,43.303799512764584,16.69620048723542,8.338499999999982,0.0,3.84426002882108,8.455953702939368,8.3385,True,COLLISION with vehicle.ue4.audi.tt,0.0,0.0,0.0,freeze,latency,12250041,,0
proposed_d4f,proposed,4,60.0,0.85,30.0,20.0,False,vehicle.ue4.audi.tt,0.0,0.0,1.2479717187943842,46.44554600695238,13.554453993047623,8.3385,0.0,3.8401745738844095,6.304709176506745,8.3385,True,COLLISION with vehicle.ue4.audi.tt,0.0,0.0,0.0,freeze,latency,12250042,,0
proposed_d4f,proposed,4,60.0,0.85,35.0,20.0,False,vehicle.ue4.audi.tt,0.0,0.0,1.382176137367073,46.667574249924506,13.332425750075492,8.3385,0.0,3.8381591700380264,5.720491285490351,8.3385,True,COLLISION with vehicle.ue4.audi.tt,0.0,0.0,0.0,freeze,latency,12250043,,0
proposed_d4f,proposed,4,60.0,0.85,40.0,20.0,False,vehicle.ue4.audi.tt,0.0,0.0,0.7521993952529648,43.49193166266309,16.50806833733691,8.338499999999982,0.0,3.84872374429728,10.877773157613753,8.3385,True,COLLISION with vehicle.ue4.audi.tt,0.0,0.0,0.0,freeze,latency,12250044,,0
proposed_d4f,proposed,4,60.0,0.4,20.0,20.0,False,vehicle.ue4.audi.tt,0.0,0.0,0.6707924490490013,16.435704488022743,43.56429551197726,3.924000000000021,0.0,3.872325855967398,11.798708468874347,3.9240000000000004,True,COLLISION with vehicle.ue4.audi.tt,0.0,0.0,0.0,freeze,latency,12250045,,0
proposed_d4f,proposed,4,60.0,0.4,25.0,20.0,False,vehicle.ue4.audi.tt,0.0,0.0,0.9293932185274408,35.322776757138996,24.677223242861004,3.924000000000021,0.0,3.8865615468931507,8.456025404959096,3.9240000000000004,True,COLLISION with vehicle.ue4.audi.tt,0.0,0.0,0.0,freeze,latency,12250046,,0
proposed_d4f,proposed,4,60.0,0.4,30.0,20.0,False,vehicle.ue4.audi.tt,0.0,0.0,1.24797716245846,41.23604889858497,18.763951101415028,3.924000000000021,0.0,3.8664679568922464,6.304676199433903,3.9240000000000004,True,COLLISION with vehicle.ue4.audi.tt,0.0,0.0,0.0,freeze,latency,12250047,,0
proposed_d4f,proposed,4,60.0,0.4,35.0,20.0,False,vehicle.ue4.audi.tt,0.0,0.0,1.5297153520834552,42.01320124929195,17.98679875070805,3.9239999999999853,0.0,3.814926404805976,5.161015885998773,3.9240000000000004,True,COLLISION with vehicle.ue4.audi.tt,0.0,0.0,0.0,freeze,latency,12250048,,0
proposed_d4f,proposed,4,60.0,0.4,40.0,20.0,False,vehicle.ue4.audi.tt,0.0,0.0,1.768107696524567,43.424158484925535,16.575841515074465,3.9239999999999853,0.0,3.8504281609808295,4.485554165264905,3.9240000000000004,True,COLLISION with vehicle.ue4.audi.tt,0.0,0.0,0.0,freeze,latency,12250049,,0
proposed_d8f,proposed,8,20.0,0.85,20.0,20.0,True,,1.719482972579268,3.659027209484476,1.1019022778215308,20.0,0.0,3.335400049701338,4.3580169677734375,5.3936651856443,2.4905924229170484,8.3385,True,AVOIDED,0.0,0.0,0.0,freeze,latency,12290000,,0
proposed_d8f,proposed,8,20.0,0.85,25.0,20.0,True,,1.9931857548109528,3.6578508659042104,1.1546205321726486,20.0,0.0,3.335400049701338,4.360359191894531,5.667371842750573,2.383266193579067,8.3385,True,AVOIDED,0.0,0.0,0.0,freeze,latency,12290001,,0
proposed_d8f,proposed,8,20.0,0.85,30.0,20.0,True,,1.9930491736277816,3.6579978674862454,1.1541059223554937,20.0,0.0,3.335400049701338,4.359958648681641,5.667231339117221,2.3833850196249022,8.3385,True,AVOIDED,0.0,0.0,0.0,freeze,latency,12290002,,0
proposed_d8f,proposed,8,20.0,0.85,35.0,20.0,True,,1.9931857548109528,3.6578508659042104,1.1546205321726486,20.0,0.0,3.335400049701338,4.360359191894531,5.667371842750573,2.383266193579067,8.3385,True,AVOIDED,0.0,0.0,0.0,freeze,latency,12290003,,0
proposed_d8f,proposed,8,20.0,0.85,40.0,20.0,True,,1.9930491641890669,3.6579978674862454,1.1541059207856839,20.0,0.0,3.335400049701338,4.359958648681641,5.667231329678354,2.383385021628045,8.3385,True,AVOIDED,0.0,0.0,0.0,freeze,latency,12290004,,0
proposed_d8f,proposed,8,20.0,0.4,20.0,20.0,True,,1.9117314242704522,4.052424138509177,1.101925096401156,20.0,0.0,3.924000000000003,4.166118621826172,5.585902270201584,2.490761681243327,3.9240000000000004,True,AVOIDED,0.0,0.0,0.0,freeze,latency,12290005,,0
proposed_d8f,proposed,8,20.0,0.4,25.0,20.0,True,,2.108594122851523,4.118206694204445,1.3546014050473771,20.0,0.0,3.924000000000003,5.346508026123047,5.782898310149344,2.0312117774734317,3.9240000000000004,True,AVOIDED,0.0,0.0,0.0,freeze,latency,12290006,,0
proposed_d8f,proposed,8,20.0,0.4,30.0,20.0,True,,2.1095310562847764,4.119005380587255,1.3548854287098249,20.0,0.0,3.924000000000003,5.3456573486328125,5.7838352435825975,2.0309369092529024,3.9240000000000004,True,AVOIDED,0.0,0.0,0.0,freeze,latency,12290007,,0
proposed_d8f,proposed,8,20.0,0.4,35.0,20.0,True,,2.108594122851523,4.118206694204445,1.3546014050473771,20.0,0.0,3.924000000000003,5.346508026123047,5.782898310149344,2.0312117774734317,3.9240000000000004,True,AVOIDED,0.0,0.0,0.0,freeze,latency,12290008,,0
proposed_d8f,proposed,8,20.0,0.4,40.0,20.0,True,,2.1095348584422426,4.119005380587255,1.3548861203824984,20.0,0.0,3.924000000000003,5.3456573486328125,5.783839045740064,2.0309358712801564,3.9240000000000004,True,AVOIDED,0.0,0.0,0.0,freeze,latency,12290009,,0
proposed_d8f,proposed,8,30.0,0.85,20.0,20.0,True,,0.7279240310714759,3.5300063466736593,1.19331188447078,30.0,0.0,8.3385,9.85879135131836,4.402056717657821,2.9455558936373873,8.3385,True,AVOIDED,0.0,0.0,0.0,freeze,latency,12290010,,0
proposed_d8f,proposed,8,30.0,0.85,25.0,20.0,False,vehicle.ue4.audi.tt,0.0,0.0,0.830085204978121,26.069480557535364,3.9305194424646355,8.3385,0.0,3.8069628768898665,4.984353453698729,8.3385,True,COLLISION with vehicle.ue4.audi.tt,0.0,0.0,0.0,freeze,latency,12290011,,0
proposed_d8f,proposed,8,30.0,0.85,30.0,20.0,True,,0.64845521698465,4.011624083735937,1.1791666726187273,30.0,0.0,8.3385,9.110931396484375,4.32258410165729,3.5057084517887698,8.3385,True,AVOIDED,0.0,0.0,0.0,freeze,latency,12290012,,0
proposed_d8f,proposed,8,30.0,0.85,35.0,20.0,True,,0.6488075949553407,4.0116549545799565,1.1779613658463144,30.0,0.0,8.3385,9.110485076904297,4.322936516387709,3.505647659319184,8.3385,True,AVOIDED,0.0,0.0,0.0,freeze,latency,12290013,,0
proposed_d8f,proposed,8,30.0,0.85,40.0,20.0,True,,0.6484590018936096,4.011624083735937,1.1791671319160235,30.0,0.0,8.3385,9.110931396484375,4.32258788656502,3.5057070839961653,8.3385,True,AVOIDED,0.0,0.0,0.0,freeze,latency,12290014,,0
proposed_d8f,proposed,8,30.0,0.4,20.0,20.0,True,,0.4835949377784692,0.0,1.1941449675239593,30.0,0.0,3.924000000000003,10.10275650024414,4.15789912507629,2.9452094143458565,3.9240000000000004,True,AVOIDED,0.0,0.0,0.0,freeze,latency,12290015,,0
proposed_d8f,proposed,8,30.0,0.4,25.0,20.0,False,vehicle.ue4.audi.tt,0.0,0.0,0.8292035355852461,22.750310714471556,7.2496892855284445,3.924000000000003,0.0,3.822226024274242,4.984520522013013,3.9240000000000004,True,COLLISION with vehicle.ue4.audi.tt,0.0,0.0,0.0,freeze,latency,12290016,,0
proposed_d8f,proposed,8,30.0,0.4,30.0,20.0,True,,0.38727321637041623,4.063791549263835,1.4305514384787175,30.0,0.0,3.924000000000003,11.44143295288086,4.061440230724977,2.8918608828177597,3.9240000000000004,True,AVOIDED,0.0,0.0,0.0,freeze,latency,12290017,,0
proposed_d8f,proposed,8,30.0,0.4,35.0,20.0,True,,0.2183481751577978,4.019970865306019,1.3290672475402157,30.0,0.0,3.924000000000003,10.78243637084961,3.892652362455619,3.109481914431011,3.9240000000000004,True,AVOIDED,0.0,0.0,0.0,freeze,latency,12290018,,0
proposed_d8f,proposed,8,30.0,0.4,40.0,20.0,True,,0.21848896069058554,4.020044137482368,1.3304695923564753,30.0,0.0,3.924000000000003,10.782726287841797,3.8927931479884066,3.1094316064585863,3.9240000000000004,True,AVOIDED,0.0,0.0,0.0,freeze,latency,12290019,,0
proposed_d8f,proposed,8,40.0,0.85,20.0,20.0,False,vehicle.ue4.audi.tt,0.0,0.0,0.8465473286584715,28.5862523630654,11.413747636934598,8.3385,0.0,3.831999959948252,5.835759219291766,8.3385,True,COLLISION with vehicle.ue4.audi.tt,0.0,0.0,0.0,freeze,latency,12290020,,0
proposed_d8f,proposed,8,40.0,0.85,25.0,20.0,False,vehicle.ue4.audi.tt,0.0,0.0,1.1890828802723903,33.52747175263684,6.4725282473631545,8.3385,0.0,3.8194651536285273,4.220317462383706,8.3385,True,COLLISION with vehicle.ue4.audi.tt,0.0,0.0,0.0,freeze,latency,12290021,,0
proposed_d8f,proposed,8,40.0,0.85,30.0,20.0,False,vehicle.ue4.audi.tt,0.0,0.0,0.6938928198789863,27.430712857681947,12.569287142318053,8.3385,0.0,3.8317829754227617,7.946080631357774,8.3385,True,COLLISION with vehicle.ue4.audi.tt,0.0,0.0,0.0,freeze,latency,12290022,,0
proposed_d8f,proposed,8,40.0,0.85,35.0,20.0,False,vehicle.ue4.audi.tt,0.0,0.0,1.193207636385998,32.909810817766406,7.090189182233595,8.3385,0.0,3.8225190569759544,4.620051729500684,8.3385,True,COLLISION with vehicle.ue4.audi.tt,0.0,0.0,0.0,freeze,latency,12290023,,0
proposed_d8f,proposed,8,40.0,0.85,40.0,20.0,False,vehicle.ue4.audi.tt,0.0,0.0,1.1933169971182431,32.89002424487905,7.109975755120952,8.3385,0.0,3.821031300286942,4.620174970565136,8.3385,True,COLLISION with vehicle.ue4.audi.tt,0.0,0.0,0.0,freeze,latency,12290024,,0
proposed_d8f,proposed,8,40.0,0.4,20.0,20.0,False,vehicle.ue4.audi.tt,0.0,0.0,0.8472841476221151,26.929665666482798,13.070334333517204,3.924000000000003,0.0,3.827476498098809,5.832591076227689,3.9240000000000004,True,COLLISION with vehicle.ue4.audi.tt,0.0,0.0,0.0,freeze,latency,12290025,,0
proposed_d8f,proposed,8,40.0,0.4,25.0,20.0,False,vehicle.ue4.audi.tt,0.0,0.0,1.286049776893814,30.694344527329847,9.305655472670153,3.924000000000003,0.0,3.832640829158245,3.893183936666893,3.9240000000000004,True,COLLISION with vehicle.ue4.audi.tt,0.0,0.0,0.0,freeze,latency,12290026,,0
proposed_d8f,proposed,8,40.0,0.4,30.0,20.0,False,vehicle.ue4.audi.tt,0.0,0.0,0.6938688232698693,25.832179276565434,14.167820723434568,3.924000000000003,0.0,3.8425591423123353,7.945570645581175,3.9240000000000004,True,COLLISION with vehicle.ue4.audi.tt,0.0,0.0,0.0,freeze,latency,12290027,,0
proposed_d8f,proposed,8,40.0,0.4,35.0,20.0,False,vehicle.ue4.audi.tt,0.0,0.0,1.1944773613467905,29.105567875700316,10.894432124299684,3.924000000000003,0.0,3.830392653850557,4.620048908225121,3.9240000000000004,True,COLLISION with vehicle.ue4.audi.tt,0.0,0.0,0.0,freeze,latency,12290028,,0
proposed_d8f,proposed,8,40.0,0.4,40.0,20.0,False,vehicle.ue4.audi.tt,0.0,0.0,1.3461880711306573,29.924488993501384,10.075511006498617,3.924000000000003,0.0,3.827050479675491,4.103385744321906,3.9240000000000004,True,COLLISION with vehicle.ue4.audi.tt,0.0,0.0,0.0,freeze,latency,12290029,,0
proposed_d8f,proposed,8,50.0,0.85,20.0,20.0,False,vehicle.ue4.audi.tt,0.0,0.0,0.6254226848048048,21.928009054924193,28.071990945075807,8.338499999999982,0.0,4.217360929370586,10.250921012933931,8.3385,True,COLLISION with vehicle.ue4.audi.tt,0.0,0.0,0.0,freeze,latency,12290030,,0
proposed_d8f,proposed,8,50.0,0.85,25.0,20.0,False,vehicle.ue4.audi.tt,0.0,0.0,0.9734362201214171,34.64994471567569,15.350055284324316,8.338500000000018,0.0,3.837155267770519,6.595650374497353,8.3385,True,COLLISION with vehicle.ue4.audi.tt,0.0,0.0,0.0,freeze,latency,12290031,,0
proposed_d8f,proposed,8,50.0,0.85,30.0,20.0,False,vehicle.ue4.audi.tt,0.0,0.0,1.1969512072172945,37.58622885935149,12.413771140648503,8.338500000000018,0.0,3.8308320141366132,5.405628791044833,8.3385,True,COLLISION with vehicle.ue4.audi.tt,0.0,0.0,0.0,freeze,latency,12290032,,0
proposed_d8f,proposed,8,50.0,0.85,35.0,20.0,False,vehicle.ue4.audi.tt,0.0,0.0,0.6344502527545771,32.37302764958734,17.626972350412657,8.338499999999982,0.0,3.854213411270466,10.87866872900343,8.3385,True,COLLISION with vehicle.ue4.audi.tt,0.0,0.0,0.0,freeze,latency,12290033,,0
proposed_d8f,proposed,8,50.0,0.85,40.0,20.0,False,vehicle.ue4.audi.tt,0.0,0.0,0.984609701038447,34.62278901188474,15.377210988115257,8.3385,0.0,3.837655312445065,7.011545756049556,8.3385,True,COLLISION with vehicle.ue4.audi.tt,0.0,0.0,0.0,freeze,latency,12290034,,0
proposed_d8f,proposed,8,50.0,0.4,20.0,20.0,False,vehicle.ue4.audi.tt,0.0,0.0,0.6250680005363485,20.75157535834846,29.24842464165154,3.9239999999999853,0.0,4.193440238153922,10.256952469040067,3.9240000000000004,True,COLLISION with vehicle.ue4.audi.tt,0.0,0.0,0.0,freeze,latency,12290035,,0
proposed_d8f,proposed,8,50.0,0.4,25.0,20.0,False,vehicle.ue4.audi.tt,0.0,0.0,0.9733527292153142,32.874818668670535,17.125181331329465,3.9239999999999853,0.0,3.8297620422223915,6.594604035419896,3.9240000000000004,True,COLLISION with vehicle.ue4.audi.tt,0.0,0.0,0.0,freeze,latency,12290036,,0
proposed_d8f,proposed,8,50.0,0.4,30.0,20.0,False,vehicle.ue4.audi.tt,0.0,0.0,1.2944811136998156,34.803087159830476,15.196912840169524,3.924000000000003,0.0,3.8249351078826734,4.989176723794472,3.9240000000000004,True,COLLISION with vehicle.ue4.audi.tt,0.0,0.0,0.0,freeze,latency,12290037,,0
proposed_d8f,proposed,8,50.0,0.4,35.0,20.0,False,vehicle.ue4.audi.tt,0.0,0.0,1.4800545674889642,35.55246139319708,14.447538606802926,3.924000000000003,0.0,3.830474664151438,4.417386788847071,3.9240000000000004,True,COLLISION with vehicle.ue4.audi.tt,0.0,0.0,0.0,freeze,latency,12290038,,0
proposed_d8f,proposed,8,50.0,0.4,40.0,20.0,False,vehicle.ue4.audi.tt,0.0,0.0,0.984847122441476,32.878793191940375,17.121206808059622,3.9239999999999853,0.0,3.8285623098058115,7.01157885162913,3.9240000000000004,True,COLLISION with vehicle.ue4.audi.tt,0.0,0.0,0.0,freeze,latency,12290039,,0
proposed_d8f,proposed,8,60.0,0.85,20.0,20.0,False,vehicle.ue4.audi.tt,0.0,0.0,0.4734404456634141,21.31069921382359,38.68930078617641,8.338499999999982,0.0,3.896220305145594,16.794691266305477,8.3385,True,COLLISION with vehicle.ue4.audi.tt,0.0,0.0,0.0,freeze,latency,12290040,,0
proposed_d8f,proposed,8,60.0,0.85,25.0,20.0,False,vehicle.ue4.audi.tt,0.0,0.0,0.7293550259576411,36.707357685823055,23.29264231417694,8.338499999999982,0.0,3.873072667990506,10.775465526881122,8.3385,True,COLLISION with vehicle.ue4.audi.tt,0.0,0.0,0.0,freeze,latency,12290041,,0
proposed_d8f,proposed,8,60.0,0.85,30.0,20.0,False,vehicle.ue4.audi.tt,0.0,0.0,1.0486823537284997,39.98586561251719,20.014134387482816,8.338499999999982,0.0,3.823614978019579,7.5070174821796645,8.3385,True,COLLISION with vehicle.ue4.audi.tt,0.0,0.0,0.0,freeze,latency,12290042,,0
proposed_d8f,proposed,8,60.0,0.85,35.0,20.0,False,vehicle.ue4.audi.tt,0.0,0.0,1.1845467375829604,40.855301160797495,19.14469883920251,8.338499999999982,0.0,3.8242886669186595,6.687393073815277,8.3385,True,COLLISION with vehicle.ue4.audi.tt,0.0,0.0,0.0,freeze,latency,12290043,,0
proposed_d8f,proposed,8,60.0,0.85,40.0,20.0,False,vehicle.ue4.audi.tt,0.0,0.0,0.5614762872172506,37.647463413737846,22.352536586262154,8.338499999999982,0.0,3.8341763465709233,14.75901027524638,8.3385,True,COLLISION with vehicle.ue4.audi.tt,0.0,0.0,0.0,freeze,latency,12290044,,0
proposed_d8f,proposed,8,60.0,0.4,20.0,20.0,False,vehicle.ue4.audi.tt,0.0,0.0,0.47344627941578377,9.920734929910836,50.079265070089164,3.924000000000021,0.0,3.9491529412833164,16.79444400415208,3.9240000000000004,True,COLLISION with vehicle.ue4.audi.tt,0.0,0.0,0.0,freeze,latency,12290045,,0
proposed_d8f,proposed,8,60.0,0.4,25.0,20.0,False,vehicle.ue4.audi.tt,0.0,0.0,0.7293443298138454,31.24292509431548,28.75707490568452,3.924000000000021,0.0,3.9366804422392336,10.775579789032683,3.9240000000000004,True,COLLISION with vehicle.ue4.audi.tt,0.0,0.0,0.0,freeze,latency,12290046,,0
proposed_d8f,proposed,8,60.0,0.4,30.0,20.0,False,vehicle.ue4.audi.tt,0.0,0.0,1.0486896109855894,38.934564377789485,21.065435622210515,3.924000000000021,0.0,3.8468244804294853,7.506969123169081,3.9240000000000004,True,COLLISION with vehicle.ue4.audi.tt,0.0,0.0,0.0,freeze,latency,12290047,,0
proposed_d8f,proposed,8,60.0,0.4,35.0,20.0,False,vehicle.ue4.audi.tt,0.0,0.0,1.3318278882553787,40.19948183163285,19.800518168367145,3.9239999999999853,0.0,3.8422527531172577,5.935991683909263,3.9240000000000004,True,COLLISION with vehicle.ue4.audi.tt,0.0,0.0,0.0,freeze,latency,12290048,,0
proposed_d8f,proposed,8,60.0,0.4,40.0,20.0,False,vehicle.ue4.audi.tt,0.0,0.0,1.57168495355974,40.96398584526412,19.036014154735877,3.9239999999999853,0.0,3.826472058998693,5.057031201539497,3.9240000000000004,True,COLLISION with vehicle.ue4.audi.tt,0.0,0.0,0.0,freeze,latency,12290049,,0
proposed_d16f,proposed,16,20.0,0.85,20.0,20.0,False,vehicle.ue4.audi.tt,0.0,0.0,0.7023644530851942,17.185225213992716,2.8147747860072827,8.3385,0.0,3.804051415078289,3.9084460091873328,8.3385,True,COLLISION with vehicle.ue4.audi.tt,0.0,0.0,0.0,freeze,latency,12760000,,0
proposed_d16f,proposed,16,20.0,0.85,25.0,20.0,False,vehicle.ue4.audi.tt,0.0,0.0,0.7543054709655203,17.988056395346003,2.011943604653996,8.3385,0.0,3.8080691877083646,3.6487255012595154,8.3385,True,COLLISION with vehicle.ue4.audi.tt,0.0,0.0,0.0,freeze,latency,12760001,,0
proposed_d16f,proposed,16,20.0,0.85,30.0,20.0,False,vehicle.ue4.audi.tt,0.0,0.0,0.7542676314233697,17.988557429662652,2.011442570337349,8.3385,0.0,3.807302090253151,3.648870419825737,8.3385,True,COLLISION with vehicle.ue4.audi.tt,0.0,0.0,0.0,freeze,latency,12760002,,0
proposed_d16f,proposed,16,20.0,0.85,35.0,20.0,False,vehicle.ue4.audi.tt,0.0,0.0,0.7543054709655203,17.98805575000557,2.01194424999443,8.3385,0.0,3.8080691877083646,3.6487255012595154,8.3385,True,COLLISION with vehicle.ue4.audi.tt,0.0,0.0,0.0,freeze,latency,12760003,,0
proposed_d16f,proposed,16,20.0,0.85,40.0,20.0,False,vehicle.ue4.audi.tt,0.0,0.0,0.7542676295399836,17.988549486170882,2.0114505138291165,8.3385,0.0,3.807302076171278,3.6488704258461184,8.3385,True,COLLISION with vehicle.ue4.audi.tt,0.0,0.0,0.0,freeze,latency,12760004,,0
proposed_d16f,proposed,16,20.0,0.4,20.0,20.0,False,vehicle.ue4.audi.tt,0.0,0.0,0.7023816682684373,16.302928517457424,3.6970714825425772,3.924000000000003,0.0,3.8146574149278942,3.9083591954416756,3.9240000000000004,True,COLLISION with vehicle.ue4.audi.tt,0.0,0.0,0.0,freeze,latency,12760005,,0
proposed_d16f,proposed,16,20.0,0.4,25.0,20.0,False,vehicle.ue4.audi.tt,0.0,4.466244490357724,0.9545433866387882,18.942348121307802,1.0576518786921987,3.924000000000003,0.0,3.807942034652253,2.8831644300408477,3.9240000000000004,True,COLLISION with vehicle.ue4.audi.tt,0.0,0.0,0.0,freeze,latency,12760006,,0
proposed_d16f,proposed,16,20.0,0.4,30.0,20.0,False,vehicle.ue4.audi.tt,0.0,4.466377548477145,0.954521540650474,18.944932949406187,1.0550670505938116,3.924000000000003,0.0,3.8086367111159656,2.883286592751476,3.9240000000000004,True,COLLISION with vehicle.ue4.audi.tt,0.0,0.0,0.0,freeze,latency,12760007,,0
proposed_d16f,proposed,16,20.0,0.4,35.0,20.0,False,vehicle.ue4.audi.tt,0.0,4.466244490357724,0.9545433866387882,18.94236326388175,1.057636736118252,3.924000000000003,0.0,3.807942006460563,2.8831644300408477,3.9240000000000004,True,COLLISION with vehicle.ue4.audi.tt,0.0,0.0,0.0,freeze,latency,12760008,,0
proposed_d16f,proposed,16,20.0,0.4,40.0,20.0,False,vehicle.ue4.audi.tt,0.0,0.0,0.9543101878957407,18.94575709309517,1.0542429069048291,3.924000000000003,0.0,3.8079937682359164,2.8838602753161307,3.9240000000000004,True,COLLISION with vehicle.ue4.audi.tt,0.0,0.0,0.0,freeze,latency,12760009,,0
proposed_d16f,proposed,16,30.0,0.85,20.0,20.0,False,vehicle.ue4.audi.tt,0.0,0.0,0.8127066160321467,21.68169750052762,8.318302499472383,8.3385,0.0,3.819253106427049,4.409754395272241,8.3385,True,COLLISION with vehicle.ue4.audi.tt,0.0,0.0,0.0,freeze,latency,12760010,,0
proposed_d16f,proposed,16,30.0,0.85,25.0,20.0,False,vehicle.ue4.audi.tt,0.0,0.0,0.42983653077876943,17.7500958217118,12.249904178288201,3.335400049701338,0.0,3.8396049813703765,9.627905691984303,8.3385,True,COLLISION with vehicle.ue4.audi.tt,0.0,0.0,0.0,freeze,latency,12760011,,0
proposed_d16f,proposed,16,30.0,0.85,30.0,20.0,False,vehicle.ue4.audi.tt,0.0,0.0,0.7792487672891447,20.57708644246623,9.422913557533771,3.335400049701338,0.0,3.8277050347086963,5.305347869072875,8.3385,True,COLLISION with vehicle.ue4.audi.tt,0.0,0.0,0.0,freeze,latency,12760012,,0
proposed_d16f,proposed,16,30.0,0.85,35.0,20.0,False,vehicle.ue4.audi.tt,0.0,0.0,0.7784639980820746,20.576054590654554,9.423945409345446,3.335400049701338,0.0,3.827805168672174,5.305281323157405,8.3385,True,COLLISION with vehicle.ue4.audi.tt,0.0,0.0,0.0,freeze,latency,12760013,,0
proposed_d16f,proposed,16,30.0,0.85,40.0,20.0,False,vehicle.ue4.audi.tt,0.0,0.0,0.7792492261144797,20.57708716344589,9.422912836554111,3.335400049701338,0.0,3.8277087731242783,5.305344739008538,8.3385,True,COLLISION with vehicle.ue4.audi.tt,0.0,0.0,0.0,freeze,latency,12760014,,0
proposed_d16f,proposed,16,30.0,0.4,20.0,20.0,False,vehicle.ue4.audi.tt,0.0,0.0,0.8120113258684468,21.125790118644055,8.874209881355947,3.924000000000003,0.0,3.831479504314204,4.409670633924368,3.9240000000000004,True,COLLISION with vehicle.ue4.audi.tt,0.0,0.0,0.0,freeze,latency,12760015,,0
proposed_d16f,proposed,16,30.0,0.4,25.0,20.0,False,vehicle.ue4.audi.tt,0.0,0.0,0.4293603567540998,18.29867186817644,11.70132813182356,3.924000000000003,0.0,3.838193863499034,9.628668642560687,3.9240000000000004,True,COLLISION with vehicle.ue4.audi.tt,0.0,0.0,0.0,freeze,latency,12760016,,0
proposed_d16f,proposed,16,30.0,0.4,30.0,20.0,False,vehicle.ue4.audi.tt,0.0,0.0,1.0302313962618914,21.10324008291623,8.896759917083768,3.924000000000003,0.0,3.829048098758968,4.015808648551574,3.9240000000000004,True,COLLISION with vehicle.ue4.audi.tt,0.0,0.0,0.0,freeze,latency,12760017,,0
proposed_d16f,proposed,16,30.0,0.4,35.0,20.0,False,vehicle.ue4.audi.tt,0.0,0.0,0.9291649362382562,20.198121122852108,9.801878877147892,3.924000000000003,0.0,3.8262620511940435,4.4481006053515255,3.9240000000000004,True,COLLISION with vehicle.ue4.audi.tt,0.0,0.0,0.0,freeze,latency,12760018,,0
proposed_d16f,proposed,16,30.0,0.4,40.0,20.0,False,vehicle.ue4.audi.tt,0.0,0.0,0.9301666201995743,20.197512500504683,9.802487499495317,3.924000000000003,0.0,3.8263109001891165,4.447967838085203,3.9240000000000004,True,COLLISION with vehicle.ue4.audi.tt,0.0,0.0,0.0,freeze,latency,12760019,,0
proposed_d16f,proposed,16,40.0,0.85,20.0,20.0,False,vehicle.ue4.audi.tt,0.0,0.0,0.4479305315206853,22.121244863911297,17.878755136088703,3.3354000497013203,0.0,3.86778060263917,11.059799092056371,8.3385,True,COLLISION with vehicle.ue4.audi.tt,0.0,0.0,0.0,freeze,latency,12760020,,0
proposed_d16f,proposed,16,40.0,0.85,25.0,20.0,False,vehicle.ue4.audi.tt,0.0,0.0,0.8035819020026682,25.768519226669838,14.231480773330164,3.335400049701338,0.0,3.818707820916497,6.339541424609583,8.3385,True,COLLISION with vehicle.ue4.audi.tt,0.0,0.0,0.0,freeze,latency,12760021,,0
proposed_d16f,proposed,16,40.0,0.85,30.0,20.0,False,vehicle.ue4.audi.tt,0.0,0.0,0.29440590396716576,20.721742488538677,19.278257511461323,3.3354000497013203,0.0,3.82068426922515,18.7324823930438,8.3385,True,COLLISION with vehicle.ue4.audi.tt,0.0,0.0,0.0,freeze,latency,12760022,,0
proposed_d16f,proposed,16,40.0,0.85,35.0,20.0,False,vehicle.ue4.audi.tt,0.0,0.0,0.7937568453871874,25.388451854763964,14.611548145236034,3.335400049701338,0.0,3.840861234226475,6.945692636908872,8.3385,True,COLLISION with vehicle.ue4.audi.tt,0.0,0.0,0.0,freeze,latency,12760023,,0
proposed_d16f,proposed,16,40.0,0.85,40.0,20.0,False,vehicle.ue4.audi.tt,0.0,0.0,0.7937797187618392,25.38850068655906,14.611499313440941,3.335400049701338,0.0,3.8394840632551372,6.9460614815887265,8.3385,True,COLLISION with vehicle.ue4.audi.tt,0.0,0.0,0.0,freeze,latency,12760024,,0
proposed_d16f,proposed,16,40.0,0.4,20.0,20.0,False,vehicle.ue4.audi.tt,0.0,0.0,0.4485820775667415,22.945542319774592,17.054457680225408,3.9239999999999853,0.0,3.8682670712836336,11.046098964179254,3.9240000000000004,True,COLLISION with vehicle.ue4.audi.tt,0.0,0.0,0.0,freeze,latency,12760025,,0
proposed_d16f,proposed,16,40.0,0.4,25.0,20.0,False,vehicle.ue4.audi.tt,0.0,0.0,0.8988088024435028,25.24079626663028,14.75920373336972,3.924000000000003,0.0,3.836703036802241,5.638108696971787,3.9240000000000004,True,COLLISION with vehicle.ue4.audi.tt,0.0,0.0,0.0,freeze,latency,12760026,,0
proposed_d16f,proposed,16,40.0,0.4,30.0,20.0,False,vehicle.ue4.audi.tt,0.0,0.0,0.29446985085140864,22.223795610087848,17.776204389912152,3.9239999999999853,0.0,3.844770232851313,18.727844521750324,3.9240000000000004,True,COLLISION with vehicle.ue4.audi.tt,0.0,0.0,0.0,freeze,latency,12760027,,0
proposed_d16f,proposed,16,40.0,0.4,35.0,20.0,False,vehicle.ue4.audi.tt,0.0,0.0,0.7937793748020774,24.526123859633802,15.473876140366198,3.9239999999999853,0.0,3.831459288243913,6.9460644958923865,3.9240000000000004,True,COLLISION with vehicle.ue4.audi.tt,0.0,0.0,0.0,freeze,latency,12760028,,0
proposed_d16f,proposed,16,40.0,0.4,40.0,20.0,False,vehicle.ue4.audi.tt,0.0,0.0,0.9457789845228716,25.3987797869755,14.6012202130245,3.924000000000003,0.0,3.848903323086091,5.840900809148068,3.9240000000000004,True,COLLISION with vehicle.ue4.audi.tt,0.0,0.0,0.0,freeze,latency,12760029,,0
proposed_d16f,proposed,16,50.0,0.85,20.0,20.0,False,vehicle.ue4.audi.tt,0.0,0.0,0.22669526399734197,15.625554544111907,34.37444545588809,3.3354000497013203,0.0,4.271869411824882,28.372362016058158,8.3385,True,COLLISION with vehicle.ue4.audi.tt,0.0,0.0,0.0,freeze,latency,12760030,,0
proposed_d16f,proposed,16,50.0,0.85,25.0,20.0,False,vehicle.ue4.audi.tt,0.0,0.0,0.5756097698597218,28.494242971336515,21.505757028663485,3.3354000497013203,0.0,3.8406807587076135,11.188376339011723,8.3385,True,COLLISION with vehicle.ue4.audi.tt,0.0,0.0,0.0,freeze,latency,12760031,,0
proposed_d16f,proposed,16,50.0,0.85,30.0,20.0,False,vehicle.ue4.audi.tt,0.0,0.0,0.8064010699937431,30.094440057995833,19.905559942004167,3.3354000497013203,0.0,3.8123766665086376,8.100156675696082,8.3385,True,COLLISION with vehicle.ue4.audi.tt,0.0,0.0,0.0,freeze,latency,12760032,,0
proposed_d16f,proposed,16,50.0,0.85,35.0,20.0,False,vehicle.ue4.audi.tt,0.0,0.0,0.23466616973257784,25.857479652244365,24.142520347755635,3.3354000497013203,0.0,3.802851424170631,29.418464634282714,8.3385,True,COLLISION with vehicle.ue4.audi.tt,0.0,0.0,0.0,freeze,latency,12760033,,0
proposed_d16f,proposed,16,50.0,0.85,40.0,20.0,False,vehicle.ue4.audi.tt,0.0,0.0,0.5845995162108927,28.41858687679242,21.58141312320758,3.3354000497013203,0.0,3.8405282302340895,11.81016066178501,8.3385,True,COLLISION with vehicle.ue4.audi.tt,0.0,0.0,0.0,freeze,latency,12760034,,0
proposed_d16f,proposed,16,50.0,0.4,20.0,20.0,False,vehicle.ue4.audi.tt,0.0,0.0,0.22598779016200787,15.946431550118604,34.053568449881396,3.9239999999999853,0.0,4.26763365566448,28.452899401008125,3.9240000000000004,True,COLLISION with vehicle.ue4.audi.tt,0.0,0.0,0.0,freeze,latency,12760035,,0
proposed_d16f,proposed,16,50.0,0.4,25.0,20.0,False,vehicle.ue4.audi.tt,0.0,0.0,0.575670512288383,28.870440321593588,21.129559678406412,3.9239999999999853,0.0,3.8334311476073055,11.184235974815952,3.9240000000000004,True,COLLISION with vehicle.ue4.audi.tt,0.0,0.0,0.0,freeze,latency,12760036,,0
proposed_d16f,proposed,16,50.0,0.4,30.0,20.0,False,vehicle.ue4.audi.tt,0.0,0.0,0.9029391342165495,30.472206347872007,19.527793652127993,3.9239999999999853,0.0,3.8276170908189093,7.206988411871463,3.9240000000000004,True,COLLISION with vehicle.ue4.audi.tt,0.0,0.0,0.0,freeze,latency,12760037,,0
proposed_d16f,proposed,16,50.0,0.4,35.0,20.0,False,vehicle.ue4.audi.tt,0.0,0.0,1.0988323703480087,30.7410273997428,19.2589726002572,3.9239999999999853,0.0,3.839717435129366,6.037226949055633,3.9240000000000004,True,COLLISION with vehicle.ue4.audi.tt,0.0,0.0,0.0,freeze,latency,12760038,,0
proposed_d16f,proposed,16,50.0,0.4,40.0,20.0,False,vehicle.ue4.audi.tt,0.0,0.0,0.5848504286887476,28.876066041290628,21.123933958709372,3.9239999999999853,0.0,3.832020670106426,11.807799368793892,3.9240000000000004,True,COLLISION with vehicle.ue4.audi.tt,0.0,0.0,0.0,freeze,latency,12760039,,0
proposed_d16f,proposed,16,60.0,0.85,20.0,20.0,False,vehicle.ue4.audi.tt,0.0,0.0,0.08498224524755651,5.550056917257088,54.44994308274291,8.338499999999982,0.0,3.637203558343781,50.0,8.3385,True,COLLISION with vehicle.ue4.audi.tt,0.0,0.0,0.0,freeze,latency,12760040,,0
proposed_d16f,proposed,16,60.0,0.85,25.0,20.0,False,vehicle.ue4.audi.tt,0.0,0.0,0.3293659773653853,23.3125429206141,36.6874570793859,3.3354000497013203,0.0,3.923786307615227,23.867909699161363,8.3385,True,COLLISION with vehicle.ue4.audi.tt,0.0,0.0,0.0,freeze,latency,12760041,,0
proposed_d16f,proposed,16,60.0,0.85,30.0,20.0,False,vehicle.ue4.audi.tt,0.0,0.0,0.6509930728497563,34.14545296506154,25.854547034938467,3.3354000497013203,0.0,3.8717647795645496,12.124558411722308,8.3385,True,COLLISION with vehicle.ue4.audi.tt,0.0,0.0,0.0,freeze,latency,12760042,,0
proposed_d16f,proposed,16,60.0,0.85,35.0,20.0,False,vehicle.ue4.audi.tt,0.0,0.0,0.7918797772341574,34.71493736747963,25.285062632520372,3.3354000497013203,0.0,3.7901926174334744,10.079858932357185,8.3385,True,COLLISION with vehicle.ue4.audi.tt,0.0,0.0,0.0,freeze,latency,12760043,,0
proposed_d16f,proposed,16,60.0,0.85,40.0,20.0,False,vehicle.ue4.audi.tt,0.0,0.0,0.1616818210469533,31.47571638846084,28.52428361153916,8.338499999999982,0.0,3.9074931605954086,50.0,8.3385,True,COLLISION with vehicle.ue4.audi.tt,0.0,0.0,0.0,freeze,latency,12760044,,0
proposed_d16f,proposed,16,60.0,0.4,20.0,20.0,False,vehicle.ue4.audi.tt,0.0,0.0,0.08498652604253443,4.908517510497688,55.09148248950231,3.924000000000021,0.0,3.633198957736103,50.0,3.9240000000000004,True,COLLISION with vehicle.ue4.audi.tt,0.0,0.0,0.0,freeze,latency,12760045,,0
proposed_d16f,proposed,16,60.0,0.4,25.0,20.0,False,vehicle.ue4.audi.tt,0.0,0.0,0.3293398832098818,23.69292484406327,36.30707515593673,3.924000000000021,0.0,3.941950472733798,23.86853858917589,3.9240000000000004,True,COLLISION with vehicle.ue4.audi.tt,0.0,0.0,0.0,freeze,latency,12760046,,0
proposed_d16f,proposed,16,60.0,0.4,30.0,20.0,False,vehicle.ue4.audi.tt,0.0,0.0,0.6509979159057065,34.85690465504034,25.143095344959658,3.924000000000021,0.0,3.8587883563492396,12.124440880867857,3.9240000000000004,True,COLLISION with vehicle.ue4.audi.tt,0.0,0.0,0.0,freeze,latency,12760047,,0
proposed_d16f,proposed,16,60.0,0.4,35.0,20.0,False,vehicle.ue4.audi.tt,0.0,0.0,0.9379485006315742,36.59722255620004,23.40277744379996,3.9239999999999853,0.0,3.8762338770562006,8.47349706313866,3.9240000000000004,True,COLLISION with vehicle.ue4.audi.tt,0.0,0.0,0.0,freeze,latency,12760048,,0
proposed_d16f,proposed,16,60.0,0.4,40.0,20.0,False,vehicle.ue4.audi.tt,0.0,0.0,1.181853437384919,36.72218454572186,23.277815454278137,3.9239999999999853,0.0,3.819165463719918,6.77556747729692,3.9240000000000004,True,COLLISION with vehicle.ue4.audi.tt,0.0,0.0,0.0,freeze,latency,12760049,,0
proposed_enhanced_d0f,proposed_enhanced,0,20.0,0.85,20.0,20.0,True,,0.21530107777467,10.885593445560641,0.50221593900524,20.0,0.0,8.3385,2.5582046508789062,3.889392908801973,5.462576504708151,8.3385,True,AVOIDED,0.0,0.0,0.0,freeze,latency,21380000,,0
proposed_enhanced_d0f,proposed_enhanced,0,20.0,0.85,25.0,20.0,True,,0.2162533646684044,10.888755969504496,0.5028584719653698,20.0,0.0,8.3385,2.557849884033203,3.8903366072683605,5.460013796355304,8.3385,True,AVOIDED,0.0,0.0,0.0,freeze,latency,21380001,,0
proposed_enhanced_d0f,proposed_enhanced,0,20.0,0.85,30.0,20.0,True,,0.2152972418935457,10.885593445560641,0.50221593900524,20.0,0.0,8.3385,2.5582046508789062,3.8893890729190055,5.462576504708151,8.3385,True,AVOIDED,0.0,0.0,0.0,freeze,latency,21380002,,0
proposed_enhanced_d0f,proposed_enhanced,0,20.0,0.85,35.0,20.0,True,,0.2162533646684044,10.888755969504496,0.5028584719653698,20.0,0.0,8.3385,2.557849884033203,3.8903366072683605,5.460013796355304,8.3385,True,AVOIDED,0.0,0.0,0.0,freeze,latency,21380003,,0
proposed_enhanced_d0f,proposed_enhanced,0,20.0,0.85,40.0,20.0,True,,0.21530103643251586,10.885593445560641,0.5022159368769763,20.0,0.0,8.3385,2.5582046508789062,3.889392867454668,5.46257652108908,8.3385,True,AVOIDED,0.0,0.0,0.0,freeze,latency,21380004,,0
proposed_enhanced_d0f,proposed_enhanced,0,20.0,0.4,20.0,20.0,True,,0.22617499072165792,3.3241366557309386,1.1546205321726486,20.0,0.0,3.924000000000003,6.129234313964844,3.900479178019479,2.383266193579067,3.9240000000000004,True,AVOIDED,0.0,0.0,0.0,freeze,latency,21380005,,0
proposed_enhanced_d0f,proposed_enhanced,0,20.0,0.4,25.0,20.0,True,,0.2247097551396262,0.0,1.154435047536636,20.0,0.0,3.924000000000003,6.129241943359375,3.8990139424374473,2.3836807315279667,3.9240000000000004,True,AVOIDED,0.0,0.0,0.0,freeze,latency,21380006,,0
proposed_enhanced_d0f,proposed_enhanced,0,20.0,0.4,30.0,20.0,True,,0.22617499072165792,3.3241366557309386,1.1546205321726486,20.0,0.0,3.924000000000003,6.129234313964844,3.900479178019479,2.383266193579067,3.9240000000000004,True,AVOIDED,0.0,0.0,0.0,freeze,latency,21380007,,0
proposed_enhanced_d0f,proposed_enhanced,0,20.0,0.4,35.0,20.0,True,,0.22589060622131774,3.3242103630855198,1.1541059223554937,20.0,0.0,3.924000000000003,6.128807067871094,3.900194793519139,2.3833850196249022,3.9240000000000004,True,AVOIDED,0.0,0.0,0.0,freeze,latency,21380008,,0
proposed_enhanced_d0f,proposed_enhanced,0,20.0,0.4,40.0,20.0,True,,0.22617878446938056,3.3241366557309386,1.1546212236387472,20.0,0.0,3.924000000000003,6.129234313964844,3.9004829717672016,2.383264764580292,3.9240000000000004,True,AVOIDED,0.0,0.0,0.0,freeze,latency,21380009,,0
proposed_enhanced_d0f,proposed_enhanced,0,30.0,0.85,20.0,20.0,True,,0.4482490142761577,8.775172920364815,0.5363649016095646,30.0,0.0,8.3385,4.346763610839844,4.122553201573979,6.9185551592001575,8.3385,True,AVOIDED,0.0,0.0,0.0,freeze,latency,21380010,,0
proposed_enhanced_d0f,proposed_enhanced,0,30.0,0.85,25.0,20.0,True,,0.3702462741230823,9.063808936728469,0.7784635386846538,30.0,0.0,8.3385,6.079704284667969,4.044443867631996,5.305284457571184,8.3385,True,AVOIDED,0.0,0.0,0.0,freeze,latency,21380011,,0
proposed_enhanced_d0f,proposed_enhanced,0,30.0,0.85,30.0,20.0,True,,0.3696257606473301,0.0,0.7799113009993229,30.0,0.0,8.3385,6.079586029052734,4.043709182874444,5.305106906901853,8.3385,True,AVOIDED,0.0,0.0,0.0,freeze,latency,21380012,,0
proposed_enhanced_d0f,proposed_enhanced,0,30.0,0.85,35.0,20.0,True,,0.37025006969740293,9.063808936728469,0.7784639980820746,30.0,0.0,8.3385,6.079704284667969,4.044447663205551,5.305281323157405,8.3385,True,AVOIDED,0.0,0.0,0.0,freeze,latency,21380013,,0
proposed_enhanced_d0f,proposed_enhanced,0,30.0,0.85,40.0,20.0,True,,0.36992705430331885,9.062061467275186,0.7792492261144797,30.0,0.0,8.3385,6.080097198486328,4.044071218056367,5.305344739008538,8.3385,True,AVOIDED,0.0,0.0,0.0,freeze,latency,21380014,,0
proposed_enhanced_d0f,proposed_enhanced,0,30.0,0.4,20.0,20.0,True,,0.37153674755455146,4.2007117416867015,1.4363360481667833,30.0,0.0,3.924000000000003,12.284683227539062,4.0458409348523725,2.43371517620615,3.9240000000000004,True,AVOIDED,0.0,0.0,0.0,freeze,latency,21380015,,0
proposed_enhanced_d0f,proposed_enhanced,0,30.0,0.4,25.0,20.0,True,,1.0073055749161766,4.0639557092327,1.1524483666416514,30.0,0.0,3.924000000000003,9.165351867675781,4.6814649237391235,3.3316693273856473,3.9240000000000004,True,AVOIDED,0.0,0.0,0.0,freeze,latency,21380016,,0
proposed_enhanced_d0f,proposed_enhanced,0,30.0,0.4,30.0,20.0,True,,0.6356304906936039,3.50557374243105,1.67619741471883,30.0,0.0,3.924000000000003,13.675102233886719,4.309934677991425,2.387381215483162,3.9240000000000004,True,AVOIDED,0.0,0.0,0.0,freeze,latency,21380017,,0
proposed_enhanced_d0f,proposed_enhanced,0,30.0,0.4,35.0,20.0,True,,0.6357928535057873,3.5057601968077434,1.7290123609883672,30.0,0.0,3.924000000000003,13.67474365234375,4.310097040803608,2.3901463996959005,3.9240000000000004,True,AVOIDED,0.0,0.0,0.0,freeze,latency,21380018,,0
proposed_enhanced_d0f,proposed_enhanced,0,30.0,0.4,40.0,20.0,True,,0.6356380848822489,3.50557374243105,1.7308080242482524,30.0,0.0,3.924000000000003,13.675102233886719,4.30994227218007,2.390125282715792,3.9240000000000004,True,AVOIDED,0.0,0.0,0.0,freeze,latency,21380019,,0
proposed_enhanced_d0f,proposed_enhanced,0,40.0,0.85,20.0,20.0,False,vehicle.ue4.audi.tt,0.0,0.0,0.1501102073874885,20.694892677663113,19.305107322336887,8.338499999999982,0.0,3.8819999398502856,33.28535665424344,8.3385,True,COLLISION with vehicle.ue4.audi.tt,0.0,0.0,0.0,freeze,latency,21380020,,0
proposed_enhanced_d0f,proposed_enhanced,0,40.0,0.85,25.0,20.0,False,vehicle.ue4.audi.tt,0.0,8.62440697473196,0.6149612830747088,39.399104871108065,0.6008951288919321,8.3385,0.0,3.8158108518826235,8.417455933979024,8.3385,True,COLLISION with vehicle.ue4.audi.tt,0.0,0.0,0.0,freeze,latency,21380021,,0
proposed_enhanced_d0f,proposed_enhanced,0,40.0,0.85,30.0,20.0,True,,0.4810580141458134,7.464815042622891,1.0491368030451966,40.0,0.0,8.3385,11.604576110839844,4.155362201443634,5.008331380756813,8.3385,True,AVOIDED,0.0,0.0,0.0,freeze,latency,21380022,,0
proposed_enhanced_d0f,proposed_enhanced,0,40.0,0.85,35.0,20.0,True,,0.4823449403429292,7.464558147678174,1.0933288826888092,40.0,0.0,8.3385,11.604576110839844,4.15664912764075,5.042133668901332,8.3385,True,AVOIDED,0.0,0.0,0.0,freeze,latency,21380023,,0
proposed_enhanced_d0f,proposed_enhanced,0,40.0,0.85,40.0,20.0,True,,0.4821331264588906,0.0,1.0944919154261061,40.0,0.0,8.3385,11.603866577148438,4.156437313756712,5.042166946514562,8.3385,True,AVOIDED,0.0,0.0,0.0,freeze,latency,21380024,,0
proposed_enhanced_d0f,proposed_enhanced,0,40.0,0.4,20.0,20.0,False,vehicle.ue4.audi.tt,0.0,0.0,1.2518607036226785,33.08860290601171,6.911397093988291,3.924000000000003,0.0,3.820263313116803,3.9603839026224663,3.9240000000000004,True,COLLISION with vehicle.ue4.audi.tt,0.0,0.0,0.0,freeze,latency,21380025,,0
proposed_enhanced_d0f,proposed_enhanced,0,40.0,0.4,25.0,20.0,True,,0.959654028780565,4.035941230617559,1.6838269796147827,40.0,0.0,3.924000000000003,18.301773071289062,4.633958216078386,2.9670315408161603,3.9240000000000004,True,AVOIDED,0.0,0.0,0.0,freeze,latency,21380026,,0
proposed_enhanced_d0f,proposed_enhanced,0,40.0,0.4,30.0,20.0,True,,1.068782799805252,4.002095125831429,2.0880054026910475,40.0,0.0,3.924000000000003,23.160781860351562,4.743086987103073,2.4097439560587066,3.9240000000000004,True,AVOIDED,0.0,0.0,0.0,freeze,latency,21380027,,0
proposed_enhanced_d0f,proposed_enhanced,0,40.0,0.4,35.0,20.0,True,,1.4947955446336891,4.06738792333732,1.5397127114380706,40.0,0.0,3.924000000000003,16.109716415405273,5.169084438389189,3.4490762113198645,3.9240000000000004,True,AVOIDED,0.0,0.0,0.0,freeze,latency,21380028,,0
proposed_enhanced_d0f,proposed_enhanced,0,40.0,0.4,40.0,20.0,True,,1.3344178746672473,4.036013133195462,1.9882779080849502,40.0,0.0,3.924000000000003,21.239639282226562,5.008722061965068,2.692462526255323,3.9240000000000004,True,AVOIDED,0.0,0.0,0.0,freeze,latency,21380029,,0
proposed_enhanced_d0f,proposed_enhanced,0,50.0,0.85,20.0,20.0,False,vehicle.ue4.audi.tt,0.0,9.179577207985744,1.0283507624270962,45.69731151052262,4.302688489477385,8.3385,0.0,3.8129846952657265,6.251445427884491,8.3385,True,COLLISION with vehicle.ue4.audi.tt,0.0,0.0,0.0,freeze,latency,21380030,,0
proposed_enhanced_d0f,proposed_enhanced,0,50.0,0.85,25.0,20.0,True,,0.45046258479036094,8.259250118162122,1.2728104921688268,50.0,0.0,8.338500000000018,17.28561782836914,4.124538065949098,5.040610907566165,8.3385,True,AVOIDED,0.0,0.0,0.0,freeze,latency,21380031,,0
proposed_enhanced_d0f,proposed_enhanced,0,50.0,0.85,30.0,20.0,False,vehicle.ue4.audi.tt,0.0,0.0,0.613945021705189,38.19292828846796,11.807071711532037,8.338500000000018,0.0,3.8331226666580007,10.750528962788541,8.3385,True,COLLISION with vehicle.ue4.audi.tt,0.0,0.0,0.0,freeze,latency,21380032,,0
proposed_enhanced_d0f,proposed_enhanced,0,50.0,0.85,35.0,20.0,True,,1.282818156992799,9.046357090180177,1.0049640659373305,50.0,0.0,8.338500000000018,13.001171112060547,4.95712234429062,6.639201261619354,8.3385,True,AVOIDED,0.0,0.0,0.0,freeze,latency,21380033,,0
proposed_enhanced_d0f,proposed_enhanced,0,50.0,0.85,40.0,20.0,True,,0.8168186771658936,7.887537014781814,1.305084581052742,50.0,0.0,8.338500000000018,17.609844207763672,4.490871909313803,5.16126828009213,8.3385,True,AVOIDED,0.0,0.0,0.0,freeze,latency,21380034,,0
proposed_enhanced_d0f,proposed_enhanced,0,50.0,0.4,20.0,20.0,False,vehicle.ue4.audi.tt,0.0,0.0,1.0283095496803998,30.89710919269787,19.10289080730213,3.9239999999999853,0.0,3.931804011362903,6.252550149773482,3.9240000000000004,True,COLLISION with vehicle.ue4.audi.tt,0.0,0.0,0.0,freeze,latency,21380035,,0
proposed_enhanced_d0f,proposed_enhanced,0,50.0,0.4,25.0,20.0,False,vehicle.ue4.audi.tt,0.0,0.0,1.3758346436684956,38.277805660868836,11.722194339131166,3.924000000000003,0.0,3.8306275281397872,4.67320867168864,3.9240000000000004,True,COLLISION with vehicle.ue4.audi.tt,0.0,0.0,0.0,freeze,latency,21380036,,0
proposed_enhanced_d0f,proposed_enhanced,0,50.0,0.4,30.0,20.0,True,,0.17858043039240457,0.0,1.6931577826355022,50.0,0.0,3.924000000000003,23.768543243408203,3.8528846176902256,3.810517401565081,3.9240000000000004,True,AVOIDED,0.0,0.0,0.0,freeze,latency,21380037,,0
proposed_enhanced_d0f,proposed_enhanced,0,50.0,0.4,35.0,20.0,True,,2.0889202753311755,3.9921376942202413,2.0676783353048585,50.0,0.0,3.924000000000003,27.380136489868164,5.763090991476515,3.138659343808589,3.9240000000000004,True,AVOIDED,0.0,0.0,0.0,freeze,latency,21380038,,0
proposed_enhanced_d0f,proposed_enhanced,0,50.0,0.4,40.0,20.0,True,,2.0421813354331375,4.0181403790707355,2.4010143280389222,50.0,0.0,3.924000000000003,32.258137702941895,5.716485522730959,2.716103077871017,3.9240000000000004,True,AVOIDED,0.0,0.0,0.0,freeze,latency,21380039,,0
proposed_enhanced_d0f,proposed_enhanced,0,60.0,0.85,20.0,20.0,False,vehicle.ue4.audi.tt,0.0,0.0,0.8715222210920067,44.84740935167251,15.152590648327486,8.3385,0.0,3.8926817520277406,9.086393451542861,8.3385,True,COLLISION with vehicle.ue4.audi.tt,0.0,0.0,0.0,freeze,latency,21380040,,0
proposed_enhanced_d0f,proposed_enhanced,0,60.0,0.85,25.0,20.0,True,,0.5394924928235163,8.499512357079121,1.1321023594448238,60.0,0.0,8.3385,17.8830509185791,4.213796680121337,6.9582527156196,8.3385,True,AVOIDED,0.0,0.0,0.0,freeze,latency,21380041,,0
proposed_enhanced_d0f,proposed_enhanced,0,60.0,0.85,30.0,20.0,True,,0.9990036265194631,8.958729680127387,1.450181401363242,60.0,0.0,8.3385,23.221839904785156,4.673128729056905,5.434061926855033,8.3385,True,AVOIDED,0.0,0.0,0.0,freeze,latency,21380042,,0
proposed_enhanced_d0f,proposed_enhanced,0,60.0,0.85,35.0,20.0,True,,1.037472034860916,8.210602880240085,1.5297888343786956,60.0,0.0,8.3385,24.8402042388916,4.71160087264355,5.160787367370734,8.3385,True,AVOIDED,0.0,0.0,0.0,freeze,latency,21380043,,0
proposed_enhanced_d0f,proposed_enhanced,0,60.0,0.85,40.0,20.0,False,vehicle.ue4.audi.tt,0.0,8.76915442590436,0.9409190833451215,57.005421690817684,2.994578309182313,8.3385,0.0,3.812551458609789,8.58376355436793,8.3385,True,COLLISION with vehicle.ue4.audi.tt,0.0,0.0,0.0,freeze,latency,21380044,,0
proposed_enhanced_d0f,proposed_enhanced,0,60.0,0.4,20.0,20.0,False,vehicle.ue4.audi.tt,0.0,0.0,0.8715254526935651,23.42066973115253,36.57933026884747,3.924000000000021,0.0,4.306487111253795,9.086313642403866,3.9240000000000004,True,COLLISION with vehicle.ue4.audi.tt,0.0,0.0,0.0,freeze,latency,21380045,,0
proposed_enhanced_d0f,proposed_enhanced,0,60.0,0.4,25.0,20.0,False,vehicle.ue4.audi.tt,0.0,0.0,1.1320984504324096,38.97266202140629,21.027337978593703,3.924000000000021,0.0,3.8361552806586485,6.958298042137608,3.9240000000000004,True,COLLISION with vehicle.ue4.audi.tt,0.0,0.0,0.0,freeze,latency,21380046,,0
proposed_enhanced_d0f,proposed_enhanced,0,60.0,0.4,30.0,20.0,False,vehicle.ue4.audi.tt,0.0,0.0,1.450180316163522,43.5424292271081,16.4575707728919,3.924000000000021,0.0,3.8264777487467945,5.434038122471865,3.9240000000000004,True,COLLISION with vehicle.ue4.audi.tt,0.0,0.0,0.0,freeze,latency,21380047,,0
proposed_enhanced_d0f,proposed_enhanced,0,60.0,0.4,35.0,20.0,False,vehicle.ue4.audi.tt,0.0,0.0,1.7309820417473594,47.550827681529086,12.449172318470913,3.924000000000021,0.0,3.8217315018061844,4.564112807088881,3.9240000000000004,True,COLLISION with vehicle.ue4.audi.tt,0.0,0.0,0.0,freeze,latency,21380048,,0
proposed_enhanced_d0f,proposed_enhanced,0,60.0,0.4,40.0,20.0,False,vehicle.ue4.audi.tt,0.0,4.065042883689418,2.016186606957437,56.80056542842427,3.1994345715757304,3.924000000000021,0.0,3.814060065192188,3.9298737880746435,3.9240000000000004,True,COLLISION with vehicle.ue4.audi.tt,0.0,0.0,0.0,freeze,latency,21380049,,0
proposed_enhanced_d4f,proposed_enhanced,4,20.0,0.85,20.0,20.0,False,vehicle.ue4.audi.tt,0.0,0.0,0.30315250109290665,12.853220776472227,7.146779223527772,8.3385,0.0,3.825324666842849,9.059110964200046,8.3385,True,COLLISION with vehicle.ue4.audi.tt,0.0,0.0,0.0,freeze,latency,21420000,,0
proposed_enhanced_d4f,proposed_enhanced,4,20.0,0.85,25.0,20.0,False,vehicle.ue4.audi.tt,0.0,0.0,0.30294794097148653,12.85851975079561,7.14148024920439,8.3385,0.0,3.8259841734568654,9.059687566576635,8.3385,True,COLLISION with vehicle.ue4.audi.tt,0.0,0.0,0.0,freeze,latency,21420001,,0
proposed_enhanced_d4f,proposed_enhanced,4,20.0,0.85,30.0,20.0,False,vehicle.ue4.audi.tt,0.0,0.0,0.30315250109290665,12.853268962922918,7.146731037077081,8.3385,0.0,3.825324581529767,9.059110964200046,8.3385,True,COLLISION with vehicle.ue4.audi.tt,0.0,0.0,0.0,freeze,latency,21420002,,0
proposed_enhanced_d4f,proposed_enhanced,4,20.0,0.85,35.0,20.0,False,vehicle.ue4.audi.tt,0.0,0.0,0.30294794097148653,12.858519571653005,7.141480428346994,8.3385,0.0,3.8259841734568654,9.059687566576635,8.3385,True,COLLISION with vehicle.ue4.audi.tt,0.0,0.0,0.0,freeze,latency,21420003,,0
proposed_enhanced_d4f,proposed_enhanced,4,20.0,0.85,40.0,20.0,False,vehicle.ue4.audi.tt,0.0,0.0,0.30315249873168537,12.853269211074739,7.146730788925262,8.3385,0.0,3.8253245957485773,9.059111018574239,8.3385,True,COLLISION with vehicle.ue4.audi.tt,0.0,0.0,0.0,freeze,latency,21420004,,0
proposed_enhanced_d4f,proposed_enhanced,4,20.0,0.4,20.0,20.0,False,vehicle.ue4.audi.tt,0.0,0.0,0.954521540650474,15.139655775461712,4.860344224538288,3.924000000000003,0.0,3.817734931323384,2.883286592751476,3.9240000000000004,True,COLLISION with vehicle.ue4.audi.tt,0.0,0.0,0.0,freeze,latency,21420005,,0
proposed_enhanced_d4f,proposed_enhanced,4,20.0,0.4,25.0,20.0,False,vehicle.ue4.audi.tt,0.0,0.0,0.9545433866387882,15.132966946506263,4.867033053493737,3.924000000000003,0.0,3.8171379793424656,2.8831644300408477,3.9240000000000004,True,COLLISION with vehicle.ue4.audi.tt,0.0,0.0,0.0,freeze,latency,21420006,,0
proposed_enhanced_d4f,proposed_enhanced,4,20.0,0.4,30.0,20.0,False,vehicle.ue4.audi.tt,0.0,0.0,0.954521540650474,15.139666521503544,4.860333478496456,3.924000000000003,0.0,3.817734931323384,2.883286592751476,3.9240000000000004,True,COLLISION with vehicle.ue4.audi.tt,0.0,0.0,0.0,freeze,latency,21420007,,0
proposed_enhanced_d4f,proposed_enhanced,4,20.0,0.4,35.0,20.0,False,vehicle.ue4.audi.tt,0.0,0.0,0.9545433866387882,15.13296178914693,4.867038210853069,3.924000000000003,0.0,3.81713795118745,2.8831644300408477,3.9240000000000004,True,COLLISION with vehicle.ue4.audi.tt,0.0,0.0,0.0,freeze,latency,21420008,,0
proposed_enhanced_d4f,proposed_enhanced,4,20.0,0.4,40.0,20.0,False,vehicle.ue4.audi.tt,0.0,0.0,0.9545222319727912,15.139664972972454,4.860335027027545,3.924000000000003,0.0,3.817738709915874,2.883284501753749,3.9240000000000004,True,COLLISION with vehicle.ue4.audi.tt,0.0,0.0,0.0,freeze,latency,21420009,,0
proposed_enhanced_d4f,proposed_enhanced,4,30.0,0.85,20.0,20.0,False,vehicle.ue4.audi.tt,0.0,0.0,0.3602305025858375,21.465218938447492,8.534781061552506,8.3385,0.0,3.8308564604310202,10.846931890636263,8.3385,True,COLLISION with vehicle.ue4.audi.tt,0.0,0.0,0.0,freeze,latency,21420010,,0
proposed_enhanced_d4f,proposed_enhanced,4,30.0,0.85,25.0,20.0,False,vehicle.ue4.audi.tt,0.0,0.0,0.5787230216695446,21.01777027342445,8.98222972657555,8.3385,0.0,3.8252276990065868,7.136997713203927,8.3385,True,COLLISION with vehicle.ue4.audi.tt,0.0,0.0,0.0,freeze,latency,21420011,,0
proposed_enhanced_d4f,proposed_enhanced,4,30.0,0.85,30.0,20.0,False,vehicle.ue4.audi.tt,0.0,0.0,0.5793209840548225,21.012105045592236,8.987894954407762,8.3385,0.0,3.8255912613053424,7.137048403373015,8.3385,True,COLLISION with vehicle.ue4.audi.tt,0.0,0.0,0.0,freeze,latency,21420012,,0
proposed_enhanced_d4f,proposed_enhanced,4,30.0,0.85,35.0,20.0,False,vehicle.ue4.audi.tt,0.0,0.0,0.5787234808785195,21.017832904752126,8.982167095247872,8.3385,0.0,3.825223834876859,7.13699204290616,8.3385,True,COLLISION with vehicle.ue4.audi.tt,0.0,0.0,0.0,freeze,latency,21420013,,0
proposed_enhanced_d4f,proposed_enhanced,4,30.0,0.85,40.0,20.0,False,vehicle.ue4.audi.tt,0.0,0.0,0.5793214425533617,21.012119163120317,8.98788083687968,8.3385,0.0,3.8255950274148818,7.137042742548217,8.3385,True,COLLISION with vehicle.ue4.audi.tt,0.0,0.0,0.0,freeze,latency,21420014,,0
proposed_enhanced_d4f,proposed_enhanced,4,30.0,0.4,20.0,20.0,False,vehicle.ue4.audi.tt,0.0,0.0,1.2424561920193296,24.19439543087194,5.80560456912806,3.924000000000003,0.0,3.8195239137963717,2.826522974852983,3.9240000000000004,True,COLLISION with vehicle.ue4.audi.tt,0.0,0.0,0.0,freeze,latency,21420015,,0
proposed_enhanced_d4f,proposed_enhanced,4,30.0,0.4,25.0,20.0,False,vehicle.ue4.audi.tt,0.0,0.0,0.9958098029143205,25.181644783055923,4.818355216944077,3.924000000000003,0.0,3.816599963385636,4.011785511957171,3.9240000000000004,True,COLLISION with vehicle.ue4.audi.tt,0.0,0.0,0.0,freeze,latency,21420016,,0
proposed_enhanced_d4f,proposed_enhanced,4,30.0,0.4,30.0,20.0,False,vehicle.ue4.audi.tt,0.0,0.0,1.5306356238718701,25.426313929452913,4.573686070547087,3.924000000000003,0.0,3.813415899975681,2.702742794610904,3.9240000000000004,True,COLLISION with vehicle.ue4.audi.tt,0.0,0.0,0.0,freeze,latency,21420017,,0
proposed_enhanced_d4f,proposed_enhanced,4,30.0,0.4,35.0,20.0,False,vehicle.ue4.audi.tt,0.0,0.0,1.5290434514754159,25.430162463781922,4.5698375362180785,3.924000000000003,0.0,3.8135501128451574,2.7027740850486635,3.9240000000000004,True,COLLISION with vehicle.ue4.audi.tt,0.0,0.0,0.0,freeze,latency,21420018,,0
proposed_enhanced_d4f,proposed_enhanced,4,30.0,0.4,40.0,20.0,False,vehicle.ue4.audi.tt,0.0,0.0,1.5306365453005986,25.426305526704887,4.573694473295114,3.924000000000003,0.0,3.813419636842412,2.7027411662969474,3.9240000000000004,True,COLLISION with vehicle.ue4.audi.tt,0.0,0.0,0.0,freeze,latency,21420019,,0
proposed_enhanced_d4f,proposed_enhanced,4,40.0,0.85,20.0,20.0,False,vehicle.ue4.audi.tt,0.0,0.0,0.0,17.223627377098477,22.776372622901523,0.0,0.0,3.882782771204341,0.0,8.3385,True,COLLISION with vehicle.ue4.audi.tt,0.0,0.0,0.0,freeze,latency,21420020,,0
proposed_enhanced_d4f,proposed_enhanced,4,40.0,0.85,25.0,20.0,False,vehicle.ue4.audi.tt,0.0,0.0,0.4314534600304656,28.50641204651218,11.493587953487818,8.338500000000018,0.0,3.833313468780505,12.376621174100213,8.3385,True,COLLISION with vehicle.ue4.audi.tt,0.0,0.0,0.0,freeze,latency,21420021,,0
proposed_enhanced_d4f,proposed_enhanced,4,40.0,0.85,30.0,20.0,False,vehicle.ue4.audi.tt,0.0,0.0,0.8744985452733318,30.649005365980596,9.350994634019404,8.338500000000018,0.0,3.8194451230705577,6.164842930542527,8.3385,True,COLLISION with vehicle.ue4.audi.tt,0.0,0.0,0.0,freeze,latency,21420022,,0
proposed_enhanced_d4f,proposed_enhanced,4,40.0,0.85,35.0,20.0,False,vehicle.ue4.audi.tt,0.0,0.0,0.8935940383885911,30.634964674094043,9.365035325905955,8.338500000000018,0.0,3.8208102961668335,6.169346583504797,8.3385,True,COLLISION with vehicle.ue4.audi.tt,0.0,0.0,0.0,freeze,latency,21420023,,0
proposed_enhanced_d4f,proposed_enhanced,4,40.0,0.85,40.0,20.0,False,vehicle.ue4.audi.tt,0.0,0.0,0.8936572448973475,30.649026301412675,9.350973698587326,8.338500000000018,0.0,3.8194412018793202,6.1696059422910565,8.3385,True,COLLISION with vehicle.ue4.audi.tt,0.0,0.0,0.0,freeze,latency,21420024,,0
proposed_enhanced_d4f,proposed_enhanced,4,40.0,0.4,20.0,20.0,False,vehicle.ue4.audi.tt,0.0,0.0,1.0458952371880255,29.385131002146114,10.614868997853886,3.924000000000003,0.0,3.823472787576154,4.718960093593316,3.9240000000000004,True,COLLISION with vehicle.ue4.audi.tt,0.0,0.0,0.0,freeze,latency,21420025,,0
proposed_enhanced_d4f,proposed_enhanced,4,40.0,0.4,25.0,20.0,False,vehicle.ue4.audi.tt,0.0,0.0,1.4817608612526953,33.496190833817025,6.503809166182974,3.924000000000003,0.0,3.8196483064313367,3.3682021659632118,3.9240000000000004,True,COLLISION with vehicle.ue4.audi.tt,0.0,0.0,0.0,freeze,latency,21420026,,0
proposed_enhanced_d4f,proposed_enhanced,4,40.0,0.4,30.0,20.0,False,vehicle.ue4.audi.tt,0.0,0.0,1.8896233376098541,35.45186453510594,4.548135464894062,3.924000000000003,0.0,3.815333679067324,2.66486712172402,3.9240000000000004,True,COLLISION with vehicle.ue4.audi.tt,0.0,0.0,0.0,freeze,latency,21420027,,0
proposed_enhanced_d4f,proposed_enhanced,4,40.0,0.4,35.0,20.0,False,vehicle.ue4.audi.tt,0.0,0.0,1.3705769838972317,35.98454310847115,4.015456891528852,3.924000000000003,0.0,3.8113082484049414,3.9561096411572114,3.9240000000000004,True,COLLISION with vehicle.ue4.audi.tt,0.0,0.0,0.0,freeze,latency,21420028,,0
proposed_enhanced_d4f,proposed_enhanced,4,40.0,0.4,40.0,20.0,False,vehicle.ue4.audi.tt,0.0,0.0,1.8219743888460807,35.295568539222685,4.704431460777313,3.924000000000003,0.0,3.815081995233533,2.9904325390901367,3.9240000000000004,True,COLLISION with vehicle.ue4.audi.tt,0.0,0.0,0.0,freeze,latency,21420029,,0
proposed_enhanced_d4f,proposed_enhanced,4,50.0,0.85,20.0,20.0,False,vehicle.ue4.audi.tt,0.0,0.0,0.8251043737093288,34.264687304195384,15.735312695804614,8.3385,0.0,3.9395528090053737,7.766762818940709,8.3385,True,COLLISION with vehicle.ue4.audi.tt,0.0,0.0,0.0,freeze,latency,21420030,,0
proposed_enhanced_d4f,proposed_enhanced,4,50.0,0.85,25.0,20.0,False,vehicle.ue4.audi.tt,0.0,0.0,1.0731167017709133,39.86419410768703,10.135805892312977,8.3385,0.0,3.8336842912587246,5.980665927339215,8.3385,True,COLLISION with vehicle.ue4.audi.tt,0.0,0.0,0.0,freeze,latency,21420031,,0
proposed_enhanced_d4f,proposed_enhanced,4,50.0,0.85,30.0,20.0,False,vehicle.ue4.audi.tt,0.0,0.0,0.4251128672409044,32.96494167938121,17.03505832061879,8.338499999999982,0.0,3.853127439879511,15.854709969273962,8.3385,True,COLLISION with vehicle.ue4.audi.tt,0.0,0.0,0.0,freeze,latency,21420032,,0
proposed_enhanced_d4f,proposed_enhanced,4,50.0,0.85,35.0,20.0,False,vehicle.ue4.audi.tt,0.0,0.0,0.8215348332011302,40.51477425707224,9.485225742927758,8.338500000000018,0.0,3.827782960567656,8.266929885897758,8.3385,True,COLLISION with vehicle.ue4.audi.tt,0.0,0.0,0.0,freeze,latency,21420033,,0
proposed_enhanced_d4f,proposed_enhanced,4,50.0,0.85,40.0,20.0,False,vehicle.ue4.audi.tt,0.0,0.0,1.1256022342595982,40.970428771624555,9.029571228375447,8.3385,0.0,3.8323807073563874,6.084587494410785,8.3385,True,COLLISION with vehicle.ue4.audi.tt,0.0,0.0,0.0,freeze,latency,21420034,,0
proposed_enhanced_d4f,proposed_enhanced,4,50.0,0.4,20.0,20.0,False,vehicle.ue4.audi.tt,0.0,0.0,0.8249089199307247,25.938487285660965,24.061512714339035,3.9239999999999853,0.0,3.9357549704739907,7.769280542248863,3.9240000000000004,True,COLLISION with vehicle.ue4.audi.tt,0.0,0.0,0.0,freeze,latency,21420035,,0
proposed_enhanced_d4f,proposed_enhanced,4,50.0,0.4,25.0,20.0,False,vehicle.ue4.audi.tt,0.0,0.0,1.1726620741646545,35.55065179781639,14.449348202183609,3.924000000000003,0.0,3.837152725295864,5.470290829535227,3.9240000000000004,True,COLLISION with vehicle.ue4.audi.tt,0.0,0.0,0.0,freeze,latency,21420036,,0
proposed_enhanced_d4f,proposed_enhanced,4,50.0,0.4,30.0,20.0,False,vehicle.ue4.audi.tt,0.0,0.0,1.4916298145059934,41.288130283152945,8.711869716847053,3.924000000000003,0.0,3.8237865128229553,4.321289169984538,3.9240000000000004,True,COLLISION with vehicle.ue4.audi.tt,0.0,0.0,0.0,freeze,latency,21420037,,0
proposed_enhanced_d4f,proposed_enhanced,4,50.0,0.4,35.0,20.0,False,vehicle.ue4.audi.tt,0.0,4.149703206198596,1.8680985585458059,45.11905349247014,4.880946507529866,3.924000000000003,0.0,3.811499567783674,3.4749540424911953,3.9240000000000004,True,COLLISION with vehicle.ue4.audi.tt,0.0,0.0,0.0,freeze,latency,21420038,,0
proposed_enhanced_d4f,proposed_enhanced,4,50.0,0.4,40.0,20.0,False,vehicle.ue4.audi.tt,0.0,4.035597028521447,2.2030793383321985,46.1697852495726,3.8302147504274027,3.924000000000003,0.0,3.807704674801444,2.96301843113483,3.9240000000000004,True,COLLISION with vehicle.ue4.audi.tt,0.0,0.0,0.0,freeze,latency,21420039,,0
proposed_enhanced_d4f,proposed_enhanced,4,60.0,0.85,20.0,20.0,False,vehicle.ue4.audi.tt,0.0,0.0,0.670785902381957,34.22910953234529,25.77089046765471,8.338499999999982,0.0,4.253234666754053,11.79884231501812,8.3385,True,COLLISION with vehicle.ue4.audi.tt,0.0,0.0,0.0,freeze,latency,21420040,,0
proposed_enhanced_d4f,proposed_enhanced,4,60.0,0.85,25.0,20.0,False,vehicle.ue4.audi.tt,0.0,0.0,0.9294034956742118,46.166305862566375,13.833694137433625,8.3385,0.0,3.8271962765179293,8.455953702939368,8.3385,True,COLLISION with vehicle.ue4.audi.tt,0.0,0.0,0.0,freeze,latency,21420041,,0
proposed_enhanced_d4f,proposed_enhanced,4,60.0,0.85,30.0,20.0,False,vehicle.ue4.audi.tt,0.0,0.0,1.2479717187943842,49.249593833486,10.750406166513994,8.3385,0.0,3.830481275165945,6.304709176506745,8.3385,True,COLLISION with vehicle.ue4.audi.tt,0.0,0.0,0.0,freeze,latency,21420042,,0
proposed_enhanced_d4f,proposed_enhanced,4,60.0,0.85,35.0,20.0,False,vehicle.ue4.audi.tt,0.0,0.0,1.3318323377819028,50.12695409694929,9.873045903050713,8.3385,0.0,3.825866575568356,5.935962690459567,8.3385,True,COLLISION with vehicle.ue4.audi.tt,0.0,0.0,0.0,freeze,latency,21420043,,0
proposed_enhanced_d4f,proposed_enhanced,4,60.0,0.85,40.0,20.0,False,vehicle.ue4.audi.tt,0.0,0.0,0.7521993952529648,45.280809773534486,14.719190226465512,8.3385,0.0,3.8190839221991464,10.877773157613753,8.3385,True,COLLISION with vehicle.ue4.audi.tt,0.0,0.0,0.0,freeze,latency,21420044,,0
proposed_enhanced_d4f,proposed_enhanced,4,60.0,0.4,20.0,20.0,False,vehicle.ue4.audi.tt,0.0,0.0,0.6707924490490013,16.435704488022743,43.56429551197726,3.924000000000021,0.0,3.872325855967398,11.798708468874347,3.9240000000000004,True,COLLISION with vehicle.ue4.audi.tt,0.0,0.0,0.0,freeze,latency,21420045,,0
proposed_enhanced_d4f,proposed_enhanced,4,60.0,0.4,25.0,20.0,False,vehicle.ue4.audi.tt,0.0,0.0,0.9293932185274408,35.322776757138996,24.677223242861004,3.924000000000021,0.0,3.8865615468931507,8.456025404959096,3.9240000000000004,True,COLLISION with vehicle.ue4.audi.tt,0.0,0.0,0.0,freeze,latency,21420046,,0
proposed_enhanced_d4f,proposed_enhanced,4,60.0,0.4,30.0,20.0,False,vehicle.ue4.audi.tt,0.0,0.0,1.24797716245846,41.23604889858497,18.763951101415028,3.924000000000021,0.0,3.8664679568922464,6.304676199433903,3.9240000000000004,True,COLLISION with vehicle.ue4.audi.tt,0.0,0.0,0.0,freeze,latency,21420047,,0
proposed_enhanced_d4f,proposed_enhanced,4,60.0,0.4,35.0,20.0,False,vehicle.ue4.audi.tt,0.0,0.0,1.5297743963589783,44.44149396304435,15.55850603695565,3.924000000000021,0.0,3.8167447150270206,5.160809466827104,3.9240000000000004,True,COLLISION with vehicle.ue4.audi.tt,0.0,0.0,0.0,freeze,latency,21420048,,0
proposed_enhanced_d4f,proposed_enhanced,4,60.0,0.4,40.0,20.0,False,vehicle.ue4.audi.tt,0.0,0.0,1.8161484633635292,49.7839515757192,10.2160484242808,3.924000000000021,0.0,3.826820466350778,4.362719119167426,3.9240000000000004,True,COLLISION with vehicle.ue4.audi.tt,0.0,0.0,0.0,freeze,latency,21420049,,0
proposed_enhanced_d8f,proposed_enhanced,8,20.0,0.85,20.0,20.0,False,vehicle.ue4.audi.tt,0.0,0.0,0.10345966766784383,10.409377719625692,9.590622280374308,3.335400049701338,0.0,3.831270132654493,26.555702859544578,8.3385,True,COLLISION with vehicle.ue4.audi.tt,0.0,0.0,0.0,freeze,latency,21460000,,0
proposed_enhanced_d8f,proposed_enhanced,8,20.0,0.85,25.0,20.0,False,vehicle.ue4.audi.tt,0.0,0.0,0.10351455167116226,10.412738997173093,9.587261002826907,3.335400049701338,0.0,3.8316558274501857,26.54483246781636,8.3385,True,COLLISION with vehicle.ue4.audi.tt,0.0,0.0,0.0,freeze,latency,21460001,,0
proposed_enhanced_d8f,proposed_enhanced,8,20.0,0.85,30.0,20.0,False,vehicle.ue4.audi.tt,0.0,0.0,0.10345966766784383,10.409417666112475,9.590582333887525,3.335400049701338,0.0,3.8312662824033286,26.555702859544578,8.3385,True,COLLISION with vehicle.ue4.audi.tt,0.0,0.0,0.0,freeze,latency,21460002,,0
proposed_enhanced_d8f,proposed_enhanced,8,20.0,0.85,35.0,20.0,False,vehicle.ue4.audi.tt,0.0,0.0,0.10351455167116226,10.412738867177655,9.587261132822345,3.335400049701338,0.0,3.8316558274501857,26.54483246781636,8.3385,True,COLLISION with vehicle.ue4.audi.tt,0.0,0.0,0.0,freeze,latency,21460003,,0
proposed_enhanced_d8f,proposed_enhanced,8,20.0,0.85,40.0,20.0,False,vehicle.ue4.audi.tt,0.0,0.0,0.10345966508540717,10.409419418166038,9.590580581833962,3.335400049701338,0.0,3.831266268337103,26.555703448086405,8.3385,True,COLLISION with vehicle.ue4.audi.tt,0.0,0.0,0.0,freeze,latency,21460004,,0
proposed_enhanced_d8f,proposed_enhanced,8,20.0,0.4,20.0,20.0,False,vehicle.ue4.audi.tt,0.0,0.0,0.7543054709655203,12.608457549303688,7.391542450696312,3.924000000000003,0.0,3.820718786137771,3.6487255012595154,3.9240000000000004,True,COLLISION with vehicle.ue4.audi.tt,0.0,0.0,0.0,freeze,latency,21460005,,0
proposed_enhanced_d8f,proposed_enhanced,8,20.0,0.4,25.0,20.0,False,vehicle.ue4.audi.tt,0.0,0.0,0.7542676314233697,12.620439191482955,7.379560808517045,3.924000000000003,0.0,3.8202287904560577,3.648870419825737,3.9240000000000004,True,COLLISION with vehicle.ue4.audi.tt,0.0,0.0,0.0,freeze,latency,21460006,,0
proposed_enhanced_d8f,proposed_enhanced,8,20.0,0.4,30.0,20.0,False,vehicle.ue4.audi.tt,0.0,0.0,0.7543054709655203,12.608474482770779,7.391525517229221,3.924000000000003,0.0,3.8207149495239605,3.6487255012595154,3.9240000000000004,True,COLLISION with vehicle.ue4.audi.tt,0.0,0.0,0.0,freeze,latency,21460007,,0
proposed_enhanced_d8f,proposed_enhanced,8,20.0,0.4,35.0,20.0,False,vehicle.ue4.audi.tt,0.0,0.0,0.7542676314233697,12.62043844192596,7.379561558074039,3.924000000000003,0.0,3.820224982367929,3.648870419825737,3.9240000000000004,True,COLLISION with vehicle.ue4.audi.tt,0.0,0.0,0.0,freeze,latency,21460008,,0
proposed_enhanced_d8f,proposed_enhanced,8,20.0,0.4,40.0,20.0,False,vehicle.ue4.audi.tt,0.0,0.0,0.7543061620557834,12.608451355030859,7.391548644969142,3.924000000000003,0.0,3.8207187427024456,3.648722153624726,3.9240000000000004,True,COLLISION with vehicle.ue4.audi.tt,0.0,0.0,0.0,freeze,latency,21460009,,0
proposed_enhanced_d8f,proposed_enhanced,8,30.0,0.85,20.0,20.0,False,vehicle.ue4.audi.tt,0.0,0.0,0.17950838831954213,16.69739408994067,13.30260591005933,8.3385,0.0,3.837875829573526,23.0458701643787,8.3385,True,COLLISION with vehicle.ue4.audi.tt,0.0,0.0,0.0,freeze,latency,21460010,,0
proposed_enhanced_d8f,proposed_enhanced,8,30.0,0.85,25.0,20.0,False,vehicle.ue4.audi.tt,0.0,0.0,0.37900909607080957,18.078194578525334,11.921805421474666,8.3385,0.0,3.8289571778884084,10.899675474648749,8.3385,True,COLLISION with vehicle.ue4.audi.tt,0.0,0.0,0.0,freeze,latency,21460011,,0
proposed_enhanced_d8f,proposed_enhanced,8,30.0,0.85,30.0,20.0,False,vehicle.ue4.audi.tt,0.0,0.0,0.37940402486755737,18.066694916235274,11.933305083764726,8.3385,0.0,3.828807738103117,10.899660039660514,8.3385,True,COLLISION with vehicle.ue4.audi.tt,0.0,0.0,0.0,freeze,latency,21460012,,0
proposed_enhanced_d8f,proposed_enhanced,8,30.0,0.85,35.0,20.0,False,vehicle.ue4.audi.tt,0.0,0.0,0.37900955504676526,18.078349859328142,11.921650140671856,8.3385,0.0,3.8289494777556374,10.8996622573383,8.3385,True,COLLISION with vehicle.ue4.audi.tt,0.0,0.0,0.0,freeze,latency,21460013,,0
proposed_enhanced_d8f,proposed_enhanced,8,30.0,0.85,40.0,20.0,False,vehicle.ue4.audi.tt,0.0,0.0,0.3794044829467957,18.06673378663649,11.933266213363508,8.3385,0.0,3.82881150431259,10.899646850007993,8.3385,True,COLLISION with vehicle.ue4.audi.tt,0.0,0.0,0.0,freeze,latency,21460014,,0
proposed_enhanced_d8f,proposed_enhanced,8,30.0,0.4,20.0,20.0,False,vehicle.ue4.audi.tt,0.0,0.0,1.0485088509264204,21.475998111928824,8.524001888071176,3.924000000000003,0.0,3.8271544345645108,3.367641477468426,3.9240000000000004,True,COLLISION with vehicle.ue4.audi.tt,0.0,0.0,0.0,freeze,latency,21460015,,0
proposed_enhanced_d8f,proposed_enhanced,8,30.0,0.4,25.0,20.0,False,vehicle.ue4.audi.tt,0.0,0.0,0.8292035355852461,21.34856037124817,8.65143962875183,3.924000000000003,0.0,3.8227683770887455,4.984520522013013,3.9240000000000004,True,COLLISION with vehicle.ue4.audi.tt,0.0,0.0,0.0,freeze,latency,21460016,,0
proposed_enhanced_d8f,proposed_enhanced,8,30.0,0.4,30.0,20.0,False,vehicle.ue4.audi.tt,0.0,0.0,1.3304686710872202,21.985594187729436,8.014405812270564,3.924000000000003,0.0,3.8240174078236078,3.10943376141935,3.9240000000000004,True,COLLISION with vehicle.ue4.audi.tt,0.0,0.0,0.0,freeze,latency,21460017,,0
proposed_enhanced_d8f,proposed_enhanced,8,30.0,0.4,35.0,20.0,False,vehicle.ue4.audi.tt,0.0,0.0,1.3290672475402157,21.982361961970142,8.017638038029856,3.924000000000003,0.0,3.8237818073245755,3.109481914431011,3.9240000000000004,True,COLLISION with vehicle.ue4.audi.tt,0.0,0.0,0.0,freeze,latency,21460018,,0
proposed_enhanced_d8f,proposed_enhanced,8,30.0,0.4,40.0,20.0,False,vehicle.ue4.audi.tt,0.0,0.0,1.3304695923564753,21.98559335035472,8.014406649645283,3.924000000000003,0.0,3.82402117369237,3.1094316064585863,3.9240000000000004,True,COLLISION with vehicle.ue4.audi.tt,0.0,0.0,0.0,freeze,latency,21460019,,0
proposed_enhanced_d8f,proposed_enhanced,8,40.0,0.85,20.0,20.0,False,vehicle.ue4.audi.tt,0.0,0.0,0.0,17.223627377098477,22.776372622901523,0.0,0.0,3.882782771204341,0.0,8.3385,True,COLLISION with vehicle.ue4.audi.tt,0.0,0.0,0.0,freeze,latency,21460020,,0
proposed_enhanced_d8f,proposed_enhanced,8,40.0,0.85,25.0,20.0,False,vehicle.ue4.audi.tt,0.0,0.0,0.24517857213835018,24.20633336563904,15.793666634360958,8.338499999999982,0.0,3.8485046926728836,22.541146888299988,8.3385,True,COLLISION with vehicle.ue4.audi.tt,0.0,0.0,0.0,freeze,latency,21460021,,0
proposed_enhanced_d8f,proposed_enhanced,8,40.0,0.85,30.0,20.0,False,vehicle.ue4.audi.tt,0.0,0.0,0.6938928198789863,25.77387572337999,14.22612427662001,8.3385,0.0,3.816349087611594,7.946080631357774,8.3385,True,COLLISION with vehicle.ue4.audi.tt,0.0,0.0,0.0,freeze,latency,21460022,,0
proposed_enhanced_d8f,proposed_enhanced,8,40.0,0.85,35.0,20.0,False,vehicle.ue4.audi.tt,0.0,0.0,0.69386916763814,25.848662734857285,14.151337265142715,8.3385,0.0,3.817706884927589,7.945566698114817,8.3385,True,COLLISION with vehicle.ue4.audi.tt,0.0,0.0,0.0,freeze,latency,21460023,,0
proposed_enhanced_d8f,proposed_enhanced,8,40.0,0.85,40.0,20.0,False,vehicle.ue4.audi.tt,0.0,0.0,0.6938931631102836,25.77478913596513,14.225210864034871,8.3385,0.0,3.8163375099039962,7.946076692026421,8.3385,True,COLLISION with vehicle.ue4.audi.tt,0.0,0.0,0.0,freeze,latency,21460024,,0
proposed_enhanced_d8f,proposed_enhanced,8,40.0,0.4,20.0,20.0,False,vehicle.ue4.audi.tt,0.0,0.0,0.8472841476221151,26.929665666482798,13.070334333517204,3.924000000000003,0.0,3.827476498098809,5.832591076227689,3.9240000000000004,True,COLLISION with vehicle.ue4.audi.tt,0.0,0.0,0.0,freeze,latency,21460025,,0
proposed_enhanced_d8f,proposed_enhanced,8,40.0,0.4,25.0,20.0,False,vehicle.ue4.audi.tt,0.0,0.0,1.286049776893814,29.93020429418108,10.06979570581892,3.924000000000003,0.0,3.8252797235318075,3.893183936666893,3.9240000000000004,True,COLLISION with vehicle.ue4.audi.tt,0.0,0.0,0.0,freeze,latency,21460026,,0
proposed_enhanced_d8f,proposed_enhanced,8,40.0,0.4,30.0,20.0,False,vehicle.ue4.audi.tt,0.0,0.0,1.698400359240459,31.316793260326516,8.683206739673484,3.924000000000003,0.0,3.828692778436176,2.978947304336597,3.9240000000000004,True,COLLISION with vehicle.ue4.audi.tt,0.0,0.0,0.0,freeze,latency,21460027,,0
proposed_enhanced_d8f,proposed_enhanced,8,40.0,0.4,35.0,20.0,False,vehicle.ue4.audi.tt,0.0,0.0,1.1933166528837025,31.373045938659587,8.626954061340415,3.924000000000003,0.0,3.8261477145621647,4.620176304937403,3.9240000000000004,True,COLLISION with vehicle.ue4.audi.tt,0.0,0.0,0.0,freeze,latency,21460028,,0
proposed_enhanced_d8f,proposed_enhanced,8,40.0,0.4,40.0,20.0,False,vehicle.ue4.audi.tt,0.0,0.0,1.6465075966473397,31.337766607631437,8.662233392368563,3.924000000000003,0.0,3.822527564228327,3.354871570519521,3.9240000000000004,True,COLLISION with vehicle.ue4.audi.tt,0.0,0.0,0.0,freeze,latency,21460029,,0
proposed_enhanced_d8f,proposed_enhanced,8,50.0,0.85,20.0,20.0,False,vehicle.ue4.audi.tt,0.0,0.0,0.6254226848048048,24.932297466818437,25.067702533181563,8.338499999999982,0.0,3.9922263600611405,10.250921012933931,8.3385,True,COLLISION with vehicle.ue4.audi.tt,0.0,0.0,0.0,freeze,latency,21460030,,0
proposed_enhanced_d8f,proposed_enhanced,8,50.0,0.85,25.0,20.0,False,vehicle.ue4.audi.tt,0.0,0.0,0.8738445736446078,33.52414076817793,16.475859231822067,8.338499999999982,0.0,3.8361545360710783,7.35060338879909,8.3385,True,COLLISION with vehicle.ue4.audi.tt,0.0,0.0,0.0,freeze,latency,21460031,,0
proposed_enhanced_d8f,proposed_enhanced,8,50.0,0.85,30.0,20.0,False,vehicle.ue4.audi.tt,0.0,0.0,0.23479332080233498,28.328019090150843,21.671980909849157,8.338500000000018,0.0,3.8208045849999217,29.41440454857632,8.3385,True,COLLISION with vehicle.ue4.audi.tt,0.0,0.0,0.0,freeze,latency,21460032,,0
proposed_enhanced_d8f,proposed_enhanced,8,50.0,0.85,35.0,20.0,False,vehicle.ue4.audi.tt,0.0,0.0,0.6344502527545771,34.636417015111846,15.363582984888158,8.3385,0.0,3.82680936475959,10.87866872900343,8.3385,True,COLLISION with vehicle.ue4.audi.tt,0.0,0.0,0.0,freeze,latency,21460033,,0
proposed_enhanced_d8f,proposed_enhanced,8,50.0,0.85,40.0,20.0,False,vehicle.ue4.audi.tt,0.0,0.0,0.9346161762596561,35.23984714395362,14.76015285604638,8.3385,0.0,3.846325722555087,7.3866487175168745,8.3385,True,COLLISION with vehicle.ue4.audi.tt,0.0,0.0,0.0,freeze,latency,21460034,,0
proposed_enhanced_d8f,proposed_enhanced,8,50.0,0.4,20.0,20.0,False,vehicle.ue4.audi.tt,0.0,0.0,0.6250680005363485,20.75157535834846,29.24842464165154,3.9239999999999853,0.0,4.193440238153922,10.256952469040067,3.9240000000000004,True,COLLISION with vehicle.ue4.audi.tt,0.0,0.0,0.0,freeze,latency,21460035,,0
proposed_enhanced_d8f,proposed_enhanced,8,50.0,0.4,25.0,20.0,False,vehicle.ue4.audi.tt,0.0,0.0,0.9733527292153142,32.874818668670535,17.125181331329465,3.9239999999999853,0.0,3.8297620422223915,6.594604035419896,3.9240000000000004,True,COLLISION with vehicle.ue4.audi.tt,0.0,0.0,0.0,freeze,latency,21460036,,0
proposed_enhanced_d8f,proposed_enhanced,8,50.0,0.4,30.0,20.0,False,vehicle.ue4.audi.tt,0.0,0.0,1.2944811136998156,37.646831213773126,12.353168786226876,3.924000000000003,0.0,3.831842692356239,4.989176723794472,3.9240000000000004,True,COLLISION with vehicle.ue4.audi.tt,0.0,0.0,0.0,freeze,latency,21460037,,0
proposed_enhanced_d8f,proposed_enhanced,8,50.0,0.4,35.0,20.0,False,vehicle.ue4.audi.tt,0.0,0.0,1.6734475785372707,40.265203945011855,9.734796054988147,3.924000000000003,0.0,3.8358973499953484,3.8907570748426785,3.9240000000000004,True,COLLISION with vehicle.ue4.audi.tt,0.0,0.0,0.0,freeze,latency,21460038,,0
proposed_enhanced_d8f,proposed_enhanced,8,50.0,0.4,40.0,20.0,False,vehicle.ue4.audi.tt,0.0,0.0,2.010411761460734,40.382722101737016,9.617277898262982,3.924000000000003,0.0,3.825947111326853,3.258314799801979,3.9240000000000004,True,COLLISION with vehicle.ue4.audi.tt,0.0,0.0,0.0,freeze,latency,21460039,,0
proposed_enhanced_d8f,proposed_enhanced,8,60.0,0.85,20.0,20.0,False,vehicle.ue4.audi.tt,0.0,0.0,0.4734404456634141,20.29269792179651,39.70730207820349,8.338499999999982,0.0,3.9282677652263303,16.794691266305477,8.3385,True,COLLISION with vehicle.ue4.audi.tt,0.0,0.0,0.0,freeze,latency,21460040,,0
proposed_enhanced_d8f,proposed_enhanced,8,60.0,0.85,25.0,20.0,False,vehicle.ue4.audi.tt,0.0,0.0,0.7293550259576411,40.291822584715774,19.708177415284222,8.338499999999982,0.0,3.8575310147428055,10.775465526881122,8.3385,True,COLLISION with vehicle.ue4.audi.tt,0.0,0.0,0.0,freeze,latency,21460041,,0
proposed_enhanced_d8f,proposed_enhanced,8,60.0,0.85,30.0,20.0,False,vehicle.ue4.audi.tt,0.0,0.0,1.0486823537284997,42.69196514896018,17.30803485103982,8.338499999999982,0.0,3.831476045817283,7.5070174821796645,8.3385,True,COLLISION with vehicle.ue4.audi.tt,0.0,0.0,0.0,freeze,latency,21460042,,0
proposed_enhanced_d8f,proposed_enhanced,8,60.0,0.85,35.0,20.0,False,vehicle.ue4.audi.tt,0.0,0.0,1.1344845616993133,43.79405839958339,16.20594160041661,8.338499999999982,0.0,3.8327372700953912,6.982962403518809,8.3385,True,COLLISION with vehicle.ue4.audi.tt,0.0,0.0,0.0,freeze,latency,21460043,,0
proposed_enhanced_d8f,proposed_enhanced,8,60.0,0.85,40.0,20.0,False,vehicle.ue4.audi.tt,0.0,0.0,0.5614762872172506,39.895052113498394,20.10494788650161,8.338499999999982,0.0,3.8414216297537713,14.75901027524638,8.3385,True,COLLISION with vehicle.ue4.audi.tt,0.0,0.0,0.0,freeze,latency,21460044,,0
proposed_enhanced_d8f,proposed_enhanced,8,60.0,0.4,20.0,20.0,False,vehicle.ue4.audi.tt,0.0,0.0,0.47344627941578377,9.920734929910836,50.079265070089164,3.924000000000021,0.0,3.9491529412833164,16.79444400415208,3.9240000000000004,True,COLLISION with vehicle.ue4.audi.tt,0.0,0.0,0.0,freeze,latency,21460045,,0
proposed_enhanced_d8f,proposed_enhanced,8,60.0,0.4,25.0,20.0,False,vehicle.ue4.audi.tt,0.0,0.0,0.7293443298138454,31.24292509431548,28.75707490568452,3.924000000000021,0.0,3.9366804422392336,10.775579789032683,3.9240000000000004,True,COLLISION with vehicle.ue4.audi.tt,0.0,0.0,0.0,freeze,latency,21460046,,0
proposed_enhanced_d8f,proposed_enhanced,8,60.0,0.4,30.0,20.0,False,vehicle.ue4.audi.tt,0.0,0.0,1.0486257381860935,38.93080775464089,21.069192245359112,3.924000000000021,0.0,3.845730651108287,7.507403729241382,3.9240000000000004,True,COLLISION with vehicle.ue4.audi.tt,0.0,0.0,0.0,freeze,latency,21460047,,0
proposed_enhanced_d8f,proposed_enhanced,8,60.0,0.4,35.0,20.0,False,vehicle.ue4.audi.tt,0.0,0.0,1.3318278882553787,42.103309553252245,17.89669044674775,3.924000000000021,0.0,3.8476581017942046,5.935991683909263,3.9240000000000004,True,COLLISION with vehicle.ue4.audi.tt,0.0,0.0,0.0,freeze,latency,21460048,,0
proposed_enhanced_d8f,proposed_enhanced,8,60.0,0.4,40.0,20.0,False,vehicle.ue4.audi.tt,0.0,0.0,1.6196432919100126,46.39830504723322,13.601694952766776,3.924000000000021,0.0,3.845783457183269,4.901699462880124,3.9240000000000004,True,COLLISION with vehicle.ue4.audi.tt,0.0,0.0,0.0,freeze,latency,21460049,,0
proposed_enhanced_d16f,proposed_enhanced,16,20.0,0.85,20.0,20.0,False,vehicle.ue4.audi.tt,0.0,0.0,0.0,9.532294985705725,10.467705014294275,0.0,0.0,3.8278958532903222,0.0,8.3385,True,COLLISION with vehicle.ue4.audi.tt,0.0,0.0,0.0,freeze,latency,21930000,,0
proposed_enhanced_d16f,proposed_enhanced,16,20.0,0.85,25.0,20.0,False,vehicle.ue4.audi.tt,0.0,0.0,0.0,9.593168452454178,10.406831547545822,0.0,0.0,3.8288998090819057,0.0,8.3385,True,COLLISION with vehicle.ue4.audi.tt,0.0,0.0,0.0,freeze,latency,21930001,,0
proposed_enhanced_d16f,proposed_enhanced,16,20.0,0.85,30.0,20.0,False,vehicle.ue4.audi.tt,0.0,0.0,0.0,9.53263506038052,10.46736493961948,0.0,0.0,3.8278957963541194,0.0,8.3385,True,COLLISION with vehicle.ue4.audi.tt,0.0,0.0,0.0,freeze,latency,21930002,,0
proposed_enhanced_d16f,proposed_enhanced,16,20.0,0.85,35.0,20.0,False,vehicle.ue4.audi.tt,0.0,0.0,0.0,9.593302877411826,10.406697122588174,0.0,0.0,3.8289036018255675,0.0,8.3385,True,COLLISION with vehicle.ue4.audi.tt,0.0,0.0,0.0,freeze,latency,21930003,,0
proposed_enhanced_d16f,proposed_enhanced,16,20.0,0.85,40.0,20.0,False,vehicle.ue4.audi.tt,0.0,0.0,0.0,9.532646229705936,10.467353770294064,0.0,0.0,3.8278957678861065,0.0,8.3385,True,COLLISION with vehicle.ue4.audi.tt,0.0,0.0,0.0,freeze,latency,21930004,,0
proposed_enhanced_d16f,proposed_enhanced,16,20.0,0.4,20.0,20.0,False,vehicle.ue4.audi.tt,0.0,0.0,0.3540326771583062,10.452185885895112,9.547814114104888,1.5696000233888618,0.0,3.823210371370751,7.777634103692024,3.9240000000000004,True,COLLISION with vehicle.ue4.audi.tt,0.0,0.0,0.0,freeze,latency,21930005,,0
proposed_enhanced_d16f,proposed_enhanced,16,20.0,0.4,25.0,20.0,False,vehicle.ue4.audi.tt,0.0,0.0,0.3539817482595355,10.467169447889097,9.532830552110903,1.5696000233888618,0.0,3.8227486876388665,7.778198021455952,3.9240000000000004,True,COLLISION with vehicle.ue4.audi.tt,0.0,0.0,0.0,freeze,latency,21930006,,0
proposed_enhanced_d16f,proposed_enhanced,16,20.0,0.4,30.0,20.0,False,vehicle.ue4.audi.tt,0.0,0.0,0.3540326771583062,10.452223942885352,9.547776057114648,1.5696000233888618,0.0,3.823206534765179,7.777634103692024,3.9240000000000004,True,COLLISION with vehicle.ue4.audi.tt,0.0,0.0,0.0,freeze,latency,21930007,,0
proposed_enhanced_d16f,proposed_enhanced,16,20.0,0.4,35.0,20.0,False,vehicle.ue4.audi.tt,0.0,0.0,0.3539817482595355,10.467170219918017,9.532829780081983,1.5696000233888618,0.0,3.8227486736167786,7.778198021455952,3.9240000000000004,True,COLLISION with vehicle.ue4.audi.tt,0.0,0.0,0.0,freeze,latency,21930008,,0
proposed_enhanced_d16f,proposed_enhanced,16,20.0,0.4,40.0,20.0,False,vehicle.ue4.audi.tt,0.0,0.0,0.3540333677274132,10.452220064335028,9.547779935664972,1.5696000233888618,0.0,3.8232065058243574,7.7776189112361225,3.9240000000000004,True,COLLISION with vehicle.ue4.audi.tt,0.0,0.0,0.0,freeze,latency,21930009,,0
proposed_enhanced_d16f,proposed_enhanced,16,30.0,0.85,20.0,20.0,False,vehicle.ue4.audi.tt,0.0,0.0,0.0,14.743402592952089,15.256597407047911,0.0,0.0,3.8498935031111086,0.0,8.3385,True,COLLISION with vehicle.ue4.audi.tt,0.0,0.0,0.0,freeze,latency,21930010,,0
proposed_enhanced_d16f,proposed_enhanced,16,30.0,0.85,25.0,20.0,False,vehicle.ue4.audi.tt,0.0,0.0,0.0,14.734046050052468,15.265953949947532,0.0,0.0,3.8495051007859056,0.0,8.3385,True,COLLISION with vehicle.ue4.audi.tt,0.0,0.0,0.0,freeze,latency,21930011,,0
proposed_enhanced_d16f,proposed_enhanced,16,30.0,0.85,30.0,20.0,False,vehicle.ue4.audi.tt,0.0,0.0,0.0,14.744135159195,15.255864840805,0.0,0.0,3.8498038069769716,0.0,8.3385,True,COLLISION with vehicle.ue4.audi.tt,0.0,0.0,0.0,freeze,latency,21930012,,0
proposed_enhanced_d16f,proposed_enhanced,16,30.0,0.85,35.0,20.0,False,vehicle.ue4.audi.tt,0.0,0.0,0.0,14.734126701944398,15.265873298055602,0.0,0.0,3.8494972991883625,0.0,8.3385,True,COLLISION with vehicle.ue4.audi.tt,0.0,0.0,0.0,freeze,latency,21930013,,0
proposed_enhanced_d16f,proposed_enhanced,16,30.0,0.85,40.0,20.0,False,vehicle.ue4.audi.tt,0.0,0.0,0.0,14.744162975235279,15.255837024764721,0.0,0.0,3.8498037354954975,0.0,8.3385,True,COLLISION with vehicle.ue4.audi.tt,0.0,0.0,0.0,freeze,latency,21930014,,0
proposed_enhanced_d16f,proposed_enhanced,16,30.0,0.4,20.0,20.0,False,vehicle.ue4.audi.tt,0.0,0.0,0.6737408760910181,17.12385708067325,12.87614291932675,3.924000000000003,0.0,3.8315389428197357,5.396081646840718,3.9240000000000004,True,COLLISION with vehicle.ue4.audi.tt,0.0,0.0,0.0,freeze,latency,21930015,,0
proposed_enhanced_d16f,proposed_enhanced,16,30.0,0.4,25.0,20.0,False,vehicle.ue4.audi.tt,0.0,0.0,0.4293603567540998,17.816043131955034,12.183956868044966,3.924000000000003,0.0,3.8322769148494302,9.628668642560687,3.9240000000000004,True,COLLISION with vehicle.ue4.audi.tt,0.0,0.0,0.0,freeze,latency,21930016,,0
proposed_enhanced_d16f,proposed_enhanced,16,30.0,0.4,30.0,20.0,False,vehicle.ue4.audi.tt,0.0,0.0,0.9281353402955178,17.90042222409973,12.099577775900269,3.924000000000003,0.0,3.8374071968315464,4.449498792219602,3.9240000000000004,True,COLLISION with vehicle.ue4.audi.tt,0.0,0.0,0.0,freeze,latency,21930017,,0
proposed_enhanced_d16f,proposed_enhanced,16,30.0,0.4,35.0,20.0,False,vehicle.ue4.audi.tt,0.0,0.0,0.9291649362382562,17.91915640814363,12.080843591856373,3.924000000000003,0.0,3.837990348122807,4.4481006053515255,3.9240000000000004,True,COLLISION with vehicle.ue4.audi.tt,0.0,0.0,0.0,freeze,latency,21930018,,0
proposed_enhanced_d16f,proposed_enhanced,16,30.0,0.4,40.0,20.0,False,vehicle.ue4.audi.tt,0.0,0.0,0.9301666201995743,17.865894275642653,12.13410572435735,3.924000000000003,0.0,3.8369256982352624,4.447967838085203,3.9240000000000004,True,COLLISION with vehicle.ue4.audi.tt,0.0,0.0,0.0,freeze,latency,21930019,,0
proposed_enhanced_d16f,proposed_enhanced,16,40.0,0.85,20.0,20.0,False,vehicle.ue4.audi.tt,0.0,0.0,0.0,17.223627377098477,22.776372622901523,0.0,0.0,3.882782771204341,0.0,8.3385,True,COLLISION with vehicle.ue4.audi.tt,0.0,0.0,0.0,freeze,latency,21930020,,0
proposed_enhanced_d16f,proposed_enhanced,16,40.0,0.85,25.0,20.0,False,vehicle.ue4.audi.tt,0.0,0.0,0.0,19.187083172634683,20.812916827365317,0.0,0.0,3.8410962961159965,0.0,8.3385,True,COLLISION with vehicle.ue4.audi.tt,0.0,0.0,0.0,freeze,latency,21930021,,0
proposed_enhanced_d16f,proposed_enhanced,16,40.0,0.85,30.0,20.0,False,vehicle.ue4.audi.tt,0.0,0.0,0.29440590396716576,20.721742488538677,19.278257511461323,3.3354000497013203,0.0,3.82068426922515,18.7324823930438,8.3385,True,COLLISION with vehicle.ue4.audi.tt,0.0,0.0,0.0,freeze,latency,21930022,,0
proposed_enhanced_d16f,proposed_enhanced,16,40.0,0.85,35.0,20.0,False,vehicle.ue4.audi.tt,0.0,0.0,0.2947199095819299,21.2213441592684,18.7786558407316,3.3354000497013203,0.0,3.822879908480564,18.73222585249955,8.3385,True,COLLISION with vehicle.ue4.audi.tt,0.0,0.0,0.0,freeze,latency,21930023,,0
proposed_enhanced_d16f,proposed_enhanced,16,40.0,0.85,40.0,20.0,False,vehicle.ue4.audi.tt,0.0,0.0,0.29440624636292095,20.72194974561984,19.27805025438016,3.3354000497013203,0.0,3.8206726801001083,18.73246055033246,8.3385,True,COLLISION with vehicle.ue4.audi.tt,0.0,0.0,0.0,freeze,latency,21930024,,0
proposed_enhanced_d16f,proposed_enhanced,16,40.0,0.4,20.0,20.0,False,vehicle.ue4.audi.tt,0.0,0.0,0.4485820775667415,22.945542319774592,17.054457680225408,3.9239999999999853,0.0,3.8682670712836336,11.046098964179254,3.9240000000000004,True,COLLISION with vehicle.ue4.audi.tt,0.0,0.0,0.0,freeze,latency,21930025,,0
proposed_enhanced_d16f,proposed_enhanced,16,40.0,0.4,25.0,20.0,False,vehicle.ue4.audi.tt,0.0,0.0,0.8988088024435028,25.091489978543162,14.908510021456838,3.924000000000003,0.0,3.8374136923438398,5.638108696971787,3.9240000000000004,True,COLLISION with vehicle.ue4.audi.tt,0.0,0.0,0.0,freeze,latency,21930026,,0
proposed_enhanced_d16f,proposed_enhanced,16,40.0,0.4,30.0,20.0,False,vehicle.ue4.audi.tt,0.0,0.0,1.3222449255800692,26.596886729061616,13.403113270938384,3.924000000000003,0.0,3.844804894172312,3.8860732544658276,3.9240000000000004,True,COLLISION with vehicle.ue4.audi.tt,0.0,0.0,0.0,freeze,latency,21930027,,0
proposed_enhanced_d16f,proposed_enhanced,16,40.0,0.4,35.0,20.0,False,vehicle.ue4.audi.tt,0.0,0.0,0.7937793748020774,25.628857676121285,14.371142323878715,3.924000000000003,0.0,3.828402404465664,6.9460644958923865,3.9240000000000004,True,COLLISION with vehicle.ue4.audi.tt,0.0,0.0,0.0,freeze,latency,21930028,,0
proposed_enhanced_d16f,proposed_enhanced,16,40.0,0.4,40.0,20.0,False,vehicle.ue4.audi.tt,0.0,0.0,1.246074643614233,26.29965460556815,13.700345394431851,3.924000000000003,0.0,3.841723931477797,4.433073131976089,3.9240000000000004,True,COLLISION with vehicle.ue4.audi.tt,0.0,0.0,0.0,freeze,latency,21930029,,0
proposed_enhanced_d16f,proposed_enhanced,16,50.0,0.85,20.0,20.0,False,vehicle.ue4.audi.tt,0.0,0.0,0.22669526399734197,15.625554544111907,34.37444545588809,3.3354000497013203,0.0,4.271869411824882,28.372362016058158,8.3385,True,COLLISION with vehicle.ue4.audi.tt,0.0,0.0,0.0,freeze,latency,21930030,,0
proposed_enhanced_d16f,proposed_enhanced,16,50.0,0.85,25.0,20.0,False,vehicle.ue4.audi.tt,0.0,0.0,0.4764844220198745,28.15188551266517,21.84811448733483,3.3354000497013203,0.0,3.865282874010147,13.538625552171883,8.3385,True,COLLISION with vehicle.ue4.audi.tt,0.0,0.0,0.0,freeze,latency,21930031,,0
proposed_enhanced_d16f,proposed_enhanced,16,50.0,0.85,30.0,20.0,False,vehicle.ue4.audi.tt,0.0,0.0,0.0,24.02022196409829,25.97977803590171,0.0,0.0,3.8574356186341445,0.0,8.3385,True,COLLISION with vehicle.ue4.audi.tt,0.0,0.0,0.0,freeze,latency,21930032,,0
proposed_enhanced_d16f,proposed_enhanced,16,50.0,0.85,35.0,20.0,False,vehicle.ue4.audi.tt,0.0,0.0,0.23466616973257784,25.857479652244365,24.142520347755635,3.3354000497013203,0.0,3.802851424170631,29.418464634282714,8.3385,True,COLLISION with vehicle.ue4.audi.tt,0.0,0.0,0.0,freeze,latency,21930033,,0
proposed_enhanced_d16f,proposed_enhanced,16,50.0,0.85,40.0,20.0,False,vehicle.ue4.audi.tt,0.0,0.0,0.5346896493823692,28.166776112230473,21.833223887769527,3.3354000497013203,0.0,3.8476985634508343,12.912897438969798,8.3385,True,COLLISION with vehicle.ue4.audi.tt,0.0,0.0,0.0,freeze,latency,21930034,,0
proposed_enhanced_d16f,proposed_enhanced,16,50.0,0.4,20.0,20.0,False,vehicle.ue4.audi.tt,0.0,0.0,0.22598779016200787,15.946431550118604,34.053568449881396,3.9239999999999853,0.0,4.26763365566448,28.452899401008125,3.9240000000000004,True,COLLISION with vehicle.ue4.audi.tt,0.0,0.0,0.0,freeze,latency,21930035,,0
proposed_enhanced_d16f,proposed_enhanced,16,50.0,0.4,25.0,20.0,False,vehicle.ue4.audi.tt,0.0,0.0,0.575670512288383,28.870440321593588,21.129559678406412,3.9239999999999853,0.0,3.8334311476073055,11.184235974815952,3.9240000000000004,True,COLLISION with vehicle.ue4.audi.tt,0.0,0.0,0.0,freeze,latency,21930036,,0
proposed_enhanced_d16f,proposed_enhanced,16,50.0,0.4,30.0,20.0,False,vehicle.ue4.audi.tt,0.0,0.0,0.9029391342165495,32.594881581297805,17.405118418702195,3.9239999999999853,0.0,3.8457479843346247,7.206988411871463,3.9240000000000004,True,COLLISION with vehicle.ue4.audi.tt,0.0,0.0,0.0,freeze,latency,21930037,,0
proposed_enhanced_d16f,proposed_enhanced,16,50.0,0.4,35.0,20.0,False,vehicle.ue4.audi.tt,0.0,0.0,1.2882905605453947,34.557419135066525,15.442580864933477,3.9239999999999853,0.0,3.8262874224642323,5.104790338072999,3.9240000000000004,True,COLLISION with vehicle.ue4.audi.tt,0.0,0.0,0.0,freeze,latency,21930038,,0
proposed_enhanced_d16f,proposed_enhanced,16,50.0,0.4,40.0,20.0,False,vehicle.ue4.audi.tt,0.0,0.0,1.6299555484855945,34.96997805691232,15.030021943087682,3.924000000000003,0.0,3.843656679189658,4.062586613941015,3.9240000000000004,True,COLLISION with vehicle.ue4.audi.tt,0.0,0.0,0.0,freeze,latency,21930039,,0
proposed_enhanced_d16f,proposed_enhanced,16,60.0,0.85,20.0,20.0,False,vehicle.ue4.audi.tt,0.0,0.0,0.08498224524755651,6.282499518313621,53.71750048168638,8.338499999999982,0.0,3.649070621716775,50.0,8.3385,True,COLLISION with vehicle.ue4.audi.tt,0.0,0.0,0.0,freeze,latency,21930040,,0
proposed_enhanced_d16f,proposed_enhanced,16,60.0,0.85,25.0,20.0,False,vehicle.ue4.audi.tt,0.0,0.0,0.32930793326574764,24.88064508129615,35.11935491870385,8.338499999999982,0.0,3.944486482765528,23.872167620101347,8.3385,True,COLLISION with vehicle.ue4.audi.tt,0.0,0.0,0.0,freeze,latency,21930041,,0
proposed_enhanced_d16f,proposed_enhanced,16,60.0,0.85,30.0,20.0,False,vehicle.ue4.audi.tt,0.0,0.0,0.6509307870569748,34.60970576670333,25.390294233296675,8.338499999999982,0.0,3.8708195174300797,12.125696959151202,8.3385,True,COLLISION with vehicle.ue4.audi.tt,0.0,0.0,0.0,freeze,latency,21930042,,0
proposed_enhanced_d16f,proposed_enhanced,16,60.0,0.85,35.0,20.0,False,vehicle.ue4.audi.tt,0.0,0.0,0.7426761684340678,34.519234173894674,25.480765826105323,3.3354000497013203,0.0,3.8473113962597614,10.759767951214945,8.3385,True,COLLISION with vehicle.ue4.audi.tt,0.0,0.0,0.0,freeze,latency,21930043,,0
proposed_enhanced_d16f,proposed_enhanced,16,60.0,0.85,40.0,20.0,False,vehicle.ue4.audi.tt,0.0,0.0,0.1617466739408334,32.4062733456791,27.5937266543209,8.338499999999982,0.0,3.8700397112847846,50.0,8.3385,True,COLLISION with vehicle.ue4.audi.tt,0.0,0.0,0.0,freeze,latency,21930044,,0
proposed_enhanced_d16f,proposed_enhanced,16,60.0,0.4,20.0,20.0,False,vehicle.ue4.audi.tt,0.0,0.0,0.08498652604253443,4.908517510497688,55.09148248950231,3.924000000000021,0.0,3.633198957736103,50.0,3.9240000000000004,True,COLLISION with vehicle.ue4.audi.tt,0.0,0.0,0.0,freeze,latency,21930045,,0
proposed_enhanced_d16f,proposed_enhanced,16,60.0,0.4,25.0,20.0,False,vehicle.ue4.audi.tt,0.0,0.0,0.3293398832098818,23.69292484406327,36.30707515593673,3.924000000000021,0.0,3.941950472733798,23.86853858917589,3.9240000000000004,True,COLLISION with vehicle.ue4.audi.tt,0.0,0.0,0.0,freeze,latency,21930046,,0
proposed_enhanced_d16f,proposed_enhanced,16,60.0,0.4,30.0,20.0,False,vehicle.ue4.audi.tt,0.0,0.0,0.6509979159057065,34.85690465504034,25.143095344959658,3.924000000000021,0.0,3.8587883563492396,12.124440880867857,3.9240000000000004,True,COLLISION with vehicle.ue4.audi.tt,0.0,0.0,0.0,freeze,latency,21930047,,0
proposed_enhanced_d16f,proposed_enhanced,16,60.0,0.4,35.0,20.0,False,vehicle.ue4.audi.tt,0.0,0.0,0.9379485006315742,37.89574791047937,22.10425208952063,3.924000000000021,0.0,3.8641492643964512,8.47349706313866,3.9240000000000004,True,COLLISION with vehicle.ue4.audi.tt,0.0,0.0,0.0,freeze,latency,21930048,,0
proposed_enhanced_d16f,proposed_enhanced,16,60.0,0.4,40.0,20.0,False,vehicle.ue4.audi.tt,0.0,0.0,1.2294500151232308,41.24035097152543,18.759649028474573,3.924000000000021,0.0,3.8665482908121986,6.501331276037473,3.9240000000000004,True,COLLISION with vehicle.ue4.audi.tt,0.0,0.0,0.0,freeze,latency,21930049,,0
